encoder,family,granularity,notebook,augmentation,target,seed,model_name,cv_rmse,is_selected,encoder_model,search,config_json,logged_at
E5_E5SMALL_FT,fine-tuning-cv,question,05,no_augmentation,PHQ9,42,fold1_epoch8,5.634246,False,intfloat/multilingual-e5-small,finetuned_cv,"{""augmentation"": ""no_augmentation"", ""batch_size"": 16, ""eval_batch_size"": 32, ""grad_accum_steps"": 1, ""llrd_decay"": 0.9, ""lr_encoder_top"": 3e-05, ""lr_head"": 0.0001, ""max_epochs"": 20, ""max_grad_norm"": 1.0, ""max_tokens"": 512, ""n_cv_splits"": 5, ""patience"": 4, ""seeds"": [42], ""use_bf16"": true, ""val_fraction"": 0.2, ""warmup_ratio"": 0.1, ""weight_decay"": 0.01}",2026-09-10T09:50:03
E5_E5SMALL_FT,fine-tuning-cv,question,05,no_augmentation,PHQ9,42,fold2_epoch7,4.620293,False,intfloat/multilingual-e5-small,finetuned_cv,"{""augmentation"": ""no_augmentation"", ""batch_size"": 16, ""eval_batch_size"": 32, ""grad_accum_steps"": 1, ""llrd_decay"": 0.9, ""lr_encoder_top"": 3e-05, ""lr_head"": 0.0001, ""max_epochs"": 20, ""max_grad_norm"": 1.0, ""max_tokens"": 512, ""n_cv_splits"": 5, ""patience"": 4, ""seeds"": [42], ""use_bf16"": true, ""val_fraction"": 0.2, ""warmup_ratio"": 0.1, ""weight_decay"": 0.01}",2026-09-10T09:50:03
E5_E5SMALL_FT,fine-tuning-cv,question,05,no_augmentation,PHQ9,42,fold3_epoch1,6.808535,False,intfloat/multilingual-e5-small,finetuned_cv,"{""augmentation"": ""no_augmentation"", ""batch_size"": 16, ""eval_batch_size"": 32, ""grad_accum_steps"": 1, ""llrd_decay"": 0.9, ""lr_encoder_top"": 3e-05, ""lr_head"": 0.0001, ""max_epochs"": 20, ""max_grad_norm"": 1.0, ""max_tokens"": 512, ""n_cv_splits"": 5, ""patience"": 4, ""seeds"": [42], ""use_bf16"": true, ""val_fraction"": 0.2, ""warmup_ratio"": 0.1, ""weight_decay"": 0.01}",2026-09-10T09:50:03
E5_E5SMALL_FT,fine-tuning-cv,question,05,no_augmentation,PHQ9,42,fold4_epoch4,5.891146,False,intfloat/multilingual-e5-small,finetuned_cv,"{""augmentation"": ""no_augmentation"", ""batch_size"": 16, ""eval_batch_size"": 32, ""grad_accum_steps"": 1, ""llrd_decay"": 0.9, ""lr_encoder_top"": 3e-05, ""lr_head"": 0.0001, ""max_epochs"": 20, ""max_grad_norm"": 1.0, ""max_tokens"": 512, ""n_cv_splits"": 5, ""patience"": 4, ""seeds"": [42], ""use_bf16"": true, ""val_fraction"": 0.2, ""warmup_ratio"": 0.1, ""weight_decay"": 0.01}",2026-09-10T09:50:03
E5_E5SMALL_FT,fine-tuning-cv,question,05,no_augmentation,PHQ9,42,fold5_epoch5,4.912372,False,intfloat/multilingual-e5-small,finetuned_cv,"{""augmentation"": ""no_augmentation"", ""batch_size"": 16, ""eval_batch_size"": 32, ""grad_accum_steps"": 1, ""llrd_decay"": 0.9, ""lr_encoder_top"": 3e-05, ""lr_head"": 0.0001, ""max_epochs"": 20, ""max_grad_norm"": 1.0, ""max_tokens"": 512, ""n_cv_splits"": 5, ""patience"": 4, ""seeds"": [42], ""use_bf16"": true, ""val_fraction"": 0.2, ""warmup_ratio"": 0.1, ""weight_decay"": 0.01}",2026-09-10T09:50:03
E5_E5SMALL_FT,fine-tuning-cv,question,05,no_augmentation,GAD7,42,fold1_epoch7,5.462116,False,intfloat/multilingual-e5-small,finetuned_cv,"{""augmentation"": ""no_augmentation"", ""batch_size"": 16, ""eval_batch_size"": 32, ""grad_accum_steps"": 1, ""llrd_decay"": 0.9, ""lr_encoder_top"": 3e-05, ""lr_head"": 0.0001, ""max_epochs"": 20, ""max_grad_norm"": 1.0, ""max_tokens"": 512, ""n_cv_splits"": 5, ""patience"": 4, ""seeds"": [42], ""use_bf16"": true, ""val_fraction"": 0.2, ""warmup_ratio"": 0.1, ""weight_decay"": 0.01}",2026-09-10T09:52:45
E5_E5SMALL_FT,fine-tuning-cv,question,05,no_augmentation,GAD7,42,fold2_epoch8,3.315971,False,intfloat/multilingual-e5-small,finetuned_cv,"{""augmentation"": ""no_augmentation"", ""batch_size"": 16, ""eval_batch_size"": 32, ""grad_accum_steps"": 1, ""llrd_decay"": 0.9, ""lr_encoder_top"": 3e-05, ""lr_head"": 0.0001, ""max_epochs"": 20, ""max_grad_norm"": 1.0, ""max_tokens"": 512, ""n_cv_splits"": 5, ""patience"": 4, ""seeds"": [42], ""use_bf16"": true, ""val_fraction"": 0.2, ""warmup_ratio"": 0.1, ""weight_decay"": 0.01}",2026-09-10T09:52:45
E5_E5SMALL_FT,fine-tuning-cv,question,05,no_augmentation,GAD7,42,fold3_epoch1,5.305358,False,intfloat/multilingual-e5-small,finetuned_cv,"{""augmentation"": ""no_augmentation"", ""batch_size"": 16, ""eval_batch_size"": 32, ""grad_accum_steps"": 1, ""llrd_decay"": 0.9, ""lr_encoder_top"": 3e-05, ""lr_head"": 0.0001, ""max_epochs"": 20, ""max_grad_norm"": 1.0, ""max_tokens"": 512, ""n_cv_splits"": 5, ""patience"": 4, ""seeds"": [42], ""use_bf16"": true, ""val_fraction"": 0.2, ""warmup_ratio"": 0.1, ""weight_decay"": 0.01}",2026-09-10T09:52:45
E5_E5SMALL_FT,fine-tuning-cv,question,05,no_augmentation,GAD7,42,fold4_epoch7,4.755235,False,intfloat/multilingual-e5-small,finetuned_cv,"{""augmentation"": ""no_augmentation"", ""batch_size"": 16, ""eval_batch_size"": 32, ""grad_accum_steps"": 1, ""llrd_decay"": 0.9, ""lr_encoder_top"": 3e-05, ""lr_head"": 0.0001, ""max_epochs"": 20, ""max_grad_norm"": 1.0, ""max_tokens"": 512, ""n_cv_splits"": 5, ""patience"": 4, ""seeds"": [42], ""use_bf16"": true, ""val_fraction"": 0.2, ""warmup_ratio"": 0.1, ""weight_decay"": 0.01}",2026-09-10T09:52:45
E5_E5SMALL_FT,fine-tuning-cv,question,05,no_augmentation,GAD7,42,fold5_epoch3,3.844776,False,intfloat/multilingual-e5-small,finetuned_cv,"{""augmentation"": ""no_augmentation"", ""batch_size"": 16, ""eval_batch_size"": 32, ""grad_accum_steps"": 1, ""llrd_decay"": 0.9, ""lr_encoder_top"": 3e-05, ""lr_head"": 0.0001, ""max_epochs"": 20, ""max_grad_norm"": 1.0, ""max_tokens"": 512, ""n_cv_splits"": 5, ""patience"": 4, ""seeds"": [42], ""use_bf16"": true, ""val_fraction"": 0.2, ""warmup_ratio"": 0.1, ""weight_decay"": 0.01}",2026-09-10T09:52:45
E5_E5BASE_FT,fine-tuning-cv,question,05,no_augmentation,PHQ9,42,fold1_epoch4,5.313468,False,intfloat/multilingual-e5-base,finetuned_cv,"{""augmentation"": ""no_augmentation"", ""batch_size"": 16, ""eval_batch_size"": 32, ""grad_accum_steps"": 1, ""llrd_decay"": 0.9, ""lr_encoder_top"": 3e-05, ""lr_head"": 0.0001, ""max_epochs"": 20, ""max_grad_norm"": 1.0, ""max_tokens"": 512, ""n_cv_splits"": 5, ""patience"": 4, ""seeds"": [42], ""use_bf16"": true, ""val_fraction"": 0.2, ""warmup_ratio"": 0.1, ""weight_decay"": 0.01}",2026-09-10T09:56:51
E5_E5BASE_FT,fine-tuning-cv,question,05,no_augmentation,PHQ9,42,fold2_epoch2,4.127174,False,intfloat/multilingual-e5-base,finetuned_cv,"{""augmentation"": ""no_augmentation"", ""batch_size"": 16, ""eval_batch_size"": 32, ""grad_accum_steps"": 1, ""llrd_decay"": 0.9, ""lr_encoder_top"": 3e-05, ""lr_head"": 0.0001, ""max_epochs"": 20, ""max_grad_norm"": 1.0, ""max_tokens"": 512, ""n_cv_splits"": 5, ""patience"": 4, ""seeds"": [42], ""use_bf16"": true, ""val_fraction"": 0.2, ""warmup_ratio"": 0.1, ""weight_decay"": 0.01}",2026-09-10T09:56:51
E5_E5BASE_FT,fine-tuning-cv,question,05,no_augmentation,PHQ9,42,fold3_epoch3,6.26921,False,intfloat/multilingual-e5-base,finetuned_cv,"{""augmentation"": ""no_augmentation"", ""batch_size"": 16, ""eval_batch_size"": 32, ""grad_accum_steps"": 1, ""llrd_decay"": 0.9, ""lr_encoder_top"": 3e-05, ""lr_head"": 0.0001, ""max_epochs"": 20, ""max_grad_norm"": 1.0, ""max_tokens"": 512, ""n_cv_splits"": 5, ""patience"": 4, ""seeds"": [42], ""use_bf16"": true, ""val_fraction"": 0.2, ""warmup_ratio"": 0.1, ""weight_decay"": 0.01}",2026-09-10T09:56:51
E5_E5BASE_FT,fine-tuning-cv,question,05,no_augmentation,PHQ9,42,fold4_epoch3,5.245526,False,intfloat/multilingual-e5-base,finetuned_cv,"{""augmentation"": ""no_augmentation"", ""batch_size"": 16, ""eval_batch_size"": 32, ""grad_accum_steps"": 1, ""llrd_decay"": 0.9, ""lr_encoder_top"": 3e-05, ""lr_head"": 0.0001, ""max_epochs"": 20, ""max_grad_norm"": 1.0, ""max_tokens"": 512, ""n_cv_splits"": 5, ""patience"": 4, ""seeds"": [42], ""use_bf16"": true, ""val_fraction"": 0.2, ""warmup_ratio"": 0.1, ""weight_decay"": 0.01}",2026-09-10T09:56:51
E5_E5BASE_FT,fine-tuning-cv,question,05,no_augmentation,PHQ9,42,fold5_epoch2,4.837998,False,intfloat/multilingual-e5-base,finetuned_cv,"{""augmentation"": ""no_augmentation"", ""batch_size"": 16, ""eval_batch_size"": 32, ""grad_accum_steps"": 1, ""llrd_decay"": 0.9, ""lr_encoder_top"": 3e-05, ""lr_head"": 0.0001, ""max_epochs"": 20, ""max_grad_norm"": 1.0, ""max_tokens"": 512, ""n_cv_splits"": 5, ""patience"": 4, ""seeds"": [42], ""use_bf16"": true, ""val_fraction"": 0.2, ""warmup_ratio"": 0.1, ""weight_decay"": 0.01}",2026-09-10T09:56:51
E5_E5BASE_FT,fine-tuning-cv,question,05,no_augmentation,GAD7,42,fold1_epoch8,4.909601,False,intfloat/multilingual-e5-base,finetuned_cv,"{""augmentation"": ""no_augmentation"", ""batch_size"": 16, ""eval_batch_size"": 32, ""grad_accum_steps"": 1, ""llrd_decay"": 0.9, ""lr_encoder_top"": 3e-05, ""lr_head"": 0.0001, ""max_epochs"": 20, ""max_grad_norm"": 1.0, ""max_tokens"": 512, ""n_cv_splits"": 5, ""patience"": 4, ""seeds"": [42], ""use_bf16"": true, ""val_fraction"": 0.2, ""warmup_ratio"": 0.1, ""weight_decay"": 0.01}",2026-09-10T10:01:26
E5_E5BASE_FT,fine-tuning-cv,question,05,no_augmentation,GAD7,42,fold2_epoch4,3.745161,False,intfloat/multilingual-e5-base,finetuned_cv,"{""augmentation"": ""no_augmentation"", ""batch_size"": 16, ""eval_batch_size"": 32, ""grad_accum_steps"": 1, ""llrd_decay"": 0.9, ""lr_encoder_top"": 3e-05, ""lr_head"": 0.0001, ""max_epochs"": 20, ""max_grad_norm"": 1.0, ""max_tokens"": 512, ""n_cv_splits"": 5, ""patience"": 4, ""seeds"": [42], ""use_bf16"": true, ""val_fraction"": 0.2, ""warmup_ratio"": 0.1, ""weight_decay"": 0.01}",2026-09-10T10:01:26
E5_E5BASE_FT,fine-tuning-cv,question,05,no_augmentation,GAD7,42,fold3_epoch1,5.309356,False,intfloat/multilingual-e5-base,finetuned_cv,"{""augmentation"": ""no_augmentation"", ""batch_size"": 16, ""eval_batch_size"": 32, ""grad_accum_steps"": 1, ""llrd_decay"": 0.9, ""lr_encoder_top"": 3e-05, ""lr_head"": 0.0001, ""max_epochs"": 20, ""max_grad_norm"": 1.0, ""max_tokens"": 512, ""n_cv_splits"": 5, ""patience"": 4, ""seeds"": [42], ""use_bf16"": true, ""val_fraction"": 0.2, ""warmup_ratio"": 0.1, ""weight_decay"": 0.01}",2026-09-10T10:01:26
E5_E5BASE_FT,fine-tuning-cv,question,05,no_augmentation,GAD7,42,fold4_epoch3,4.161004,False,intfloat/multilingual-e5-base,finetuned_cv,"{""augmentation"": ""no_augmentation"", ""batch_size"": 16, ""eval_batch_size"": 32, ""grad_accum_steps"": 1, ""llrd_decay"": 0.9, ""lr_encoder_top"": 3e-05, ""lr_head"": 0.0001, ""max_epochs"": 20, ""max_grad_norm"": 1.0, ""max_tokens"": 512, ""n_cv_splits"": 5, ""patience"": 4, ""seeds"": [42], ""use_bf16"": true, ""val_fraction"": 0.2, ""warmup_ratio"": 0.1, ""weight_decay"": 0.01}",2026-09-10T10:01:26
E5_E5BASE_FT,fine-tuning-cv,question,05,no_augmentation,GAD7,42,fold5_epoch2,3.852126,False,intfloat/multilingual-e5-base,finetuned_cv,"{""augmentation"": ""no_augmentation"", ""batch_size"": 16, ""eval_batch_size"": 32, ""grad_accum_steps"": 1, ""llrd_decay"": 0.9, ""lr_encoder_top"": 3e-05, ""lr_head"": 0.0001, ""max_epochs"": 20, ""max_grad_norm"": 1.0, ""max_tokens"": 512, ""n_cv_splits"": 5, ""patience"": 4, ""seeds"": [42], ""use_bf16"": true, ""val_fraction"": 0.2, ""warmup_ratio"": 0.1, ""weight_decay"": 0.01}",2026-09-10T10:01:26
E5_BETO_FT,fine-tuning-cv,question,05,no_augmentation,PHQ9,42,fold1_epoch6,5.253173,False,dccuchile/bert-base-spanish-wwm-cased,finetuned_cv,"{""augmentation"": ""no_augmentation"", ""batch_size"": 16, ""eval_batch_size"": 32, ""grad_accum_steps"": 1, ""llrd_decay"": 0.9, ""lr_encoder_top"": 3e-05, ""lr_head"": 0.0001, ""max_epochs"": 20, ""max_grad_norm"": 1.0, ""max_tokens"": 512, ""n_cv_splits"": 5, ""patience"": 4, ""seeds"": [42], ""use_bf16"": true, ""val_fraction"": 0.2, ""warmup_ratio"": 0.1, ""weight_decay"": 0.01}",2026-09-10T10:05:59
E5_BETO_FT,fine-tuning-cv,question,05,no_augmentation,PHQ9,42,fold2_epoch4,4.644705,False,dccuchile/bert-base-spanish-wwm-cased,finetuned_cv,"{""augmentation"": ""no_augmentation"", ""batch_size"": 16, ""eval_batch_size"": 32, ""grad_accum_steps"": 1, ""llrd_decay"": 0.9, ""lr_encoder_top"": 3e-05, ""lr_head"": 0.0001, ""max_epochs"": 20, ""max_grad_norm"": 1.0, ""max_tokens"": 512, ""n_cv_splits"": 5, ""patience"": 4, ""seeds"": [42], ""use_bf16"": true, ""val_fraction"": 0.2, ""warmup_ratio"": 0.1, ""weight_decay"": 0.01}",2026-09-10T10:05:59
E5_BETO_FT,fine-tuning-cv,question,05,no_augmentation,PHQ9,42,fold3_epoch3,6.593357,False,dccuchile/bert-base-spanish-wwm-cased,finetuned_cv,"{""augmentation"": ""no_augmentation"", ""batch_size"": 16, ""eval_batch_size"": 32, ""grad_accum_steps"": 1, ""llrd_decay"": 0.9, ""lr_encoder_top"": 3e-05, ""lr_head"": 0.0001, ""max_epochs"": 20, ""max_grad_norm"": 1.0, ""max_tokens"": 512, ""n_cv_splits"": 5, ""patience"": 4, ""seeds"": [42], ""use_bf16"": true, ""val_fraction"": 0.2, ""warmup_ratio"": 0.1, ""weight_decay"": 0.01}",2026-09-10T10:05:59
E5_BETO_FT,fine-tuning-cv,question,05,no_augmentation,PHQ9,42,fold4_epoch20,5.419661,False,dccuchile/bert-base-spanish-wwm-cased,finetuned_cv,"{""augmentation"": ""no_augmentation"", ""batch_size"": 16, ""eval_batch_size"": 32, ""grad_accum_steps"": 1, ""llrd_decay"": 0.9, ""lr_encoder_top"": 3e-05, ""lr_head"": 0.0001, ""max_epochs"": 20, ""max_grad_norm"": 1.0, ""max_tokens"": 512, ""n_cv_splits"": 5, ""patience"": 4, ""seeds"": [42], ""use_bf16"": true, ""val_fraction"": 0.2, ""warmup_ratio"": 0.1, ""weight_decay"": 0.01}",2026-09-10T10:05:59
E5_BETO_FT,fine-tuning-cv,question,05,no_augmentation,PHQ9,42,fold5_epoch2,4.853947,False,dccuchile/bert-base-spanish-wwm-cased,finetuned_cv,"{""augmentation"": ""no_augmentation"", ""batch_size"": 16, ""eval_batch_size"": 32, ""grad_accum_steps"": 1, ""llrd_decay"": 0.9, ""lr_encoder_top"": 3e-05, ""lr_head"": 0.0001, ""max_epochs"": 20, ""max_grad_norm"": 1.0, ""max_tokens"": 512, ""n_cv_splits"": 5, ""patience"": 4, ""seeds"": [42], ""use_bf16"": true, ""val_fraction"": 0.2, ""warmup_ratio"": 0.1, ""weight_decay"": 0.01}",2026-09-10T10:05:59
E5_BETO_FT,fine-tuning-cv,question,05,no_augmentation,GAD7,42,fold1_epoch7,4.87412,False,dccuchile/bert-base-spanish-wwm-cased,finetuned_cv,"{""augmentation"": ""no_augmentation"", ""batch_size"": 16, ""eval_batch_size"": 32, ""grad_accum_steps"": 1, ""llrd_decay"": 0.9, ""lr_encoder_top"": 3e-05, ""lr_head"": 0.0001, ""max_epochs"": 20, ""max_grad_norm"": 1.0, ""max_tokens"": 512, ""n_cv_splits"": 5, ""patience"": 4, ""seeds"": [42], ""use_bf16"": true, ""val_fraction"": 0.2, ""warmup_ratio"": 0.1, ""weight_decay"": 0.01}",2026-09-10T10:09:19
E5_BETO_FT,fine-tuning-cv,question,05,no_augmentation,GAD7,42,fold2_epoch3,4.172752,False,dccuchile/bert-base-spanish-wwm-cased,finetuned_cv,"{""augmentation"": ""no_augmentation"", ""batch_size"": 16, ""eval_batch_size"": 32, ""grad_accum_steps"": 1, ""llrd_decay"": 0.9, ""lr_encoder_top"": 3e-05, ""lr_head"": 0.0001, ""max_epochs"": 20, ""max_grad_norm"": 1.0, ""max_tokens"": 512, ""n_cv_splits"": 5, ""patience"": 4, ""seeds"": [42], ""use_bf16"": true, ""val_fraction"": 0.2, ""warmup_ratio"": 0.1, ""weight_decay"": 0.01}",2026-09-10T10:09:19
E5_BETO_FT,fine-tuning-cv,question,05,no_augmentation,GAD7,42,fold3_epoch1,5.332636,False,dccuchile/bert-base-spanish-wwm-cased,finetuned_cv,"{""augmentation"": ""no_augmentation"", ""batch_size"": 16, ""eval_batch_size"": 32, ""grad_accum_steps"": 1, ""llrd_decay"": 0.9, ""lr_encoder_top"": 3e-05, ""lr_head"": 0.0001, ""max_epochs"": 20, ""max_grad_norm"": 1.0, ""max_tokens"": 512, ""n_cv_splits"": 5, ""patience"": 4, ""seeds"": [42], ""use_bf16"": true, ""val_fraction"": 0.2, ""warmup_ratio"": 0.1, ""weight_decay"": 0.01}",2026-09-10T10:09:19
E5_BETO_FT,fine-tuning-cv,question,05,no_augmentation,GAD7,42,fold4_epoch5,4.117237,False,dccuchile/bert-base-spanish-wwm-cased,finetuned_cv,"{""augmentation"": ""no_augmentation"", ""batch_size"": 16, ""eval_batch_size"": 32, ""grad_accum_steps"": 1, ""llrd_decay"": 0.9, ""lr_encoder_top"": 3e-05, ""lr_head"": 0.0001, ""max_epochs"": 20, ""max_grad_norm"": 1.0, ""max_tokens"": 512, ""n_cv_splits"": 5, ""patience"": 4, ""seeds"": [42], ""use_bf16"": true, ""val_fraction"": 0.2, ""warmup_ratio"": 0.1, ""weight_decay"": 0.01}",2026-09-10T10:09:19
E5_BETO_FT,fine-tuning-cv,question,05,no_augmentation,GAD7,42,fold5_epoch1,3.928757,False,dccuchile/bert-base-spanish-wwm-cased,finetuned_cv,"{""augmentation"": ""no_augmentation"", ""batch_size"": 16, ""eval_batch_size"": 32, ""grad_accum_steps"": 1, ""llrd_decay"": 0.9, ""lr_encoder_top"": 3e-05, ""lr_head"": 0.0001, ""max_epochs"": 20, ""max_grad_norm"": 1.0, ""max_tokens"": 512, ""n_cv_splits"": 5, ""patience"": 4, ""seeds"": [42], ""use_bf16"": true, ""val_fraction"": 0.2, ""warmup_ratio"": 0.1, ""weight_decay"": 0.01}",2026-09-10T10:09:19
E5_BERTIN_FT,fine-tuning-cv,question,05,no_augmentation,PHQ9,42,fold1_epoch17,5.444004,False,bertin-project/bertin-roberta-base-spanish,finetuned_cv,"{""augmentation"": ""no_augmentation"", ""batch_size"": 16, ""eval_batch_size"": 32, ""grad_accum_steps"": 1, ""llrd_decay"": 0.9, ""lr_encoder_top"": 3e-05, ""lr_head"": 0.0001, ""max_epochs"": 20, ""max_grad_norm"": 1.0, ""max_tokens"": 512, ""n_cv_splits"": 5, ""patience"": 4, ""seeds"": [42], ""use_bf16"": true, ""val_fraction"": 0.2, ""warmup_ratio"": 0.1, ""weight_decay"": 0.01}",2026-09-10T10:13:41
E5_BERTIN_FT,fine-tuning-cv,question,05,no_augmentation,PHQ9,42,fold2_epoch11,4.344671,False,bertin-project/bertin-roberta-base-spanish,finetuned_cv,"{""augmentation"": ""no_augmentation"", ""batch_size"": 16, ""eval_batch_size"": 32, ""grad_accum_steps"": 1, ""llrd_decay"": 0.9, ""lr_encoder_top"": 3e-05, ""lr_head"": 0.0001, ""max_epochs"": 20, ""max_grad_norm"": 1.0, ""max_tokens"": 512, ""n_cv_splits"": 5, ""patience"": 4, ""seeds"": [42], ""use_bf16"": true, ""val_fraction"": 0.2, ""warmup_ratio"": 0.1, ""weight_decay"": 0.01}",2026-09-10T10:13:41
E5_BERTIN_FT,fine-tuning-cv,question,05,no_augmentation,PHQ9,42,fold3_epoch1,6.814829,False,bertin-project/bertin-roberta-base-spanish,finetuned_cv,"{""augmentation"": ""no_augmentation"", ""batch_size"": 16, ""eval_batch_size"": 32, ""grad_accum_steps"": 1, ""llrd_decay"": 0.9, ""lr_encoder_top"": 3e-05, ""lr_head"": 0.0001, ""max_epochs"": 20, ""max_grad_norm"": 1.0, ""max_tokens"": 512, ""n_cv_splits"": 5, ""patience"": 4, ""seeds"": [42], ""use_bf16"": true, ""val_fraction"": 0.2, ""warmup_ratio"": 0.1, ""weight_decay"": 0.01}",2026-09-10T10:13:41
E5_BERTIN_FT,fine-tuning-cv,question,05,no_augmentation,PHQ9,42,fold4_epoch4,5.838015,False,bertin-project/bertin-roberta-base-spanish,finetuned_cv,"{""augmentation"": ""no_augmentation"", ""batch_size"": 16, ""eval_batch_size"": 32, ""grad_accum_steps"": 1, ""llrd_decay"": 0.9, ""lr_encoder_top"": 3e-05, ""lr_head"": 0.0001, ""max_epochs"": 20, ""max_grad_norm"": 1.0, ""max_tokens"": 512, ""n_cv_splits"": 5, ""patience"": 4, ""seeds"": [42], ""use_bf16"": true, ""val_fraction"": 0.2, ""warmup_ratio"": 0.1, ""weight_decay"": 0.01}",2026-09-10T10:13:41
E5_BERTIN_FT,fine-tuning-cv,question,05,no_augmentation,PHQ9,42,fold5_epoch2,5.314461,False,bertin-project/bertin-roberta-base-spanish,finetuned_cv,"{""augmentation"": ""no_augmentation"", ""batch_size"": 16, ""eval_batch_size"": 32, ""grad_accum_steps"": 1, ""llrd_decay"": 0.9, ""lr_encoder_top"": 3e-05, ""lr_head"": 0.0001, ""max_epochs"": 20, ""max_grad_norm"": 1.0, ""max_tokens"": 512, ""n_cv_splits"": 5, ""patience"": 4, ""seeds"": [42], ""use_bf16"": true, ""val_fraction"": 0.2, ""warmup_ratio"": 0.1, ""weight_decay"": 0.01}",2026-09-10T10:13:41
E5_BERTIN_FT,fine-tuning-cv,question,05,no_augmentation,GAD7,42,fold1_epoch5,5.374654,False,bertin-project/bertin-roberta-base-spanish,finetuned_cv,"{""augmentation"": ""no_augmentation"", ""batch_size"": 16, ""eval_batch_size"": 32, ""grad_accum_steps"": 1, ""llrd_decay"": 0.9, ""lr_encoder_top"": 3e-05, ""lr_head"": 0.0001, ""max_epochs"": 20, ""max_grad_norm"": 1.0, ""max_tokens"": 512, ""n_cv_splits"": 5, ""patience"": 4, ""seeds"": [42], ""use_bf16"": true, ""val_fraction"": 0.2, ""warmup_ratio"": 0.1, ""weight_decay"": 0.01}",2026-09-10T10:16:47
E5_BERTIN_FT,fine-tuning-cv,question,05,no_augmentation,GAD7,42,fold2_epoch5,3.802351,False,bertin-project/bertin-roberta-base-spanish,finetuned_cv,"{""augmentation"": ""no_augmentation"", ""batch_size"": 16, ""eval_batch_size"": 32, ""grad_accum_steps"": 1, ""llrd_decay"": 0.9, ""lr_encoder_top"": 3e-05, ""lr_head"": 0.0001, ""max_epochs"": 20, ""max_grad_norm"": 1.0, ""max_tokens"": 512, ""n_cv_splits"": 5, ""patience"": 4, ""seeds"": [42], ""use_bf16"": true, ""val_fraction"": 0.2, ""warmup_ratio"": 0.1, ""weight_decay"": 0.01}",2026-09-10T10:16:47
E5_BERTIN_FT,fine-tuning-cv,question,05,no_augmentation,GAD7,42,fold3_epoch4,5.312064,False,bertin-project/bertin-roberta-base-spanish,finetuned_cv,"{""augmentation"": ""no_augmentation"", ""batch_size"": 16, ""eval_batch_size"": 32, ""grad_accum_steps"": 1, ""llrd_decay"": 0.9, ""lr_encoder_top"": 3e-05, ""lr_head"": 0.0001, ""max_epochs"": 20, ""max_grad_norm"": 1.0, ""max_tokens"": 512, ""n_cv_splits"": 5, ""patience"": 4, ""seeds"": [42], ""use_bf16"": true, ""val_fraction"": 0.2, ""warmup_ratio"": 0.1, ""weight_decay"": 0.01}",2026-09-10T10:16:47
E5_BERTIN_FT,fine-tuning-cv,question,05,no_augmentation,GAD7,42,fold4_epoch2,4.728076,False,bertin-project/bertin-roberta-base-spanish,finetuned_cv,"{""augmentation"": ""no_augmentation"", ""batch_size"": 16, ""eval_batch_size"": 32, ""grad_accum_steps"": 1, ""llrd_decay"": 0.9, ""lr_encoder_top"": 3e-05, ""lr_head"": 0.0001, ""max_epochs"": 20, ""max_grad_norm"": 1.0, ""max_tokens"": 512, ""n_cv_splits"": 5, ""patience"": 4, ""seeds"": [42], ""use_bf16"": true, ""val_fraction"": 0.2, ""warmup_ratio"": 0.1, ""weight_decay"": 0.01}",2026-09-10T10:16:47
E5_BERTIN_FT,fine-tuning-cv,question,05,no_augmentation,GAD7,42,fold5_epoch1,3.956421,False,bertin-project/bertin-roberta-base-spanish,finetuned_cv,"{""augmentation"": ""no_augmentation"", ""batch_size"": 16, ""eval_batch_size"": 32, ""grad_accum_steps"": 1, ""llrd_decay"": 0.9, ""lr_encoder_top"": 3e-05, ""lr_head"": 0.0001, ""max_epochs"": 20, ""max_grad_norm"": 1.0, ""max_tokens"": 512, ""n_cv_splits"": 5, ""patience"": 4, ""seeds"": [42], ""use_bf16"": true, ""val_fraction"": 0.2, ""warmup_ratio"": 0.1, ""weight_decay"": 0.01}",2026-09-10T10:16:47
E5_MDEBERTA_FT,fine-tuning-cv,question,05,no_augmentation,PHQ9,42,fold1_epoch7,5.341562,False,microsoft/mdeberta-v3-base,finetuned_cv,"{""augmentation"": ""no_augmentation"", ""batch_size"": 16, ""eval_batch_size"": 32, ""grad_accum_steps"": 1, ""llrd_decay"": 0.9, ""lr_encoder_top"": 3e-05, ""lr_head"": 0.0001, ""max_epochs"": 20, ""max_grad_norm"": 1.0, ""max_tokens"": 512, ""n_cv_splits"": 5, ""patience"": 4, ""seeds"": [42], ""use_bf16"": true, ""val_fraction"": 0.2, ""warmup_ratio"": 0.1, ""weight_decay"": 0.01}",2026-09-10T10:45:47
E5_MDEBERTA_FT,fine-tuning-cv,question,05,no_augmentation,PHQ9,42,fold2_epoch4,4.18406,False,microsoft/mdeberta-v3-base,finetuned_cv,"{""augmentation"": ""no_augmentation"", ""batch_size"": 16, ""eval_batch_size"": 32, ""grad_accum_steps"": 1, ""llrd_decay"": 0.9, ""lr_encoder_top"": 3e-05, ""lr_head"": 0.0001, ""max_epochs"": 20, ""max_grad_norm"": 1.0, ""max_tokens"": 512, ""n_cv_splits"": 5, ""patience"": 4, ""seeds"": [42], ""use_bf16"": true, ""val_fraction"": 0.2, ""warmup_ratio"": 0.1, ""weight_decay"": 0.01}",2026-09-10T10:45:47
E5_MDEBERTA_FT,fine-tuning-cv,question,05,no_augmentation,PHQ9,42,fold3_epoch7,6.202451,False,microsoft/mdeberta-v3-base,finetuned_cv,"{""augmentation"": ""no_augmentation"", ""batch_size"": 16, ""eval_batch_size"": 32, ""grad_accum_steps"": 1, ""llrd_decay"": 0.9, ""lr_encoder_top"": 3e-05, ""lr_head"": 0.0001, ""max_epochs"": 20, ""max_grad_norm"": 1.0, ""max_tokens"": 512, ""n_cv_splits"": 5, ""patience"": 4, ""seeds"": [42], ""use_bf16"": true, ""val_fraction"": 0.2, ""warmup_ratio"": 0.1, ""weight_decay"": 0.01}",2026-09-10T10:45:47
E5_MDEBERTA_FT,fine-tuning-cv,question,05,no_augmentation,PHQ9,42,fold4_epoch6,4.832622,False,microsoft/mdeberta-v3-base,finetuned_cv,"{""augmentation"": ""no_augmentation"", ""batch_size"": 16, ""eval_batch_size"": 32, ""grad_accum_steps"": 1, ""llrd_decay"": 0.9, ""lr_encoder_top"": 3e-05, ""lr_head"": 0.0001, ""max_epochs"": 20, ""max_grad_norm"": 1.0, ""max_tokens"": 512, ""n_cv_splits"": 5, ""patience"": 4, ""seeds"": [42], ""use_bf16"": true, ""val_fraction"": 0.2, ""warmup_ratio"": 0.1, ""weight_decay"": 0.01}",2026-09-10T10:45:47
E5_MDEBERTA_FT,fine-tuning-cv,question,05,no_augmentation,PHQ9,42,fold5_epoch4,4.910431,False,microsoft/mdeberta-v3-base,finetuned_cv,"{""augmentation"": ""no_augmentation"", ""batch_size"": 16, ""eval_batch_size"": 32, ""grad_accum_steps"": 1, ""llrd_decay"": 0.9, ""lr_encoder_top"": 3e-05, ""lr_head"": 0.0001, ""max_epochs"": 20, ""max_grad_norm"": 1.0, ""max_tokens"": 512, ""n_cv_splits"": 5, ""patience"": 4, ""seeds"": [42], ""use_bf16"": true, ""val_fraction"": 0.2, ""warmup_ratio"": 0.1, ""weight_decay"": 0.01}",2026-09-10T10:45:47
E5_MDEBERTA_FT,fine-tuning-cv,question,05,no_augmentation,GAD7,42,fold1_epoch7,4.804172,False,microsoft/mdeberta-v3-base,finetuned_cv,"{""augmentation"": ""no_augmentation"", ""batch_size"": 16, ""eval_batch_size"": 32, ""grad_accum_steps"": 1, ""llrd_decay"": 0.9, ""lr_encoder_top"": 3e-05, ""lr_head"": 0.0001, ""max_epochs"": 20, ""max_grad_norm"": 1.0, ""max_tokens"": 512, ""n_cv_splits"": 5, ""patience"": 4, ""seeds"": [42], ""use_bf16"": true, ""val_fraction"": 0.2, ""warmup_ratio"": 0.1, ""weight_decay"": 0.01}",2026-09-10T11:09:16
E5_MDEBERTA_FT,fine-tuning-cv,question,05,no_augmentation,GAD7,42,fold2_epoch3,3.902605,False,microsoft/mdeberta-v3-base,finetuned_cv,"{""augmentation"": ""no_augmentation"", ""batch_size"": 16, ""eval_batch_size"": 32, ""grad_accum_steps"": 1, ""llrd_decay"": 0.9, ""lr_encoder_top"": 3e-05, ""lr_head"": 0.0001, ""max_epochs"": 20, ""max_grad_norm"": 1.0, ""max_tokens"": 512, ""n_cv_splits"": 5, ""patience"": 4, ""seeds"": [42], ""use_bf16"": true, ""val_fraction"": 0.2, ""warmup_ratio"": 0.1, ""weight_decay"": 0.01}",2026-09-10T11:09:16
E5_MDEBERTA_FT,fine-tuning-cv,question,05,no_augmentation,GAD7,42,fold3_epoch6,5.096726,False,microsoft/mdeberta-v3-base,finetuned_cv,"{""augmentation"": ""no_augmentation"", ""batch_size"": 16, ""eval_batch_size"": 32, ""grad_accum_steps"": 1, ""llrd_decay"": 0.9, ""lr_encoder_top"": 3e-05, ""lr_head"": 0.0001, ""max_epochs"": 20, ""max_grad_norm"": 1.0, ""max_tokens"": 512, ""n_cv_splits"": 5, ""patience"": 4, ""seeds"": [42], ""use_bf16"": true, ""val_fraction"": 0.2, ""warmup_ratio"": 0.1, ""weight_decay"": 0.01}",2026-09-10T11:09:16
E5_MDEBERTA_FT,fine-tuning-cv,question,05,no_augmentation,GAD7,42,fold4_epoch5,4.191731,False,microsoft/mdeberta-v3-base,finetuned_cv,"{""augmentation"": ""no_augmentation"", ""batch_size"": 16, ""eval_batch_size"": 32, ""grad_accum_steps"": 1, ""llrd_decay"": 0.9, ""lr_encoder_top"": 3e-05, ""lr_head"": 0.0001, ""max_epochs"": 20, ""max_grad_norm"": 1.0, ""max_tokens"": 512, ""n_cv_splits"": 5, ""patience"": 4, ""seeds"": [42], ""use_bf16"": true, ""val_fraction"": 0.2, ""warmup_ratio"": 0.1, ""weight_decay"": 0.01}",2026-09-10T11:09:16
E5_MDEBERTA_FT,fine-tuning-cv,question,05,no_augmentation,GAD7,42,fold5_epoch2,3.831311,False,microsoft/mdeberta-v3-base,finetuned_cv,"{""augmentation"": ""no_augmentation"", ""batch_size"": 16, ""eval_batch_size"": 32, ""grad_accum_steps"": 1, ""llrd_decay"": 0.9, ""lr_encoder_top"": 3e-05, ""lr_head"": 0.0001, ""max_epochs"": 20, ""max_grad_norm"": 1.0, ""max_tokens"": 512, ""n_cv_splits"": 5, ""patience"": 4, ""seeds"": [42], ""use_bf16"": true, ""val_fraction"": 0.2, ""warmup_ratio"": 0.1, ""weight_decay"": 0.01}",2026-09-10T11:09:16
E5_XLMR_FT,fine-tuning-cv,question,05,no_augmentation,PHQ9,42,fold1_epoch7,4.935137,False,xlm-roberta-base,finetuned_cv,"{""augmentation"": ""no_augmentation"", ""batch_size"": 16, ""eval_batch_size"": 32, ""grad_accum_steps"": 1, ""llrd_decay"": 0.9, ""lr_encoder_top"": 3e-05, ""lr_head"": 0.0001, ""max_epochs"": 20, ""max_grad_norm"": 1.0, ""max_tokens"": 512, ""n_cv_splits"": 5, ""patience"": 4, ""seeds"": [42], ""use_bf16"": true, ""val_fraction"": 0.2, ""warmup_ratio"": 0.1, ""weight_decay"": 0.01}",2026-09-10T11:16:24
E5_XLMR_FT,fine-tuning-cv,question,05,no_augmentation,PHQ9,42,fold2_epoch7,4.457732,False,xlm-roberta-base,finetuned_cv,"{""augmentation"": ""no_augmentation"", ""batch_size"": 16, ""eval_batch_size"": 32, ""grad_accum_steps"": 1, ""llrd_decay"": 0.9, ""lr_encoder_top"": 3e-05, ""lr_head"": 0.0001, ""max_epochs"": 20, ""max_grad_norm"": 1.0, ""max_tokens"": 512, ""n_cv_splits"": 5, ""patience"": 4, ""seeds"": [42], ""use_bf16"": true, ""val_fraction"": 0.2, ""warmup_ratio"": 0.1, ""weight_decay"": 0.01}",2026-09-10T11:16:24
E5_XLMR_FT,fine-tuning-cv,question,05,no_augmentation,PHQ9,42,fold3_epoch11,6.115673,False,xlm-roberta-base,finetuned_cv,"{""augmentation"": ""no_augmentation"", ""batch_size"": 16, ""eval_batch_size"": 32, ""grad_accum_steps"": 1, ""llrd_decay"": 0.9, ""lr_encoder_top"": 3e-05, ""lr_head"": 0.0001, ""max_epochs"": 20, ""max_grad_norm"": 1.0, ""max_tokens"": 512, ""n_cv_splits"": 5, ""patience"": 4, ""seeds"": [42], ""use_bf16"": true, ""val_fraction"": 0.2, ""warmup_ratio"": 0.1, ""weight_decay"": 0.01}",2026-09-10T11:16:24
E5_XLMR_FT,fine-tuning-cv,question,05,no_augmentation,PHQ9,42,fold4_epoch7,4.847019,False,xlm-roberta-base,finetuned_cv,"{""augmentation"": ""no_augmentation"", ""batch_size"": 16, ""eval_batch_size"": 32, ""grad_accum_steps"": 1, ""llrd_decay"": 0.9, ""lr_encoder_top"": 3e-05, ""lr_head"": 0.0001, ""max_epochs"": 20, ""max_grad_norm"": 1.0, ""max_tokens"": 512, ""n_cv_splits"": 5, ""patience"": 4, ""seeds"": [42], ""use_bf16"": true, ""val_fraction"": 0.2, ""warmup_ratio"": 0.1, ""weight_decay"": 0.01}",2026-09-10T11:16:24
E5_XLMR_FT,fine-tuning-cv,question,05,no_augmentation,PHQ9,42,fold5_epoch5,4.7446,False,xlm-roberta-base,finetuned_cv,"{""augmentation"": ""no_augmentation"", ""batch_size"": 16, ""eval_batch_size"": 32, ""grad_accum_steps"": 1, ""llrd_decay"": 0.9, ""lr_encoder_top"": 3e-05, ""lr_head"": 0.0001, ""max_epochs"": 20, ""max_grad_norm"": 1.0, ""max_tokens"": 512, ""n_cv_splits"": 5, ""patience"": 4, ""seeds"": [42], ""use_bf16"": true, ""val_fraction"": 0.2, ""warmup_ratio"": 0.1, ""weight_decay"": 0.01}",2026-09-10T11:16:24
E5_XLMR_FT,fine-tuning-cv,question,05,no_augmentation,GAD7,42,fold1_epoch9,4.817464,False,xlm-roberta-base,finetuned_cv,"{""augmentation"": ""no_augmentation"", ""batch_size"": 16, ""eval_batch_size"": 32, ""grad_accum_steps"": 1, ""llrd_decay"": 0.9, ""lr_encoder_top"": 3e-05, ""lr_head"": 0.0001, ""max_epochs"": 20, ""max_grad_norm"": 1.0, ""max_tokens"": 512, ""n_cv_splits"": 5, ""patience"": 4, ""seeds"": [42], ""use_bf16"": true, ""val_fraction"": 0.2, ""warmup_ratio"": 0.1, ""weight_decay"": 0.01}",2026-09-10T11:22:04
E5_XLMR_FT,fine-tuning-cv,question,05,no_augmentation,GAD7,42,fold2_epoch5,3.888229,False,xlm-roberta-base,finetuned_cv,"{""augmentation"": ""no_augmentation"", ""batch_size"": 16, ""eval_batch_size"": 32, ""grad_accum_steps"": 1, ""llrd_decay"": 0.9, ""lr_encoder_top"": 3e-05, ""lr_head"": 0.0001, ""max_epochs"": 20, ""max_grad_norm"": 1.0, ""max_tokens"": 512, ""n_cv_splits"": 5, ""patience"": 4, ""seeds"": [42], ""use_bf16"": true, ""val_fraction"": 0.2, ""warmup_ratio"": 0.1, ""weight_decay"": 0.01}",2026-09-10T11:22:04
E5_XLMR_FT,fine-tuning-cv,question,05,no_augmentation,GAD7,42,fold3_epoch3,5.227243,False,xlm-roberta-base,finetuned_cv,"{""augmentation"": ""no_augmentation"", ""batch_size"": 16, ""eval_batch_size"": 32, ""grad_accum_steps"": 1, ""llrd_decay"": 0.9, ""lr_encoder_top"": 3e-05, ""lr_head"": 0.0001, ""max_epochs"": 20, ""max_grad_norm"": 1.0, ""max_tokens"": 512, ""n_cv_splits"": 5, ""patience"": 4, ""seeds"": [42], ""use_bf16"": true, ""val_fraction"": 0.2, ""warmup_ratio"": 0.1, ""weight_decay"": 0.01}",2026-09-10T11:22:04
E5_XLMR_FT,fine-tuning-cv,question,05,no_augmentation,GAD7,42,fold4_epoch3,4.837342,False,xlm-roberta-base,finetuned_cv,"{""augmentation"": ""no_augmentation"", ""batch_size"": 16, ""eval_batch_size"": 32, ""grad_accum_steps"": 1, ""llrd_decay"": 0.9, ""lr_encoder_top"": 3e-05, ""lr_head"": 0.0001, ""max_epochs"": 20, ""max_grad_norm"": 1.0, ""max_tokens"": 512, ""n_cv_splits"": 5, ""patience"": 4, ""seeds"": [42], ""use_bf16"": true, ""val_fraction"": 0.2, ""warmup_ratio"": 0.1, ""weight_decay"": 0.01}",2026-09-10T11:22:04
E5_XLMR_FT,fine-tuning-cv,question,05,no_augmentation,GAD7,42,fold5_epoch5,3.697389,False,xlm-roberta-base,finetuned_cv,"{""augmentation"": ""no_augmentation"", ""batch_size"": 16, ""eval_batch_size"": 32, ""grad_accum_steps"": 1, ""llrd_decay"": 0.9, ""lr_encoder_top"": 3e-05, ""lr_head"": 0.0001, ""max_epochs"": 20, ""max_grad_norm"": 1.0, ""max_tokens"": 512, ""n_cv_splits"": 5, ""patience"": 4, ""seeds"": [42], ""use_bf16"": true, ""val_fraction"": 0.2, ""warmup_ratio"": 0.1, ""weight_decay"": 0.01}",2026-09-10T11:22:04
E5_E5LARGE_FT,fine-tuning-cv,question,05,no_augmentation,PHQ9,42,fold1_epoch3,5.06678,False,intfloat/multilingual-e5-large,finetuned_cv,"{""augmentation"": ""no_augmentation"", ""batch_size"": 16, ""eval_batch_size"": 32, ""grad_accum_steps"": 1, ""llrd_decay"": 0.9, ""lr_encoder_top"": 3e-05, ""lr_head"": 0.0001, ""max_epochs"": 20, ""max_grad_norm"": 1.0, ""max_tokens"": 512, ""n_cv_splits"": 5, ""patience"": 4, ""seeds"": [42], ""use_bf16"": true, ""val_fraction"": 0.2, ""warmup_ratio"": 0.1, ""weight_decay"": 0.01}",2026-09-10T11:54:31
E5_E5LARGE_FT,fine-tuning-cv,question,05,no_augmentation,PHQ9,42,fold2_epoch3,4.246387,False,intfloat/multilingual-e5-large,finetuned_cv,"{""augmentation"": ""no_augmentation"", ""batch_size"": 16, ""eval_batch_size"": 32, ""grad_accum_steps"": 1, ""llrd_decay"": 0.9, ""lr_encoder_top"": 3e-05, ""lr_head"": 0.0001, ""max_epochs"": 20, ""max_grad_norm"": 1.0, ""max_tokens"": 512, ""n_cv_splits"": 5, ""patience"": 4, ""seeds"": [42], ""use_bf16"": true, ""val_fraction"": 0.2, ""warmup_ratio"": 0.1, ""weight_decay"": 0.01}",2026-09-10T11:54:31
E5_E5LARGE_FT,fine-tuning-cv,question,05,no_augmentation,PHQ9,42,fold3_epoch5,6.122308,False,intfloat/multilingual-e5-large,finetuned_cv,"{""augmentation"": ""no_augmentation"", ""batch_size"": 16, ""eval_batch_size"": 32, ""grad_accum_steps"": 1, ""llrd_decay"": 0.9, ""lr_encoder_top"": 3e-05, ""lr_head"": 0.0001, ""max_epochs"": 20, ""max_grad_norm"": 1.0, ""max_tokens"": 512, ""n_cv_splits"": 5, ""patience"": 4, ""seeds"": [42], ""use_bf16"": true, ""val_fraction"": 0.2, ""warmup_ratio"": 0.1, ""weight_decay"": 0.01}",2026-09-10T11:54:31
E5_E5LARGE_FT,fine-tuning-cv,question,05,no_augmentation,PHQ9,42,fold4_epoch2,5.123416,False,intfloat/multilingual-e5-large,finetuned_cv,"{""augmentation"": ""no_augmentation"", ""batch_size"": 16, ""eval_batch_size"": 32, ""grad_accum_steps"": 1, ""llrd_decay"": 0.9, ""lr_encoder_top"": 3e-05, ""lr_head"": 0.0001, ""max_epochs"": 20, ""max_grad_norm"": 1.0, ""max_tokens"": 512, ""n_cv_splits"": 5, ""patience"": 4, ""seeds"": [42], ""use_bf16"": true, ""val_fraction"": 0.2, ""warmup_ratio"": 0.1, ""weight_decay"": 0.01}",2026-09-10T11:54:31
E5_E5LARGE_FT,fine-tuning-cv,question,05,no_augmentation,PHQ9,42,fold5_epoch2,4.94058,False,intfloat/multilingual-e5-large,finetuned_cv,"{""augmentation"": ""no_augmentation"", ""batch_size"": 16, ""eval_batch_size"": 32, ""grad_accum_steps"": 1, ""llrd_decay"": 0.9, ""lr_encoder_top"": 3e-05, ""lr_head"": 0.0001, ""max_epochs"": 20, ""max_grad_norm"": 1.0, ""max_tokens"": 512, ""n_cv_splits"": 5, ""patience"": 4, ""seeds"": [42], ""use_bf16"": true, ""val_fraction"": 0.2, ""warmup_ratio"": 0.1, ""weight_decay"": 0.01}",2026-09-10T11:54:31
E5_E5LARGE_FT,fine-tuning-cv,question,05,no_augmentation,GAD7,42,fold1_epoch2,4.94935,False,intfloat/multilingual-e5-large,finetuned_cv,"{""augmentation"": ""no_augmentation"", ""batch_size"": 16, ""eval_batch_size"": 32, ""grad_accum_steps"": 1, ""llrd_decay"": 0.9, ""lr_encoder_top"": 3e-05, ""lr_head"": 0.0001, ""max_epochs"": 20, ""max_grad_norm"": 1.0, ""max_tokens"": 512, ""n_cv_splits"": 5, ""patience"": 4, ""seeds"": [42], ""use_bf16"": true, ""val_fraction"": 0.2, ""warmup_ratio"": 0.1, ""weight_decay"": 0.01}",2026-09-10T12:27:37
E5_E5LARGE_FT,fine-tuning-cv,question,05,no_augmentation,GAD7,42,fold2_epoch3,3.795442,False,intfloat/multilingual-e5-large,finetuned_cv,"{""augmentation"": ""no_augmentation"", ""batch_size"": 16, ""eval_batch_size"": 32, ""grad_accum_steps"": 1, ""llrd_decay"": 0.9, ""lr_encoder_top"": 3e-05, ""lr_head"": 0.0001, ""max_epochs"": 20, ""max_grad_norm"": 1.0, ""max_tokens"": 512, ""n_cv_splits"": 5, ""patience"": 4, ""seeds"": [42], ""use_bf16"": true, ""val_fraction"": 0.2, ""warmup_ratio"": 0.1, ""weight_decay"": 0.01}",2026-09-10T12:27:37
E5_E5LARGE_FT,fine-tuning-cv,question,05,no_augmentation,GAD7,42,fold3_epoch3,5.22865,False,intfloat/multilingual-e5-large,finetuned_cv,"{""augmentation"": ""no_augmentation"", ""batch_size"": 16, ""eval_batch_size"": 32, ""grad_accum_steps"": 1, ""llrd_decay"": 0.9, ""lr_encoder_top"": 3e-05, ""lr_head"": 0.0001, ""max_epochs"": 20, ""max_grad_norm"": 1.0, ""max_tokens"": 512, ""n_cv_splits"": 5, ""patience"": 4, ""seeds"": [42], ""use_bf16"": true, ""val_fraction"": 0.2, ""warmup_ratio"": 0.1, ""weight_decay"": 0.01}",2026-09-10T12:27:37
E5_E5LARGE_FT,fine-tuning-cv,question,05,no_augmentation,GAD7,42,fold4_epoch2,3.96649,False,intfloat/multilingual-e5-large,finetuned_cv,"{""augmentation"": ""no_augmentation"", ""batch_size"": 16, ""eval_batch_size"": 32, ""grad_accum_steps"": 1, ""llrd_decay"": 0.9, ""lr_encoder_top"": 3e-05, ""lr_head"": 0.0001, ""max_epochs"": 20, ""max_grad_norm"": 1.0, ""max_tokens"": 512, ""n_cv_splits"": 5, ""patience"": 4, ""seeds"": [42], ""use_bf16"": true, ""val_fraction"": 0.2, ""warmup_ratio"": 0.1, ""weight_decay"": 0.01}",2026-09-10T12:27:37
E5_E5LARGE_FT,fine-tuning-cv,question,05,no_augmentation,GAD7,42,fold5_epoch3,3.881551,False,intfloat/multilingual-e5-large,finetuned_cv,"{""augmentation"": ""no_augmentation"", ""batch_size"": 16, ""eval_batch_size"": 32, ""grad_accum_steps"": 1, ""llrd_decay"": 0.9, ""lr_encoder_top"": 3e-05, ""lr_head"": 0.0001, ""max_epochs"": 20, ""max_grad_norm"": 1.0, ""max_tokens"": 512, ""n_cv_splits"": 5, ""patience"": 4, ""seeds"": [42], ""use_bf16"": true, ""val_fraction"": 0.2, ""warmup_ratio"": 0.1, ""weight_decay"": 0.01}",2026-09-10T12:27:37
E8_BETO_MLM_FT,fine-tuning-cv,question,05,no_augmentation,PHQ9,42,fold1_epoch7,4.919731,False,models/mlm_beto/ep010,finetuned_cv,"{""augmentation"": ""no_augmentation"", ""batch_size"": 16, ""eval_batch_size"": 32, ""grad_accum_steps"": 1, ""llrd_decay"": 0.9, ""lr_encoder_top"": 3e-05, ""lr_head"": 0.0001, ""max_epochs"": 20, ""max_grad_norm"": 1.0, ""max_tokens"": 512, ""n_cv_splits"": 5, ""patience"": 4, ""seeds"": [42], ""use_bf16"": true, ""val_fraction"": 0.2, ""warmup_ratio"": 0.1, ""weight_decay"": 0.01}",2026-09-17T19:58:43
E8_BETO_MLM_FT,fine-tuning-cv,question,05,no_augmentation,PHQ9,42,fold2_epoch3,4.916225,False,models/mlm_beto/ep010,finetuned_cv,"{""augmentation"": ""no_augmentation"", ""batch_size"": 16, ""eval_batch_size"": 32, ""grad_accum_steps"": 1, ""llrd_decay"": 0.9, ""lr_encoder_top"": 3e-05, ""lr_head"": 0.0001, ""max_epochs"": 20, ""max_grad_norm"": 1.0, ""max_tokens"": 512, ""n_cv_splits"": 5, ""patience"": 4, ""seeds"": [42], ""use_bf16"": true, ""val_fraction"": 0.2, ""warmup_ratio"": 0.1, ""weight_decay"": 0.01}",2026-09-17T19:58:43
E8_BETO_MLM_FT,fine-tuning-cv,question,05,no_augmentation,PHQ9,42,fold3_epoch3,6.502249,False,models/mlm_beto/ep010,finetuned_cv,"{""augmentation"": ""no_augmentation"", ""batch_size"": 16, ""eval_batch_size"": 32, ""grad_accum_steps"": 1, ""llrd_decay"": 0.9, ""lr_encoder_top"": 3e-05, ""lr_head"": 0.0001, ""max_epochs"": 20, ""max_grad_norm"": 1.0, ""max_tokens"": 512, ""n_cv_splits"": 5, ""patience"": 4, ""seeds"": [42], ""use_bf16"": true, ""val_fraction"": 0.2, ""warmup_ratio"": 0.1, ""weight_decay"": 0.01}",2026-09-17T19:58:43
E8_BETO_MLM_FT,fine-tuning-cv,question,05,no_augmentation,PHQ9,42,fold4_epoch2,5.152607,False,models/mlm_beto/ep010,finetuned_cv,"{""augmentation"": ""no_augmentation"", ""batch_size"": 16, ""eval_batch_size"": 32, ""grad_accum_steps"": 1, ""llrd_decay"": 0.9, ""lr_encoder_top"": 3e-05, ""lr_head"": 0.0001, ""max_epochs"": 20, ""max_grad_norm"": 1.0, ""max_tokens"": 512, ""n_cv_splits"": 5, ""patience"": 4, ""seeds"": [42], ""use_bf16"": true, ""val_fraction"": 0.2, ""warmup_ratio"": 0.1, ""weight_decay"": 0.01}",2026-09-17T19:58:43
E8_BETO_MLM_FT,fine-tuning-cv,question,05,no_augmentation,PHQ9,42,fold5_epoch5,4.75067,False,models/mlm_beto/ep010,finetuned_cv,"{""augmentation"": ""no_augmentation"", ""batch_size"": 16, ""eval_batch_size"": 32, ""grad_accum_steps"": 1, ""llrd_decay"": 0.9, ""lr_encoder_top"": 3e-05, ""lr_head"": 0.0001, ""max_epochs"": 20, ""max_grad_norm"": 1.0, ""max_tokens"": 512, ""n_cv_splits"": 5, ""patience"": 4, ""seeds"": [42], ""use_bf16"": true, ""val_fraction"": 0.2, ""warmup_ratio"": 0.1, ""weight_decay"": 0.01}",2026-09-17T19:58:43
E8_BETO_MLM_FT,fine-tuning-cv,question,05,no_augmentation,GAD7,42,fold1_epoch3,4.663034,False,models/mlm_beto/ep010,finetuned_cv,"{""augmentation"": ""no_augmentation"", ""batch_size"": 16, ""eval_batch_size"": 32, ""grad_accum_steps"": 1, ""llrd_decay"": 0.9, ""lr_encoder_top"": 3e-05, ""lr_head"": 0.0001, ""max_epochs"": 20, ""max_grad_norm"": 1.0, ""max_tokens"": 512, ""n_cv_splits"": 5, ""patience"": 4, ""seeds"": [42], ""use_bf16"": true, ""val_fraction"": 0.2, ""warmup_ratio"": 0.1, ""weight_decay"": 0.01}",2026-09-17T20:01:18
E8_BETO_MLM_FT,fine-tuning-cv,question,05,no_augmentation,GAD7,42,fold2_epoch3,4.26469,False,models/mlm_beto/ep010,finetuned_cv,"{""augmentation"": ""no_augmentation"", ""batch_size"": 16, ""eval_batch_size"": 32, ""grad_accum_steps"": 1, ""llrd_decay"": 0.9, ""lr_encoder_top"": 3e-05, ""lr_head"": 0.0001, ""max_epochs"": 20, ""max_grad_norm"": 1.0, ""max_tokens"": 512, ""n_cv_splits"": 5, ""patience"": 4, ""seeds"": [42], ""use_bf16"": true, ""val_fraction"": 0.2, ""warmup_ratio"": 0.1, ""weight_decay"": 0.01}",2026-09-17T20:01:18
E8_BETO_MLM_FT,fine-tuning-cv,question,05,no_augmentation,GAD7,42,fold3_epoch1,5.418221,False,models/mlm_beto/ep010,finetuned_cv,"{""augmentation"": ""no_augmentation"", ""batch_size"": 16, ""eval_batch_size"": 32, ""grad_accum_steps"": 1, ""llrd_decay"": 0.9, ""lr_encoder_top"": 3e-05, ""lr_head"": 0.0001, ""max_epochs"": 20, ""max_grad_norm"": 1.0, ""max_tokens"": 512, ""n_cv_splits"": 5, ""patience"": 4, ""seeds"": [42], ""use_bf16"": true, ""val_fraction"": 0.2, ""warmup_ratio"": 0.1, ""weight_decay"": 0.01}",2026-09-17T20:01:18
E8_BETO_MLM_FT,fine-tuning-cv,question,05,no_augmentation,GAD7,42,fold4_epoch2,4.134304,False,models/mlm_beto/ep010,finetuned_cv,"{""augmentation"": ""no_augmentation"", ""batch_size"": 16, ""eval_batch_size"": 32, ""grad_accum_steps"": 1, ""llrd_decay"": 0.9, ""lr_encoder_top"": 3e-05, ""lr_head"": 0.0001, ""max_epochs"": 20, ""max_grad_norm"": 1.0, ""max_tokens"": 512, ""n_cv_splits"": 5, ""patience"": 4, ""seeds"": [42], ""use_bf16"": true, ""val_fraction"": 0.2, ""warmup_ratio"": 0.1, ""weight_decay"": 0.01}",2026-09-17T20:01:18
E8_BETO_MLM_FT,fine-tuning-cv,question,05,no_augmentation,GAD7,42,fold5_epoch1,3.850591,False,models/mlm_beto/ep010,finetuned_cv,"{""augmentation"": ""no_augmentation"", ""batch_size"": 16, ""eval_batch_size"": 32, ""grad_accum_steps"": 1, ""llrd_decay"": 0.9, ""lr_encoder_top"": 3e-05, ""lr_head"": 0.0001, ""max_epochs"": 20, ""max_grad_norm"": 1.0, ""max_tokens"": 512, ""n_cv_splits"": 5, ""patience"": 4, ""seeds"": [42], ""use_bf16"": true, ""val_fraction"": 0.2, ""warmup_ratio"": 0.1, ""weight_decay"": 0.01}",2026-09-17T20:01:18
E8_ROBERTAES_MENTAL_FT,fine-tuning-cv,question,05,no_augmentation,PHQ9,42,fold1_epoch6,5.141659,False,ELiRF/RoBERTa-es-mental-large,finetuned_cv,"{""augmentation"": ""no_augmentation"", ""batch_size"": 16, ""eval_batch_size"": 32, ""grad_accum_steps"": 1, ""llrd_decay"": 0.9, ""lr_encoder_top"": 3e-05, ""lr_head"": 0.0001, ""max_epochs"": 20, ""max_grad_norm"": 1.0, ""max_tokens"": 512, ""n_cv_splits"": 5, ""patience"": 4, ""seeds"": [42], ""use_bf16"": true, ""val_fraction"": 0.2, ""warmup_ratio"": 0.1, ""weight_decay"": 0.01}",2026-09-17T20:22:18
E8_ROBERTAES_MENTAL_FT,fine-tuning-cv,question,05,no_augmentation,PHQ9,42,fold2_epoch4,4.426265,False,ELiRF/RoBERTa-es-mental-large,finetuned_cv,"{""augmentation"": ""no_augmentation"", ""batch_size"": 16, ""eval_batch_size"": 32, ""grad_accum_steps"": 1, ""llrd_decay"": 0.9, ""lr_encoder_top"": 3e-05, ""lr_head"": 0.0001, ""max_epochs"": 20, ""max_grad_norm"": 1.0, ""max_tokens"": 512, ""n_cv_splits"": 5, ""patience"": 4, ""seeds"": [42], ""use_bf16"": true, ""val_fraction"": 0.2, ""warmup_ratio"": 0.1, ""weight_decay"": 0.01}",2026-09-17T20:22:18
E8_ROBERTAES_MENTAL_FT,fine-tuning-cv,question,05,no_augmentation,PHQ9,42,fold3_epoch6,6.135964,False,ELiRF/RoBERTa-es-mental-large,finetuned_cv,"{""augmentation"": ""no_augmentation"", ""batch_size"": 16, ""eval_batch_size"": 32, ""grad_accum_steps"": 1, ""llrd_decay"": 0.9, ""lr_encoder_top"": 3e-05, ""lr_head"": 0.0001, ""max_epochs"": 20, ""max_grad_norm"": 1.0, ""max_tokens"": 512, ""n_cv_splits"": 5, ""patience"": 4, ""seeds"": [42], ""use_bf16"": true, ""val_fraction"": 0.2, ""warmup_ratio"": 0.1, ""weight_decay"": 0.01}",2026-09-17T20:22:18
E8_ROBERTAES_MENTAL_FT,fine-tuning-cv,question,05,no_augmentation,PHQ9,42,fold4_epoch16,4.821512,False,ELiRF/RoBERTa-es-mental-large,finetuned_cv,"{""augmentation"": ""no_augmentation"", ""batch_size"": 16, ""eval_batch_size"": 32, ""grad_accum_steps"": 1, ""llrd_decay"": 0.9, ""lr_encoder_top"": 3e-05, ""lr_head"": 0.0001, ""max_epochs"": 20, ""max_grad_norm"": 1.0, ""max_tokens"": 512, ""n_cv_splits"": 5, ""patience"": 4, ""seeds"": [42], ""use_bf16"": true, ""val_fraction"": 0.2, ""warmup_ratio"": 0.1, ""weight_decay"": 0.01}",2026-09-17T20:22:18
E8_ROBERTAES_MENTAL_FT,fine-tuning-cv,question,05,no_augmentation,PHQ9,42,fold5_epoch7,4.52729,False,ELiRF/RoBERTa-es-mental-large,finetuned_cv,"{""augmentation"": ""no_augmentation"", ""batch_size"": 16, ""eval_batch_size"": 32, ""grad_accum_steps"": 1, ""llrd_decay"": 0.9, ""lr_encoder_top"": 3e-05, ""lr_head"": 0.0001, ""max_epochs"": 20, ""max_grad_norm"": 1.0, ""max_tokens"": 512, ""n_cv_splits"": 5, ""patience"": 4, ""seeds"": [42], ""use_bf16"": true, ""val_fraction"": 0.2, ""warmup_ratio"": 0.1, ""weight_decay"": 0.01}",2026-09-17T20:22:18
E8_ROBERTAES_MENTAL_FT,fine-tuning-cv,question,05,no_augmentation,GAD7,42,fold1_epoch2,4.743326,False,ELiRF/RoBERTa-es-mental-large,finetuned_cv,"{""augmentation"": ""no_augmentation"", ""batch_size"": 16, ""eval_batch_size"": 32, ""grad_accum_steps"": 1, ""llrd_decay"": 0.9, ""lr_encoder_top"": 3e-05, ""lr_head"": 0.0001, ""max_epochs"": 20, ""max_grad_norm"": 1.0, ""max_tokens"": 512, ""n_cv_splits"": 5, ""patience"": 4, ""seeds"": [42], ""use_bf16"": true, ""val_fraction"": 0.2, ""warmup_ratio"": 0.1, ""weight_decay"": 0.01}",2026-09-17T20:36:30
E8_ROBERTAES_MENTAL_FT,fine-tuning-cv,question,05,no_augmentation,GAD7,42,fold2_epoch4,3.68426,False,ELiRF/RoBERTa-es-mental-large,finetuned_cv,"{""augmentation"": ""no_augmentation"", ""batch_size"": 16, ""eval_batch_size"": 32, ""grad_accum_steps"": 1, ""llrd_decay"": 0.9, ""lr_encoder_top"": 3e-05, ""lr_head"": 0.0001, ""max_epochs"": 20, ""max_grad_norm"": 1.0, ""max_tokens"": 512, ""n_cv_splits"": 5, ""patience"": 4, ""seeds"": [42], ""use_bf16"": true, ""val_fraction"": 0.2, ""warmup_ratio"": 0.1, ""weight_decay"": 0.01}",2026-09-17T20:36:30
E8_ROBERTAES_MENTAL_FT,fine-tuning-cv,question,05,no_augmentation,GAD7,42,fold3_epoch3,5.054591,False,ELiRF/RoBERTa-es-mental-large,finetuned_cv,"{""augmentation"": ""no_augmentation"", ""batch_size"": 16, ""eval_batch_size"": 32, ""grad_accum_steps"": 1, ""llrd_decay"": 0.9, ""lr_encoder_top"": 3e-05, ""lr_head"": 0.0001, ""max_epochs"": 20, ""max_grad_norm"": 1.0, ""max_tokens"": 512, ""n_cv_splits"": 5, ""patience"": 4, ""seeds"": [42], ""use_bf16"": true, ""val_fraction"": 0.2, ""warmup_ratio"": 0.1, ""weight_decay"": 0.01}",2026-09-17T20:36:30
E8_ROBERTAES_MENTAL_FT,fine-tuning-cv,question,05,no_augmentation,GAD7,42,fold4_epoch2,3.919845,False,ELiRF/RoBERTa-es-mental-large,finetuned_cv,"{""augmentation"": ""no_augmentation"", ""batch_size"": 16, ""eval_batch_size"": 32, ""grad_accum_steps"": 1, ""llrd_decay"": 0.9, ""lr_encoder_top"": 3e-05, ""lr_head"": 0.0001, ""max_epochs"": 20, ""max_grad_norm"": 1.0, ""max_tokens"": 512, ""n_cv_splits"": 5, ""patience"": 4, ""seeds"": [42], ""use_bf16"": true, ""val_fraction"": 0.2, ""warmup_ratio"": 0.1, ""weight_decay"": 0.01}",2026-09-17T20:36:30
E8_ROBERTAES_MENTAL_FT,fine-tuning-cv,question,05,no_augmentation,GAD7,42,fold5_epoch3,3.678023,False,ELiRF/RoBERTa-es-mental-large,finetuned_cv,"{""augmentation"": ""no_augmentation"", ""batch_size"": 16, ""eval_batch_size"": 32, ""grad_accum_steps"": 1, ""llrd_decay"": 0.9, ""lr_encoder_top"": 3e-05, ""lr_head"": 0.0001, ""max_epochs"": 20, ""max_grad_norm"": 1.0, ""max_tokens"": 512, ""n_cv_splits"": 5, ""patience"": 4, ""seeds"": [42], ""use_bf16"": true, ""val_fraction"": 0.2, ""warmup_ratio"": 0.1, ""weight_decay"": 0.01}",2026-09-17T20:36:30
E5_E5SMALL_FT,fine-tuning-cv,question,05,no_augmentation,PHQ9,42,fold1_epoch8,5.631213,False,intfloat/multilingual-e5-small,finetuned_cv,"{""augmentation"": ""no_augmentation"", ""batch_size"": 16, ""eval_batch_size"": 32, ""grad_accum_steps"": 1, ""llrd_decay"": 0.9, ""lr_encoder_top"": 3e-05, ""lr_head"": 0.0001, ""max_epochs"": 20, ""max_grad_norm"": 1.0, ""max_tokens"": 512, ""n_cv_splits"": 5, ""patience"": 4, ""seeds"": [42], ""use_bf16"": true, ""val_fraction"": 0.2, ""warmup_ratio"": 0.1, ""weight_decay"": 0.01}",2026-09-19T23:17:22
E5_E5SMALL_FT,fine-tuning-cv,question,05,no_augmentation,PHQ9,42,fold2_epoch7,4.620062,False,intfloat/multilingual-e5-small,finetuned_cv,"{""augmentation"": ""no_augmentation"", ""batch_size"": 16, ""eval_batch_size"": 32, ""grad_accum_steps"": 1, ""llrd_decay"": 0.9, ""lr_encoder_top"": 3e-05, ""lr_head"": 0.0001, ""max_epochs"": 20, ""max_grad_norm"": 1.0, ""max_tokens"": 512, ""n_cv_splits"": 5, ""patience"": 4, ""seeds"": [42], ""use_bf16"": true, ""val_fraction"": 0.2, ""warmup_ratio"": 0.1, ""weight_decay"": 0.01}",2026-09-19T23:17:22
E5_E5SMALL_FT,fine-tuning-cv,question,05,no_augmentation,PHQ9,42,fold3_epoch1,6.808578,False,intfloat/multilingual-e5-small,finetuned_cv,"{""augmentation"": ""no_augmentation"", ""batch_size"": 16, ""eval_batch_size"": 32, ""grad_accum_steps"": 1, ""llrd_decay"": 0.9, ""lr_encoder_top"": 3e-05, ""lr_head"": 0.0001, ""max_epochs"": 20, ""max_grad_norm"": 1.0, ""max_tokens"": 512, ""n_cv_splits"": 5, ""patience"": 4, ""seeds"": [42], ""use_bf16"": true, ""val_fraction"": 0.2, ""warmup_ratio"": 0.1, ""weight_decay"": 0.01}",2026-09-19T23:17:22
E5_E5SMALL_FT,fine-tuning-cv,question,05,no_augmentation,PHQ9,42,fold4_epoch4,5.891248,False,intfloat/multilingual-e5-small,finetuned_cv,"{""augmentation"": ""no_augmentation"", ""batch_size"": 16, ""eval_batch_size"": 32, ""grad_accum_steps"": 1, ""llrd_decay"": 0.9, ""lr_encoder_top"": 3e-05, ""lr_head"": 0.0001, ""max_epochs"": 20, ""max_grad_norm"": 1.0, ""max_tokens"": 512, ""n_cv_splits"": 5, ""patience"": 4, ""seeds"": [42], ""use_bf16"": true, ""val_fraction"": 0.2, ""warmup_ratio"": 0.1, ""weight_decay"": 0.01}",2026-09-19T23:17:22
E5_E5SMALL_FT,fine-tuning-cv,question,05,no_augmentation,PHQ9,42,fold5_epoch5,4.912739,False,intfloat/multilingual-e5-small,finetuned_cv,"{""augmentation"": ""no_augmentation"", ""batch_size"": 16, ""eval_batch_size"": 32, ""grad_accum_steps"": 1, ""llrd_decay"": 0.9, ""lr_encoder_top"": 3e-05, ""lr_head"": 0.0001, ""max_epochs"": 20, ""max_grad_norm"": 1.0, ""max_tokens"": 512, ""n_cv_splits"": 5, ""patience"": 4, ""seeds"": [42], ""use_bf16"": true, ""val_fraction"": 0.2, ""warmup_ratio"": 0.1, ""weight_decay"": 0.01}",2026-09-19T23:17:22
E5_E5SMALL_FT,fine-tuning-cv,question,05,no_augmentation,GAD7,42,fold1_epoch7,5.458245,False,intfloat/multilingual-e5-small,finetuned_cv,"{""augmentation"": ""no_augmentation"", ""batch_size"": 16, ""eval_batch_size"": 32, ""grad_accum_steps"": 1, ""llrd_decay"": 0.9, ""lr_encoder_top"": 3e-05, ""lr_head"": 0.0001, ""max_epochs"": 20, ""max_grad_norm"": 1.0, ""max_tokens"": 512, ""n_cv_splits"": 5, ""patience"": 4, ""seeds"": [42], ""use_bf16"": true, ""val_fraction"": 0.2, ""warmup_ratio"": 0.1, ""weight_decay"": 0.01}",2026-09-19T23:20:11
E5_E5SMALL_FT,fine-tuning-cv,question,05,no_augmentation,GAD7,42,fold2_epoch8,3.315267,False,intfloat/multilingual-e5-small,finetuned_cv,"{""augmentation"": ""no_augmentation"", ""batch_size"": 16, ""eval_batch_size"": 32, ""grad_accum_steps"": 1, ""llrd_decay"": 0.9, ""lr_encoder_top"": 3e-05, ""lr_head"": 0.0001, ""max_epochs"": 20, ""max_grad_norm"": 1.0, ""max_tokens"": 512, ""n_cv_splits"": 5, ""patience"": 4, ""seeds"": [42], ""use_bf16"": true, ""val_fraction"": 0.2, ""warmup_ratio"": 0.1, ""weight_decay"": 0.01}",2026-09-19T23:20:11
E5_E5SMALL_FT,fine-tuning-cv,question,05,no_augmentation,GAD7,42,fold3_epoch1,5.305478,False,intfloat/multilingual-e5-small,finetuned_cv,"{""augmentation"": ""no_augmentation"", ""batch_size"": 16, ""eval_batch_size"": 32, ""grad_accum_steps"": 1, ""llrd_decay"": 0.9, ""lr_encoder_top"": 3e-05, ""lr_head"": 0.0001, ""max_epochs"": 20, ""max_grad_norm"": 1.0, ""max_tokens"": 512, ""n_cv_splits"": 5, ""patience"": 4, ""seeds"": [42], ""use_bf16"": true, ""val_fraction"": 0.2, ""warmup_ratio"": 0.1, ""weight_decay"": 0.01}",2026-09-19T23:20:12
E5_E5SMALL_FT,fine-tuning-cv,question,05,no_augmentation,GAD7,42,fold4_epoch7,4.768067,False,intfloat/multilingual-e5-small,finetuned_cv,"{""augmentation"": ""no_augmentation"", ""batch_size"": 16, ""eval_batch_size"": 32, ""grad_accum_steps"": 1, ""llrd_decay"": 0.9, ""lr_encoder_top"": 3e-05, ""lr_head"": 0.0001, ""max_epochs"": 20, ""max_grad_norm"": 1.0, ""max_tokens"": 512, ""n_cv_splits"": 5, ""patience"": 4, ""seeds"": [42], ""use_bf16"": true, ""val_fraction"": 0.2, ""warmup_ratio"": 0.1, ""weight_decay"": 0.01}",2026-09-19T23:20:12
E5_E5SMALL_FT,fine-tuning-cv,question,05,no_augmentation,GAD7,42,fold5_epoch3,3.844743,False,intfloat/multilingual-e5-small,finetuned_cv,"{""augmentation"": ""no_augmentation"", ""batch_size"": 16, ""eval_batch_size"": 32, ""grad_accum_steps"": 1, ""llrd_decay"": 0.9, ""lr_encoder_top"": 3e-05, ""lr_head"": 0.0001, ""max_epochs"": 20, ""max_grad_norm"": 1.0, ""max_tokens"": 512, ""n_cv_splits"": 5, ""patience"": 4, ""seeds"": [42], ""use_bf16"": true, ""val_fraction"": 0.2, ""warmup_ratio"": 0.1, ""weight_decay"": 0.01}",2026-09-19T23:20:12
E5_E5BASE_FT,fine-tuning-cv,question,05,no_augmentation,PHQ9,42,fold1_epoch4,5.36772,False,intfloat/multilingual-e5-base,finetuned_cv,"{""augmentation"": ""no_augmentation"", ""batch_size"": 16, ""eval_batch_size"": 32, ""grad_accum_steps"": 1, ""llrd_decay"": 0.9, ""lr_encoder_top"": 3e-05, ""lr_head"": 0.0001, ""max_epochs"": 20, ""max_grad_norm"": 1.0, ""max_tokens"": 512, ""n_cv_splits"": 5, ""patience"": 4, ""seeds"": [42], ""use_bf16"": true, ""val_fraction"": 0.2, ""warmup_ratio"": 0.1, ""weight_decay"": 0.01}",2026-09-19T23:24:37
E5_E5BASE_FT,fine-tuning-cv,question,05,no_augmentation,PHQ9,42,fold2_epoch2,4.148838,False,intfloat/multilingual-e5-base,finetuned_cv,"{""augmentation"": ""no_augmentation"", ""batch_size"": 16, ""eval_batch_size"": 32, ""grad_accum_steps"": 1, ""llrd_decay"": 0.9, ""lr_encoder_top"": 3e-05, ""lr_head"": 0.0001, ""max_epochs"": 20, ""max_grad_norm"": 1.0, ""max_tokens"": 512, ""n_cv_splits"": 5, ""patience"": 4, ""seeds"": [42], ""use_bf16"": true, ""val_fraction"": 0.2, ""warmup_ratio"": 0.1, ""weight_decay"": 0.01}",2026-09-19T23:24:37
E5_E5BASE_FT,fine-tuning-cv,question,05,no_augmentation,PHQ9,42,fold3_epoch3,6.241002,False,intfloat/multilingual-e5-base,finetuned_cv,"{""augmentation"": ""no_augmentation"", ""batch_size"": 16, ""eval_batch_size"": 32, ""grad_accum_steps"": 1, ""llrd_decay"": 0.9, ""lr_encoder_top"": 3e-05, ""lr_head"": 0.0001, ""max_epochs"": 20, ""max_grad_norm"": 1.0, ""max_tokens"": 512, ""n_cv_splits"": 5, ""patience"": 4, ""seeds"": [42], ""use_bf16"": true, ""val_fraction"": 0.2, ""warmup_ratio"": 0.1, ""weight_decay"": 0.01}",2026-09-19T23:24:37
E5_E5BASE_FT,fine-tuning-cv,question,05,no_augmentation,PHQ9,42,fold4_epoch3,5.285536,False,intfloat/multilingual-e5-base,finetuned_cv,"{""augmentation"": ""no_augmentation"", ""batch_size"": 16, ""eval_batch_size"": 32, ""grad_accum_steps"": 1, ""llrd_decay"": 0.9, ""lr_encoder_top"": 3e-05, ""lr_head"": 0.0001, ""max_epochs"": 20, ""max_grad_norm"": 1.0, ""max_tokens"": 512, ""n_cv_splits"": 5, ""patience"": 4, ""seeds"": [42], ""use_bf16"": true, ""val_fraction"": 0.2, ""warmup_ratio"": 0.1, ""weight_decay"": 0.01}",2026-09-19T23:24:37
E5_E5BASE_FT,fine-tuning-cv,question,05,no_augmentation,PHQ9,42,fold5_epoch2,4.827904,False,intfloat/multilingual-e5-base,finetuned_cv,"{""augmentation"": ""no_augmentation"", ""batch_size"": 16, ""eval_batch_size"": 32, ""grad_accum_steps"": 1, ""llrd_decay"": 0.9, ""lr_encoder_top"": 3e-05, ""lr_head"": 0.0001, ""max_epochs"": 20, ""max_grad_norm"": 1.0, ""max_tokens"": 512, ""n_cv_splits"": 5, ""patience"": 4, ""seeds"": [42], ""use_bf16"": true, ""val_fraction"": 0.2, ""warmup_ratio"": 0.1, ""weight_decay"": 0.01}",2026-09-19T23:24:37
E5_E5BASE_FT,fine-tuning-cv,question,05,no_augmentation,GAD7,42,fold1_epoch8,4.879749,False,intfloat/multilingual-e5-base,finetuned_cv,"{""augmentation"": ""no_augmentation"", ""batch_size"": 16, ""eval_batch_size"": 32, ""grad_accum_steps"": 1, ""llrd_decay"": 0.9, ""lr_encoder_top"": 3e-05, ""lr_head"": 0.0001, ""max_epochs"": 20, ""max_grad_norm"": 1.0, ""max_tokens"": 512, ""n_cv_splits"": 5, ""patience"": 4, ""seeds"": [42], ""use_bf16"": true, ""val_fraction"": 0.2, ""warmup_ratio"": 0.1, ""weight_decay"": 0.01}",2026-09-19T23:29:29
E5_E5BASE_FT,fine-tuning-cv,question,05,no_augmentation,GAD7,42,fold2_epoch3,3.678583,False,intfloat/multilingual-e5-base,finetuned_cv,"{""augmentation"": ""no_augmentation"", ""batch_size"": 16, ""eval_batch_size"": 32, ""grad_accum_steps"": 1, ""llrd_decay"": 0.9, ""lr_encoder_top"": 3e-05, ""lr_head"": 0.0001, ""max_epochs"": 20, ""max_grad_norm"": 1.0, ""max_tokens"": 512, ""n_cv_splits"": 5, ""patience"": 4, ""seeds"": [42], ""use_bf16"": true, ""val_fraction"": 0.2, ""warmup_ratio"": 0.1, ""weight_decay"": 0.01}",2026-09-19T23:29:29
E5_E5BASE_FT,fine-tuning-cv,question,05,no_augmentation,GAD7,42,fold3_epoch3,5.238205,False,intfloat/multilingual-e5-base,finetuned_cv,"{""augmentation"": ""no_augmentation"", ""batch_size"": 16, ""eval_batch_size"": 32, ""grad_accum_steps"": 1, ""llrd_decay"": 0.9, ""lr_encoder_top"": 3e-05, ""lr_head"": 0.0001, ""max_epochs"": 20, ""max_grad_norm"": 1.0, ""max_tokens"": 512, ""n_cv_splits"": 5, ""patience"": 4, ""seeds"": [42], ""use_bf16"": true, ""val_fraction"": 0.2, ""warmup_ratio"": 0.1, ""weight_decay"": 0.01}",2026-09-19T23:29:29
E5_E5BASE_FT,fine-tuning-cv,question,05,no_augmentation,GAD7,42,fold4_epoch3,4.228823,False,intfloat/multilingual-e5-base,finetuned_cv,"{""augmentation"": ""no_augmentation"", ""batch_size"": 16, ""eval_batch_size"": 32, ""grad_accum_steps"": 1, ""llrd_decay"": 0.9, ""lr_encoder_top"": 3e-05, ""lr_head"": 0.0001, ""max_epochs"": 20, ""max_grad_norm"": 1.0, ""max_tokens"": 512, ""n_cv_splits"": 5, ""patience"": 4, ""seeds"": [42], ""use_bf16"": true, ""val_fraction"": 0.2, ""warmup_ratio"": 0.1, ""weight_decay"": 0.01}",2026-09-19T23:29:29
E5_E5BASE_FT,fine-tuning-cv,question,05,no_augmentation,GAD7,42,fold5_epoch2,3.848183,False,intfloat/multilingual-e5-base,finetuned_cv,"{""augmentation"": ""no_augmentation"", ""batch_size"": 16, ""eval_batch_size"": 32, ""grad_accum_steps"": 1, ""llrd_decay"": 0.9, ""lr_encoder_top"": 3e-05, ""lr_head"": 0.0001, ""max_epochs"": 20, ""max_grad_norm"": 1.0, ""max_tokens"": 512, ""n_cv_splits"": 5, ""patience"": 4, ""seeds"": [42], ""use_bf16"": true, ""val_fraction"": 0.2, ""warmup_ratio"": 0.1, ""weight_decay"": 0.01}",2026-09-19T23:29:29
E5_BETO_FT,fine-tuning-cv,question,05,no_augmentation,PHQ9,42,fold1_epoch4,5.257381,False,dccuchile/bert-base-spanish-wwm-cased,finetuned_cv,"{""augmentation"": ""no_augmentation"", ""batch_size"": 16, ""eval_batch_size"": 32, ""grad_accum_steps"": 1, ""llrd_decay"": 0.9, ""lr_encoder_top"": 3e-05, ""lr_head"": 0.0001, ""max_epochs"": 20, ""max_grad_norm"": 1.0, ""max_tokens"": 512, ""n_cv_splits"": 5, ""patience"": 4, ""seeds"": [42], ""use_bf16"": true, ""val_fraction"": 0.2, ""warmup_ratio"": 0.1, ""weight_decay"": 0.01}",2026-09-19T23:33:24
E5_BETO_FT,fine-tuning-cv,question,05,no_augmentation,PHQ9,42,fold2_epoch4,4.643505,False,dccuchile/bert-base-spanish-wwm-cased,finetuned_cv,"{""augmentation"": ""no_augmentation"", ""batch_size"": 16, ""eval_batch_size"": 32, ""grad_accum_steps"": 1, ""llrd_decay"": 0.9, ""lr_encoder_top"": 3e-05, ""lr_head"": 0.0001, ""max_epochs"": 20, ""max_grad_norm"": 1.0, ""max_tokens"": 512, ""n_cv_splits"": 5, ""patience"": 4, ""seeds"": [42], ""use_bf16"": true, ""val_fraction"": 0.2, ""warmup_ratio"": 0.1, ""weight_decay"": 0.01}",2026-09-19T23:33:24
E5_BETO_FT,fine-tuning-cv,question,05,no_augmentation,PHQ9,42,fold3_epoch3,6.603137,False,dccuchile/bert-base-spanish-wwm-cased,finetuned_cv,"{""augmentation"": ""no_augmentation"", ""batch_size"": 16, ""eval_batch_size"": 32, ""grad_accum_steps"": 1, ""llrd_decay"": 0.9, ""lr_encoder_top"": 3e-05, ""lr_head"": 0.0001, ""max_epochs"": 20, ""max_grad_norm"": 1.0, ""max_tokens"": 512, ""n_cv_splits"": 5, ""patience"": 4, ""seeds"": [42], ""use_bf16"": true, ""val_fraction"": 0.2, ""warmup_ratio"": 0.1, ""weight_decay"": 0.01}",2026-09-19T23:33:24
E5_BETO_FT,fine-tuning-cv,question,05,no_augmentation,PHQ9,42,fold4_epoch9,5.452502,False,dccuchile/bert-base-spanish-wwm-cased,finetuned_cv,"{""augmentation"": ""no_augmentation"", ""batch_size"": 16, ""eval_batch_size"": 32, ""grad_accum_steps"": 1, ""llrd_decay"": 0.9, ""lr_encoder_top"": 3e-05, ""lr_head"": 0.0001, ""max_epochs"": 20, ""max_grad_norm"": 1.0, ""max_tokens"": 512, ""n_cv_splits"": 5, ""patience"": 4, ""seeds"": [42], ""use_bf16"": true, ""val_fraction"": 0.2, ""warmup_ratio"": 0.1, ""weight_decay"": 0.01}",2026-09-19T23:33:24
E5_BETO_FT,fine-tuning-cv,question,05,no_augmentation,PHQ9,42,fold5_epoch2,4.852888,False,dccuchile/bert-base-spanish-wwm-cased,finetuned_cv,"{""augmentation"": ""no_augmentation"", ""batch_size"": 16, ""eval_batch_size"": 32, ""grad_accum_steps"": 1, ""llrd_decay"": 0.9, ""lr_encoder_top"": 3e-05, ""lr_head"": 0.0001, ""max_epochs"": 20, ""max_grad_norm"": 1.0, ""max_tokens"": 512, ""n_cv_splits"": 5, ""patience"": 4, ""seeds"": [42], ""use_bf16"": true, ""val_fraction"": 0.2, ""warmup_ratio"": 0.1, ""weight_decay"": 0.01}",2026-09-19T23:33:24
E5_BETO_FT,fine-tuning-cv,question,05,no_augmentation,GAD7,42,fold1_epoch7,4.871767,False,dccuchile/bert-base-spanish-wwm-cased,finetuned_cv,"{""augmentation"": ""no_augmentation"", ""batch_size"": 16, ""eval_batch_size"": 32, ""grad_accum_steps"": 1, ""llrd_decay"": 0.9, ""lr_encoder_top"": 3e-05, ""lr_head"": 0.0001, ""max_epochs"": 20, ""max_grad_norm"": 1.0, ""max_tokens"": 512, ""n_cv_splits"": 5, ""patience"": 4, ""seeds"": [42], ""use_bf16"": true, ""val_fraction"": 0.2, ""warmup_ratio"": 0.1, ""weight_decay"": 0.01}",2026-09-19T23:36:48
E5_BETO_FT,fine-tuning-cv,question,05,no_augmentation,GAD7,42,fold2_epoch3,4.165935,False,dccuchile/bert-base-spanish-wwm-cased,finetuned_cv,"{""augmentation"": ""no_augmentation"", ""batch_size"": 16, ""eval_batch_size"": 32, ""grad_accum_steps"": 1, ""llrd_decay"": 0.9, ""lr_encoder_top"": 3e-05, ""lr_head"": 0.0001, ""max_epochs"": 20, ""max_grad_norm"": 1.0, ""max_tokens"": 512, ""n_cv_splits"": 5, ""patience"": 4, ""seeds"": [42], ""use_bf16"": true, ""val_fraction"": 0.2, ""warmup_ratio"": 0.1, ""weight_decay"": 0.01}",2026-09-19T23:36:48
E5_BETO_FT,fine-tuning-cv,question,05,no_augmentation,GAD7,42,fold3_epoch1,5.33292,False,dccuchile/bert-base-spanish-wwm-cased,finetuned_cv,"{""augmentation"": ""no_augmentation"", ""batch_size"": 16, ""eval_batch_size"": 32, ""grad_accum_steps"": 1, ""llrd_decay"": 0.9, ""lr_encoder_top"": 3e-05, ""lr_head"": 0.0001, ""max_epochs"": 20, ""max_grad_norm"": 1.0, ""max_tokens"": 512, ""n_cv_splits"": 5, ""patience"": 4, ""seeds"": [42], ""use_bf16"": true, ""val_fraction"": 0.2, ""warmup_ratio"": 0.1, ""weight_decay"": 0.01}",2026-09-19T23:36:48
E5_BETO_FT,fine-tuning-cv,question,05,no_augmentation,GAD7,42,fold4_epoch5,4.113635,False,dccuchile/bert-base-spanish-wwm-cased,finetuned_cv,"{""augmentation"": ""no_augmentation"", ""batch_size"": 16, ""eval_batch_size"": 32, ""grad_accum_steps"": 1, ""llrd_decay"": 0.9, ""lr_encoder_top"": 3e-05, ""lr_head"": 0.0001, ""max_epochs"": 20, ""max_grad_norm"": 1.0, ""max_tokens"": 512, ""n_cv_splits"": 5, ""patience"": 4, ""seeds"": [42], ""use_bf16"": true, ""val_fraction"": 0.2, ""warmup_ratio"": 0.1, ""weight_decay"": 0.01}",2026-09-19T23:36:48
E5_BETO_FT,fine-tuning-cv,question,05,no_augmentation,GAD7,42,fold5_epoch1,3.927979,False,dccuchile/bert-base-spanish-wwm-cased,finetuned_cv,"{""augmentation"": ""no_augmentation"", ""batch_size"": 16, ""eval_batch_size"": 32, ""grad_accum_steps"": 1, ""llrd_decay"": 0.9, ""lr_encoder_top"": 3e-05, ""lr_head"": 0.0001, ""max_epochs"": 20, ""max_grad_norm"": 1.0, ""max_tokens"": 512, ""n_cv_splits"": 5, ""patience"": 4, ""seeds"": [42], ""use_bf16"": true, ""val_fraction"": 0.2, ""warmup_ratio"": 0.1, ""weight_decay"": 0.01}",2026-09-19T23:36:48
E5_BERTIN_FT,fine-tuning-cv,question,05,no_augmentation,PHQ9,42,fold1_epoch9,5.635138,False,bertin-project/bertin-roberta-base-spanish,finetuned_cv,"{""augmentation"": ""no_augmentation"", ""batch_size"": 16, ""eval_batch_size"": 32, ""grad_accum_steps"": 1, ""llrd_decay"": 0.9, ""lr_encoder_top"": 3e-05, ""lr_head"": 0.0001, ""max_epochs"": 20, ""max_grad_norm"": 1.0, ""max_tokens"": 512, ""n_cv_splits"": 5, ""patience"": 4, ""seeds"": [42], ""use_bf16"": true, ""val_fraction"": 0.2, ""warmup_ratio"": 0.1, ""weight_decay"": 0.01}",2026-09-19T23:40:35
E5_BERTIN_FT,fine-tuning-cv,question,05,no_augmentation,PHQ9,42,fold2_epoch4,4.468338,False,bertin-project/bertin-roberta-base-spanish,finetuned_cv,"{""augmentation"": ""no_augmentation"", ""batch_size"": 16, ""eval_batch_size"": 32, ""grad_accum_steps"": 1, ""llrd_decay"": 0.9, ""lr_encoder_top"": 3e-05, ""lr_head"": 0.0001, ""max_epochs"": 20, ""max_grad_norm"": 1.0, ""max_tokens"": 512, ""n_cv_splits"": 5, ""patience"": 4, ""seeds"": [42], ""use_bf16"": true, ""val_fraction"": 0.2, ""warmup_ratio"": 0.1, ""weight_decay"": 0.01}",2026-09-19T23:40:35
E5_BERTIN_FT,fine-tuning-cv,question,05,no_augmentation,PHQ9,42,fold3_epoch3,6.80477,False,bertin-project/bertin-roberta-base-spanish,finetuned_cv,"{""augmentation"": ""no_augmentation"", ""batch_size"": 16, ""eval_batch_size"": 32, ""grad_accum_steps"": 1, ""llrd_decay"": 0.9, ""lr_encoder_top"": 3e-05, ""lr_head"": 0.0001, ""max_epochs"": 20, ""max_grad_norm"": 1.0, ""max_tokens"": 512, ""n_cv_splits"": 5, ""patience"": 4, ""seeds"": [42], ""use_bf16"": true, ""val_fraction"": 0.2, ""warmup_ratio"": 0.1, ""weight_decay"": 0.01}",2026-09-19T23:40:35
E5_BERTIN_FT,fine-tuning-cv,question,05,no_augmentation,PHQ9,42,fold4_epoch4,5.94329,False,bertin-project/bertin-roberta-base-spanish,finetuned_cv,"{""augmentation"": ""no_augmentation"", ""batch_size"": 16, ""eval_batch_size"": 32, ""grad_accum_steps"": 1, ""llrd_decay"": 0.9, ""lr_encoder_top"": 3e-05, ""lr_head"": 0.0001, ""max_epochs"": 20, ""max_grad_norm"": 1.0, ""max_tokens"": 512, ""n_cv_splits"": 5, ""patience"": 4, ""seeds"": [42], ""use_bf16"": true, ""val_fraction"": 0.2, ""warmup_ratio"": 0.1, ""weight_decay"": 0.01}",2026-09-19T23:40:35
E5_BERTIN_FT,fine-tuning-cv,question,05,no_augmentation,PHQ9,42,fold5_epoch4,5.176441,False,bertin-project/bertin-roberta-base-spanish,finetuned_cv,"{""augmentation"": ""no_augmentation"", ""batch_size"": 16, ""eval_batch_size"": 32, ""grad_accum_steps"": 1, ""llrd_decay"": 0.9, ""lr_encoder_top"": 3e-05, ""lr_head"": 0.0001, ""max_epochs"": 20, ""max_grad_norm"": 1.0, ""max_tokens"": 512, ""n_cv_splits"": 5, ""patience"": 4, ""seeds"": [42], ""use_bf16"": true, ""val_fraction"": 0.2, ""warmup_ratio"": 0.1, ""weight_decay"": 0.01}",2026-09-19T23:40:35
E5_BERTIN_FT,fine-tuning-cv,question,05,no_augmentation,GAD7,42,fold1_epoch14,5.208906,False,bertin-project/bertin-roberta-base-spanish,finetuned_cv,"{""augmentation"": ""no_augmentation"", ""batch_size"": 16, ""eval_batch_size"": 32, ""grad_accum_steps"": 1, ""llrd_decay"": 0.9, ""lr_encoder_top"": 3e-05, ""lr_head"": 0.0001, ""max_epochs"": 20, ""max_grad_norm"": 1.0, ""max_tokens"": 512, ""n_cv_splits"": 5, ""patience"": 4, ""seeds"": [42], ""use_bf16"": true, ""val_fraction"": 0.2, ""warmup_ratio"": 0.1, ""weight_decay"": 0.01}",2026-09-19T23:45:09
E5_BERTIN_FT,fine-tuning-cv,question,05,no_augmentation,GAD7,42,fold2_epoch8,3.640661,False,bertin-project/bertin-roberta-base-spanish,finetuned_cv,"{""augmentation"": ""no_augmentation"", ""batch_size"": 16, ""eval_batch_size"": 32, ""grad_accum_steps"": 1, ""llrd_decay"": 0.9, ""lr_encoder_top"": 3e-05, ""lr_head"": 0.0001, ""max_epochs"": 20, ""max_grad_norm"": 1.0, ""max_tokens"": 512, ""n_cv_splits"": 5, ""patience"": 4, ""seeds"": [42], ""use_bf16"": true, ""val_fraction"": 0.2, ""warmup_ratio"": 0.1, ""weight_decay"": 0.01}",2026-09-19T23:45:09
E5_BERTIN_FT,fine-tuning-cv,question,05,no_augmentation,GAD7,42,fold3_epoch1,5.385566,False,bertin-project/bertin-roberta-base-spanish,finetuned_cv,"{""augmentation"": ""no_augmentation"", ""batch_size"": 16, ""eval_batch_size"": 32, ""grad_accum_steps"": 1, ""llrd_decay"": 0.9, ""lr_encoder_top"": 3e-05, ""lr_head"": 0.0001, ""max_epochs"": 20, ""max_grad_norm"": 1.0, ""max_tokens"": 512, ""n_cv_splits"": 5, ""patience"": 4, ""seeds"": [42], ""use_bf16"": true, ""val_fraction"": 0.2, ""warmup_ratio"": 0.1, ""weight_decay"": 0.01}",2026-09-19T23:45:09
E5_BERTIN_FT,fine-tuning-cv,question,05,no_augmentation,GAD7,42,fold4_epoch7,4.563176,False,bertin-project/bertin-roberta-base-spanish,finetuned_cv,"{""augmentation"": ""no_augmentation"", ""batch_size"": 16, ""eval_batch_size"": 32, ""grad_accum_steps"": 1, ""llrd_decay"": 0.9, ""lr_encoder_top"": 3e-05, ""lr_head"": 0.0001, ""max_epochs"": 20, ""max_grad_norm"": 1.0, ""max_tokens"": 512, ""n_cv_splits"": 5, ""patience"": 4, ""seeds"": [42], ""use_bf16"": true, ""val_fraction"": 0.2, ""warmup_ratio"": 0.1, ""weight_decay"": 0.01}",2026-09-19T23:45:09
E5_BERTIN_FT,fine-tuning-cv,question,05,no_augmentation,GAD7,42,fold5_epoch1,3.956016,False,bertin-project/bertin-roberta-base-spanish,finetuned_cv,"{""augmentation"": ""no_augmentation"", ""batch_size"": 16, ""eval_batch_size"": 32, ""grad_accum_steps"": 1, ""llrd_decay"": 0.9, ""lr_encoder_top"": 3e-05, ""lr_head"": 0.0001, ""max_epochs"": 20, ""max_grad_norm"": 1.0, ""max_tokens"": 512, ""n_cv_splits"": 5, ""patience"": 4, ""seeds"": [42], ""use_bf16"": true, ""val_fraction"": 0.2, ""warmup_ratio"": 0.1, ""weight_decay"": 0.01}",2026-09-19T23:45:09
E5_MDEBERTA_FT,fine-tuning-cv,question,05,no_augmentation,PHQ9,42,fold1_epoch5,5.242106,False,microsoft/mdeberta-v3-base,finetuned_cv,"{""augmentation"": ""no_augmentation"", ""batch_size"": 16, ""eval_batch_size"": 32, ""grad_accum_steps"": 1, ""llrd_decay"": 0.9, ""lr_encoder_top"": 3e-05, ""lr_head"": 0.0001, ""max_epochs"": 20, ""max_grad_norm"": 1.0, ""max_tokens"": 512, ""n_cv_splits"": 5, ""patience"": 4, ""seeds"": [42], ""use_bf16"": true, ""val_fraction"": 0.2, ""warmup_ratio"": 0.1, ""weight_decay"": 0.01}",2026-09-20T00:16:39
E5_MDEBERTA_FT,fine-tuning-cv,question,05,no_augmentation,PHQ9,42,fold2_epoch4,4.571654,False,microsoft/mdeberta-v3-base,finetuned_cv,"{""augmentation"": ""no_augmentation"", ""batch_size"": 16, ""eval_batch_size"": 32, ""grad_accum_steps"": 1, ""llrd_decay"": 0.9, ""lr_encoder_top"": 3e-05, ""lr_head"": 0.0001, ""max_epochs"": 20, ""max_grad_norm"": 1.0, ""max_tokens"": 512, ""n_cv_splits"": 5, ""patience"": 4, ""seeds"": [42], ""use_bf16"": true, ""val_fraction"": 0.2, ""warmup_ratio"": 0.1, ""weight_decay"": 0.01}",2026-09-20T00:16:39
E5_MDEBERTA_FT,fine-tuning-cv,question,05,no_augmentation,PHQ9,42,fold3_epoch6,6.416223,False,microsoft/mdeberta-v3-base,finetuned_cv,"{""augmentation"": ""no_augmentation"", ""batch_size"": 16, ""eval_batch_size"": 32, ""grad_accum_steps"": 1, ""llrd_decay"": 0.9, ""lr_encoder_top"": 3e-05, ""lr_head"": 0.0001, ""max_epochs"": 20, ""max_grad_norm"": 1.0, ""max_tokens"": 512, ""n_cv_splits"": 5, ""patience"": 4, ""seeds"": [42], ""use_bf16"": true, ""val_fraction"": 0.2, ""warmup_ratio"": 0.1, ""weight_decay"": 0.01}",2026-09-20T00:16:39
E5_MDEBERTA_FT,fine-tuning-cv,question,05,no_augmentation,PHQ9,42,fold4_epoch6,4.939059,False,microsoft/mdeberta-v3-base,finetuned_cv,"{""augmentation"": ""no_augmentation"", ""batch_size"": 16, ""eval_batch_size"": 32, ""grad_accum_steps"": 1, ""llrd_decay"": 0.9, ""lr_encoder_top"": 3e-05, ""lr_head"": 0.0001, ""max_epochs"": 20, ""max_grad_norm"": 1.0, ""max_tokens"": 512, ""n_cv_splits"": 5, ""patience"": 4, ""seeds"": [42], ""use_bf16"": true, ""val_fraction"": 0.2, ""warmup_ratio"": 0.1, ""weight_decay"": 0.01}",2026-09-20T00:16:39
E5_MDEBERTA_FT,fine-tuning-cv,question,05,no_augmentation,PHQ9,42,fold5_epoch6,5.143037,False,microsoft/mdeberta-v3-base,finetuned_cv,"{""augmentation"": ""no_augmentation"", ""batch_size"": 16, ""eval_batch_size"": 32, ""grad_accum_steps"": 1, ""llrd_decay"": 0.9, ""lr_encoder_top"": 3e-05, ""lr_head"": 0.0001, ""max_epochs"": 20, ""max_grad_norm"": 1.0, ""max_tokens"": 512, ""n_cv_splits"": 5, ""patience"": 4, ""seeds"": [42], ""use_bf16"": true, ""val_fraction"": 0.2, ""warmup_ratio"": 0.1, ""weight_decay"": 0.01}",2026-09-20T00:16:39
E5_MDEBERTA_FT,fine-tuning-cv,question,05,no_augmentation,GAD7,42,fold1_epoch7,4.904983,False,microsoft/mdeberta-v3-base,finetuned_cv,"{""augmentation"": ""no_augmentation"", ""batch_size"": 16, ""eval_batch_size"": 32, ""grad_accum_steps"": 1, ""llrd_decay"": 0.9, ""lr_encoder_top"": 3e-05, ""lr_head"": 0.0001, ""max_epochs"": 20, ""max_grad_norm"": 1.0, ""max_tokens"": 512, ""n_cv_splits"": 5, ""patience"": 4, ""seeds"": [42], ""use_bf16"": true, ""val_fraction"": 0.2, ""warmup_ratio"": 0.1, ""weight_decay"": 0.01}",2026-09-20T00:41:32
E5_MDEBERTA_FT,fine-tuning-cv,question,05,no_augmentation,GAD7,42,fold2_epoch9,3.725979,False,microsoft/mdeberta-v3-base,finetuned_cv,"{""augmentation"": ""no_augmentation"", ""batch_size"": 16, ""eval_batch_size"": 32, ""grad_accum_steps"": 1, ""llrd_decay"": 0.9, ""lr_encoder_top"": 3e-05, ""lr_head"": 0.0001, ""max_epochs"": 20, ""max_grad_norm"": 1.0, ""max_tokens"": 512, ""n_cv_splits"": 5, ""patience"": 4, ""seeds"": [42], ""use_bf16"": true, ""val_fraction"": 0.2, ""warmup_ratio"": 0.1, ""weight_decay"": 0.01}",2026-09-20T00:41:32
E5_MDEBERTA_FT,fine-tuning-cv,question,05,no_augmentation,GAD7,42,fold3_epoch1,5.504441,False,microsoft/mdeberta-v3-base,finetuned_cv,"{""augmentation"": ""no_augmentation"", ""batch_size"": 16, ""eval_batch_size"": 32, ""grad_accum_steps"": 1, ""llrd_decay"": 0.9, ""lr_encoder_top"": 3e-05, ""lr_head"": 0.0001, ""max_epochs"": 20, ""max_grad_norm"": 1.0, ""max_tokens"": 512, ""n_cv_splits"": 5, ""patience"": 4, ""seeds"": [42], ""use_bf16"": true, ""val_fraction"": 0.2, ""warmup_ratio"": 0.1, ""weight_decay"": 0.01}",2026-09-20T00:41:32
E5_MDEBERTA_FT,fine-tuning-cv,question,05,no_augmentation,GAD7,42,fold4_epoch4,4.497414,False,microsoft/mdeberta-v3-base,finetuned_cv,"{""augmentation"": ""no_augmentation"", ""batch_size"": 16, ""eval_batch_size"": 32, ""grad_accum_steps"": 1, ""llrd_decay"": 0.9, ""lr_encoder_top"": 3e-05, ""lr_head"": 0.0001, ""max_epochs"": 20, ""max_grad_norm"": 1.0, ""max_tokens"": 512, ""n_cv_splits"": 5, ""patience"": 4, ""seeds"": [42], ""use_bf16"": true, ""val_fraction"": 0.2, ""warmup_ratio"": 0.1, ""weight_decay"": 0.01}",2026-09-20T00:41:32
E5_MDEBERTA_FT,fine-tuning-cv,question,05,no_augmentation,GAD7,42,fold5_epoch3,3.786187,False,microsoft/mdeberta-v3-base,finetuned_cv,"{""augmentation"": ""no_augmentation"", ""batch_size"": 16, ""eval_batch_size"": 32, ""grad_accum_steps"": 1, ""llrd_decay"": 0.9, ""lr_encoder_top"": 3e-05, ""lr_head"": 0.0001, ""max_epochs"": 20, ""max_grad_norm"": 1.0, ""max_tokens"": 512, ""n_cv_splits"": 5, ""patience"": 4, ""seeds"": [42], ""use_bf16"": true, ""val_fraction"": 0.2, ""warmup_ratio"": 0.1, ""weight_decay"": 0.01}",2026-09-20T00:41:32
E5_XLMR_FT,fine-tuning-cv,question,05,no_augmentation,PHQ9,42,fold1_epoch5,5.2148,False,xlm-roberta-base,finetuned_cv,"{""augmentation"": ""no_augmentation"", ""batch_size"": 16, ""eval_batch_size"": 32, ""grad_accum_steps"": 1, ""llrd_decay"": 0.9, ""lr_encoder_top"": 3e-05, ""lr_head"": 0.0001, ""max_epochs"": 20, ""max_grad_norm"": 1.0, ""max_tokens"": 512, ""n_cv_splits"": 5, ""patience"": 4, ""seeds"": [42], ""use_bf16"": true, ""val_fraction"": 0.2, ""warmup_ratio"": 0.1, ""weight_decay"": 0.01}",2026-09-20T00:48:13
E5_XLMR_FT,fine-tuning-cv,question,05,no_augmentation,PHQ9,42,fold2_epoch5,4.585327,False,xlm-roberta-base,finetuned_cv,"{""augmentation"": ""no_augmentation"", ""batch_size"": 16, ""eval_batch_size"": 32, ""grad_accum_steps"": 1, ""llrd_decay"": 0.9, ""lr_encoder_top"": 3e-05, ""lr_head"": 0.0001, ""max_epochs"": 20, ""max_grad_norm"": 1.0, ""max_tokens"": 512, ""n_cv_splits"": 5, ""patience"": 4, ""seeds"": [42], ""use_bf16"": true, ""val_fraction"": 0.2, ""warmup_ratio"": 0.1, ""weight_decay"": 0.01}",2026-09-20T00:48:13
E5_XLMR_FT,fine-tuning-cv,question,05,no_augmentation,PHQ9,42,fold3_epoch14,5.990269,False,xlm-roberta-base,finetuned_cv,"{""augmentation"": ""no_augmentation"", ""batch_size"": 16, ""eval_batch_size"": 32, ""grad_accum_steps"": 1, ""llrd_decay"": 0.9, ""lr_encoder_top"": 3e-05, ""lr_head"": 0.0001, ""max_epochs"": 20, ""max_grad_norm"": 1.0, ""max_tokens"": 512, ""n_cv_splits"": 5, ""patience"": 4, ""seeds"": [42], ""use_bf16"": true, ""val_fraction"": 0.2, ""warmup_ratio"": 0.1, ""weight_decay"": 0.01}",2026-09-20T00:48:13
E5_XLMR_FT,fine-tuning-cv,question,05,no_augmentation,PHQ9,42,fold4_epoch7,5.10765,False,xlm-roberta-base,finetuned_cv,"{""augmentation"": ""no_augmentation"", ""batch_size"": 16, ""eval_batch_size"": 32, ""grad_accum_steps"": 1, ""llrd_decay"": 0.9, ""lr_encoder_top"": 3e-05, ""lr_head"": 0.0001, ""max_epochs"": 20, ""max_grad_norm"": 1.0, ""max_tokens"": 512, ""n_cv_splits"": 5, ""patience"": 4, ""seeds"": [42], ""use_bf16"": true, ""val_fraction"": 0.2, ""warmup_ratio"": 0.1, ""weight_decay"": 0.01}",2026-09-20T00:48:13
E5_XLMR_FT,fine-tuning-cv,question,05,no_augmentation,PHQ9,42,fold5_epoch5,4.807122,False,xlm-roberta-base,finetuned_cv,"{""augmentation"": ""no_augmentation"", ""batch_size"": 16, ""eval_batch_size"": 32, ""grad_accum_steps"": 1, ""llrd_decay"": 0.9, ""lr_encoder_top"": 3e-05, ""lr_head"": 0.0001, ""max_epochs"": 20, ""max_grad_norm"": 1.0, ""max_tokens"": 512, ""n_cv_splits"": 5, ""patience"": 4, ""seeds"": [42], ""use_bf16"": true, ""val_fraction"": 0.2, ""warmup_ratio"": 0.1, ""weight_decay"": 0.01}",2026-09-20T00:48:13
E5_XLMR_FT,fine-tuning-cv,question,05,no_augmentation,GAD7,42,fold1_epoch9,4.984344,False,xlm-roberta-base,finetuned_cv,"{""augmentation"": ""no_augmentation"", ""batch_size"": 16, ""eval_batch_size"": 32, ""grad_accum_steps"": 1, ""llrd_decay"": 0.9, ""lr_encoder_top"": 3e-05, ""lr_head"": 0.0001, ""max_epochs"": 20, ""max_grad_norm"": 1.0, ""max_tokens"": 512, ""n_cv_splits"": 5, ""patience"": 4, ""seeds"": [42], ""use_bf16"": true, ""val_fraction"": 0.2, ""warmup_ratio"": 0.1, ""weight_decay"": 0.01}",2026-09-20T00:54:27
E5_XLMR_FT,fine-tuning-cv,question,05,no_augmentation,GAD7,42,fold2_epoch3,3.87941,False,xlm-roberta-base,finetuned_cv,"{""augmentation"": ""no_augmentation"", ""batch_size"": 16, ""eval_batch_size"": 32, ""grad_accum_steps"": 1, ""llrd_decay"": 0.9, ""lr_encoder_top"": 3e-05, ""lr_head"": 0.0001, ""max_epochs"": 20, ""max_grad_norm"": 1.0, ""max_tokens"": 512, ""n_cv_splits"": 5, ""patience"": 4, ""seeds"": [42], ""use_bf16"": true, ""val_fraction"": 0.2, ""warmup_ratio"": 0.1, ""weight_decay"": 0.01}",2026-09-20T00:54:27
E5_XLMR_FT,fine-tuning-cv,question,05,no_augmentation,GAD7,42,fold3_epoch3,5.222074,False,xlm-roberta-base,finetuned_cv,"{""augmentation"": ""no_augmentation"", ""batch_size"": 16, ""eval_batch_size"": 32, ""grad_accum_steps"": 1, ""llrd_decay"": 0.9, ""lr_encoder_top"": 3e-05, ""lr_head"": 0.0001, ""max_epochs"": 20, ""max_grad_norm"": 1.0, ""max_tokens"": 512, ""n_cv_splits"": 5, ""patience"": 4, ""seeds"": [42], ""use_bf16"": true, ""val_fraction"": 0.2, ""warmup_ratio"": 0.1, ""weight_decay"": 0.01}",2026-09-20T00:54:27
E5_XLMR_FT,fine-tuning-cv,question,05,no_augmentation,GAD7,42,fold4_epoch9,4.194012,False,xlm-roberta-base,finetuned_cv,"{""augmentation"": ""no_augmentation"", ""batch_size"": 16, ""eval_batch_size"": 32, ""grad_accum_steps"": 1, ""llrd_decay"": 0.9, ""lr_encoder_top"": 3e-05, ""lr_head"": 0.0001, ""max_epochs"": 20, ""max_grad_norm"": 1.0, ""max_tokens"": 512, ""n_cv_splits"": 5, ""patience"": 4, ""seeds"": [42], ""use_bf16"": true, ""val_fraction"": 0.2, ""warmup_ratio"": 0.1, ""weight_decay"": 0.01}",2026-09-20T00:54:27
E5_XLMR_FT,fine-tuning-cv,question,05,no_augmentation,GAD7,42,fold5_epoch5,3.71142,False,xlm-roberta-base,finetuned_cv,"{""augmentation"": ""no_augmentation"", ""batch_size"": 16, ""eval_batch_size"": 32, ""grad_accum_steps"": 1, ""llrd_decay"": 0.9, ""lr_encoder_top"": 3e-05, ""lr_head"": 0.0001, ""max_epochs"": 20, ""max_grad_norm"": 1.0, ""max_tokens"": 512, ""n_cv_splits"": 5, ""patience"": 4, ""seeds"": [42], ""use_bf16"": true, ""val_fraction"": 0.2, ""warmup_ratio"": 0.1, ""weight_decay"": 0.01}",2026-09-20T00:54:27
E5_E5LARGE_FT,fine-tuning-cv,question,05,no_augmentation,PHQ9,42,fold1_epoch3,5.240235,False,intfloat/multilingual-e5-large,finetuned_cv,"{""augmentation"": ""no_augmentation"", ""batch_size"": 16, ""eval_batch_size"": 32, ""grad_accum_steps"": 1, ""llrd_decay"": 0.9, ""lr_encoder_top"": 3e-05, ""lr_head"": 0.0001, ""max_epochs"": 20, ""max_grad_norm"": 1.0, ""max_tokens"": 512, ""n_cv_splits"": 5, ""patience"": 4, ""seeds"": [42], ""use_bf16"": true, ""val_fraction"": 0.2, ""warmup_ratio"": 0.1, ""weight_decay"": 0.01}",2026-09-20T01:23:06
E5_E5LARGE_FT,fine-tuning-cv,question,05,no_augmentation,PHQ9,42,fold2_epoch3,4.300947,False,intfloat/multilingual-e5-large,finetuned_cv,"{""augmentation"": ""no_augmentation"", ""batch_size"": 16, ""eval_batch_size"": 32, ""grad_accum_steps"": 1, ""llrd_decay"": 0.9, ""lr_encoder_top"": 3e-05, ""lr_head"": 0.0001, ""max_epochs"": 20, ""max_grad_norm"": 1.0, ""max_tokens"": 512, ""n_cv_splits"": 5, ""patience"": 4, ""seeds"": [42], ""use_bf16"": true, ""val_fraction"": 0.2, ""warmup_ratio"": 0.1, ""weight_decay"": 0.01}",2026-09-20T01:23:06
E5_E5LARGE_FT,fine-tuning-cv,question,05,no_augmentation,PHQ9,42,fold3_epoch2,6.293301,False,intfloat/multilingual-e5-large,finetuned_cv,"{""augmentation"": ""no_augmentation"", ""batch_size"": 16, ""eval_batch_size"": 32, ""grad_accum_steps"": 1, ""llrd_decay"": 0.9, ""lr_encoder_top"": 3e-05, ""lr_head"": 0.0001, ""max_epochs"": 20, ""max_grad_norm"": 1.0, ""max_tokens"": 512, ""n_cv_splits"": 5, ""patience"": 4, ""seeds"": [42], ""use_bf16"": true, ""val_fraction"": 0.2, ""warmup_ratio"": 0.1, ""weight_decay"": 0.01}",2026-09-20T01:23:06
E5_E5LARGE_FT,fine-tuning-cv,question,05,no_augmentation,PHQ9,42,fold4_epoch2,5.205246,False,intfloat/multilingual-e5-large,finetuned_cv,"{""augmentation"": ""no_augmentation"", ""batch_size"": 16, ""eval_batch_size"": 32, ""grad_accum_steps"": 1, ""llrd_decay"": 0.9, ""lr_encoder_top"": 3e-05, ""lr_head"": 0.0001, ""max_epochs"": 20, ""max_grad_norm"": 1.0, ""max_tokens"": 512, ""n_cv_splits"": 5, ""patience"": 4, ""seeds"": [42], ""use_bf16"": true, ""val_fraction"": 0.2, ""warmup_ratio"": 0.1, ""weight_decay"": 0.01}",2026-09-20T01:23:06
E5_E5LARGE_FT,fine-tuning-cv,question,05,no_augmentation,PHQ9,42,fold5_epoch3,5.074915,False,intfloat/multilingual-e5-large,finetuned_cv,"{""augmentation"": ""no_augmentation"", ""batch_size"": 16, ""eval_batch_size"": 32, ""grad_accum_steps"": 1, ""llrd_decay"": 0.9, ""lr_encoder_top"": 3e-05, ""lr_head"": 0.0001, ""max_epochs"": 20, ""max_grad_norm"": 1.0, ""max_tokens"": 512, ""n_cv_splits"": 5, ""patience"": 4, ""seeds"": [42], ""use_bf16"": true, ""val_fraction"": 0.2, ""warmup_ratio"": 0.1, ""weight_decay"": 0.01}",2026-09-20T01:23:06
E5_E5LARGE_FT,fine-tuning-cv,question,05,no_augmentation,GAD7,42,fold1_epoch3,4.947294,False,intfloat/multilingual-e5-large,finetuned_cv,"{""augmentation"": ""no_augmentation"", ""batch_size"": 16, ""eval_batch_size"": 32, ""grad_accum_steps"": 1, ""llrd_decay"": 0.9, ""lr_encoder_top"": 3e-05, ""lr_head"": 0.0001, ""max_epochs"": 20, ""max_grad_norm"": 1.0, ""max_tokens"": 512, ""n_cv_splits"": 5, ""patience"": 4, ""seeds"": [42], ""use_bf16"": true, ""val_fraction"": 0.2, ""warmup_ratio"": 0.1, ""weight_decay"": 0.01}",2026-09-20T01:42:43
E5_E5LARGE_FT,fine-tuning-cv,question,05,no_augmentation,GAD7,42,fold2_epoch3,3.678343,False,intfloat/multilingual-e5-large,finetuned_cv,"{""augmentation"": ""no_augmentation"", ""batch_size"": 16, ""eval_batch_size"": 32, ""grad_accum_steps"": 1, ""llrd_decay"": 0.9, ""lr_encoder_top"": 3e-05, ""lr_head"": 0.0001, ""max_epochs"": 20, ""max_grad_norm"": 1.0, ""max_tokens"": 512, ""n_cv_splits"": 5, ""patience"": 4, ""seeds"": [42], ""use_bf16"": true, ""val_fraction"": 0.2, ""warmup_ratio"": 0.1, ""weight_decay"": 0.01}",2026-09-20T01:42:43
E5_E5LARGE_FT,fine-tuning-cv,question,05,no_augmentation,GAD7,42,fold3_epoch3,5.37175,False,intfloat/multilingual-e5-large,finetuned_cv,"{""augmentation"": ""no_augmentation"", ""batch_size"": 16, ""eval_batch_size"": 32, ""grad_accum_steps"": 1, ""llrd_decay"": 0.9, ""lr_encoder_top"": 3e-05, ""lr_head"": 0.0001, ""max_epochs"": 20, ""max_grad_norm"": 1.0, ""max_tokens"": 512, ""n_cv_splits"": 5, ""patience"": 4, ""seeds"": [42], ""use_bf16"": true, ""val_fraction"": 0.2, ""warmup_ratio"": 0.1, ""weight_decay"": 0.01}",2026-09-20T01:42:43
E5_E5LARGE_FT,fine-tuning-cv,question,05,no_augmentation,GAD7,42,fold4_epoch3,3.919601,False,intfloat/multilingual-e5-large,finetuned_cv,"{""augmentation"": ""no_augmentation"", ""batch_size"": 16, ""eval_batch_size"": 32, ""grad_accum_steps"": 1, ""llrd_decay"": 0.9, ""lr_encoder_top"": 3e-05, ""lr_head"": 0.0001, ""max_epochs"": 20, ""max_grad_norm"": 1.0, ""max_tokens"": 512, ""n_cv_splits"": 5, ""patience"": 4, ""seeds"": [42], ""use_bf16"": true, ""val_fraction"": 0.2, ""warmup_ratio"": 0.1, ""weight_decay"": 0.01}",2026-09-20T01:42:43
E5_E5LARGE_FT,fine-tuning-cv,question,05,no_augmentation,GAD7,42,fold5_epoch3,3.96242,False,intfloat/multilingual-e5-large,finetuned_cv,"{""augmentation"": ""no_augmentation"", ""batch_size"": 16, ""eval_batch_size"": 32, ""grad_accum_steps"": 1, ""llrd_decay"": 0.9, ""lr_encoder_top"": 3e-05, ""lr_head"": 0.0001, ""max_epochs"": 20, ""max_grad_norm"": 1.0, ""max_tokens"": 512, ""n_cv_splits"": 5, ""patience"": 4, ""seeds"": [42], ""use_bf16"": true, ""val_fraction"": 0.2, ""warmup_ratio"": 0.1, ""weight_decay"": 0.01}",2026-09-20T01:42:43
E5_XLMRLARGE_FT,fine-tuning-cv,question,05,no_augmentation,PHQ9,42,fold1_epoch9,4.696147,False,xlm-roberta-large,finetuned_cv,"{""augmentation"": ""no_augmentation"", ""batch_size"": 16, ""eval_batch_size"": 32, ""grad_accum_steps"": 1, ""llrd_decay"": 0.9, ""lr_encoder_top"": 3e-05, ""lr_head"": 0.0001, ""max_epochs"": 20, ""max_grad_norm"": 1.0, ""max_tokens"": 512, ""n_cv_splits"": 5, ""patience"": 4, ""seeds"": [42], ""use_bf16"": true, ""val_fraction"": 0.2, ""warmup_ratio"": 0.1, ""weight_decay"": 0.01}",2026-09-20T02:10:56
E5_XLMRLARGE_FT,fine-tuning-cv,question,05,no_augmentation,PHQ9,42,fold2_epoch3,4.638766,False,xlm-roberta-large,finetuned_cv,"{""augmentation"": ""no_augmentation"", ""batch_size"": 16, ""eval_batch_size"": 32, ""grad_accum_steps"": 1, ""llrd_decay"": 0.9, ""lr_encoder_top"": 3e-05, ""lr_head"": 0.0001, ""max_epochs"": 20, ""max_grad_norm"": 1.0, ""max_tokens"": 512, ""n_cv_splits"": 5, ""patience"": 4, ""seeds"": [42], ""use_bf16"": true, ""val_fraction"": 0.2, ""warmup_ratio"": 0.1, ""weight_decay"": 0.01}",2026-09-20T02:10:56
E5_XLMRLARGE_FT,fine-tuning-cv,question,05,no_augmentation,PHQ9,42,fold3_epoch6,6.151488,False,xlm-roberta-large,finetuned_cv,"{""augmentation"": ""no_augmentation"", ""batch_size"": 16, ""eval_batch_size"": 32, ""grad_accum_steps"": 1, ""llrd_decay"": 0.9, ""lr_encoder_top"": 3e-05, ""lr_head"": 0.0001, ""max_epochs"": 20, ""max_grad_norm"": 1.0, ""max_tokens"": 512, ""n_cv_splits"": 5, ""patience"": 4, ""seeds"": [42], ""use_bf16"": true, ""val_fraction"": 0.2, ""warmup_ratio"": 0.1, ""weight_decay"": 0.01}",2026-09-20T02:10:56
E5_XLMRLARGE_FT,fine-tuning-cv,question,05,no_augmentation,PHQ9,42,fold4_epoch5,5.095129,False,xlm-roberta-large,finetuned_cv,"{""augmentation"": ""no_augmentation"", ""batch_size"": 16, ""eval_batch_size"": 32, ""grad_accum_steps"": 1, ""llrd_decay"": 0.9, ""lr_encoder_top"": 3e-05, ""lr_head"": 0.0001, ""max_epochs"": 20, ""max_grad_norm"": 1.0, ""max_tokens"": 512, ""n_cv_splits"": 5, ""patience"": 4, ""seeds"": [42], ""use_bf16"": true, ""val_fraction"": 0.2, ""warmup_ratio"": 0.1, ""weight_decay"": 0.01}",2026-09-20T02:10:56
E5_XLMRLARGE_FT,fine-tuning-cv,question,05,no_augmentation,PHQ9,42,fold5_epoch8,4.863999,False,xlm-roberta-large,finetuned_cv,"{""augmentation"": ""no_augmentation"", ""batch_size"": 16, ""eval_batch_size"": 32, ""grad_accum_steps"": 1, ""llrd_decay"": 0.9, ""lr_encoder_top"": 3e-05, ""lr_head"": 0.0001, ""max_epochs"": 20, ""max_grad_norm"": 1.0, ""max_tokens"": 512, ""n_cv_splits"": 5, ""patience"": 4, ""seeds"": [42], ""use_bf16"": true, ""val_fraction"": 0.2, ""warmup_ratio"": 0.1, ""weight_decay"": 0.01}",2026-09-20T02:10:56
E5_XLMRLARGE_FT,fine-tuning-cv,question,05,no_augmentation,GAD7,42,fold1_epoch6,4.228627,False,xlm-roberta-large,finetuned_cv,"{""augmentation"": ""no_augmentation"", ""batch_size"": 16, ""eval_batch_size"": 32, ""grad_accum_steps"": 1, ""llrd_decay"": 0.9, ""lr_encoder_top"": 3e-05, ""lr_head"": 0.0001, ""max_epochs"": 20, ""max_grad_norm"": 1.0, ""max_tokens"": 512, ""n_cv_splits"": 5, ""patience"": 4, ""seeds"": [42], ""use_bf16"": true, ""val_fraction"": 0.2, ""warmup_ratio"": 0.1, ""weight_decay"": 0.01}",2026-09-20T02:44:32
E5_XLMRLARGE_FT,fine-tuning-cv,question,05,no_augmentation,GAD7,42,fold2_epoch10,3.778561,False,xlm-roberta-large,finetuned_cv,"{""augmentation"": ""no_augmentation"", ""batch_size"": 16, ""eval_batch_size"": 32, ""grad_accum_steps"": 1, ""llrd_decay"": 0.9, ""lr_encoder_top"": 3e-05, ""lr_head"": 0.0001, ""max_epochs"": 20, ""max_grad_norm"": 1.0, ""max_tokens"": 512, ""n_cv_splits"": 5, ""patience"": 4, ""seeds"": [42], ""use_bf16"": true, ""val_fraction"": 0.2, ""warmup_ratio"": 0.1, ""weight_decay"": 0.01}",2026-09-20T02:44:32
E5_XLMRLARGE_FT,fine-tuning-cv,question,05,no_augmentation,GAD7,42,fold3_epoch2,5.398818,False,xlm-roberta-large,finetuned_cv,"{""augmentation"": ""no_augmentation"", ""batch_size"": 16, ""eval_batch_size"": 32, ""grad_accum_steps"": 1, ""llrd_decay"": 0.9, ""lr_encoder_top"": 3e-05, ""lr_head"": 0.0001, ""max_epochs"": 20, ""max_grad_norm"": 1.0, ""max_tokens"": 512, ""n_cv_splits"": 5, ""patience"": 4, ""seeds"": [42], ""use_bf16"": true, ""val_fraction"": 0.2, ""warmup_ratio"": 0.1, ""weight_decay"": 0.01}",2026-09-20T02:44:32
E5_XLMRLARGE_FT,fine-tuning-cv,question,05,no_augmentation,GAD7,42,fold4_epoch6,3.932023,False,xlm-roberta-large,finetuned_cv,"{""augmentation"": ""no_augmentation"", ""batch_size"": 16, ""eval_batch_size"": 32, ""grad_accum_steps"": 1, ""llrd_decay"": 0.9, ""lr_encoder_top"": 3e-05, ""lr_head"": 0.0001, ""max_epochs"": 20, ""max_grad_norm"": 1.0, ""max_tokens"": 512, ""n_cv_splits"": 5, ""patience"": 4, ""seeds"": [42], ""use_bf16"": true, ""val_fraction"": 0.2, ""warmup_ratio"": 0.1, ""weight_decay"": 0.01}",2026-09-20T02:44:32
E5_XLMRLARGE_FT,fine-tuning-cv,question,05,no_augmentation,GAD7,42,fold5_epoch6,3.766027,False,xlm-roberta-large,finetuned_cv,"{""augmentation"": ""no_augmentation"", ""batch_size"": 16, ""eval_batch_size"": 32, ""grad_accum_steps"": 1, ""llrd_decay"": 0.9, ""lr_encoder_top"": 3e-05, ""lr_head"": 0.0001, ""max_epochs"": 20, ""max_grad_norm"": 1.0, ""max_tokens"": 512, ""n_cv_splits"": 5, ""patience"": 4, ""seeds"": [42], ""use_bf16"": true, ""val_fraction"": 0.2, ""warmup_ratio"": 0.1, ""weight_decay"": 0.01}",2026-09-20T02:44:32
E8_BETO_MLM_FT,fine-tuning-cv,question,05,no_augmentation,PHQ9,42,fold1_epoch7,4.998323,False,models/mlm_beto/ep010,finetuned_cv,"{""augmentation"": ""no_augmentation"", ""batch_size"": 16, ""eval_batch_size"": 32, ""grad_accum_steps"": 1, ""llrd_decay"": 0.9, ""lr_encoder_top"": 3e-05, ""lr_head"": 0.0001, ""max_epochs"": 20, ""max_grad_norm"": 1.0, ""max_tokens"": 512, ""n_cv_splits"": 5, ""patience"": 4, ""seeds"": [42], ""use_bf16"": true, ""val_fraction"": 0.2, ""warmup_ratio"": 0.1, ""weight_decay"": 0.01}",2026-09-20T02:47:59
E8_BETO_MLM_FT,fine-tuning-cv,question,05,no_augmentation,PHQ9,42,fold2_epoch3,4.91267,False,models/mlm_beto/ep010,finetuned_cv,"{""augmentation"": ""no_augmentation"", ""batch_size"": 16, ""eval_batch_size"": 32, ""grad_accum_steps"": 1, ""llrd_decay"": 0.9, ""lr_encoder_top"": 3e-05, ""lr_head"": 0.0001, ""max_epochs"": 20, ""max_grad_norm"": 1.0, ""max_tokens"": 512, ""n_cv_splits"": 5, ""patience"": 4, ""seeds"": [42], ""use_bf16"": true, ""val_fraction"": 0.2, ""warmup_ratio"": 0.1, ""weight_decay"": 0.01}",2026-09-20T02:47:59
E8_BETO_MLM_FT,fine-tuning-cv,question,05,no_augmentation,PHQ9,42,fold3_epoch3,6.500248,False,models/mlm_beto/ep010,finetuned_cv,"{""augmentation"": ""no_augmentation"", ""batch_size"": 16, ""eval_batch_size"": 32, ""grad_accum_steps"": 1, ""llrd_decay"": 0.9, ""lr_encoder_top"": 3e-05, ""lr_head"": 0.0001, ""max_epochs"": 20, ""max_grad_norm"": 1.0, ""max_tokens"": 512, ""n_cv_splits"": 5, ""patience"": 4, ""seeds"": [42], ""use_bf16"": true, ""val_fraction"": 0.2, ""warmup_ratio"": 0.1, ""weight_decay"": 0.01}",2026-09-20T02:47:59
E8_BETO_MLM_FT,fine-tuning-cv,question,05,no_augmentation,PHQ9,42,fold4_epoch2,5.150909,False,models/mlm_beto/ep010,finetuned_cv,"{""augmentation"": ""no_augmentation"", ""batch_size"": 16, ""eval_batch_size"": 32, ""grad_accum_steps"": 1, ""llrd_decay"": 0.9, ""lr_encoder_top"": 3e-05, ""lr_head"": 0.0001, ""max_epochs"": 20, ""max_grad_norm"": 1.0, ""max_tokens"": 512, ""n_cv_splits"": 5, ""patience"": 4, ""seeds"": [42], ""use_bf16"": true, ""val_fraction"": 0.2, ""warmup_ratio"": 0.1, ""weight_decay"": 0.01}",2026-09-20T02:47:59
E8_BETO_MLM_FT,fine-tuning-cv,question,05,no_augmentation,PHQ9,42,fold5_epoch5,4.749108,False,models/mlm_beto/ep010,finetuned_cv,"{""augmentation"": ""no_augmentation"", ""batch_size"": 16, ""eval_batch_size"": 32, ""grad_accum_steps"": 1, ""llrd_decay"": 0.9, ""lr_encoder_top"": 3e-05, ""lr_head"": 0.0001, ""max_epochs"": 20, ""max_grad_norm"": 1.0, ""max_tokens"": 512, ""n_cv_splits"": 5, ""patience"": 4, ""seeds"": [42], ""use_bf16"": true, ""val_fraction"": 0.2, ""warmup_ratio"": 0.1, ""weight_decay"": 0.01}",2026-09-20T02:47:59
E8_BETO_MLM_FT,fine-tuning-cv,question,05,no_augmentation,GAD7,42,fold1_epoch5,4.660582,False,models/mlm_beto/ep010,finetuned_cv,"{""augmentation"": ""no_augmentation"", ""batch_size"": 16, ""eval_batch_size"": 32, ""grad_accum_steps"": 1, ""llrd_decay"": 0.9, ""lr_encoder_top"": 3e-05, ""lr_head"": 0.0001, ""max_epochs"": 20, ""max_grad_norm"": 1.0, ""max_tokens"": 512, ""n_cv_splits"": 5, ""patience"": 4, ""seeds"": [42], ""use_bf16"": true, ""val_fraction"": 0.2, ""warmup_ratio"": 0.1, ""weight_decay"": 0.01}",2026-09-20T02:50:43
E8_BETO_MLM_FT,fine-tuning-cv,question,05,no_augmentation,GAD7,42,fold2_epoch3,4.26212,False,models/mlm_beto/ep010,finetuned_cv,"{""augmentation"": ""no_augmentation"", ""batch_size"": 16, ""eval_batch_size"": 32, ""grad_accum_steps"": 1, ""llrd_decay"": 0.9, ""lr_encoder_top"": 3e-05, ""lr_head"": 0.0001, ""max_epochs"": 20, ""max_grad_norm"": 1.0, ""max_tokens"": 512, ""n_cv_splits"": 5, ""patience"": 4, ""seeds"": [42], ""use_bf16"": true, ""val_fraction"": 0.2, ""warmup_ratio"": 0.1, ""weight_decay"": 0.01}",2026-09-20T02:50:43
E8_BETO_MLM_FT,fine-tuning-cv,question,05,no_augmentation,GAD7,42,fold3_epoch1,5.419044,False,models/mlm_beto/ep010,finetuned_cv,"{""augmentation"": ""no_augmentation"", ""batch_size"": 16, ""eval_batch_size"": 32, ""grad_accum_steps"": 1, ""llrd_decay"": 0.9, ""lr_encoder_top"": 3e-05, ""lr_head"": 0.0001, ""max_epochs"": 20, ""max_grad_norm"": 1.0, ""max_tokens"": 512, ""n_cv_splits"": 5, ""patience"": 4, ""seeds"": [42], ""use_bf16"": true, ""val_fraction"": 0.2, ""warmup_ratio"": 0.1, ""weight_decay"": 0.01}",2026-09-20T02:50:43
E8_BETO_MLM_FT,fine-tuning-cv,question,05,no_augmentation,GAD7,42,fold4_epoch2,4.134496,False,models/mlm_beto/ep010,finetuned_cv,"{""augmentation"": ""no_augmentation"", ""batch_size"": 16, ""eval_batch_size"": 32, ""grad_accum_steps"": 1, ""llrd_decay"": 0.9, ""lr_encoder_top"": 3e-05, ""lr_head"": 0.0001, ""max_epochs"": 20, ""max_grad_norm"": 1.0, ""max_tokens"": 512, ""n_cv_splits"": 5, ""patience"": 4, ""seeds"": [42], ""use_bf16"": true, ""val_fraction"": 0.2, ""warmup_ratio"": 0.1, ""weight_decay"": 0.01}",2026-09-20T02:50:43
E8_BETO_MLM_FT,fine-tuning-cv,question,05,no_augmentation,GAD7,42,fold5_epoch1,3.850694,False,models/mlm_beto/ep010,finetuned_cv,"{""augmentation"": ""no_augmentation"", ""batch_size"": 16, ""eval_batch_size"": 32, ""grad_accum_steps"": 1, ""llrd_decay"": 0.9, ""lr_encoder_top"": 3e-05, ""lr_head"": 0.0001, ""max_epochs"": 20, ""max_grad_norm"": 1.0, ""max_tokens"": 512, ""n_cv_splits"": 5, ""patience"": 4, ""seeds"": [42], ""use_bf16"": true, ""val_fraction"": 0.2, ""warmup_ratio"": 0.1, ""weight_decay"": 0.01}",2026-09-20T02:50:43
E8_ROBERTAES_MENTAL_FT,fine-tuning-cv,question,05,no_augmentation,PHQ9,42,fold1_epoch10,5.150868,False,ELiRF/RoBERTa-es-mental-large,finetuned_cv,"{""augmentation"": ""no_augmentation"", ""batch_size"": 16, ""eval_batch_size"": 32, ""grad_accum_steps"": 1, ""llrd_decay"": 0.9, ""lr_encoder_top"": 3e-05, ""lr_head"": 0.0001, ""max_epochs"": 20, ""max_grad_norm"": 1.0, ""max_tokens"": 512, ""n_cv_splits"": 5, ""patience"": 4, ""seeds"": [42], ""use_bf16"": true, ""val_fraction"": 0.2, ""warmup_ratio"": 0.1, ""weight_decay"": 0.01}",2026-09-20T03:07:31
E8_ROBERTAES_MENTAL_FT,fine-tuning-cv,question,05,no_augmentation,PHQ9,42,fold2_epoch11,4.425982,False,ELiRF/RoBERTa-es-mental-large,finetuned_cv,"{""augmentation"": ""no_augmentation"", ""batch_size"": 16, ""eval_batch_size"": 32, ""grad_accum_steps"": 1, ""llrd_decay"": 0.9, ""lr_encoder_top"": 3e-05, ""lr_head"": 0.0001, ""max_epochs"": 20, ""max_grad_norm"": 1.0, ""max_tokens"": 512, ""n_cv_splits"": 5, ""patience"": 4, ""seeds"": [42], ""use_bf16"": true, ""val_fraction"": 0.2, ""warmup_ratio"": 0.1, ""weight_decay"": 0.01}",2026-09-20T03:07:31
E8_ROBERTAES_MENTAL_FT,fine-tuning-cv,question,05,no_augmentation,PHQ9,42,fold3_epoch11,6.254271,False,ELiRF/RoBERTa-es-mental-large,finetuned_cv,"{""augmentation"": ""no_augmentation"", ""batch_size"": 16, ""eval_batch_size"": 32, ""grad_accum_steps"": 1, ""llrd_decay"": 0.9, ""lr_encoder_top"": 3e-05, ""lr_head"": 0.0001, ""max_epochs"": 20, ""max_grad_norm"": 1.0, ""max_tokens"": 512, ""n_cv_splits"": 5, ""patience"": 4, ""seeds"": [42], ""use_bf16"": true, ""val_fraction"": 0.2, ""warmup_ratio"": 0.1, ""weight_decay"": 0.01}",2026-09-20T03:07:31
E8_ROBERTAES_MENTAL_FT,fine-tuning-cv,question,05,no_augmentation,PHQ9,42,fold4_epoch8,4.777053,False,ELiRF/RoBERTa-es-mental-large,finetuned_cv,"{""augmentation"": ""no_augmentation"", ""batch_size"": 16, ""eval_batch_size"": 32, ""grad_accum_steps"": 1, ""llrd_decay"": 0.9, ""lr_encoder_top"": 3e-05, ""lr_head"": 0.0001, ""max_epochs"": 20, ""max_grad_norm"": 1.0, ""max_tokens"": 512, ""n_cv_splits"": 5, ""patience"": 4, ""seeds"": [42], ""use_bf16"": true, ""val_fraction"": 0.2, ""warmup_ratio"": 0.1, ""weight_decay"": 0.01}",2026-09-20T03:07:31
E8_ROBERTAES_MENTAL_FT,fine-tuning-cv,question,05,no_augmentation,PHQ9,42,fold5_epoch3,4.545339,False,ELiRF/RoBERTa-es-mental-large,finetuned_cv,"{""augmentation"": ""no_augmentation"", ""batch_size"": 16, ""eval_batch_size"": 32, ""grad_accum_steps"": 1, ""llrd_decay"": 0.9, ""lr_encoder_top"": 3e-05, ""lr_head"": 0.0001, ""max_epochs"": 20, ""max_grad_norm"": 1.0, ""max_tokens"": 512, ""n_cv_splits"": 5, ""patience"": 4, ""seeds"": [42], ""use_bf16"": true, ""val_fraction"": 0.2, ""warmup_ratio"": 0.1, ""weight_decay"": 0.01}",2026-09-20T03:07:31
E8_ROBERTAES_MENTAL_FT,fine-tuning-cv,question,05,no_augmentation,GAD7,42,fold1_epoch6,4.722433,False,ELiRF/RoBERTa-es-mental-large,finetuned_cv,"{""augmentation"": ""no_augmentation"", ""batch_size"": 16, ""eval_batch_size"": 32, ""grad_accum_steps"": 1, ""llrd_decay"": 0.9, ""lr_encoder_top"": 3e-05, ""lr_head"": 0.0001, ""max_epochs"": 20, ""max_grad_norm"": 1.0, ""max_tokens"": 512, ""n_cv_splits"": 5, ""patience"": 4, ""seeds"": [42], ""use_bf16"": true, ""val_fraction"": 0.2, ""warmup_ratio"": 0.1, ""weight_decay"": 0.01}",2026-09-20T03:18:08
E8_ROBERTAES_MENTAL_FT,fine-tuning-cv,question,05,no_augmentation,GAD7,42,fold2_epoch8,3.863679,False,ELiRF/RoBERTa-es-mental-large,finetuned_cv,"{""augmentation"": ""no_augmentation"", ""batch_size"": 16, ""eval_batch_size"": 32, ""grad_accum_steps"": 1, ""llrd_decay"": 0.9, ""lr_encoder_top"": 3e-05, ""lr_head"": 0.0001, ""max_epochs"": 20, ""max_grad_norm"": 1.0, ""max_tokens"": 512, ""n_cv_splits"": 5, ""patience"": 4, ""seeds"": [42], ""use_bf16"": true, ""val_fraction"": 0.2, ""warmup_ratio"": 0.1, ""weight_decay"": 0.01}",2026-09-20T03:18:08
E8_ROBERTAES_MENTAL_FT,fine-tuning-cv,question,05,no_augmentation,GAD7,42,fold3_epoch3,5.055656,False,ELiRF/RoBERTa-es-mental-large,finetuned_cv,"{""augmentation"": ""no_augmentation"", ""batch_size"": 16, ""eval_batch_size"": 32, ""grad_accum_steps"": 1, ""llrd_decay"": 0.9, ""lr_encoder_top"": 3e-05, ""lr_head"": 0.0001, ""max_epochs"": 20, ""max_grad_norm"": 1.0, ""max_tokens"": 512, ""n_cv_splits"": 5, ""patience"": 4, ""seeds"": [42], ""use_bf16"": true, ""val_fraction"": 0.2, ""warmup_ratio"": 0.1, ""weight_decay"": 0.01}",2026-09-20T03:18:08
E8_ROBERTAES_MENTAL_FT,fine-tuning-cv,question,05,no_augmentation,GAD7,42,fold4_epoch2,3.919246,False,ELiRF/RoBERTa-es-mental-large,finetuned_cv,"{""augmentation"": ""no_augmentation"", ""batch_size"": 16, ""eval_batch_size"": 32, ""grad_accum_steps"": 1, ""llrd_decay"": 0.9, ""lr_encoder_top"": 3e-05, ""lr_head"": 0.0001, ""max_epochs"": 20, ""max_grad_norm"": 1.0, ""max_tokens"": 512, ""n_cv_splits"": 5, ""patience"": 4, ""seeds"": [42], ""use_bf16"": true, ""val_fraction"": 0.2, ""warmup_ratio"": 0.1, ""weight_decay"": 0.01}",2026-09-20T03:18:08
E8_ROBERTAES_MENTAL_FT,fine-tuning-cv,question,05,no_augmentation,GAD7,42,fold5_epoch3,3.682609,False,ELiRF/RoBERTa-es-mental-large,finetuned_cv,"{""augmentation"": ""no_augmentation"", ""batch_size"": 16, ""eval_batch_size"": 32, ""grad_accum_steps"": 1, ""llrd_decay"": 0.9, ""lr_encoder_top"": 3e-05, ""lr_head"": 0.0001, ""max_epochs"": 20, ""max_grad_norm"": 1.0, ""max_tokens"": 512, ""n_cv_splits"": 5, ""patience"": 4, ""seeds"": [42], ""use_bf16"": true, ""val_fraction"": 0.2, ""warmup_ratio"": 0.1, ""weight_decay"": 0.01}",2026-09-20T03:18:08
