encoder,family,granularity,notebook,augmentation,target,seed,model_name,cv_rmse,is_selected,encoder_model,search,config_json,logged_at
E0_TFIDF_QUESTION,frozen,question,2,no_augmentation,PHQ9,42,Ridge,6.053323,False,tfidf,defaults,"{""augmentation"": ""no_augmentation"", ""beto_model"": ""dccuchile/bert-base-spanish-wwm-cased"", ""chunk_stride"": 256, ""max_tokens"": 512, ""n_cv_splits"": 5, ""n_search_iter"": 0, ""seeds"": [42], ""sentence_transformer_model"": ""intfloat/multilingual-e5-small"", ""tfidf_lemmatize"": true, ""tfidf_max_df"": 0.9, ""tfidf_max_features"": 300, ""tfidf_min_df"": 3, ""tfidf_ngram_range"": [1, 2], ""tfidf_normalize_numbers"": true}",2026-09-10T02:05:34
E0_TFIDF_QUESTION,frozen,question,2,no_augmentation,PHQ9,42,SVR,5.905756,False,tfidf,defaults,"{""augmentation"": ""no_augmentation"", ""beto_model"": ""dccuchile/bert-base-spanish-wwm-cased"", ""chunk_stride"": 256, ""max_tokens"": 512, ""n_cv_splits"": 5, ""n_search_iter"": 0, ""seeds"": [42], ""sentence_transformer_model"": ""intfloat/multilingual-e5-small"", ""tfidf_lemmatize"": true, ""tfidf_max_df"": 0.9, ""tfidf_max_features"": 300, ""tfidf_min_df"": 3, ""tfidf_ngram_range"": [1, 2], ""tfidf_normalize_numbers"": true}",2026-09-10T02:05:34
E0_TFIDF_QUESTION,frozen,question,2,no_augmentation,PHQ9,42,RandomForest,5.790246,True,tfidf,defaults,"{""augmentation"": ""no_augmentation"", ""beto_model"": ""dccuchile/bert-base-spanish-wwm-cased"", ""chunk_stride"": 256, ""max_tokens"": 512, ""n_cv_splits"": 5, ""n_search_iter"": 0, ""seeds"": [42], ""sentence_transformer_model"": ""intfloat/multilingual-e5-small"", ""tfidf_lemmatize"": true, ""tfidf_max_df"": 0.9, ""tfidf_max_features"": 300, ""tfidf_min_df"": 3, ""tfidf_ngram_range"": [1, 2], ""tfidf_normalize_numbers"": true}",2026-09-10T02:05:34
E0_TFIDF_QUESTION,frozen,question,2,no_augmentation,PHQ9,42,ExtraTrees,5.873878,False,tfidf,defaults,"{""augmentation"": ""no_augmentation"", ""beto_model"": ""dccuchile/bert-base-spanish-wwm-cased"", ""chunk_stride"": 256, ""max_tokens"": 512, ""n_cv_splits"": 5, ""n_search_iter"": 0, ""seeds"": [42], ""sentence_transformer_model"": ""intfloat/multilingual-e5-small"", ""tfidf_lemmatize"": true, ""tfidf_max_df"": 0.9, ""tfidf_max_features"": 300, ""tfidf_min_df"": 3, ""tfidf_ngram_range"": [1, 2], ""tfidf_normalize_numbers"": true}",2026-09-10T02:05:34
E0_TFIDF_QUESTION,frozen,question,2,no_augmentation,PHQ9,42,GradientBoosting,6.112806,False,tfidf,defaults,"{""augmentation"": ""no_augmentation"", ""beto_model"": ""dccuchile/bert-base-spanish-wwm-cased"", ""chunk_stride"": 256, ""max_tokens"": 512, ""n_cv_splits"": 5, ""n_search_iter"": 0, ""seeds"": [42], ""sentence_transformer_model"": ""intfloat/multilingual-e5-small"", ""tfidf_lemmatize"": true, ""tfidf_max_df"": 0.9, ""tfidf_max_features"": 300, ""tfidf_min_df"": 3, ""tfidf_ngram_range"": [1, 2], ""tfidf_normalize_numbers"": true}",2026-09-10T02:05:34
E0_TFIDF_QUESTION,frozen,question,2,no_augmentation,PHQ9,42,LightGBM,6.084392,False,tfidf,defaults,"{""augmentation"": ""no_augmentation"", ""beto_model"": ""dccuchile/bert-base-spanish-wwm-cased"", ""chunk_stride"": 256, ""max_tokens"": 512, ""n_cv_splits"": 5, ""n_search_iter"": 0, ""seeds"": [42], ""sentence_transformer_model"": ""intfloat/multilingual-e5-small"", ""tfidf_lemmatize"": true, ""tfidf_max_df"": 0.9, ""tfidf_max_features"": 300, ""tfidf_min_df"": 3, ""tfidf_ngram_range"": [1, 2], ""tfidf_normalize_numbers"": true}",2026-09-10T02:05:34
E0_TFIDF_QUESTION,frozen,question,2,no_augmentation,PHQ9,42,KNN,6.193033,False,tfidf,defaults,"{""augmentation"": ""no_augmentation"", ""beto_model"": ""dccuchile/bert-base-spanish-wwm-cased"", ""chunk_stride"": 256, ""max_tokens"": 512, ""n_cv_splits"": 5, ""n_search_iter"": 0, ""seeds"": [42], ""sentence_transformer_model"": ""intfloat/multilingual-e5-small"", ""tfidf_lemmatize"": true, ""tfidf_max_df"": 0.9, ""tfidf_max_features"": 300, ""tfidf_min_df"": 3, ""tfidf_ngram_range"": [1, 2], ""tfidf_normalize_numbers"": true}",2026-09-10T02:05:34
E0_TFIDF_QUESTION,frozen,question,2,no_augmentation,PHQ9,42,DecisionTree,6.793187,False,tfidf,defaults,"{""augmentation"": ""no_augmentation"", ""beto_model"": ""dccuchile/bert-base-spanish-wwm-cased"", ""chunk_stride"": 256, ""max_tokens"": 512, ""n_cv_splits"": 5, ""n_search_iter"": 0, ""seeds"": [42], ""sentence_transformer_model"": ""intfloat/multilingual-e5-small"", ""tfidf_lemmatize"": true, ""tfidf_max_df"": 0.9, ""tfidf_max_features"": 300, ""tfidf_min_df"": 3, ""tfidf_ngram_range"": [1, 2], ""tfidf_normalize_numbers"": true}",2026-09-10T02:05:34
E0_TFIDF_QUESTION,frozen,question,2,no_augmentation,PHQ9,42,AdaBoost,5.887882,False,tfidf,defaults,"{""augmentation"": ""no_augmentation"", ""beto_model"": ""dccuchile/bert-base-spanish-wwm-cased"", ""chunk_stride"": 256, ""max_tokens"": 512, ""n_cv_splits"": 5, ""n_search_iter"": 0, ""seeds"": [42], ""sentence_transformer_model"": ""intfloat/multilingual-e5-small"", ""tfidf_lemmatize"": true, ""tfidf_max_df"": 0.9, ""tfidf_max_features"": 300, ""tfidf_min_df"": 3, ""tfidf_ngram_range"": [1, 2], ""tfidf_normalize_numbers"": true}",2026-09-10T02:05:34
E0_TFIDF_QUESTION,frozen,question,2,no_augmentation,GAD7,42,Ridge,5.228856,False,tfidf,defaults,"{""augmentation"": ""no_augmentation"", ""beto_model"": ""dccuchile/bert-base-spanish-wwm-cased"", ""chunk_stride"": 256, ""max_tokens"": 512, ""n_cv_splits"": 5, ""n_search_iter"": 0, ""seeds"": [42], ""sentence_transformer_model"": ""intfloat/multilingual-e5-small"", ""tfidf_lemmatize"": true, ""tfidf_max_df"": 0.9, ""tfidf_max_features"": 300, ""tfidf_min_df"": 3, ""tfidf_ngram_range"": [1, 2], ""tfidf_normalize_numbers"": true}",2026-09-10T02:06:03
E0_TFIDF_QUESTION,frozen,question,2,no_augmentation,GAD7,42,SVR,5.009187,False,tfidf,defaults,"{""augmentation"": ""no_augmentation"", ""beto_model"": ""dccuchile/bert-base-spanish-wwm-cased"", ""chunk_stride"": 256, ""max_tokens"": 512, ""n_cv_splits"": 5, ""n_search_iter"": 0, ""seeds"": [42], ""sentence_transformer_model"": ""intfloat/multilingual-e5-small"", ""tfidf_lemmatize"": true, ""tfidf_max_df"": 0.9, ""tfidf_max_features"": 300, ""tfidf_min_df"": 3, ""tfidf_ngram_range"": [1, 2], ""tfidf_normalize_numbers"": true}",2026-09-10T02:06:03
E0_TFIDF_QUESTION,frozen,question,2,no_augmentation,GAD7,42,RandomForest,4.83921,True,tfidf,defaults,"{""augmentation"": ""no_augmentation"", ""beto_model"": ""dccuchile/bert-base-spanish-wwm-cased"", ""chunk_stride"": 256, ""max_tokens"": 512, ""n_cv_splits"": 5, ""n_search_iter"": 0, ""seeds"": [42], ""sentence_transformer_model"": ""intfloat/multilingual-e5-small"", ""tfidf_lemmatize"": true, ""tfidf_max_df"": 0.9, ""tfidf_max_features"": 300, ""tfidf_min_df"": 3, ""tfidf_ngram_range"": [1, 2], ""tfidf_normalize_numbers"": true}",2026-09-10T02:06:03
E0_TFIDF_QUESTION,frozen,question,2,no_augmentation,GAD7,42,ExtraTrees,4.905492,False,tfidf,defaults,"{""augmentation"": ""no_augmentation"", ""beto_model"": ""dccuchile/bert-base-spanish-wwm-cased"", ""chunk_stride"": 256, ""max_tokens"": 512, ""n_cv_splits"": 5, ""n_search_iter"": 0, ""seeds"": [42], ""sentence_transformer_model"": ""intfloat/multilingual-e5-small"", ""tfidf_lemmatize"": true, ""tfidf_max_df"": 0.9, ""tfidf_max_features"": 300, ""tfidf_min_df"": 3, ""tfidf_ngram_range"": [1, 2], ""tfidf_normalize_numbers"": true}",2026-09-10T02:06:03
E0_TFIDF_QUESTION,frozen,question,2,no_augmentation,GAD7,42,GradientBoosting,5.203473,False,tfidf,defaults,"{""augmentation"": ""no_augmentation"", ""beto_model"": ""dccuchile/bert-base-spanish-wwm-cased"", ""chunk_stride"": 256, ""max_tokens"": 512, ""n_cv_splits"": 5, ""n_search_iter"": 0, ""seeds"": [42], ""sentence_transformer_model"": ""intfloat/multilingual-e5-small"", ""tfidf_lemmatize"": true, ""tfidf_max_df"": 0.9, ""tfidf_max_features"": 300, ""tfidf_min_df"": 3, ""tfidf_ngram_range"": [1, 2], ""tfidf_normalize_numbers"": true}",2026-09-10T02:06:03
E0_TFIDF_QUESTION,frozen,question,2,no_augmentation,GAD7,42,LightGBM,5.051186,False,tfidf,defaults,"{""augmentation"": ""no_augmentation"", ""beto_model"": ""dccuchile/bert-base-spanish-wwm-cased"", ""chunk_stride"": 256, ""max_tokens"": 512, ""n_cv_splits"": 5, ""n_search_iter"": 0, ""seeds"": [42], ""sentence_transformer_model"": ""intfloat/multilingual-e5-small"", ""tfidf_lemmatize"": true, ""tfidf_max_df"": 0.9, ""tfidf_max_features"": 300, ""tfidf_min_df"": 3, ""tfidf_ngram_range"": [1, 2], ""tfidf_normalize_numbers"": true}",2026-09-10T02:06:03
E0_TFIDF_QUESTION,frozen,question,2,no_augmentation,GAD7,42,KNN,5.100465,False,tfidf,defaults,"{""augmentation"": ""no_augmentation"", ""beto_model"": ""dccuchile/bert-base-spanish-wwm-cased"", ""chunk_stride"": 256, ""max_tokens"": 512, ""n_cv_splits"": 5, ""n_search_iter"": 0, ""seeds"": [42], ""sentence_transformer_model"": ""intfloat/multilingual-e5-small"", ""tfidf_lemmatize"": true, ""tfidf_max_df"": 0.9, ""tfidf_max_features"": 300, ""tfidf_min_df"": 3, ""tfidf_ngram_range"": [1, 2], ""tfidf_normalize_numbers"": true}",2026-09-10T02:06:03
E0_TFIDF_QUESTION,frozen,question,2,no_augmentation,GAD7,42,DecisionTree,5.546038,False,tfidf,defaults,"{""augmentation"": ""no_augmentation"", ""beto_model"": ""dccuchile/bert-base-spanish-wwm-cased"", ""chunk_stride"": 256, ""max_tokens"": 512, ""n_cv_splits"": 5, ""n_search_iter"": 0, ""seeds"": [42], ""sentence_transformer_model"": ""intfloat/multilingual-e5-small"", ""tfidf_lemmatize"": true, ""tfidf_max_df"": 0.9, ""tfidf_max_features"": 300, ""tfidf_min_df"": 3, ""tfidf_ngram_range"": [1, 2], ""tfidf_normalize_numbers"": true}",2026-09-10T02:06:03
E0_TFIDF_QUESTION,frozen,question,2,no_augmentation,GAD7,42,AdaBoost,5.093532,False,tfidf,defaults,"{""augmentation"": ""no_augmentation"", ""beto_model"": ""dccuchile/bert-base-spanish-wwm-cased"", ""chunk_stride"": 256, ""max_tokens"": 512, ""n_cv_splits"": 5, ""n_search_iter"": 0, ""seeds"": [42], ""sentence_transformer_model"": ""intfloat/multilingual-e5-small"", ""tfidf_lemmatize"": true, ""tfidf_max_df"": 0.9, ""tfidf_max_features"": 300, ""tfidf_min_df"": 3, ""tfidf_ngram_range"": [1, 2], ""tfidf_normalize_numbers"": true}",2026-09-10T02:06:03
E1_BETO_QUESTION,frozen,question,2,no_augmentation,PHQ9,42,Ridge,6.753318,False,dccuchile/bert-base-spanish-wwm-cased,defaults,"{""augmentation"": ""no_augmentation"", ""beto_model"": ""dccuchile/bert-base-spanish-wwm-cased"", ""chunk_stride"": 256, ""max_tokens"": 512, ""n_cv_splits"": 5, ""n_search_iter"": 0, ""seeds"": [42], ""sentence_transformer_model"": ""intfloat/multilingual-e5-small"", ""tfidf_lemmatize"": true, ""tfidf_max_df"": 0.9, ""tfidf_max_features"": 300, ""tfidf_min_df"": 3, ""tfidf_ngram_range"": [1, 2], ""tfidf_normalize_numbers"": true}",2026-09-10T02:09:26
E1_BETO_QUESTION,frozen,question,2,no_augmentation,PHQ9,42,SVR,5.402295,True,dccuchile/bert-base-spanish-wwm-cased,defaults,"{""augmentation"": ""no_augmentation"", ""beto_model"": ""dccuchile/bert-base-spanish-wwm-cased"", ""chunk_stride"": 256, ""max_tokens"": 512, ""n_cv_splits"": 5, ""n_search_iter"": 0, ""seeds"": [42], ""sentence_transformer_model"": ""intfloat/multilingual-e5-small"", ""tfidf_lemmatize"": true, ""tfidf_max_df"": 0.9, ""tfidf_max_features"": 300, ""tfidf_min_df"": 3, ""tfidf_ngram_range"": [1, 2], ""tfidf_normalize_numbers"": true}",2026-09-10T02:09:26
E1_BETO_QUESTION,frozen,question,2,no_augmentation,PHQ9,42,RandomForest,5.634881,False,dccuchile/bert-base-spanish-wwm-cased,defaults,"{""augmentation"": ""no_augmentation"", ""beto_model"": ""dccuchile/bert-base-spanish-wwm-cased"", ""chunk_stride"": 256, ""max_tokens"": 512, ""n_cv_splits"": 5, ""n_search_iter"": 0, ""seeds"": [42], ""sentence_transformer_model"": ""intfloat/multilingual-e5-small"", ""tfidf_lemmatize"": true, ""tfidf_max_df"": 0.9, ""tfidf_max_features"": 300, ""tfidf_min_df"": 3, ""tfidf_ngram_range"": [1, 2], ""tfidf_normalize_numbers"": true}",2026-09-10T02:09:26
E1_BETO_QUESTION,frozen,question,2,no_augmentation,PHQ9,42,ExtraTrees,5.65393,False,dccuchile/bert-base-spanish-wwm-cased,defaults,"{""augmentation"": ""no_augmentation"", ""beto_model"": ""dccuchile/bert-base-spanish-wwm-cased"", ""chunk_stride"": 256, ""max_tokens"": 512, ""n_cv_splits"": 5, ""n_search_iter"": 0, ""seeds"": [42], ""sentence_transformer_model"": ""intfloat/multilingual-e5-small"", ""tfidf_lemmatize"": true, ""tfidf_max_df"": 0.9, ""tfidf_max_features"": 300, ""tfidf_min_df"": 3, ""tfidf_ngram_range"": [1, 2], ""tfidf_normalize_numbers"": true}",2026-09-10T02:09:26
E1_BETO_QUESTION,frozen,question,2,no_augmentation,PHQ9,42,GradientBoosting,5.757916,False,dccuchile/bert-base-spanish-wwm-cased,defaults,"{""augmentation"": ""no_augmentation"", ""beto_model"": ""dccuchile/bert-base-spanish-wwm-cased"", ""chunk_stride"": 256, ""max_tokens"": 512, ""n_cv_splits"": 5, ""n_search_iter"": 0, ""seeds"": [42], ""sentence_transformer_model"": ""intfloat/multilingual-e5-small"", ""tfidf_lemmatize"": true, ""tfidf_max_df"": 0.9, ""tfidf_max_features"": 300, ""tfidf_min_df"": 3, ""tfidf_ngram_range"": [1, 2], ""tfidf_normalize_numbers"": true}",2026-09-10T02:09:26
E1_BETO_QUESTION,frozen,question,2,no_augmentation,PHQ9,42,LightGBM,5.860401,False,dccuchile/bert-base-spanish-wwm-cased,defaults,"{""augmentation"": ""no_augmentation"", ""beto_model"": ""dccuchile/bert-base-spanish-wwm-cased"", ""chunk_stride"": 256, ""max_tokens"": 512, ""n_cv_splits"": 5, ""n_search_iter"": 0, ""seeds"": [42], ""sentence_transformer_model"": ""intfloat/multilingual-e5-small"", ""tfidf_lemmatize"": true, ""tfidf_max_df"": 0.9, ""tfidf_max_features"": 300, ""tfidf_min_df"": 3, ""tfidf_ngram_range"": [1, 2], ""tfidf_normalize_numbers"": true}",2026-09-10T02:09:26
E1_BETO_QUESTION,frozen,question,2,no_augmentation,PHQ9,42,KNN,6.06848,False,dccuchile/bert-base-spanish-wwm-cased,defaults,"{""augmentation"": ""no_augmentation"", ""beto_model"": ""dccuchile/bert-base-spanish-wwm-cased"", ""chunk_stride"": 256, ""max_tokens"": 512, ""n_cv_splits"": 5, ""n_search_iter"": 0, ""seeds"": [42], ""sentence_transformer_model"": ""intfloat/multilingual-e5-small"", ""tfidf_lemmatize"": true, ""tfidf_max_df"": 0.9, ""tfidf_max_features"": 300, ""tfidf_min_df"": 3, ""tfidf_ngram_range"": [1, 2], ""tfidf_normalize_numbers"": true}",2026-09-10T02:09:26
E1_BETO_QUESTION,frozen,question,2,no_augmentation,PHQ9,42,DecisionTree,7.562223,False,dccuchile/bert-base-spanish-wwm-cased,defaults,"{""augmentation"": ""no_augmentation"", ""beto_model"": ""dccuchile/bert-base-spanish-wwm-cased"", ""chunk_stride"": 256, ""max_tokens"": 512, ""n_cv_splits"": 5, ""n_search_iter"": 0, ""seeds"": [42], ""sentence_transformer_model"": ""intfloat/multilingual-e5-small"", ""tfidf_lemmatize"": true, ""tfidf_max_df"": 0.9, ""tfidf_max_features"": 300, ""tfidf_min_df"": 3, ""tfidf_ngram_range"": [1, 2], ""tfidf_normalize_numbers"": true}",2026-09-10T02:09:26
E1_BETO_QUESTION,frozen,question,2,no_augmentation,PHQ9,42,AdaBoost,5.636303,False,dccuchile/bert-base-spanish-wwm-cased,defaults,"{""augmentation"": ""no_augmentation"", ""beto_model"": ""dccuchile/bert-base-spanish-wwm-cased"", ""chunk_stride"": 256, ""max_tokens"": 512, ""n_cv_splits"": 5, ""n_search_iter"": 0, ""seeds"": [42], ""sentence_transformer_model"": ""intfloat/multilingual-e5-small"", ""tfidf_lemmatize"": true, ""tfidf_max_df"": 0.9, ""tfidf_max_features"": 300, ""tfidf_min_df"": 3, ""tfidf_ngram_range"": [1, 2], ""tfidf_normalize_numbers"": true}",2026-09-10T02:09:26
E1_BETO_QUESTION,frozen,question,2,no_augmentation,GAD7,42,Ridge,6.65317,False,dccuchile/bert-base-spanish-wwm-cased,defaults,"{""augmentation"": ""no_augmentation"", ""beto_model"": ""dccuchile/bert-base-spanish-wwm-cased"", ""chunk_stride"": 256, ""max_tokens"": 512, ""n_cv_splits"": 5, ""n_search_iter"": 0, ""seeds"": [42], ""sentence_transformer_model"": ""intfloat/multilingual-e5-small"", ""tfidf_lemmatize"": true, ""tfidf_max_df"": 0.9, ""tfidf_max_features"": 300, ""tfidf_min_df"": 3, ""tfidf_ngram_range"": [1, 2], ""tfidf_normalize_numbers"": true}",2026-09-10T02:12:34
E1_BETO_QUESTION,frozen,question,2,no_augmentation,GAD7,42,SVR,4.602138,True,dccuchile/bert-base-spanish-wwm-cased,defaults,"{""augmentation"": ""no_augmentation"", ""beto_model"": ""dccuchile/bert-base-spanish-wwm-cased"", ""chunk_stride"": 256, ""max_tokens"": 512, ""n_cv_splits"": 5, ""n_search_iter"": 0, ""seeds"": [42], ""sentence_transformer_model"": ""intfloat/multilingual-e5-small"", ""tfidf_lemmatize"": true, ""tfidf_max_df"": 0.9, ""tfidf_max_features"": 300, ""tfidf_min_df"": 3, ""tfidf_ngram_range"": [1, 2], ""tfidf_normalize_numbers"": true}",2026-09-10T02:12:34
E1_BETO_QUESTION,frozen,question,2,no_augmentation,GAD7,42,RandomForest,4.753548,False,dccuchile/bert-base-spanish-wwm-cased,defaults,"{""augmentation"": ""no_augmentation"", ""beto_model"": ""dccuchile/bert-base-spanish-wwm-cased"", ""chunk_stride"": 256, ""max_tokens"": 512, ""n_cv_splits"": 5, ""n_search_iter"": 0, ""seeds"": [42], ""sentence_transformer_model"": ""intfloat/multilingual-e5-small"", ""tfidf_lemmatize"": true, ""tfidf_max_df"": 0.9, ""tfidf_max_features"": 300, ""tfidf_min_df"": 3, ""tfidf_ngram_range"": [1, 2], ""tfidf_normalize_numbers"": true}",2026-09-10T02:12:34
E1_BETO_QUESTION,frozen,question,2,no_augmentation,GAD7,42,ExtraTrees,4.74054,False,dccuchile/bert-base-spanish-wwm-cased,defaults,"{""augmentation"": ""no_augmentation"", ""beto_model"": ""dccuchile/bert-base-spanish-wwm-cased"", ""chunk_stride"": 256, ""max_tokens"": 512, ""n_cv_splits"": 5, ""n_search_iter"": 0, ""seeds"": [42], ""sentence_transformer_model"": ""intfloat/multilingual-e5-small"", ""tfidf_lemmatize"": true, ""tfidf_max_df"": 0.9, ""tfidf_max_features"": 300, ""tfidf_min_df"": 3, ""tfidf_ngram_range"": [1, 2], ""tfidf_normalize_numbers"": true}",2026-09-10T02:12:34
E1_BETO_QUESTION,frozen,question,2,no_augmentation,GAD7,42,GradientBoosting,4.97964,False,dccuchile/bert-base-spanish-wwm-cased,defaults,"{""augmentation"": ""no_augmentation"", ""beto_model"": ""dccuchile/bert-base-spanish-wwm-cased"", ""chunk_stride"": 256, ""max_tokens"": 512, ""n_cv_splits"": 5, ""n_search_iter"": 0, ""seeds"": [42], ""sentence_transformer_model"": ""intfloat/multilingual-e5-small"", ""tfidf_lemmatize"": true, ""tfidf_max_df"": 0.9, ""tfidf_max_features"": 300, ""tfidf_min_df"": 3, ""tfidf_ngram_range"": [1, 2], ""tfidf_normalize_numbers"": true}",2026-09-10T02:12:34
E1_BETO_QUESTION,frozen,question,2,no_augmentation,GAD7,42,LightGBM,4.989938,False,dccuchile/bert-base-spanish-wwm-cased,defaults,"{""augmentation"": ""no_augmentation"", ""beto_model"": ""dccuchile/bert-base-spanish-wwm-cased"", ""chunk_stride"": 256, ""max_tokens"": 512, ""n_cv_splits"": 5, ""n_search_iter"": 0, ""seeds"": [42], ""sentence_transformer_model"": ""intfloat/multilingual-e5-small"", ""tfidf_lemmatize"": true, ""tfidf_max_df"": 0.9, ""tfidf_max_features"": 300, ""tfidf_min_df"": 3, ""tfidf_ngram_range"": [1, 2], ""tfidf_normalize_numbers"": true}",2026-09-10T02:12:34
E1_BETO_QUESTION,frozen,question,2,no_augmentation,GAD7,42,KNN,5.117181,False,dccuchile/bert-base-spanish-wwm-cased,defaults,"{""augmentation"": ""no_augmentation"", ""beto_model"": ""dccuchile/bert-base-spanish-wwm-cased"", ""chunk_stride"": 256, ""max_tokens"": 512, ""n_cv_splits"": 5, ""n_search_iter"": 0, ""seeds"": [42], ""sentence_transformer_model"": ""intfloat/multilingual-e5-small"", ""tfidf_lemmatize"": true, ""tfidf_max_df"": 0.9, ""tfidf_max_features"": 300, ""tfidf_min_df"": 3, ""tfidf_ngram_range"": [1, 2], ""tfidf_normalize_numbers"": true}",2026-09-10T02:12:34
E1_BETO_QUESTION,frozen,question,2,no_augmentation,GAD7,42,DecisionTree,6.216287,False,dccuchile/bert-base-spanish-wwm-cased,defaults,"{""augmentation"": ""no_augmentation"", ""beto_model"": ""dccuchile/bert-base-spanish-wwm-cased"", ""chunk_stride"": 256, ""max_tokens"": 512, ""n_cv_splits"": 5, ""n_search_iter"": 0, ""seeds"": [42], ""sentence_transformer_model"": ""intfloat/multilingual-e5-small"", ""tfidf_lemmatize"": true, ""tfidf_max_df"": 0.9, ""tfidf_max_features"": 300, ""tfidf_min_df"": 3, ""tfidf_ngram_range"": [1, 2], ""tfidf_normalize_numbers"": true}",2026-09-10T02:12:34
E1_BETO_QUESTION,frozen,question,2,no_augmentation,GAD7,42,AdaBoost,4.914865,False,dccuchile/bert-base-spanish-wwm-cased,defaults,"{""augmentation"": ""no_augmentation"", ""beto_model"": ""dccuchile/bert-base-spanish-wwm-cased"", ""chunk_stride"": 256, ""max_tokens"": 512, ""n_cv_splits"": 5, ""n_search_iter"": 0, ""seeds"": [42], ""sentence_transformer_model"": ""intfloat/multilingual-e5-small"", ""tfidf_lemmatize"": true, ""tfidf_max_df"": 0.9, ""tfidf_max_features"": 300, ""tfidf_min_df"": 3, ""tfidf_ngram_range"": [1, 2], ""tfidf_normalize_numbers"": true}",2026-09-10T02:12:34
E2_E5SMALL_QUESTION,frozen,question,2,no_augmentation,PHQ9,42,Ridge,10.933755,False,intfloat/multilingual-e5-small,defaults,"{""augmentation"": ""no_augmentation"", ""beto_model"": ""dccuchile/bert-base-spanish-wwm-cased"", ""chunk_stride"": 256, ""max_tokens"": 512, ""n_cv_splits"": 5, ""n_search_iter"": 0, ""seeds"": [42], ""sentence_transformer_model"": ""intfloat/multilingual-e5-small"", ""tfidf_lemmatize"": true, ""tfidf_max_df"": 0.9, ""tfidf_max_features"": 300, ""tfidf_min_df"": 3, ""tfidf_ngram_range"": [1, 2], ""tfidf_normalize_numbers"": true}",2026-09-10T02:14:30
E2_E5SMALL_QUESTION,frozen,question,2,no_augmentation,PHQ9,42,SVR,5.530396,True,intfloat/multilingual-e5-small,defaults,"{""augmentation"": ""no_augmentation"", ""beto_model"": ""dccuchile/bert-base-spanish-wwm-cased"", ""chunk_stride"": 256, ""max_tokens"": 512, ""n_cv_splits"": 5, ""n_search_iter"": 0, ""seeds"": [42], ""sentence_transformer_model"": ""intfloat/multilingual-e5-small"", ""tfidf_lemmatize"": true, ""tfidf_max_df"": 0.9, ""tfidf_max_features"": 300, ""tfidf_min_df"": 3, ""tfidf_ngram_range"": [1, 2], ""tfidf_normalize_numbers"": true}",2026-09-10T02:14:30
E2_E5SMALL_QUESTION,frozen,question,2,no_augmentation,PHQ9,42,RandomForest,5.744962,False,intfloat/multilingual-e5-small,defaults,"{""augmentation"": ""no_augmentation"", ""beto_model"": ""dccuchile/bert-base-spanish-wwm-cased"", ""chunk_stride"": 256, ""max_tokens"": 512, ""n_cv_splits"": 5, ""n_search_iter"": 0, ""seeds"": [42], ""sentence_transformer_model"": ""intfloat/multilingual-e5-small"", ""tfidf_lemmatize"": true, ""tfidf_max_df"": 0.9, ""tfidf_max_features"": 300, ""tfidf_min_df"": 3, ""tfidf_ngram_range"": [1, 2], ""tfidf_normalize_numbers"": true}",2026-09-10T02:14:30
E2_E5SMALL_QUESTION,frozen,question,2,no_augmentation,PHQ9,42,ExtraTrees,5.761456,False,intfloat/multilingual-e5-small,defaults,"{""augmentation"": ""no_augmentation"", ""beto_model"": ""dccuchile/bert-base-spanish-wwm-cased"", ""chunk_stride"": 256, ""max_tokens"": 512, ""n_cv_splits"": 5, ""n_search_iter"": 0, ""seeds"": [42], ""sentence_transformer_model"": ""intfloat/multilingual-e5-small"", ""tfidf_lemmatize"": true, ""tfidf_max_df"": 0.9, ""tfidf_max_features"": 300, ""tfidf_min_df"": 3, ""tfidf_ngram_range"": [1, 2], ""tfidf_normalize_numbers"": true}",2026-09-10T02:14:30
E2_E5SMALL_QUESTION,frozen,question,2,no_augmentation,PHQ9,42,GradientBoosting,5.801777,False,intfloat/multilingual-e5-small,defaults,"{""augmentation"": ""no_augmentation"", ""beto_model"": ""dccuchile/bert-base-spanish-wwm-cased"", ""chunk_stride"": 256, ""max_tokens"": 512, ""n_cv_splits"": 5, ""n_search_iter"": 0, ""seeds"": [42], ""sentence_transformer_model"": ""intfloat/multilingual-e5-small"", ""tfidf_lemmatize"": true, ""tfidf_max_df"": 0.9, ""tfidf_max_features"": 300, ""tfidf_min_df"": 3, ""tfidf_ngram_range"": [1, 2], ""tfidf_normalize_numbers"": true}",2026-09-10T02:14:30
E2_E5SMALL_QUESTION,frozen,question,2,no_augmentation,PHQ9,42,LightGBM,5.779412,False,intfloat/multilingual-e5-small,defaults,"{""augmentation"": ""no_augmentation"", ""beto_model"": ""dccuchile/bert-base-spanish-wwm-cased"", ""chunk_stride"": 256, ""max_tokens"": 512, ""n_cv_splits"": 5, ""n_search_iter"": 0, ""seeds"": [42], ""sentence_transformer_model"": ""intfloat/multilingual-e5-small"", ""tfidf_lemmatize"": true, ""tfidf_max_df"": 0.9, ""tfidf_max_features"": 300, ""tfidf_min_df"": 3, ""tfidf_ngram_range"": [1, 2], ""tfidf_normalize_numbers"": true}",2026-09-10T02:14:30
E2_E5SMALL_QUESTION,frozen,question,2,no_augmentation,PHQ9,42,KNN,5.98239,False,intfloat/multilingual-e5-small,defaults,"{""augmentation"": ""no_augmentation"", ""beto_model"": ""dccuchile/bert-base-spanish-wwm-cased"", ""chunk_stride"": 256, ""max_tokens"": 512, ""n_cv_splits"": 5, ""n_search_iter"": 0, ""seeds"": [42], ""sentence_transformer_model"": ""intfloat/multilingual-e5-small"", ""tfidf_lemmatize"": true, ""tfidf_max_df"": 0.9, ""tfidf_max_features"": 300, ""tfidf_min_df"": 3, ""tfidf_ngram_range"": [1, 2], ""tfidf_normalize_numbers"": true}",2026-09-10T02:14:30
E2_E5SMALL_QUESTION,frozen,question,2,no_augmentation,PHQ9,42,DecisionTree,7.425374,False,intfloat/multilingual-e5-small,defaults,"{""augmentation"": ""no_augmentation"", ""beto_model"": ""dccuchile/bert-base-spanish-wwm-cased"", ""chunk_stride"": 256, ""max_tokens"": 512, ""n_cv_splits"": 5, ""n_search_iter"": 0, ""seeds"": [42], ""sentence_transformer_model"": ""intfloat/multilingual-e5-small"", ""tfidf_lemmatize"": true, ""tfidf_max_df"": 0.9, ""tfidf_max_features"": 300, ""tfidf_min_df"": 3, ""tfidf_ngram_range"": [1, 2], ""tfidf_normalize_numbers"": true}",2026-09-10T02:14:30
E2_E5SMALL_QUESTION,frozen,question,2,no_augmentation,PHQ9,42,AdaBoost,5.785546,False,intfloat/multilingual-e5-small,defaults,"{""augmentation"": ""no_augmentation"", ""beto_model"": ""dccuchile/bert-base-spanish-wwm-cased"", ""chunk_stride"": 256, ""max_tokens"": 512, ""n_cv_splits"": 5, ""n_search_iter"": 0, ""seeds"": [42], ""sentence_transformer_model"": ""intfloat/multilingual-e5-small"", ""tfidf_lemmatize"": true, ""tfidf_max_df"": 0.9, ""tfidf_max_features"": 300, ""tfidf_min_df"": 3, ""tfidf_ngram_range"": [1, 2], ""tfidf_normalize_numbers"": true}",2026-09-10T02:14:30
E2_E5SMALL_QUESTION,frozen,question,2,no_augmentation,GAD7,42,Ridge,9.250398,False,intfloat/multilingual-e5-small,defaults,"{""augmentation"": ""no_augmentation"", ""beto_model"": ""dccuchile/bert-base-spanish-wwm-cased"", ""chunk_stride"": 256, ""max_tokens"": 512, ""n_cv_splits"": 5, ""n_search_iter"": 0, ""seeds"": [42], ""sentence_transformer_model"": ""intfloat/multilingual-e5-small"", ""tfidf_lemmatize"": true, ""tfidf_max_df"": 0.9, ""tfidf_max_features"": 300, ""tfidf_min_df"": 3, ""tfidf_ngram_range"": [1, 2], ""tfidf_normalize_numbers"": true}",2026-09-10T02:16:31
E2_E5SMALL_QUESTION,frozen,question,2,no_augmentation,GAD7,42,SVR,4.706244,True,intfloat/multilingual-e5-small,defaults,"{""augmentation"": ""no_augmentation"", ""beto_model"": ""dccuchile/bert-base-spanish-wwm-cased"", ""chunk_stride"": 256, ""max_tokens"": 512, ""n_cv_splits"": 5, ""n_search_iter"": 0, ""seeds"": [42], ""sentence_transformer_model"": ""intfloat/multilingual-e5-small"", ""tfidf_lemmatize"": true, ""tfidf_max_df"": 0.9, ""tfidf_max_features"": 300, ""tfidf_min_df"": 3, ""tfidf_ngram_range"": [1, 2], ""tfidf_normalize_numbers"": true}",2026-09-10T02:16:31
E2_E5SMALL_QUESTION,frozen,question,2,no_augmentation,GAD7,42,RandomForest,4.792092,False,intfloat/multilingual-e5-small,defaults,"{""augmentation"": ""no_augmentation"", ""beto_model"": ""dccuchile/bert-base-spanish-wwm-cased"", ""chunk_stride"": 256, ""max_tokens"": 512, ""n_cv_splits"": 5, ""n_search_iter"": 0, ""seeds"": [42], ""sentence_transformer_model"": ""intfloat/multilingual-e5-small"", ""tfidf_lemmatize"": true, ""tfidf_max_df"": 0.9, ""tfidf_max_features"": 300, ""tfidf_min_df"": 3, ""tfidf_ngram_range"": [1, 2], ""tfidf_normalize_numbers"": true}",2026-09-10T02:16:31
E2_E5SMALL_QUESTION,frozen,question,2,no_augmentation,GAD7,42,ExtraTrees,4.787799,False,intfloat/multilingual-e5-small,defaults,"{""augmentation"": ""no_augmentation"", ""beto_model"": ""dccuchile/bert-base-spanish-wwm-cased"", ""chunk_stride"": 256, ""max_tokens"": 512, ""n_cv_splits"": 5, ""n_search_iter"": 0, ""seeds"": [42], ""sentence_transformer_model"": ""intfloat/multilingual-e5-small"", ""tfidf_lemmatize"": true, ""tfidf_max_df"": 0.9, ""tfidf_max_features"": 300, ""tfidf_min_df"": 3, ""tfidf_ngram_range"": [1, 2], ""tfidf_normalize_numbers"": true}",2026-09-10T02:16:31
E2_E5SMALL_QUESTION,frozen,question,2,no_augmentation,GAD7,42,GradientBoosting,4.912152,False,intfloat/multilingual-e5-small,defaults,"{""augmentation"": ""no_augmentation"", ""beto_model"": ""dccuchile/bert-base-spanish-wwm-cased"", ""chunk_stride"": 256, ""max_tokens"": 512, ""n_cv_splits"": 5, ""n_search_iter"": 0, ""seeds"": [42], ""sentence_transformer_model"": ""intfloat/multilingual-e5-small"", ""tfidf_lemmatize"": true, ""tfidf_max_df"": 0.9, ""tfidf_max_features"": 300, ""tfidf_min_df"": 3, ""tfidf_ngram_range"": [1, 2], ""tfidf_normalize_numbers"": true}",2026-09-10T02:16:31
E2_E5SMALL_QUESTION,frozen,question,2,no_augmentation,GAD7,42,LightGBM,4.93208,False,intfloat/multilingual-e5-small,defaults,"{""augmentation"": ""no_augmentation"", ""beto_model"": ""dccuchile/bert-base-spanish-wwm-cased"", ""chunk_stride"": 256, ""max_tokens"": 512, ""n_cv_splits"": 5, ""n_search_iter"": 0, ""seeds"": [42], ""sentence_transformer_model"": ""intfloat/multilingual-e5-small"", ""tfidf_lemmatize"": true, ""tfidf_max_df"": 0.9, ""tfidf_max_features"": 300, ""tfidf_min_df"": 3, ""tfidf_ngram_range"": [1, 2], ""tfidf_normalize_numbers"": true}",2026-09-10T02:16:31
E2_E5SMALL_QUESTION,frozen,question,2,no_augmentation,GAD7,42,KNN,5.136555,False,intfloat/multilingual-e5-small,defaults,"{""augmentation"": ""no_augmentation"", ""beto_model"": ""dccuchile/bert-base-spanish-wwm-cased"", ""chunk_stride"": 256, ""max_tokens"": 512, ""n_cv_splits"": 5, ""n_search_iter"": 0, ""seeds"": [42], ""sentence_transformer_model"": ""intfloat/multilingual-e5-small"", ""tfidf_lemmatize"": true, ""tfidf_max_df"": 0.9, ""tfidf_max_features"": 300, ""tfidf_min_df"": 3, ""tfidf_ngram_range"": [1, 2], ""tfidf_normalize_numbers"": true}",2026-09-10T02:16:31
E2_E5SMALL_QUESTION,frozen,question,2,no_augmentation,GAD7,42,DecisionTree,6.095312,False,intfloat/multilingual-e5-small,defaults,"{""augmentation"": ""no_augmentation"", ""beto_model"": ""dccuchile/bert-base-spanish-wwm-cased"", ""chunk_stride"": 256, ""max_tokens"": 512, ""n_cv_splits"": 5, ""n_search_iter"": 0, ""seeds"": [42], ""sentence_transformer_model"": ""intfloat/multilingual-e5-small"", ""tfidf_lemmatize"": true, ""tfidf_max_df"": 0.9, ""tfidf_max_features"": 300, ""tfidf_min_df"": 3, ""tfidf_ngram_range"": [1, 2], ""tfidf_normalize_numbers"": true}",2026-09-10T02:16:31
E2_E5SMALL_QUESTION,frozen,question,2,no_augmentation,GAD7,42,AdaBoost,4.904148,False,intfloat/multilingual-e5-small,defaults,"{""augmentation"": ""no_augmentation"", ""beto_model"": ""dccuchile/bert-base-spanish-wwm-cased"", ""chunk_stride"": 256, ""max_tokens"": 512, ""n_cv_splits"": 5, ""n_search_iter"": 0, ""seeds"": [42], ""sentence_transformer_model"": ""intfloat/multilingual-e5-small"", ""tfidf_lemmatize"": true, ""tfidf_max_df"": 0.9, ""tfidf_max_features"": 300, ""tfidf_min_df"": 3, ""tfidf_ngram_range"": [1, 2], ""tfidf_normalize_numbers"": true}",2026-09-10T02:16:31
E2_E5BASE_QUESTION,frozen,question,2,no_augmentation,PHQ9,42,Ridge,8.116923,False,intfloat/multilingual-e5-base,defaults,"{""augmentation"": ""no_augmentation"", ""beto_model"": ""dccuchile/bert-base-spanish-wwm-cased"", ""chunk_stride"": 256, ""max_tokens"": 512, ""n_cv_splits"": 5, ""n_search_iter"": 0, ""seeds"": [42], ""sentence_transformer_model"": ""intfloat/multilingual-e5-small"", ""tfidf_lemmatize"": true, ""tfidf_max_df"": 0.9, ""tfidf_max_features"": 300, ""tfidf_min_df"": 3, ""tfidf_ngram_range"": [1, 2], ""tfidf_normalize_numbers"": true}",2026-09-10T02:20:20
E2_E5BASE_QUESTION,frozen,question,2,no_augmentation,PHQ9,42,SVR,5.2629,True,intfloat/multilingual-e5-base,defaults,"{""augmentation"": ""no_augmentation"", ""beto_model"": ""dccuchile/bert-base-spanish-wwm-cased"", ""chunk_stride"": 256, ""max_tokens"": 512, ""n_cv_splits"": 5, ""n_search_iter"": 0, ""seeds"": [42], ""sentence_transformer_model"": ""intfloat/multilingual-e5-small"", ""tfidf_lemmatize"": true, ""tfidf_max_df"": 0.9, ""tfidf_max_features"": 300, ""tfidf_min_df"": 3, ""tfidf_ngram_range"": [1, 2], ""tfidf_normalize_numbers"": true}",2026-09-10T02:20:20
E2_E5BASE_QUESTION,frozen,question,2,no_augmentation,PHQ9,42,RandomForest,5.440484,False,intfloat/multilingual-e5-base,defaults,"{""augmentation"": ""no_augmentation"", ""beto_model"": ""dccuchile/bert-base-spanish-wwm-cased"", ""chunk_stride"": 256, ""max_tokens"": 512, ""n_cv_splits"": 5, ""n_search_iter"": 0, ""seeds"": [42], ""sentence_transformer_model"": ""intfloat/multilingual-e5-small"", ""tfidf_lemmatize"": true, ""tfidf_max_df"": 0.9, ""tfidf_max_features"": 300, ""tfidf_min_df"": 3, ""tfidf_ngram_range"": [1, 2], ""tfidf_normalize_numbers"": true}",2026-09-10T02:20:20
E2_E5BASE_QUESTION,frozen,question,2,no_augmentation,PHQ9,42,ExtraTrees,5.498589,False,intfloat/multilingual-e5-base,defaults,"{""augmentation"": ""no_augmentation"", ""beto_model"": ""dccuchile/bert-base-spanish-wwm-cased"", ""chunk_stride"": 256, ""max_tokens"": 512, ""n_cv_splits"": 5, ""n_search_iter"": 0, ""seeds"": [42], ""sentence_transformer_model"": ""intfloat/multilingual-e5-small"", ""tfidf_lemmatize"": true, ""tfidf_max_df"": 0.9, ""tfidf_max_features"": 300, ""tfidf_min_df"": 3, ""tfidf_ngram_range"": [1, 2], ""tfidf_normalize_numbers"": true}",2026-09-10T02:20:20
E2_E5BASE_QUESTION,frozen,question,2,no_augmentation,PHQ9,42,GradientBoosting,5.451889,False,intfloat/multilingual-e5-base,defaults,"{""augmentation"": ""no_augmentation"", ""beto_model"": ""dccuchile/bert-base-spanish-wwm-cased"", ""chunk_stride"": 256, ""max_tokens"": 512, ""n_cv_splits"": 5, ""n_search_iter"": 0, ""seeds"": [42], ""sentence_transformer_model"": ""intfloat/multilingual-e5-small"", ""tfidf_lemmatize"": true, ""tfidf_max_df"": 0.9, ""tfidf_max_features"": 300, ""tfidf_min_df"": 3, ""tfidf_ngram_range"": [1, 2], ""tfidf_normalize_numbers"": true}",2026-09-10T02:20:20
E2_E5BASE_QUESTION,frozen,question,2,no_augmentation,PHQ9,42,LightGBM,5.423594,False,intfloat/multilingual-e5-base,defaults,"{""augmentation"": ""no_augmentation"", ""beto_model"": ""dccuchile/bert-base-spanish-wwm-cased"", ""chunk_stride"": 256, ""max_tokens"": 512, ""n_cv_splits"": 5, ""n_search_iter"": 0, ""seeds"": [42], ""sentence_transformer_model"": ""intfloat/multilingual-e5-small"", ""tfidf_lemmatize"": true, ""tfidf_max_df"": 0.9, ""tfidf_max_features"": 300, ""tfidf_min_df"": 3, ""tfidf_ngram_range"": [1, 2], ""tfidf_normalize_numbers"": true}",2026-09-10T02:20:20
E2_E5BASE_QUESTION,frozen,question,2,no_augmentation,PHQ9,42,KNN,5.566444,False,intfloat/multilingual-e5-base,defaults,"{""augmentation"": ""no_augmentation"", ""beto_model"": ""dccuchile/bert-base-spanish-wwm-cased"", ""chunk_stride"": 256, ""max_tokens"": 512, ""n_cv_splits"": 5, ""n_search_iter"": 0, ""seeds"": [42], ""sentence_transformer_model"": ""intfloat/multilingual-e5-small"", ""tfidf_lemmatize"": true, ""tfidf_max_df"": 0.9, ""tfidf_max_features"": 300, ""tfidf_min_df"": 3, ""tfidf_ngram_range"": [1, 2], ""tfidf_normalize_numbers"": true}",2026-09-10T02:20:20
E2_E5BASE_QUESTION,frozen,question,2,no_augmentation,PHQ9,42,DecisionTree,7.491956,False,intfloat/multilingual-e5-base,defaults,"{""augmentation"": ""no_augmentation"", ""beto_model"": ""dccuchile/bert-base-spanish-wwm-cased"", ""chunk_stride"": 256, ""max_tokens"": 512, ""n_cv_splits"": 5, ""n_search_iter"": 0, ""seeds"": [42], ""sentence_transformer_model"": ""intfloat/multilingual-e5-small"", ""tfidf_lemmatize"": true, ""tfidf_max_df"": 0.9, ""tfidf_max_features"": 300, ""tfidf_min_df"": 3, ""tfidf_ngram_range"": [1, 2], ""tfidf_normalize_numbers"": true}",2026-09-10T02:20:20
E2_E5BASE_QUESTION,frozen,question,2,no_augmentation,PHQ9,42,AdaBoost,5.344764,False,intfloat/multilingual-e5-base,defaults,"{""augmentation"": ""no_augmentation"", ""beto_model"": ""dccuchile/bert-base-spanish-wwm-cased"", ""chunk_stride"": 256, ""max_tokens"": 512, ""n_cv_splits"": 5, ""n_search_iter"": 0, ""seeds"": [42], ""sentence_transformer_model"": ""intfloat/multilingual-e5-small"", ""tfidf_lemmatize"": true, ""tfidf_max_df"": 0.9, ""tfidf_max_features"": 300, ""tfidf_min_df"": 3, ""tfidf_ngram_range"": [1, 2], ""tfidf_normalize_numbers"": true}",2026-09-10T02:20:20
E2_E5BASE_QUESTION,frozen,question,2,no_augmentation,GAD7,42,Ridge,7.095546,False,intfloat/multilingual-e5-base,defaults,"{""augmentation"": ""no_augmentation"", ""beto_model"": ""dccuchile/bert-base-spanish-wwm-cased"", ""chunk_stride"": 256, ""max_tokens"": 512, ""n_cv_splits"": 5, ""n_search_iter"": 0, ""seeds"": [42], ""sentence_transformer_model"": ""intfloat/multilingual-e5-small"", ""tfidf_lemmatize"": true, ""tfidf_max_df"": 0.9, ""tfidf_max_features"": 300, ""tfidf_min_df"": 3, ""tfidf_ngram_range"": [1, 2], ""tfidf_normalize_numbers"": true}",2026-09-10T02:24:09
E2_E5BASE_QUESTION,frozen,question,2,no_augmentation,GAD7,42,SVR,4.601733,True,intfloat/multilingual-e5-base,defaults,"{""augmentation"": ""no_augmentation"", ""beto_model"": ""dccuchile/bert-base-spanish-wwm-cased"", ""chunk_stride"": 256, ""max_tokens"": 512, ""n_cv_splits"": 5, ""n_search_iter"": 0, ""seeds"": [42], ""sentence_transformer_model"": ""intfloat/multilingual-e5-small"", ""tfidf_lemmatize"": true, ""tfidf_max_df"": 0.9, ""tfidf_max_features"": 300, ""tfidf_min_df"": 3, ""tfidf_ngram_range"": [1, 2], ""tfidf_normalize_numbers"": true}",2026-09-10T02:24:09
E2_E5BASE_QUESTION,frozen,question,2,no_augmentation,GAD7,42,RandomForest,4.629135,False,intfloat/multilingual-e5-base,defaults,"{""augmentation"": ""no_augmentation"", ""beto_model"": ""dccuchile/bert-base-spanish-wwm-cased"", ""chunk_stride"": 256, ""max_tokens"": 512, ""n_cv_splits"": 5, ""n_search_iter"": 0, ""seeds"": [42], ""sentence_transformer_model"": ""intfloat/multilingual-e5-small"", ""tfidf_lemmatize"": true, ""tfidf_max_df"": 0.9, ""tfidf_max_features"": 300, ""tfidf_min_df"": 3, ""tfidf_ngram_range"": [1, 2], ""tfidf_normalize_numbers"": true}",2026-09-10T02:24:09
E2_E5BASE_QUESTION,frozen,question,2,no_augmentation,GAD7,42,ExtraTrees,4.651202,False,intfloat/multilingual-e5-base,defaults,"{""augmentation"": ""no_augmentation"", ""beto_model"": ""dccuchile/bert-base-spanish-wwm-cased"", ""chunk_stride"": 256, ""max_tokens"": 512, ""n_cv_splits"": 5, ""n_search_iter"": 0, ""seeds"": [42], ""sentence_transformer_model"": ""intfloat/multilingual-e5-small"", ""tfidf_lemmatize"": true, ""tfidf_max_df"": 0.9, ""tfidf_max_features"": 300, ""tfidf_min_df"": 3, ""tfidf_ngram_range"": [1, 2], ""tfidf_normalize_numbers"": true}",2026-09-10T02:24:09
E2_E5BASE_QUESTION,frozen,question,2,no_augmentation,GAD7,42,GradientBoosting,4.67663,False,intfloat/multilingual-e5-base,defaults,"{""augmentation"": ""no_augmentation"", ""beto_model"": ""dccuchile/bert-base-spanish-wwm-cased"", ""chunk_stride"": 256, ""max_tokens"": 512, ""n_cv_splits"": 5, ""n_search_iter"": 0, ""seeds"": [42], ""sentence_transformer_model"": ""intfloat/multilingual-e5-small"", ""tfidf_lemmatize"": true, ""tfidf_max_df"": 0.9, ""tfidf_max_features"": 300, ""tfidf_min_df"": 3, ""tfidf_ngram_range"": [1, 2], ""tfidf_normalize_numbers"": true}",2026-09-10T02:24:09
E2_E5BASE_QUESTION,frozen,question,2,no_augmentation,GAD7,42,LightGBM,4.772546,False,intfloat/multilingual-e5-base,defaults,"{""augmentation"": ""no_augmentation"", ""beto_model"": ""dccuchile/bert-base-spanish-wwm-cased"", ""chunk_stride"": 256, ""max_tokens"": 512, ""n_cv_splits"": 5, ""n_search_iter"": 0, ""seeds"": [42], ""sentence_transformer_model"": ""intfloat/multilingual-e5-small"", ""tfidf_lemmatize"": true, ""tfidf_max_df"": 0.9, ""tfidf_max_features"": 300, ""tfidf_min_df"": 3, ""tfidf_ngram_range"": [1, 2], ""tfidf_normalize_numbers"": true}",2026-09-10T02:24:09
E2_E5BASE_QUESTION,frozen,question,2,no_augmentation,GAD7,42,KNN,4.940802,False,intfloat/multilingual-e5-base,defaults,"{""augmentation"": ""no_augmentation"", ""beto_model"": ""dccuchile/bert-base-spanish-wwm-cased"", ""chunk_stride"": 256, ""max_tokens"": 512, ""n_cv_splits"": 5, ""n_search_iter"": 0, ""seeds"": [42], ""sentence_transformer_model"": ""intfloat/multilingual-e5-small"", ""tfidf_lemmatize"": true, ""tfidf_max_df"": 0.9, ""tfidf_max_features"": 300, ""tfidf_min_df"": 3, ""tfidf_ngram_range"": [1, 2], ""tfidf_normalize_numbers"": true}",2026-09-10T02:24:09
E2_E5BASE_QUESTION,frozen,question,2,no_augmentation,GAD7,42,DecisionTree,5.915715,False,intfloat/multilingual-e5-base,defaults,"{""augmentation"": ""no_augmentation"", ""beto_model"": ""dccuchile/bert-base-spanish-wwm-cased"", ""chunk_stride"": 256, ""max_tokens"": 512, ""n_cv_splits"": 5, ""n_search_iter"": 0, ""seeds"": [42], ""sentence_transformer_model"": ""intfloat/multilingual-e5-small"", ""tfidf_lemmatize"": true, ""tfidf_max_df"": 0.9, ""tfidf_max_features"": 300, ""tfidf_min_df"": 3, ""tfidf_ngram_range"": [1, 2], ""tfidf_normalize_numbers"": true}",2026-09-10T02:24:09
E2_E5BASE_QUESTION,frozen,question,2,no_augmentation,GAD7,42,AdaBoost,4.618712,False,intfloat/multilingual-e5-base,defaults,"{""augmentation"": ""no_augmentation"", ""beto_model"": ""dccuchile/bert-base-spanish-wwm-cased"", ""chunk_stride"": 256, ""max_tokens"": 512, ""n_cv_splits"": 5, ""n_search_iter"": 0, ""seeds"": [42], ""sentence_transformer_model"": ""intfloat/multilingual-e5-small"", ""tfidf_lemmatize"": true, ""tfidf_max_df"": 0.9, ""tfidf_max_features"": 300, ""tfidf_min_df"": 3, ""tfidf_ngram_range"": [1, 2], ""tfidf_normalize_numbers"": true}",2026-09-10T02:24:09
E2_E5LARGE_QUESTION,frozen,question,2,no_augmentation,PHQ9,42,Ridge,7.857284,False,intfloat/multilingual-e5-large,defaults,"{""augmentation"": ""no_augmentation"", ""beto_model"": ""dccuchile/bert-base-spanish-wwm-cased"", ""chunk_stride"": 256, ""max_tokens"": 512, ""n_cv_splits"": 5, ""n_search_iter"": 0, ""seeds"": [42], ""sentence_transformer_model"": ""intfloat/multilingual-e5-small"", ""tfidf_lemmatize"": true, ""tfidf_max_df"": 0.9, ""tfidf_max_features"": 300, ""tfidf_min_df"": 3, ""tfidf_ngram_range"": [1, 2], ""tfidf_normalize_numbers"": true}",2026-09-10T02:29:11
E2_E5LARGE_QUESTION,frozen,question,2,no_augmentation,PHQ9,42,SVR,5.324954,True,intfloat/multilingual-e5-large,defaults,"{""augmentation"": ""no_augmentation"", ""beto_model"": ""dccuchile/bert-base-spanish-wwm-cased"", ""chunk_stride"": 256, ""max_tokens"": 512, ""n_cv_splits"": 5, ""n_search_iter"": 0, ""seeds"": [42], ""sentence_transformer_model"": ""intfloat/multilingual-e5-small"", ""tfidf_lemmatize"": true, ""tfidf_max_df"": 0.9, ""tfidf_max_features"": 300, ""tfidf_min_df"": 3, ""tfidf_ngram_range"": [1, 2], ""tfidf_normalize_numbers"": true}",2026-09-10T02:29:11
E2_E5LARGE_QUESTION,frozen,question,2,no_augmentation,PHQ9,42,RandomForest,5.451378,False,intfloat/multilingual-e5-large,defaults,"{""augmentation"": ""no_augmentation"", ""beto_model"": ""dccuchile/bert-base-spanish-wwm-cased"", ""chunk_stride"": 256, ""max_tokens"": 512, ""n_cv_splits"": 5, ""n_search_iter"": 0, ""seeds"": [42], ""sentence_transformer_model"": ""intfloat/multilingual-e5-small"", ""tfidf_lemmatize"": true, ""tfidf_max_df"": 0.9, ""tfidf_max_features"": 300, ""tfidf_min_df"": 3, ""tfidf_ngram_range"": [1, 2], ""tfidf_normalize_numbers"": true}",2026-09-10T02:29:11
E2_E5LARGE_QUESTION,frozen,question,2,no_augmentation,PHQ9,42,ExtraTrees,5.435997,False,intfloat/multilingual-e5-large,defaults,"{""augmentation"": ""no_augmentation"", ""beto_model"": ""dccuchile/bert-base-spanish-wwm-cased"", ""chunk_stride"": 256, ""max_tokens"": 512, ""n_cv_splits"": 5, ""n_search_iter"": 0, ""seeds"": [42], ""sentence_transformer_model"": ""intfloat/multilingual-e5-small"", ""tfidf_lemmatize"": true, ""tfidf_max_df"": 0.9, ""tfidf_max_features"": 300, ""tfidf_min_df"": 3, ""tfidf_ngram_range"": [1, 2], ""tfidf_normalize_numbers"": true}",2026-09-10T02:29:11
E2_E5LARGE_QUESTION,frozen,question,2,no_augmentation,PHQ9,42,GradientBoosting,5.568748,False,intfloat/multilingual-e5-large,defaults,"{""augmentation"": ""no_augmentation"", ""beto_model"": ""dccuchile/bert-base-spanish-wwm-cased"", ""chunk_stride"": 256, ""max_tokens"": 512, ""n_cv_splits"": 5, ""n_search_iter"": 0, ""seeds"": [42], ""sentence_transformer_model"": ""intfloat/multilingual-e5-small"", ""tfidf_lemmatize"": true, ""tfidf_max_df"": 0.9, ""tfidf_max_features"": 300, ""tfidf_min_df"": 3, ""tfidf_ngram_range"": [1, 2], ""tfidf_normalize_numbers"": true}",2026-09-10T02:29:11
E2_E5LARGE_QUESTION,frozen,question,2,no_augmentation,PHQ9,42,LightGBM,5.608852,False,intfloat/multilingual-e5-large,defaults,"{""augmentation"": ""no_augmentation"", ""beto_model"": ""dccuchile/bert-base-spanish-wwm-cased"", ""chunk_stride"": 256, ""max_tokens"": 512, ""n_cv_splits"": 5, ""n_search_iter"": 0, ""seeds"": [42], ""sentence_transformer_model"": ""intfloat/multilingual-e5-small"", ""tfidf_lemmatize"": true, ""tfidf_max_df"": 0.9, ""tfidf_max_features"": 300, ""tfidf_min_df"": 3, ""tfidf_ngram_range"": [1, 2], ""tfidf_normalize_numbers"": true}",2026-09-10T02:29:11
E2_E5LARGE_QUESTION,frozen,question,2,no_augmentation,PHQ9,42,KNN,5.383106,False,intfloat/multilingual-e5-large,defaults,"{""augmentation"": ""no_augmentation"", ""beto_model"": ""dccuchile/bert-base-spanish-wwm-cased"", ""chunk_stride"": 256, ""max_tokens"": 512, ""n_cv_splits"": 5, ""n_search_iter"": 0, ""seeds"": [42], ""sentence_transformer_model"": ""intfloat/multilingual-e5-small"", ""tfidf_lemmatize"": true, ""tfidf_max_df"": 0.9, ""tfidf_max_features"": 300, ""tfidf_min_df"": 3, ""tfidf_ngram_range"": [1, 2], ""tfidf_normalize_numbers"": true}",2026-09-10T02:29:11
E2_E5LARGE_QUESTION,frozen,question,2,no_augmentation,PHQ9,42,DecisionTree,6.778996,False,intfloat/multilingual-e5-large,defaults,"{""augmentation"": ""no_augmentation"", ""beto_model"": ""dccuchile/bert-base-spanish-wwm-cased"", ""chunk_stride"": 256, ""max_tokens"": 512, ""n_cv_splits"": 5, ""n_search_iter"": 0, ""seeds"": [42], ""sentence_transformer_model"": ""intfloat/multilingual-e5-small"", ""tfidf_lemmatize"": true, ""tfidf_max_df"": 0.9, ""tfidf_max_features"": 300, ""tfidf_min_df"": 3, ""tfidf_ngram_range"": [1, 2], ""tfidf_normalize_numbers"": true}",2026-09-10T02:29:11
E2_E5LARGE_QUESTION,frozen,question,2,no_augmentation,PHQ9,42,AdaBoost,5.487062,False,intfloat/multilingual-e5-large,defaults,"{""augmentation"": ""no_augmentation"", ""beto_model"": ""dccuchile/bert-base-spanish-wwm-cased"", ""chunk_stride"": 256, ""max_tokens"": 512, ""n_cv_splits"": 5, ""n_search_iter"": 0, ""seeds"": [42], ""sentence_transformer_model"": ""intfloat/multilingual-e5-small"", ""tfidf_lemmatize"": true, ""tfidf_max_df"": 0.9, ""tfidf_max_features"": 300, ""tfidf_min_df"": 3, ""tfidf_ngram_range"": [1, 2], ""tfidf_normalize_numbers"": true}",2026-09-10T02:29:11
E2_E5LARGE_QUESTION,frozen,question,2,no_augmentation,GAD7,42,Ridge,6.982471,False,intfloat/multilingual-e5-large,defaults,"{""augmentation"": ""no_augmentation"", ""beto_model"": ""dccuchile/bert-base-spanish-wwm-cased"", ""chunk_stride"": 256, ""max_tokens"": 512, ""n_cv_splits"": 5, ""n_search_iter"": 0, ""seeds"": [42], ""sentence_transformer_model"": ""intfloat/multilingual-e5-small"", ""tfidf_lemmatize"": true, ""tfidf_max_df"": 0.9, ""tfidf_max_features"": 300, ""tfidf_min_df"": 3, ""tfidf_ngram_range"": [1, 2], ""tfidf_normalize_numbers"": true}",2026-09-10T02:33:57
E2_E5LARGE_QUESTION,frozen,question,2,no_augmentation,GAD7,42,SVR,4.58932,False,intfloat/multilingual-e5-large,defaults,"{""augmentation"": ""no_augmentation"", ""beto_model"": ""dccuchile/bert-base-spanish-wwm-cased"", ""chunk_stride"": 256, ""max_tokens"": 512, ""n_cv_splits"": 5, ""n_search_iter"": 0, ""seeds"": [42], ""sentence_transformer_model"": ""intfloat/multilingual-e5-small"", ""tfidf_lemmatize"": true, ""tfidf_max_df"": 0.9, ""tfidf_max_features"": 300, ""tfidf_min_df"": 3, ""tfidf_ngram_range"": [1, 2], ""tfidf_normalize_numbers"": true}",2026-09-10T02:33:57
E2_E5LARGE_QUESTION,frozen,question,2,no_augmentation,GAD7,42,RandomForest,4.591165,False,intfloat/multilingual-e5-large,defaults,"{""augmentation"": ""no_augmentation"", ""beto_model"": ""dccuchile/bert-base-spanish-wwm-cased"", ""chunk_stride"": 256, ""max_tokens"": 512, ""n_cv_splits"": 5, ""n_search_iter"": 0, ""seeds"": [42], ""sentence_transformer_model"": ""intfloat/multilingual-e5-small"", ""tfidf_lemmatize"": true, ""tfidf_max_df"": 0.9, ""tfidf_max_features"": 300, ""tfidf_min_df"": 3, ""tfidf_ngram_range"": [1, 2], ""tfidf_normalize_numbers"": true}",2026-09-10T02:33:57
E2_E5LARGE_QUESTION,frozen,question,2,no_augmentation,GAD7,42,ExtraTrees,4.582472,True,intfloat/multilingual-e5-large,defaults,"{""augmentation"": ""no_augmentation"", ""beto_model"": ""dccuchile/bert-base-spanish-wwm-cased"", ""chunk_stride"": 256, ""max_tokens"": 512, ""n_cv_splits"": 5, ""n_search_iter"": 0, ""seeds"": [42], ""sentence_transformer_model"": ""intfloat/multilingual-e5-small"", ""tfidf_lemmatize"": true, ""tfidf_max_df"": 0.9, ""tfidf_max_features"": 300, ""tfidf_min_df"": 3, ""tfidf_ngram_range"": [1, 2], ""tfidf_normalize_numbers"": true}",2026-09-10T02:33:57
E2_E5LARGE_QUESTION,frozen,question,2,no_augmentation,GAD7,42,GradientBoosting,4.706748,False,intfloat/multilingual-e5-large,defaults,"{""augmentation"": ""no_augmentation"", ""beto_model"": ""dccuchile/bert-base-spanish-wwm-cased"", ""chunk_stride"": 256, ""max_tokens"": 512, ""n_cv_splits"": 5, ""n_search_iter"": 0, ""seeds"": [42], ""sentence_transformer_model"": ""intfloat/multilingual-e5-small"", ""tfidf_lemmatize"": true, ""tfidf_max_df"": 0.9, ""tfidf_max_features"": 300, ""tfidf_min_df"": 3, ""tfidf_ngram_range"": [1, 2], ""tfidf_normalize_numbers"": true}",2026-09-10T02:33:57
E2_E5LARGE_QUESTION,frozen,question,2,no_augmentation,GAD7,42,LightGBM,4.876011,False,intfloat/multilingual-e5-large,defaults,"{""augmentation"": ""no_augmentation"", ""beto_model"": ""dccuchile/bert-base-spanish-wwm-cased"", ""chunk_stride"": 256, ""max_tokens"": 512, ""n_cv_splits"": 5, ""n_search_iter"": 0, ""seeds"": [42], ""sentence_transformer_model"": ""intfloat/multilingual-e5-small"", ""tfidf_lemmatize"": true, ""tfidf_max_df"": 0.9, ""tfidf_max_features"": 300, ""tfidf_min_df"": 3, ""tfidf_ngram_range"": [1, 2], ""tfidf_normalize_numbers"": true}",2026-09-10T02:33:57
E2_E5LARGE_QUESTION,frozen,question,2,no_augmentation,GAD7,42,KNN,4.853947,False,intfloat/multilingual-e5-large,defaults,"{""augmentation"": ""no_augmentation"", ""beto_model"": ""dccuchile/bert-base-spanish-wwm-cased"", ""chunk_stride"": 256, ""max_tokens"": 512, ""n_cv_splits"": 5, ""n_search_iter"": 0, ""seeds"": [42], ""sentence_transformer_model"": ""intfloat/multilingual-e5-small"", ""tfidf_lemmatize"": true, ""tfidf_max_df"": 0.9, ""tfidf_max_features"": 300, ""tfidf_min_df"": 3, ""tfidf_ngram_range"": [1, 2], ""tfidf_normalize_numbers"": true}",2026-09-10T02:33:57
E2_E5LARGE_QUESTION,frozen,question,2,no_augmentation,GAD7,42,DecisionTree,5.977988,False,intfloat/multilingual-e5-large,defaults,"{""augmentation"": ""no_augmentation"", ""beto_model"": ""dccuchile/bert-base-spanish-wwm-cased"", ""chunk_stride"": 256, ""max_tokens"": 512, ""n_cv_splits"": 5, ""n_search_iter"": 0, ""seeds"": [42], ""sentence_transformer_model"": ""intfloat/multilingual-e5-small"", ""tfidf_lemmatize"": true, ""tfidf_max_df"": 0.9, ""tfidf_max_features"": 300, ""tfidf_min_df"": 3, ""tfidf_ngram_range"": [1, 2], ""tfidf_normalize_numbers"": true}",2026-09-10T02:33:57
E2_E5LARGE_QUESTION,frozen,question,2,no_augmentation,GAD7,42,AdaBoost,4.691193,False,intfloat/multilingual-e5-large,defaults,"{""augmentation"": ""no_augmentation"", ""beto_model"": ""dccuchile/bert-base-spanish-wwm-cased"", ""chunk_stride"": 256, ""max_tokens"": 512, ""n_cv_splits"": 5, ""n_search_iter"": 0, ""seeds"": [42], ""sentence_transformer_model"": ""intfloat/multilingual-e5-small"", ""tfidf_lemmatize"": true, ""tfidf_max_df"": 0.9, ""tfidf_max_features"": 300, ""tfidf_min_df"": 3, ""tfidf_ngram_range"": [1, 2], ""tfidf_normalize_numbers"": true}",2026-09-10T02:33:57
E0_TFIDF_QUESTION,frozen,question,2,no_augmentation,PHQ9,42,Ridge,6.053323,False,tfidf,defaults,"{""augmentation"": ""no_augmentation"", ""beto_model"": ""dccuchile/bert-base-spanish-wwm-cased"", ""chunk_stride"": 256, ""max_tokens"": 512, ""mental_es_model"": ""ELiRF/RoBERTa-es-mental-large"", ""n_cv_splits"": 5, ""n_search_iter"": 0, ""seeds"": [42], ""sentence_transformer_model"": ""intfloat/multilingual-e5-small"", ""tfidf_lemmatize"": true, ""tfidf_max_df"": 0.9, ""tfidf_max_features"": 300, ""tfidf_min_df"": 3, ""tfidf_ngram_range"": [1, 2], ""tfidf_normalize_numbers"": true}",2026-09-17T17:20:20
E0_TFIDF_QUESTION,frozen,question,2,no_augmentation,PHQ9,42,SVR,5.905756,False,tfidf,defaults,"{""augmentation"": ""no_augmentation"", ""beto_model"": ""dccuchile/bert-base-spanish-wwm-cased"", ""chunk_stride"": 256, ""max_tokens"": 512, ""mental_es_model"": ""ELiRF/RoBERTa-es-mental-large"", ""n_cv_splits"": 5, ""n_search_iter"": 0, ""seeds"": [42], ""sentence_transformer_model"": ""intfloat/multilingual-e5-small"", ""tfidf_lemmatize"": true, ""tfidf_max_df"": 0.9, ""tfidf_max_features"": 300, ""tfidf_min_df"": 3, ""tfidf_ngram_range"": [1, 2], ""tfidf_normalize_numbers"": true}",2026-09-17T17:20:20
E0_TFIDF_QUESTION,frozen,question,2,no_augmentation,PHQ9,42,RandomForest,5.790246,True,tfidf,defaults,"{""augmentation"": ""no_augmentation"", ""beto_model"": ""dccuchile/bert-base-spanish-wwm-cased"", ""chunk_stride"": 256, ""max_tokens"": 512, ""mental_es_model"": ""ELiRF/RoBERTa-es-mental-large"", ""n_cv_splits"": 5, ""n_search_iter"": 0, ""seeds"": [42], ""sentence_transformer_model"": ""intfloat/multilingual-e5-small"", ""tfidf_lemmatize"": true, ""tfidf_max_df"": 0.9, ""tfidf_max_features"": 300, ""tfidf_min_df"": 3, ""tfidf_ngram_range"": [1, 2], ""tfidf_normalize_numbers"": true}",2026-09-17T17:20:20
E0_TFIDF_QUESTION,frozen,question,2,no_augmentation,PHQ9,42,ExtraTrees,5.873878,False,tfidf,defaults,"{""augmentation"": ""no_augmentation"", ""beto_model"": ""dccuchile/bert-base-spanish-wwm-cased"", ""chunk_stride"": 256, ""max_tokens"": 512, ""mental_es_model"": ""ELiRF/RoBERTa-es-mental-large"", ""n_cv_splits"": 5, ""n_search_iter"": 0, ""seeds"": [42], ""sentence_transformer_model"": ""intfloat/multilingual-e5-small"", ""tfidf_lemmatize"": true, ""tfidf_max_df"": 0.9, ""tfidf_max_features"": 300, ""tfidf_min_df"": 3, ""tfidf_ngram_range"": [1, 2], ""tfidf_normalize_numbers"": true}",2026-09-17T17:20:20
E0_TFIDF_QUESTION,frozen,question,2,no_augmentation,PHQ9,42,GradientBoosting,6.112806,False,tfidf,defaults,"{""augmentation"": ""no_augmentation"", ""beto_model"": ""dccuchile/bert-base-spanish-wwm-cased"", ""chunk_stride"": 256, ""max_tokens"": 512, ""mental_es_model"": ""ELiRF/RoBERTa-es-mental-large"", ""n_cv_splits"": 5, ""n_search_iter"": 0, ""seeds"": [42], ""sentence_transformer_model"": ""intfloat/multilingual-e5-small"", ""tfidf_lemmatize"": true, ""tfidf_max_df"": 0.9, ""tfidf_max_features"": 300, ""tfidf_min_df"": 3, ""tfidf_ngram_range"": [1, 2], ""tfidf_normalize_numbers"": true}",2026-09-17T17:20:20
E0_TFIDF_QUESTION,frozen,question,2,no_augmentation,PHQ9,42,LightGBM,6.084392,False,tfidf,defaults,"{""augmentation"": ""no_augmentation"", ""beto_model"": ""dccuchile/bert-base-spanish-wwm-cased"", ""chunk_stride"": 256, ""max_tokens"": 512, ""mental_es_model"": ""ELiRF/RoBERTa-es-mental-large"", ""n_cv_splits"": 5, ""n_search_iter"": 0, ""seeds"": [42], ""sentence_transformer_model"": ""intfloat/multilingual-e5-small"", ""tfidf_lemmatize"": true, ""tfidf_max_df"": 0.9, ""tfidf_max_features"": 300, ""tfidf_min_df"": 3, ""tfidf_ngram_range"": [1, 2], ""tfidf_normalize_numbers"": true}",2026-09-17T17:20:20
E0_TFIDF_QUESTION,frozen,question,2,no_augmentation,PHQ9,42,KNN,6.193033,False,tfidf,defaults,"{""augmentation"": ""no_augmentation"", ""beto_model"": ""dccuchile/bert-base-spanish-wwm-cased"", ""chunk_stride"": 256, ""max_tokens"": 512, ""mental_es_model"": ""ELiRF/RoBERTa-es-mental-large"", ""n_cv_splits"": 5, ""n_search_iter"": 0, ""seeds"": [42], ""sentence_transformer_model"": ""intfloat/multilingual-e5-small"", ""tfidf_lemmatize"": true, ""tfidf_max_df"": 0.9, ""tfidf_max_features"": 300, ""tfidf_min_df"": 3, ""tfidf_ngram_range"": [1, 2], ""tfidf_normalize_numbers"": true}",2026-09-17T17:20:20
E0_TFIDF_QUESTION,frozen,question,2,no_augmentation,PHQ9,42,DecisionTree,6.793187,False,tfidf,defaults,"{""augmentation"": ""no_augmentation"", ""beto_model"": ""dccuchile/bert-base-spanish-wwm-cased"", ""chunk_stride"": 256, ""max_tokens"": 512, ""mental_es_model"": ""ELiRF/RoBERTa-es-mental-large"", ""n_cv_splits"": 5, ""n_search_iter"": 0, ""seeds"": [42], ""sentence_transformer_model"": ""intfloat/multilingual-e5-small"", ""tfidf_lemmatize"": true, ""tfidf_max_df"": 0.9, ""tfidf_max_features"": 300, ""tfidf_min_df"": 3, ""tfidf_ngram_range"": [1, 2], ""tfidf_normalize_numbers"": true}",2026-09-17T17:20:20
E0_TFIDF_QUESTION,frozen,question,2,no_augmentation,PHQ9,42,AdaBoost,5.887882,False,tfidf,defaults,"{""augmentation"": ""no_augmentation"", ""beto_model"": ""dccuchile/bert-base-spanish-wwm-cased"", ""chunk_stride"": 256, ""max_tokens"": 512, ""mental_es_model"": ""ELiRF/RoBERTa-es-mental-large"", ""n_cv_splits"": 5, ""n_search_iter"": 0, ""seeds"": [42], ""sentence_transformer_model"": ""intfloat/multilingual-e5-small"", ""tfidf_lemmatize"": true, ""tfidf_max_df"": 0.9, ""tfidf_max_features"": 300, ""tfidf_min_df"": 3, ""tfidf_ngram_range"": [1, 2], ""tfidf_normalize_numbers"": true}",2026-09-17T17:20:20
E0_TFIDF_QUESTION,frozen,question,2,no_augmentation,GAD7,42,Ridge,5.228856,False,tfidf,defaults,"{""augmentation"": ""no_augmentation"", ""beto_model"": ""dccuchile/bert-base-spanish-wwm-cased"", ""chunk_stride"": 256, ""max_tokens"": 512, ""mental_es_model"": ""ELiRF/RoBERTa-es-mental-large"", ""n_cv_splits"": 5, ""n_search_iter"": 0, ""seeds"": [42], ""sentence_transformer_model"": ""intfloat/multilingual-e5-small"", ""tfidf_lemmatize"": true, ""tfidf_max_df"": 0.9, ""tfidf_max_features"": 300, ""tfidf_min_df"": 3, ""tfidf_ngram_range"": [1, 2], ""tfidf_normalize_numbers"": true}",2026-09-17T17:20:35
E0_TFIDF_QUESTION,frozen,question,2,no_augmentation,GAD7,42,SVR,5.009187,False,tfidf,defaults,"{""augmentation"": ""no_augmentation"", ""beto_model"": ""dccuchile/bert-base-spanish-wwm-cased"", ""chunk_stride"": 256, ""max_tokens"": 512, ""mental_es_model"": ""ELiRF/RoBERTa-es-mental-large"", ""n_cv_splits"": 5, ""n_search_iter"": 0, ""seeds"": [42], ""sentence_transformer_model"": ""intfloat/multilingual-e5-small"", ""tfidf_lemmatize"": true, ""tfidf_max_df"": 0.9, ""tfidf_max_features"": 300, ""tfidf_min_df"": 3, ""tfidf_ngram_range"": [1, 2], ""tfidf_normalize_numbers"": true}",2026-09-17T17:20:35
E0_TFIDF_QUESTION,frozen,question,2,no_augmentation,GAD7,42,RandomForest,4.83921,True,tfidf,defaults,"{""augmentation"": ""no_augmentation"", ""beto_model"": ""dccuchile/bert-base-spanish-wwm-cased"", ""chunk_stride"": 256, ""max_tokens"": 512, ""mental_es_model"": ""ELiRF/RoBERTa-es-mental-large"", ""n_cv_splits"": 5, ""n_search_iter"": 0, ""seeds"": [42], ""sentence_transformer_model"": ""intfloat/multilingual-e5-small"", ""tfidf_lemmatize"": true, ""tfidf_max_df"": 0.9, ""tfidf_max_features"": 300, ""tfidf_min_df"": 3, ""tfidf_ngram_range"": [1, 2], ""tfidf_normalize_numbers"": true}",2026-09-17T17:20:35
E0_TFIDF_QUESTION,frozen,question,2,no_augmentation,GAD7,42,ExtraTrees,4.905492,False,tfidf,defaults,"{""augmentation"": ""no_augmentation"", ""beto_model"": ""dccuchile/bert-base-spanish-wwm-cased"", ""chunk_stride"": 256, ""max_tokens"": 512, ""mental_es_model"": ""ELiRF/RoBERTa-es-mental-large"", ""n_cv_splits"": 5, ""n_search_iter"": 0, ""seeds"": [42], ""sentence_transformer_model"": ""intfloat/multilingual-e5-small"", ""tfidf_lemmatize"": true, ""tfidf_max_df"": 0.9, ""tfidf_max_features"": 300, ""tfidf_min_df"": 3, ""tfidf_ngram_range"": [1, 2], ""tfidf_normalize_numbers"": true}",2026-09-17T17:20:35
E0_TFIDF_QUESTION,frozen,question,2,no_augmentation,GAD7,42,GradientBoosting,5.203473,False,tfidf,defaults,"{""augmentation"": ""no_augmentation"", ""beto_model"": ""dccuchile/bert-base-spanish-wwm-cased"", ""chunk_stride"": 256, ""max_tokens"": 512, ""mental_es_model"": ""ELiRF/RoBERTa-es-mental-large"", ""n_cv_splits"": 5, ""n_search_iter"": 0, ""seeds"": [42], ""sentence_transformer_model"": ""intfloat/multilingual-e5-small"", ""tfidf_lemmatize"": true, ""tfidf_max_df"": 0.9, ""tfidf_max_features"": 300, ""tfidf_min_df"": 3, ""tfidf_ngram_range"": [1, 2], ""tfidf_normalize_numbers"": true}",2026-09-17T17:20:35
E0_TFIDF_QUESTION,frozen,question,2,no_augmentation,GAD7,42,LightGBM,5.051186,False,tfidf,defaults,"{""augmentation"": ""no_augmentation"", ""beto_model"": ""dccuchile/bert-base-spanish-wwm-cased"", ""chunk_stride"": 256, ""max_tokens"": 512, ""mental_es_model"": ""ELiRF/RoBERTa-es-mental-large"", ""n_cv_splits"": 5, ""n_search_iter"": 0, ""seeds"": [42], ""sentence_transformer_model"": ""intfloat/multilingual-e5-small"", ""tfidf_lemmatize"": true, ""tfidf_max_df"": 0.9, ""tfidf_max_features"": 300, ""tfidf_min_df"": 3, ""tfidf_ngram_range"": [1, 2], ""tfidf_normalize_numbers"": true}",2026-09-17T17:20:35
E0_TFIDF_QUESTION,frozen,question,2,no_augmentation,GAD7,42,KNN,5.100465,False,tfidf,defaults,"{""augmentation"": ""no_augmentation"", ""beto_model"": ""dccuchile/bert-base-spanish-wwm-cased"", ""chunk_stride"": 256, ""max_tokens"": 512, ""mental_es_model"": ""ELiRF/RoBERTa-es-mental-large"", ""n_cv_splits"": 5, ""n_search_iter"": 0, ""seeds"": [42], ""sentence_transformer_model"": ""intfloat/multilingual-e5-small"", ""tfidf_lemmatize"": true, ""tfidf_max_df"": 0.9, ""tfidf_max_features"": 300, ""tfidf_min_df"": 3, ""tfidf_ngram_range"": [1, 2], ""tfidf_normalize_numbers"": true}",2026-09-17T17:20:35
E0_TFIDF_QUESTION,frozen,question,2,no_augmentation,GAD7,42,DecisionTree,5.546038,False,tfidf,defaults,"{""augmentation"": ""no_augmentation"", ""beto_model"": ""dccuchile/bert-base-spanish-wwm-cased"", ""chunk_stride"": 256, ""max_tokens"": 512, ""mental_es_model"": ""ELiRF/RoBERTa-es-mental-large"", ""n_cv_splits"": 5, ""n_search_iter"": 0, ""seeds"": [42], ""sentence_transformer_model"": ""intfloat/multilingual-e5-small"", ""tfidf_lemmatize"": true, ""tfidf_max_df"": 0.9, ""tfidf_max_features"": 300, ""tfidf_min_df"": 3, ""tfidf_ngram_range"": [1, 2], ""tfidf_normalize_numbers"": true}",2026-09-17T17:20:35
E0_TFIDF_QUESTION,frozen,question,2,no_augmentation,GAD7,42,AdaBoost,5.093532,False,tfidf,defaults,"{""augmentation"": ""no_augmentation"", ""beto_model"": ""dccuchile/bert-base-spanish-wwm-cased"", ""chunk_stride"": 256, ""max_tokens"": 512, ""mental_es_model"": ""ELiRF/RoBERTa-es-mental-large"", ""n_cv_splits"": 5, ""n_search_iter"": 0, ""seeds"": [42], ""sentence_transformer_model"": ""intfloat/multilingual-e5-small"", ""tfidf_lemmatize"": true, ""tfidf_max_df"": 0.9, ""tfidf_max_features"": 300, ""tfidf_min_df"": 3, ""tfidf_ngram_range"": [1, 2], ""tfidf_normalize_numbers"": true}",2026-09-17T17:20:35
E1_BETO_QUESTION,frozen,question,2,no_augmentation,PHQ9,42,Ridge,6.753318,False,dccuchile/bert-base-spanish-wwm-cased,defaults,"{""augmentation"": ""no_augmentation"", ""beto_model"": ""dccuchile/bert-base-spanish-wwm-cased"", ""chunk_stride"": 256, ""max_tokens"": 512, ""mental_es_model"": ""ELiRF/RoBERTa-es-mental-large"", ""n_cv_splits"": 5, ""n_search_iter"": 0, ""seeds"": [42], ""sentence_transformer_model"": ""intfloat/multilingual-e5-small"", ""tfidf_lemmatize"": true, ""tfidf_max_df"": 0.9, ""tfidf_max_features"": 300, ""tfidf_min_df"": 3, ""tfidf_ngram_range"": [1, 2], ""tfidf_normalize_numbers"": true}",2026-09-17T17:22:50
E1_BETO_QUESTION,frozen,question,2,no_augmentation,PHQ9,42,SVR,5.402295,True,dccuchile/bert-base-spanish-wwm-cased,defaults,"{""augmentation"": ""no_augmentation"", ""beto_model"": ""dccuchile/bert-base-spanish-wwm-cased"", ""chunk_stride"": 256, ""max_tokens"": 512, ""mental_es_model"": ""ELiRF/RoBERTa-es-mental-large"", ""n_cv_splits"": 5, ""n_search_iter"": 0, ""seeds"": [42], ""sentence_transformer_model"": ""intfloat/multilingual-e5-small"", ""tfidf_lemmatize"": true, ""tfidf_max_df"": 0.9, ""tfidf_max_features"": 300, ""tfidf_min_df"": 3, ""tfidf_ngram_range"": [1, 2], ""tfidf_normalize_numbers"": true}",2026-09-17T17:22:50
E1_BETO_QUESTION,frozen,question,2,no_augmentation,PHQ9,42,RandomForest,5.634881,False,dccuchile/bert-base-spanish-wwm-cased,defaults,"{""augmentation"": ""no_augmentation"", ""beto_model"": ""dccuchile/bert-base-spanish-wwm-cased"", ""chunk_stride"": 256, ""max_tokens"": 512, ""mental_es_model"": ""ELiRF/RoBERTa-es-mental-large"", ""n_cv_splits"": 5, ""n_search_iter"": 0, ""seeds"": [42], ""sentence_transformer_model"": ""intfloat/multilingual-e5-small"", ""tfidf_lemmatize"": true, ""tfidf_max_df"": 0.9, ""tfidf_max_features"": 300, ""tfidf_min_df"": 3, ""tfidf_ngram_range"": [1, 2], ""tfidf_normalize_numbers"": true}",2026-09-17T17:22:50
E1_BETO_QUESTION,frozen,question,2,no_augmentation,PHQ9,42,ExtraTrees,5.65393,False,dccuchile/bert-base-spanish-wwm-cased,defaults,"{""augmentation"": ""no_augmentation"", ""beto_model"": ""dccuchile/bert-base-spanish-wwm-cased"", ""chunk_stride"": 256, ""max_tokens"": 512, ""mental_es_model"": ""ELiRF/RoBERTa-es-mental-large"", ""n_cv_splits"": 5, ""n_search_iter"": 0, ""seeds"": [42], ""sentence_transformer_model"": ""intfloat/multilingual-e5-small"", ""tfidf_lemmatize"": true, ""tfidf_max_df"": 0.9, ""tfidf_max_features"": 300, ""tfidf_min_df"": 3, ""tfidf_ngram_range"": [1, 2], ""tfidf_normalize_numbers"": true}",2026-09-17T17:22:50
E1_BETO_QUESTION,frozen,question,2,no_augmentation,PHQ9,42,GradientBoosting,5.757916,False,dccuchile/bert-base-spanish-wwm-cased,defaults,"{""augmentation"": ""no_augmentation"", ""beto_model"": ""dccuchile/bert-base-spanish-wwm-cased"", ""chunk_stride"": 256, ""max_tokens"": 512, ""mental_es_model"": ""ELiRF/RoBERTa-es-mental-large"", ""n_cv_splits"": 5, ""n_search_iter"": 0, ""seeds"": [42], ""sentence_transformer_model"": ""intfloat/multilingual-e5-small"", ""tfidf_lemmatize"": true, ""tfidf_max_df"": 0.9, ""tfidf_max_features"": 300, ""tfidf_min_df"": 3, ""tfidf_ngram_range"": [1, 2], ""tfidf_normalize_numbers"": true}",2026-09-17T17:22:50
E1_BETO_QUESTION,frozen,question,2,no_augmentation,PHQ9,42,LightGBM,5.860401,False,dccuchile/bert-base-spanish-wwm-cased,defaults,"{""augmentation"": ""no_augmentation"", ""beto_model"": ""dccuchile/bert-base-spanish-wwm-cased"", ""chunk_stride"": 256, ""max_tokens"": 512, ""mental_es_model"": ""ELiRF/RoBERTa-es-mental-large"", ""n_cv_splits"": 5, ""n_search_iter"": 0, ""seeds"": [42], ""sentence_transformer_model"": ""intfloat/multilingual-e5-small"", ""tfidf_lemmatize"": true, ""tfidf_max_df"": 0.9, ""tfidf_max_features"": 300, ""tfidf_min_df"": 3, ""tfidf_ngram_range"": [1, 2], ""tfidf_normalize_numbers"": true}",2026-09-17T17:22:50
E1_BETO_QUESTION,frozen,question,2,no_augmentation,PHQ9,42,KNN,6.06848,False,dccuchile/bert-base-spanish-wwm-cased,defaults,"{""augmentation"": ""no_augmentation"", ""beto_model"": ""dccuchile/bert-base-spanish-wwm-cased"", ""chunk_stride"": 256, ""max_tokens"": 512, ""mental_es_model"": ""ELiRF/RoBERTa-es-mental-large"", ""n_cv_splits"": 5, ""n_search_iter"": 0, ""seeds"": [42], ""sentence_transformer_model"": ""intfloat/multilingual-e5-small"", ""tfidf_lemmatize"": true, ""tfidf_max_df"": 0.9, ""tfidf_max_features"": 300, ""tfidf_min_df"": 3, ""tfidf_ngram_range"": [1, 2], ""tfidf_normalize_numbers"": true}",2026-09-17T17:22:50
E1_BETO_QUESTION,frozen,question,2,no_augmentation,PHQ9,42,DecisionTree,7.562223,False,dccuchile/bert-base-spanish-wwm-cased,defaults,"{""augmentation"": ""no_augmentation"", ""beto_model"": ""dccuchile/bert-base-spanish-wwm-cased"", ""chunk_stride"": 256, ""max_tokens"": 512, ""mental_es_model"": ""ELiRF/RoBERTa-es-mental-large"", ""n_cv_splits"": 5, ""n_search_iter"": 0, ""seeds"": [42], ""sentence_transformer_model"": ""intfloat/multilingual-e5-small"", ""tfidf_lemmatize"": true, ""tfidf_max_df"": 0.9, ""tfidf_max_features"": 300, ""tfidf_min_df"": 3, ""tfidf_ngram_range"": [1, 2], ""tfidf_normalize_numbers"": true}",2026-09-17T17:22:50
E1_BETO_QUESTION,frozen,question,2,no_augmentation,PHQ9,42,AdaBoost,5.636303,False,dccuchile/bert-base-spanish-wwm-cased,defaults,"{""augmentation"": ""no_augmentation"", ""beto_model"": ""dccuchile/bert-base-spanish-wwm-cased"", ""chunk_stride"": 256, ""max_tokens"": 512, ""mental_es_model"": ""ELiRF/RoBERTa-es-mental-large"", ""n_cv_splits"": 5, ""n_search_iter"": 0, ""seeds"": [42], ""sentence_transformer_model"": ""intfloat/multilingual-e5-small"", ""tfidf_lemmatize"": true, ""tfidf_max_df"": 0.9, ""tfidf_max_features"": 300, ""tfidf_min_df"": 3, ""tfidf_ngram_range"": [1, 2], ""tfidf_normalize_numbers"": true}",2026-09-17T17:22:50
E1_BETO_QUESTION,frozen,question,2,no_augmentation,GAD7,42,Ridge,6.65317,False,dccuchile/bert-base-spanish-wwm-cased,defaults,"{""augmentation"": ""no_augmentation"", ""beto_model"": ""dccuchile/bert-base-spanish-wwm-cased"", ""chunk_stride"": 256, ""max_tokens"": 512, ""mental_es_model"": ""ELiRF/RoBERTa-es-mental-large"", ""n_cv_splits"": 5, ""n_search_iter"": 0, ""seeds"": [42], ""sentence_transformer_model"": ""intfloat/multilingual-e5-small"", ""tfidf_lemmatize"": true, ""tfidf_max_df"": 0.9, ""tfidf_max_features"": 300, ""tfidf_min_df"": 3, ""tfidf_ngram_range"": [1, 2], ""tfidf_normalize_numbers"": true}",2026-09-17T17:25:04
E1_BETO_QUESTION,frozen,question,2,no_augmentation,GAD7,42,SVR,4.602138,True,dccuchile/bert-base-spanish-wwm-cased,defaults,"{""augmentation"": ""no_augmentation"", ""beto_model"": ""dccuchile/bert-base-spanish-wwm-cased"", ""chunk_stride"": 256, ""max_tokens"": 512, ""mental_es_model"": ""ELiRF/RoBERTa-es-mental-large"", ""n_cv_splits"": 5, ""n_search_iter"": 0, ""seeds"": [42], ""sentence_transformer_model"": ""intfloat/multilingual-e5-small"", ""tfidf_lemmatize"": true, ""tfidf_max_df"": 0.9, ""tfidf_max_features"": 300, ""tfidf_min_df"": 3, ""tfidf_ngram_range"": [1, 2], ""tfidf_normalize_numbers"": true}",2026-09-17T17:25:04
E1_BETO_QUESTION,frozen,question,2,no_augmentation,GAD7,42,RandomForest,4.753548,False,dccuchile/bert-base-spanish-wwm-cased,defaults,"{""augmentation"": ""no_augmentation"", ""beto_model"": ""dccuchile/bert-base-spanish-wwm-cased"", ""chunk_stride"": 256, ""max_tokens"": 512, ""mental_es_model"": ""ELiRF/RoBERTa-es-mental-large"", ""n_cv_splits"": 5, ""n_search_iter"": 0, ""seeds"": [42], ""sentence_transformer_model"": ""intfloat/multilingual-e5-small"", ""tfidf_lemmatize"": true, ""tfidf_max_df"": 0.9, ""tfidf_max_features"": 300, ""tfidf_min_df"": 3, ""tfidf_ngram_range"": [1, 2], ""tfidf_normalize_numbers"": true}",2026-09-17T17:25:04
E1_BETO_QUESTION,frozen,question,2,no_augmentation,GAD7,42,ExtraTrees,4.74054,False,dccuchile/bert-base-spanish-wwm-cased,defaults,"{""augmentation"": ""no_augmentation"", ""beto_model"": ""dccuchile/bert-base-spanish-wwm-cased"", ""chunk_stride"": 256, ""max_tokens"": 512, ""mental_es_model"": ""ELiRF/RoBERTa-es-mental-large"", ""n_cv_splits"": 5, ""n_search_iter"": 0, ""seeds"": [42], ""sentence_transformer_model"": ""intfloat/multilingual-e5-small"", ""tfidf_lemmatize"": true, ""tfidf_max_df"": 0.9, ""tfidf_max_features"": 300, ""tfidf_min_df"": 3, ""tfidf_ngram_range"": [1, 2], ""tfidf_normalize_numbers"": true}",2026-09-17T17:25:04
E1_BETO_QUESTION,frozen,question,2,no_augmentation,GAD7,42,GradientBoosting,4.97964,False,dccuchile/bert-base-spanish-wwm-cased,defaults,"{""augmentation"": ""no_augmentation"", ""beto_model"": ""dccuchile/bert-base-spanish-wwm-cased"", ""chunk_stride"": 256, ""max_tokens"": 512, ""mental_es_model"": ""ELiRF/RoBERTa-es-mental-large"", ""n_cv_splits"": 5, ""n_search_iter"": 0, ""seeds"": [42], ""sentence_transformer_model"": ""intfloat/multilingual-e5-small"", ""tfidf_lemmatize"": true, ""tfidf_max_df"": 0.9, ""tfidf_max_features"": 300, ""tfidf_min_df"": 3, ""tfidf_ngram_range"": [1, 2], ""tfidf_normalize_numbers"": true}",2026-09-17T17:25:04
E1_BETO_QUESTION,frozen,question,2,no_augmentation,GAD7,42,LightGBM,4.989938,False,dccuchile/bert-base-spanish-wwm-cased,defaults,"{""augmentation"": ""no_augmentation"", ""beto_model"": ""dccuchile/bert-base-spanish-wwm-cased"", ""chunk_stride"": 256, ""max_tokens"": 512, ""mental_es_model"": ""ELiRF/RoBERTa-es-mental-large"", ""n_cv_splits"": 5, ""n_search_iter"": 0, ""seeds"": [42], ""sentence_transformer_model"": ""intfloat/multilingual-e5-small"", ""tfidf_lemmatize"": true, ""tfidf_max_df"": 0.9, ""tfidf_max_features"": 300, ""tfidf_min_df"": 3, ""tfidf_ngram_range"": [1, 2], ""tfidf_normalize_numbers"": true}",2026-09-17T17:25:04
E1_BETO_QUESTION,frozen,question,2,no_augmentation,GAD7,42,KNN,5.117181,False,dccuchile/bert-base-spanish-wwm-cased,defaults,"{""augmentation"": ""no_augmentation"", ""beto_model"": ""dccuchile/bert-base-spanish-wwm-cased"", ""chunk_stride"": 256, ""max_tokens"": 512, ""mental_es_model"": ""ELiRF/RoBERTa-es-mental-large"", ""n_cv_splits"": 5, ""n_search_iter"": 0, ""seeds"": [42], ""sentence_transformer_model"": ""intfloat/multilingual-e5-small"", ""tfidf_lemmatize"": true, ""tfidf_max_df"": 0.9, ""tfidf_max_features"": 300, ""tfidf_min_df"": 3, ""tfidf_ngram_range"": [1, 2], ""tfidf_normalize_numbers"": true}",2026-09-17T17:25:04
E1_BETO_QUESTION,frozen,question,2,no_augmentation,GAD7,42,DecisionTree,6.216287,False,dccuchile/bert-base-spanish-wwm-cased,defaults,"{""augmentation"": ""no_augmentation"", ""beto_model"": ""dccuchile/bert-base-spanish-wwm-cased"", ""chunk_stride"": 256, ""max_tokens"": 512, ""mental_es_model"": ""ELiRF/RoBERTa-es-mental-large"", ""n_cv_splits"": 5, ""n_search_iter"": 0, ""seeds"": [42], ""sentence_transformer_model"": ""intfloat/multilingual-e5-small"", ""tfidf_lemmatize"": true, ""tfidf_max_df"": 0.9, ""tfidf_max_features"": 300, ""tfidf_min_df"": 3, ""tfidf_ngram_range"": [1, 2], ""tfidf_normalize_numbers"": true}",2026-09-17T17:25:04
E1_BETO_QUESTION,frozen,question,2,no_augmentation,GAD7,42,AdaBoost,4.914865,False,dccuchile/bert-base-spanish-wwm-cased,defaults,"{""augmentation"": ""no_augmentation"", ""beto_model"": ""dccuchile/bert-base-spanish-wwm-cased"", ""chunk_stride"": 256, ""max_tokens"": 512, ""mental_es_model"": ""ELiRF/RoBERTa-es-mental-large"", ""n_cv_splits"": 5, ""n_search_iter"": 0, ""seeds"": [42], ""sentence_transformer_model"": ""intfloat/multilingual-e5-small"", ""tfidf_lemmatize"": true, ""tfidf_max_df"": 0.9, ""tfidf_max_features"": 300, ""tfidf_min_df"": 3, ""tfidf_ngram_range"": [1, 2], ""tfidf_normalize_numbers"": true}",2026-09-17T17:25:04
E2_E5SMALL_QUESTION,frozen,question,2,no_augmentation,PHQ9,42,Ridge,10.933755,False,intfloat/multilingual-e5-small,defaults,"{""augmentation"": ""no_augmentation"", ""beto_model"": ""dccuchile/bert-base-spanish-wwm-cased"", ""chunk_stride"": 256, ""max_tokens"": 512, ""mental_es_model"": ""ELiRF/RoBERTa-es-mental-large"", ""n_cv_splits"": 5, ""n_search_iter"": 0, ""seeds"": [42], ""sentence_transformer_model"": ""intfloat/multilingual-e5-small"", ""tfidf_lemmatize"": true, ""tfidf_max_df"": 0.9, ""tfidf_max_features"": 300, ""tfidf_min_df"": 3, ""tfidf_ngram_range"": [1, 2], ""tfidf_normalize_numbers"": true}",2026-09-17T17:26:14
E2_E5SMALL_QUESTION,frozen,question,2,no_augmentation,PHQ9,42,SVR,5.530396,True,intfloat/multilingual-e5-small,defaults,"{""augmentation"": ""no_augmentation"", ""beto_model"": ""dccuchile/bert-base-spanish-wwm-cased"", ""chunk_stride"": 256, ""max_tokens"": 512, ""mental_es_model"": ""ELiRF/RoBERTa-es-mental-large"", ""n_cv_splits"": 5, ""n_search_iter"": 0, ""seeds"": [42], ""sentence_transformer_model"": ""intfloat/multilingual-e5-small"", ""tfidf_lemmatize"": true, ""tfidf_max_df"": 0.9, ""tfidf_max_features"": 300, ""tfidf_min_df"": 3, ""tfidf_ngram_range"": [1, 2], ""tfidf_normalize_numbers"": true}",2026-09-17T17:26:14
E2_E5SMALL_QUESTION,frozen,question,2,no_augmentation,PHQ9,42,RandomForest,5.744962,False,intfloat/multilingual-e5-small,defaults,"{""augmentation"": ""no_augmentation"", ""beto_model"": ""dccuchile/bert-base-spanish-wwm-cased"", ""chunk_stride"": 256, ""max_tokens"": 512, ""mental_es_model"": ""ELiRF/RoBERTa-es-mental-large"", ""n_cv_splits"": 5, ""n_search_iter"": 0, ""seeds"": [42], ""sentence_transformer_model"": ""intfloat/multilingual-e5-small"", ""tfidf_lemmatize"": true, ""tfidf_max_df"": 0.9, ""tfidf_max_features"": 300, ""tfidf_min_df"": 3, ""tfidf_ngram_range"": [1, 2], ""tfidf_normalize_numbers"": true}",2026-09-17T17:26:14
E2_E5SMALL_QUESTION,frozen,question,2,no_augmentation,PHQ9,42,ExtraTrees,5.761456,False,intfloat/multilingual-e5-small,defaults,"{""augmentation"": ""no_augmentation"", ""beto_model"": ""dccuchile/bert-base-spanish-wwm-cased"", ""chunk_stride"": 256, ""max_tokens"": 512, ""mental_es_model"": ""ELiRF/RoBERTa-es-mental-large"", ""n_cv_splits"": 5, ""n_search_iter"": 0, ""seeds"": [42], ""sentence_transformer_model"": ""intfloat/multilingual-e5-small"", ""tfidf_lemmatize"": true, ""tfidf_max_df"": 0.9, ""tfidf_max_features"": 300, ""tfidf_min_df"": 3, ""tfidf_ngram_range"": [1, 2], ""tfidf_normalize_numbers"": true}",2026-09-17T17:26:14
E2_E5SMALL_QUESTION,frozen,question,2,no_augmentation,PHQ9,42,GradientBoosting,5.801777,False,intfloat/multilingual-e5-small,defaults,"{""augmentation"": ""no_augmentation"", ""beto_model"": ""dccuchile/bert-base-spanish-wwm-cased"", ""chunk_stride"": 256, ""max_tokens"": 512, ""mental_es_model"": ""ELiRF/RoBERTa-es-mental-large"", ""n_cv_splits"": 5, ""n_search_iter"": 0, ""seeds"": [42], ""sentence_transformer_model"": ""intfloat/multilingual-e5-small"", ""tfidf_lemmatize"": true, ""tfidf_max_df"": 0.9, ""tfidf_max_features"": 300, ""tfidf_min_df"": 3, ""tfidf_ngram_range"": [1, 2], ""tfidf_normalize_numbers"": true}",2026-09-17T17:26:14
E2_E5SMALL_QUESTION,frozen,question,2,no_augmentation,PHQ9,42,LightGBM,5.779412,False,intfloat/multilingual-e5-small,defaults,"{""augmentation"": ""no_augmentation"", ""beto_model"": ""dccuchile/bert-base-spanish-wwm-cased"", ""chunk_stride"": 256, ""max_tokens"": 512, ""mental_es_model"": ""ELiRF/RoBERTa-es-mental-large"", ""n_cv_splits"": 5, ""n_search_iter"": 0, ""seeds"": [42], ""sentence_transformer_model"": ""intfloat/multilingual-e5-small"", ""tfidf_lemmatize"": true, ""tfidf_max_df"": 0.9, ""tfidf_max_features"": 300, ""tfidf_min_df"": 3, ""tfidf_ngram_range"": [1, 2], ""tfidf_normalize_numbers"": true}",2026-09-17T17:26:14
E2_E5SMALL_QUESTION,frozen,question,2,no_augmentation,PHQ9,42,KNN,5.98239,False,intfloat/multilingual-e5-small,defaults,"{""augmentation"": ""no_augmentation"", ""beto_model"": ""dccuchile/bert-base-spanish-wwm-cased"", ""chunk_stride"": 256, ""max_tokens"": 512, ""mental_es_model"": ""ELiRF/RoBERTa-es-mental-large"", ""n_cv_splits"": 5, ""n_search_iter"": 0, ""seeds"": [42], ""sentence_transformer_model"": ""intfloat/multilingual-e5-small"", ""tfidf_lemmatize"": true, ""tfidf_max_df"": 0.9, ""tfidf_max_features"": 300, ""tfidf_min_df"": 3, ""tfidf_ngram_range"": [1, 2], ""tfidf_normalize_numbers"": true}",2026-09-17T17:26:14
E2_E5SMALL_QUESTION,frozen,question,2,no_augmentation,PHQ9,42,DecisionTree,7.425374,False,intfloat/multilingual-e5-small,defaults,"{""augmentation"": ""no_augmentation"", ""beto_model"": ""dccuchile/bert-base-spanish-wwm-cased"", ""chunk_stride"": 256, ""max_tokens"": 512, ""mental_es_model"": ""ELiRF/RoBERTa-es-mental-large"", ""n_cv_splits"": 5, ""n_search_iter"": 0, ""seeds"": [42], ""sentence_transformer_model"": ""intfloat/multilingual-e5-small"", ""tfidf_lemmatize"": true, ""tfidf_max_df"": 0.9, ""tfidf_max_features"": 300, ""tfidf_min_df"": 3, ""tfidf_ngram_range"": [1, 2], ""tfidf_normalize_numbers"": true}",2026-09-17T17:26:14
E2_E5SMALL_QUESTION,frozen,question,2,no_augmentation,PHQ9,42,AdaBoost,5.785546,False,intfloat/multilingual-e5-small,defaults,"{""augmentation"": ""no_augmentation"", ""beto_model"": ""dccuchile/bert-base-spanish-wwm-cased"", ""chunk_stride"": 256, ""max_tokens"": 512, ""mental_es_model"": ""ELiRF/RoBERTa-es-mental-large"", ""n_cv_splits"": 5, ""n_search_iter"": 0, ""seeds"": [42], ""sentence_transformer_model"": ""intfloat/multilingual-e5-small"", ""tfidf_lemmatize"": true, ""tfidf_max_df"": 0.9, ""tfidf_max_features"": 300, ""tfidf_min_df"": 3, ""tfidf_ngram_range"": [1, 2], ""tfidf_normalize_numbers"": true}",2026-09-17T17:26:14
E2_E5SMALL_QUESTION,frozen,question,2,no_augmentation,GAD7,42,Ridge,9.250398,False,intfloat/multilingual-e5-small,defaults,"{""augmentation"": ""no_augmentation"", ""beto_model"": ""dccuchile/bert-base-spanish-wwm-cased"", ""chunk_stride"": 256, ""max_tokens"": 512, ""mental_es_model"": ""ELiRF/RoBERTa-es-mental-large"", ""n_cv_splits"": 5, ""n_search_iter"": 0, ""seeds"": [42], ""sentence_transformer_model"": ""intfloat/multilingual-e5-small"", ""tfidf_lemmatize"": true, ""tfidf_max_df"": 0.9, ""tfidf_max_features"": 300, ""tfidf_min_df"": 3, ""tfidf_ngram_range"": [1, 2], ""tfidf_normalize_numbers"": true}",2026-09-17T17:27:23
E2_E5SMALL_QUESTION,frozen,question,2,no_augmentation,GAD7,42,SVR,4.706244,True,intfloat/multilingual-e5-small,defaults,"{""augmentation"": ""no_augmentation"", ""beto_model"": ""dccuchile/bert-base-spanish-wwm-cased"", ""chunk_stride"": 256, ""max_tokens"": 512, ""mental_es_model"": ""ELiRF/RoBERTa-es-mental-large"", ""n_cv_splits"": 5, ""n_search_iter"": 0, ""seeds"": [42], ""sentence_transformer_model"": ""intfloat/multilingual-e5-small"", ""tfidf_lemmatize"": true, ""tfidf_max_df"": 0.9, ""tfidf_max_features"": 300, ""tfidf_min_df"": 3, ""tfidf_ngram_range"": [1, 2], ""tfidf_normalize_numbers"": true}",2026-09-17T17:27:23
E2_E5SMALL_QUESTION,frozen,question,2,no_augmentation,GAD7,42,RandomForest,4.792092,False,intfloat/multilingual-e5-small,defaults,"{""augmentation"": ""no_augmentation"", ""beto_model"": ""dccuchile/bert-base-spanish-wwm-cased"", ""chunk_stride"": 256, ""max_tokens"": 512, ""mental_es_model"": ""ELiRF/RoBERTa-es-mental-large"", ""n_cv_splits"": 5, ""n_search_iter"": 0, ""seeds"": [42], ""sentence_transformer_model"": ""intfloat/multilingual-e5-small"", ""tfidf_lemmatize"": true, ""tfidf_max_df"": 0.9, ""tfidf_max_features"": 300, ""tfidf_min_df"": 3, ""tfidf_ngram_range"": [1, 2], ""tfidf_normalize_numbers"": true}",2026-09-17T17:27:23
E2_E5SMALL_QUESTION,frozen,question,2,no_augmentation,GAD7,42,ExtraTrees,4.787799,False,intfloat/multilingual-e5-small,defaults,"{""augmentation"": ""no_augmentation"", ""beto_model"": ""dccuchile/bert-base-spanish-wwm-cased"", ""chunk_stride"": 256, ""max_tokens"": 512, ""mental_es_model"": ""ELiRF/RoBERTa-es-mental-large"", ""n_cv_splits"": 5, ""n_search_iter"": 0, ""seeds"": [42], ""sentence_transformer_model"": ""intfloat/multilingual-e5-small"", ""tfidf_lemmatize"": true, ""tfidf_max_df"": 0.9, ""tfidf_max_features"": 300, ""tfidf_min_df"": 3, ""tfidf_ngram_range"": [1, 2], ""tfidf_normalize_numbers"": true}",2026-09-17T17:27:23
E2_E5SMALL_QUESTION,frozen,question,2,no_augmentation,GAD7,42,GradientBoosting,4.912152,False,intfloat/multilingual-e5-small,defaults,"{""augmentation"": ""no_augmentation"", ""beto_model"": ""dccuchile/bert-base-spanish-wwm-cased"", ""chunk_stride"": 256, ""max_tokens"": 512, ""mental_es_model"": ""ELiRF/RoBERTa-es-mental-large"", ""n_cv_splits"": 5, ""n_search_iter"": 0, ""seeds"": [42], ""sentence_transformer_model"": ""intfloat/multilingual-e5-small"", ""tfidf_lemmatize"": true, ""tfidf_max_df"": 0.9, ""tfidf_max_features"": 300, ""tfidf_min_df"": 3, ""tfidf_ngram_range"": [1, 2], ""tfidf_normalize_numbers"": true}",2026-09-17T17:27:23
E2_E5SMALL_QUESTION,frozen,question,2,no_augmentation,GAD7,42,LightGBM,4.93208,False,intfloat/multilingual-e5-small,defaults,"{""augmentation"": ""no_augmentation"", ""beto_model"": ""dccuchile/bert-base-spanish-wwm-cased"", ""chunk_stride"": 256, ""max_tokens"": 512, ""mental_es_model"": ""ELiRF/RoBERTa-es-mental-large"", ""n_cv_splits"": 5, ""n_search_iter"": 0, ""seeds"": [42], ""sentence_transformer_model"": ""intfloat/multilingual-e5-small"", ""tfidf_lemmatize"": true, ""tfidf_max_df"": 0.9, ""tfidf_max_features"": 300, ""tfidf_min_df"": 3, ""tfidf_ngram_range"": [1, 2], ""tfidf_normalize_numbers"": true}",2026-09-17T17:27:23
E2_E5SMALL_QUESTION,frozen,question,2,no_augmentation,GAD7,42,KNN,5.136555,False,intfloat/multilingual-e5-small,defaults,"{""augmentation"": ""no_augmentation"", ""beto_model"": ""dccuchile/bert-base-spanish-wwm-cased"", ""chunk_stride"": 256, ""max_tokens"": 512, ""mental_es_model"": ""ELiRF/RoBERTa-es-mental-large"", ""n_cv_splits"": 5, ""n_search_iter"": 0, ""seeds"": [42], ""sentence_transformer_model"": ""intfloat/multilingual-e5-small"", ""tfidf_lemmatize"": true, ""tfidf_max_df"": 0.9, ""tfidf_max_features"": 300, ""tfidf_min_df"": 3, ""tfidf_ngram_range"": [1, 2], ""tfidf_normalize_numbers"": true}",2026-09-17T17:27:23
E2_E5SMALL_QUESTION,frozen,question,2,no_augmentation,GAD7,42,DecisionTree,6.095312,False,intfloat/multilingual-e5-small,defaults,"{""augmentation"": ""no_augmentation"", ""beto_model"": ""dccuchile/bert-base-spanish-wwm-cased"", ""chunk_stride"": 256, ""max_tokens"": 512, ""mental_es_model"": ""ELiRF/RoBERTa-es-mental-large"", ""n_cv_splits"": 5, ""n_search_iter"": 0, ""seeds"": [42], ""sentence_transformer_model"": ""intfloat/multilingual-e5-small"", ""tfidf_lemmatize"": true, ""tfidf_max_df"": 0.9, ""tfidf_max_features"": 300, ""tfidf_min_df"": 3, ""tfidf_ngram_range"": [1, 2], ""tfidf_normalize_numbers"": true}",2026-09-17T17:27:23
E2_E5SMALL_QUESTION,frozen,question,2,no_augmentation,GAD7,42,AdaBoost,4.904148,False,intfloat/multilingual-e5-small,defaults,"{""augmentation"": ""no_augmentation"", ""beto_model"": ""dccuchile/bert-base-spanish-wwm-cased"", ""chunk_stride"": 256, ""max_tokens"": 512, ""mental_es_model"": ""ELiRF/RoBERTa-es-mental-large"", ""n_cv_splits"": 5, ""n_search_iter"": 0, ""seeds"": [42], ""sentence_transformer_model"": ""intfloat/multilingual-e5-small"", ""tfidf_lemmatize"": true, ""tfidf_max_df"": 0.9, ""tfidf_max_features"": 300, ""tfidf_min_df"": 3, ""tfidf_ngram_range"": [1, 2], ""tfidf_normalize_numbers"": true}",2026-09-17T17:27:23
E2_E5BASE_QUESTION,frozen,question,2,no_augmentation,PHQ9,42,Ridge,8.116923,False,intfloat/multilingual-e5-base,defaults,"{""augmentation"": ""no_augmentation"", ""beto_model"": ""dccuchile/bert-base-spanish-wwm-cased"", ""chunk_stride"": 256, ""max_tokens"": 512, ""mental_es_model"": ""ELiRF/RoBERTa-es-mental-large"", ""n_cv_splits"": 5, ""n_search_iter"": 0, ""seeds"": [42], ""sentence_transformer_model"": ""intfloat/multilingual-e5-small"", ""tfidf_lemmatize"": true, ""tfidf_max_df"": 0.9, ""tfidf_max_features"": 300, ""tfidf_min_df"": 3, ""tfidf_ngram_range"": [1, 2], ""tfidf_normalize_numbers"": true}",2026-09-17T17:29:39
E2_E5BASE_QUESTION,frozen,question,2,no_augmentation,PHQ9,42,SVR,5.2629,True,intfloat/multilingual-e5-base,defaults,"{""augmentation"": ""no_augmentation"", ""beto_model"": ""dccuchile/bert-base-spanish-wwm-cased"", ""chunk_stride"": 256, ""max_tokens"": 512, ""mental_es_model"": ""ELiRF/RoBERTa-es-mental-large"", ""n_cv_splits"": 5, ""n_search_iter"": 0, ""seeds"": [42], ""sentence_transformer_model"": ""intfloat/multilingual-e5-small"", ""tfidf_lemmatize"": true, ""tfidf_max_df"": 0.9, ""tfidf_max_features"": 300, ""tfidf_min_df"": 3, ""tfidf_ngram_range"": [1, 2], ""tfidf_normalize_numbers"": true}",2026-09-17T17:29:39
E2_E5BASE_QUESTION,frozen,question,2,no_augmentation,PHQ9,42,RandomForest,5.440484,False,intfloat/multilingual-e5-base,defaults,"{""augmentation"": ""no_augmentation"", ""beto_model"": ""dccuchile/bert-base-spanish-wwm-cased"", ""chunk_stride"": 256, ""max_tokens"": 512, ""mental_es_model"": ""ELiRF/RoBERTa-es-mental-large"", ""n_cv_splits"": 5, ""n_search_iter"": 0, ""seeds"": [42], ""sentence_transformer_model"": ""intfloat/multilingual-e5-small"", ""tfidf_lemmatize"": true, ""tfidf_max_df"": 0.9, ""tfidf_max_features"": 300, ""tfidf_min_df"": 3, ""tfidf_ngram_range"": [1, 2], ""tfidf_normalize_numbers"": true}",2026-09-17T17:29:39
E2_E5BASE_QUESTION,frozen,question,2,no_augmentation,PHQ9,42,ExtraTrees,5.498589,False,intfloat/multilingual-e5-base,defaults,"{""augmentation"": ""no_augmentation"", ""beto_model"": ""dccuchile/bert-base-spanish-wwm-cased"", ""chunk_stride"": 256, ""max_tokens"": 512, ""mental_es_model"": ""ELiRF/RoBERTa-es-mental-large"", ""n_cv_splits"": 5, ""n_search_iter"": 0, ""seeds"": [42], ""sentence_transformer_model"": ""intfloat/multilingual-e5-small"", ""tfidf_lemmatize"": true, ""tfidf_max_df"": 0.9, ""tfidf_max_features"": 300, ""tfidf_min_df"": 3, ""tfidf_ngram_range"": [1, 2], ""tfidf_normalize_numbers"": true}",2026-09-17T17:29:39
E2_E5BASE_QUESTION,frozen,question,2,no_augmentation,PHQ9,42,GradientBoosting,5.451889,False,intfloat/multilingual-e5-base,defaults,"{""augmentation"": ""no_augmentation"", ""beto_model"": ""dccuchile/bert-base-spanish-wwm-cased"", ""chunk_stride"": 256, ""max_tokens"": 512, ""mental_es_model"": ""ELiRF/RoBERTa-es-mental-large"", ""n_cv_splits"": 5, ""n_search_iter"": 0, ""seeds"": [42], ""sentence_transformer_model"": ""intfloat/multilingual-e5-small"", ""tfidf_lemmatize"": true, ""tfidf_max_df"": 0.9, ""tfidf_max_features"": 300, ""tfidf_min_df"": 3, ""tfidf_ngram_range"": [1, 2], ""tfidf_normalize_numbers"": true}",2026-09-17T17:29:39
E2_E5BASE_QUESTION,frozen,question,2,no_augmentation,PHQ9,42,LightGBM,5.423594,False,intfloat/multilingual-e5-base,defaults,"{""augmentation"": ""no_augmentation"", ""beto_model"": ""dccuchile/bert-base-spanish-wwm-cased"", ""chunk_stride"": 256, ""max_tokens"": 512, ""mental_es_model"": ""ELiRF/RoBERTa-es-mental-large"", ""n_cv_splits"": 5, ""n_search_iter"": 0, ""seeds"": [42], ""sentence_transformer_model"": ""intfloat/multilingual-e5-small"", ""tfidf_lemmatize"": true, ""tfidf_max_df"": 0.9, ""tfidf_max_features"": 300, ""tfidf_min_df"": 3, ""tfidf_ngram_range"": [1, 2], ""tfidf_normalize_numbers"": true}",2026-09-17T17:29:39
E2_E5BASE_QUESTION,frozen,question,2,no_augmentation,PHQ9,42,KNN,5.566444,False,intfloat/multilingual-e5-base,defaults,"{""augmentation"": ""no_augmentation"", ""beto_model"": ""dccuchile/bert-base-spanish-wwm-cased"", ""chunk_stride"": 256, ""max_tokens"": 512, ""mental_es_model"": ""ELiRF/RoBERTa-es-mental-large"", ""n_cv_splits"": 5, ""n_search_iter"": 0, ""seeds"": [42], ""sentence_transformer_model"": ""intfloat/multilingual-e5-small"", ""tfidf_lemmatize"": true, ""tfidf_max_df"": 0.9, ""tfidf_max_features"": 300, ""tfidf_min_df"": 3, ""tfidf_ngram_range"": [1, 2], ""tfidf_normalize_numbers"": true}",2026-09-17T17:29:39
E2_E5BASE_QUESTION,frozen,question,2,no_augmentation,PHQ9,42,DecisionTree,7.491956,False,intfloat/multilingual-e5-base,defaults,"{""augmentation"": ""no_augmentation"", ""beto_model"": ""dccuchile/bert-base-spanish-wwm-cased"", ""chunk_stride"": 256, ""max_tokens"": 512, ""mental_es_model"": ""ELiRF/RoBERTa-es-mental-large"", ""n_cv_splits"": 5, ""n_search_iter"": 0, ""seeds"": [42], ""sentence_transformer_model"": ""intfloat/multilingual-e5-small"", ""tfidf_lemmatize"": true, ""tfidf_max_df"": 0.9, ""tfidf_max_features"": 300, ""tfidf_min_df"": 3, ""tfidf_ngram_range"": [1, 2], ""tfidf_normalize_numbers"": true}",2026-09-17T17:29:39
E2_E5BASE_QUESTION,frozen,question,2,no_augmentation,PHQ9,42,AdaBoost,5.344764,False,intfloat/multilingual-e5-base,defaults,"{""augmentation"": ""no_augmentation"", ""beto_model"": ""dccuchile/bert-base-spanish-wwm-cased"", ""chunk_stride"": 256, ""max_tokens"": 512, ""mental_es_model"": ""ELiRF/RoBERTa-es-mental-large"", ""n_cv_splits"": 5, ""n_search_iter"": 0, ""seeds"": [42], ""sentence_transformer_model"": ""intfloat/multilingual-e5-small"", ""tfidf_lemmatize"": true, ""tfidf_max_df"": 0.9, ""tfidf_max_features"": 300, ""tfidf_min_df"": 3, ""tfidf_ngram_range"": [1, 2], ""tfidf_normalize_numbers"": true}",2026-09-17T17:29:39
E2_E5BASE_QUESTION,frozen,question,2,no_augmentation,GAD7,42,Ridge,7.095546,False,intfloat/multilingual-e5-base,defaults,"{""augmentation"": ""no_augmentation"", ""beto_model"": ""dccuchile/bert-base-spanish-wwm-cased"", ""chunk_stride"": 256, ""max_tokens"": 512, ""mental_es_model"": ""ELiRF/RoBERTa-es-mental-large"", ""n_cv_splits"": 5, ""n_search_iter"": 0, ""seeds"": [42], ""sentence_transformer_model"": ""intfloat/multilingual-e5-small"", ""tfidf_lemmatize"": true, ""tfidf_max_df"": 0.9, ""tfidf_max_features"": 300, ""tfidf_min_df"": 3, ""tfidf_ngram_range"": [1, 2], ""tfidf_normalize_numbers"": true}",2026-09-17T17:31:54
E2_E5BASE_QUESTION,frozen,question,2,no_augmentation,GAD7,42,SVR,4.601733,True,intfloat/multilingual-e5-base,defaults,"{""augmentation"": ""no_augmentation"", ""beto_model"": ""dccuchile/bert-base-spanish-wwm-cased"", ""chunk_stride"": 256, ""max_tokens"": 512, ""mental_es_model"": ""ELiRF/RoBERTa-es-mental-large"", ""n_cv_splits"": 5, ""n_search_iter"": 0, ""seeds"": [42], ""sentence_transformer_model"": ""intfloat/multilingual-e5-small"", ""tfidf_lemmatize"": true, ""tfidf_max_df"": 0.9, ""tfidf_max_features"": 300, ""tfidf_min_df"": 3, ""tfidf_ngram_range"": [1, 2], ""tfidf_normalize_numbers"": true}",2026-09-17T17:31:54
E2_E5BASE_QUESTION,frozen,question,2,no_augmentation,GAD7,42,RandomForest,4.629135,False,intfloat/multilingual-e5-base,defaults,"{""augmentation"": ""no_augmentation"", ""beto_model"": ""dccuchile/bert-base-spanish-wwm-cased"", ""chunk_stride"": 256, ""max_tokens"": 512, ""mental_es_model"": ""ELiRF/RoBERTa-es-mental-large"", ""n_cv_splits"": 5, ""n_search_iter"": 0, ""seeds"": [42], ""sentence_transformer_model"": ""intfloat/multilingual-e5-small"", ""tfidf_lemmatize"": true, ""tfidf_max_df"": 0.9, ""tfidf_max_features"": 300, ""tfidf_min_df"": 3, ""tfidf_ngram_range"": [1, 2], ""tfidf_normalize_numbers"": true}",2026-09-17T17:31:54
E2_E5BASE_QUESTION,frozen,question,2,no_augmentation,GAD7,42,ExtraTrees,4.651202,False,intfloat/multilingual-e5-base,defaults,"{""augmentation"": ""no_augmentation"", ""beto_model"": ""dccuchile/bert-base-spanish-wwm-cased"", ""chunk_stride"": 256, ""max_tokens"": 512, ""mental_es_model"": ""ELiRF/RoBERTa-es-mental-large"", ""n_cv_splits"": 5, ""n_search_iter"": 0, ""seeds"": [42], ""sentence_transformer_model"": ""intfloat/multilingual-e5-small"", ""tfidf_lemmatize"": true, ""tfidf_max_df"": 0.9, ""tfidf_max_features"": 300, ""tfidf_min_df"": 3, ""tfidf_ngram_range"": [1, 2], ""tfidf_normalize_numbers"": true}",2026-09-17T17:31:54
E2_E5BASE_QUESTION,frozen,question,2,no_augmentation,GAD7,42,GradientBoosting,4.67663,False,intfloat/multilingual-e5-base,defaults,"{""augmentation"": ""no_augmentation"", ""beto_model"": ""dccuchile/bert-base-spanish-wwm-cased"", ""chunk_stride"": 256, ""max_tokens"": 512, ""mental_es_model"": ""ELiRF/RoBERTa-es-mental-large"", ""n_cv_splits"": 5, ""n_search_iter"": 0, ""seeds"": [42], ""sentence_transformer_model"": ""intfloat/multilingual-e5-small"", ""tfidf_lemmatize"": true, ""tfidf_max_df"": 0.9, ""tfidf_max_features"": 300, ""tfidf_min_df"": 3, ""tfidf_ngram_range"": [1, 2], ""tfidf_normalize_numbers"": true}",2026-09-17T17:31:54
E2_E5BASE_QUESTION,frozen,question,2,no_augmentation,GAD7,42,LightGBM,4.772546,False,intfloat/multilingual-e5-base,defaults,"{""augmentation"": ""no_augmentation"", ""beto_model"": ""dccuchile/bert-base-spanish-wwm-cased"", ""chunk_stride"": 256, ""max_tokens"": 512, ""mental_es_model"": ""ELiRF/RoBERTa-es-mental-large"", ""n_cv_splits"": 5, ""n_search_iter"": 0, ""seeds"": [42], ""sentence_transformer_model"": ""intfloat/multilingual-e5-small"", ""tfidf_lemmatize"": true, ""tfidf_max_df"": 0.9, ""tfidf_max_features"": 300, ""tfidf_min_df"": 3, ""tfidf_ngram_range"": [1, 2], ""tfidf_normalize_numbers"": true}",2026-09-17T17:31:54
E2_E5BASE_QUESTION,frozen,question,2,no_augmentation,GAD7,42,KNN,4.940802,False,intfloat/multilingual-e5-base,defaults,"{""augmentation"": ""no_augmentation"", ""beto_model"": ""dccuchile/bert-base-spanish-wwm-cased"", ""chunk_stride"": 256, ""max_tokens"": 512, ""mental_es_model"": ""ELiRF/RoBERTa-es-mental-large"", ""n_cv_splits"": 5, ""n_search_iter"": 0, ""seeds"": [42], ""sentence_transformer_model"": ""intfloat/multilingual-e5-small"", ""tfidf_lemmatize"": true, ""tfidf_max_df"": 0.9, ""tfidf_max_features"": 300, ""tfidf_min_df"": 3, ""tfidf_ngram_range"": [1, 2], ""tfidf_normalize_numbers"": true}",2026-09-17T17:31:54
E2_E5BASE_QUESTION,frozen,question,2,no_augmentation,GAD7,42,DecisionTree,5.915715,False,intfloat/multilingual-e5-base,defaults,"{""augmentation"": ""no_augmentation"", ""beto_model"": ""dccuchile/bert-base-spanish-wwm-cased"", ""chunk_stride"": 256, ""max_tokens"": 512, ""mental_es_model"": ""ELiRF/RoBERTa-es-mental-large"", ""n_cv_splits"": 5, ""n_search_iter"": 0, ""seeds"": [42], ""sentence_transformer_model"": ""intfloat/multilingual-e5-small"", ""tfidf_lemmatize"": true, ""tfidf_max_df"": 0.9, ""tfidf_max_features"": 300, ""tfidf_min_df"": 3, ""tfidf_ngram_range"": [1, 2], ""tfidf_normalize_numbers"": true}",2026-09-17T17:31:54
E2_E5BASE_QUESTION,frozen,question,2,no_augmentation,GAD7,42,AdaBoost,4.618712,False,intfloat/multilingual-e5-base,defaults,"{""augmentation"": ""no_augmentation"", ""beto_model"": ""dccuchile/bert-base-spanish-wwm-cased"", ""chunk_stride"": 256, ""max_tokens"": 512, ""mental_es_model"": ""ELiRF/RoBERTa-es-mental-large"", ""n_cv_splits"": 5, ""n_search_iter"": 0, ""seeds"": [42], ""sentence_transformer_model"": ""intfloat/multilingual-e5-small"", ""tfidf_lemmatize"": true, ""tfidf_max_df"": 0.9, ""tfidf_max_features"": 300, ""tfidf_min_df"": 3, ""tfidf_ngram_range"": [1, 2], ""tfidf_normalize_numbers"": true}",2026-09-17T17:31:54
E2_E5LARGE_QUESTION,frozen,question,2,no_augmentation,PHQ9,42,Ridge,7.857284,False,intfloat/multilingual-e5-large,defaults,"{""augmentation"": ""no_augmentation"", ""beto_model"": ""dccuchile/bert-base-spanish-wwm-cased"", ""chunk_stride"": 256, ""max_tokens"": 512, ""mental_es_model"": ""ELiRF/RoBERTa-es-mental-large"", ""n_cv_splits"": 5, ""n_search_iter"": 0, ""seeds"": [42], ""sentence_transformer_model"": ""intfloat/multilingual-e5-small"", ""tfidf_lemmatize"": true, ""tfidf_max_df"": 0.9, ""tfidf_max_features"": 300, ""tfidf_min_df"": 3, ""tfidf_ngram_range"": [1, 2], ""tfidf_normalize_numbers"": true}",2026-09-17T17:34:53
E2_E5LARGE_QUESTION,frozen,question,2,no_augmentation,PHQ9,42,SVR,5.324954,True,intfloat/multilingual-e5-large,defaults,"{""augmentation"": ""no_augmentation"", ""beto_model"": ""dccuchile/bert-base-spanish-wwm-cased"", ""chunk_stride"": 256, ""max_tokens"": 512, ""mental_es_model"": ""ELiRF/RoBERTa-es-mental-large"", ""n_cv_splits"": 5, ""n_search_iter"": 0, ""seeds"": [42], ""sentence_transformer_model"": ""intfloat/multilingual-e5-small"", ""tfidf_lemmatize"": true, ""tfidf_max_df"": 0.9, ""tfidf_max_features"": 300, ""tfidf_min_df"": 3, ""tfidf_ngram_range"": [1, 2], ""tfidf_normalize_numbers"": true}",2026-09-17T17:34:53
E2_E5LARGE_QUESTION,frozen,question,2,no_augmentation,PHQ9,42,RandomForest,5.451378,False,intfloat/multilingual-e5-large,defaults,"{""augmentation"": ""no_augmentation"", ""beto_model"": ""dccuchile/bert-base-spanish-wwm-cased"", ""chunk_stride"": 256, ""max_tokens"": 512, ""mental_es_model"": ""ELiRF/RoBERTa-es-mental-large"", ""n_cv_splits"": 5, ""n_search_iter"": 0, ""seeds"": [42], ""sentence_transformer_model"": ""intfloat/multilingual-e5-small"", ""tfidf_lemmatize"": true, ""tfidf_max_df"": 0.9, ""tfidf_max_features"": 300, ""tfidf_min_df"": 3, ""tfidf_ngram_range"": [1, 2], ""tfidf_normalize_numbers"": true}",2026-09-17T17:34:53
E2_E5LARGE_QUESTION,frozen,question,2,no_augmentation,PHQ9,42,ExtraTrees,5.435997,False,intfloat/multilingual-e5-large,defaults,"{""augmentation"": ""no_augmentation"", ""beto_model"": ""dccuchile/bert-base-spanish-wwm-cased"", ""chunk_stride"": 256, ""max_tokens"": 512, ""mental_es_model"": ""ELiRF/RoBERTa-es-mental-large"", ""n_cv_splits"": 5, ""n_search_iter"": 0, ""seeds"": [42], ""sentence_transformer_model"": ""intfloat/multilingual-e5-small"", ""tfidf_lemmatize"": true, ""tfidf_max_df"": 0.9, ""tfidf_max_features"": 300, ""tfidf_min_df"": 3, ""tfidf_ngram_range"": [1, 2], ""tfidf_normalize_numbers"": true}",2026-09-17T17:34:53
E2_E5LARGE_QUESTION,frozen,question,2,no_augmentation,PHQ9,42,GradientBoosting,5.568748,False,intfloat/multilingual-e5-large,defaults,"{""augmentation"": ""no_augmentation"", ""beto_model"": ""dccuchile/bert-base-spanish-wwm-cased"", ""chunk_stride"": 256, ""max_tokens"": 512, ""mental_es_model"": ""ELiRF/RoBERTa-es-mental-large"", ""n_cv_splits"": 5, ""n_search_iter"": 0, ""seeds"": [42], ""sentence_transformer_model"": ""intfloat/multilingual-e5-small"", ""tfidf_lemmatize"": true, ""tfidf_max_df"": 0.9, ""tfidf_max_features"": 300, ""tfidf_min_df"": 3, ""tfidf_ngram_range"": [1, 2], ""tfidf_normalize_numbers"": true}",2026-09-17T17:34:53
E2_E5LARGE_QUESTION,frozen,question,2,no_augmentation,PHQ9,42,LightGBM,5.608852,False,intfloat/multilingual-e5-large,defaults,"{""augmentation"": ""no_augmentation"", ""beto_model"": ""dccuchile/bert-base-spanish-wwm-cased"", ""chunk_stride"": 256, ""max_tokens"": 512, ""mental_es_model"": ""ELiRF/RoBERTa-es-mental-large"", ""n_cv_splits"": 5, ""n_search_iter"": 0, ""seeds"": [42], ""sentence_transformer_model"": ""intfloat/multilingual-e5-small"", ""tfidf_lemmatize"": true, ""tfidf_max_df"": 0.9, ""tfidf_max_features"": 300, ""tfidf_min_df"": 3, ""tfidf_ngram_range"": [1, 2], ""tfidf_normalize_numbers"": true}",2026-09-17T17:34:53
E2_E5LARGE_QUESTION,frozen,question,2,no_augmentation,PHQ9,42,KNN,5.383106,False,intfloat/multilingual-e5-large,defaults,"{""augmentation"": ""no_augmentation"", ""beto_model"": ""dccuchile/bert-base-spanish-wwm-cased"", ""chunk_stride"": 256, ""max_tokens"": 512, ""mental_es_model"": ""ELiRF/RoBERTa-es-mental-large"", ""n_cv_splits"": 5, ""n_search_iter"": 0, ""seeds"": [42], ""sentence_transformer_model"": ""intfloat/multilingual-e5-small"", ""tfidf_lemmatize"": true, ""tfidf_max_df"": 0.9, ""tfidf_max_features"": 300, ""tfidf_min_df"": 3, ""tfidf_ngram_range"": [1, 2], ""tfidf_normalize_numbers"": true}",2026-09-17T17:34:53
E2_E5LARGE_QUESTION,frozen,question,2,no_augmentation,PHQ9,42,DecisionTree,6.778996,False,intfloat/multilingual-e5-large,defaults,"{""augmentation"": ""no_augmentation"", ""beto_model"": ""dccuchile/bert-base-spanish-wwm-cased"", ""chunk_stride"": 256, ""max_tokens"": 512, ""mental_es_model"": ""ELiRF/RoBERTa-es-mental-large"", ""n_cv_splits"": 5, ""n_search_iter"": 0, ""seeds"": [42], ""sentence_transformer_model"": ""intfloat/multilingual-e5-small"", ""tfidf_lemmatize"": true, ""tfidf_max_df"": 0.9, ""tfidf_max_features"": 300, ""tfidf_min_df"": 3, ""tfidf_ngram_range"": [1, 2], ""tfidf_normalize_numbers"": true}",2026-09-17T17:34:53
E2_E5LARGE_QUESTION,frozen,question,2,no_augmentation,PHQ9,42,AdaBoost,5.487062,False,intfloat/multilingual-e5-large,defaults,"{""augmentation"": ""no_augmentation"", ""beto_model"": ""dccuchile/bert-base-spanish-wwm-cased"", ""chunk_stride"": 256, ""max_tokens"": 512, ""mental_es_model"": ""ELiRF/RoBERTa-es-mental-large"", ""n_cv_splits"": 5, ""n_search_iter"": 0, ""seeds"": [42], ""sentence_transformer_model"": ""intfloat/multilingual-e5-small"", ""tfidf_lemmatize"": true, ""tfidf_max_df"": 0.9, ""tfidf_max_features"": 300, ""tfidf_min_df"": 3, ""tfidf_ngram_range"": [1, 2], ""tfidf_normalize_numbers"": true}",2026-09-17T17:34:53
E2_E5LARGE_QUESTION,frozen,question,2,no_augmentation,GAD7,42,Ridge,6.982471,False,intfloat/multilingual-e5-large,defaults,"{""augmentation"": ""no_augmentation"", ""beto_model"": ""dccuchile/bert-base-spanish-wwm-cased"", ""chunk_stride"": 256, ""max_tokens"": 512, ""mental_es_model"": ""ELiRF/RoBERTa-es-mental-large"", ""n_cv_splits"": 5, ""n_search_iter"": 0, ""seeds"": [42], ""sentence_transformer_model"": ""intfloat/multilingual-e5-small"", ""tfidf_lemmatize"": true, ""tfidf_max_df"": 0.9, ""tfidf_max_features"": 300, ""tfidf_min_df"": 3, ""tfidf_ngram_range"": [1, 2], ""tfidf_normalize_numbers"": true}",2026-09-17T17:37:52
E2_E5LARGE_QUESTION,frozen,question,2,no_augmentation,GAD7,42,SVR,4.58932,False,intfloat/multilingual-e5-large,defaults,"{""augmentation"": ""no_augmentation"", ""beto_model"": ""dccuchile/bert-base-spanish-wwm-cased"", ""chunk_stride"": 256, ""max_tokens"": 512, ""mental_es_model"": ""ELiRF/RoBERTa-es-mental-large"", ""n_cv_splits"": 5, ""n_search_iter"": 0, ""seeds"": [42], ""sentence_transformer_model"": ""intfloat/multilingual-e5-small"", ""tfidf_lemmatize"": true, ""tfidf_max_df"": 0.9, ""tfidf_max_features"": 300, ""tfidf_min_df"": 3, ""tfidf_ngram_range"": [1, 2], ""tfidf_normalize_numbers"": true}",2026-09-17T17:37:52
E2_E5LARGE_QUESTION,frozen,question,2,no_augmentation,GAD7,42,RandomForest,4.591165,False,intfloat/multilingual-e5-large,defaults,"{""augmentation"": ""no_augmentation"", ""beto_model"": ""dccuchile/bert-base-spanish-wwm-cased"", ""chunk_stride"": 256, ""max_tokens"": 512, ""mental_es_model"": ""ELiRF/RoBERTa-es-mental-large"", ""n_cv_splits"": 5, ""n_search_iter"": 0, ""seeds"": [42], ""sentence_transformer_model"": ""intfloat/multilingual-e5-small"", ""tfidf_lemmatize"": true, ""tfidf_max_df"": 0.9, ""tfidf_max_features"": 300, ""tfidf_min_df"": 3, ""tfidf_ngram_range"": [1, 2], ""tfidf_normalize_numbers"": true}",2026-09-17T17:37:52
E2_E5LARGE_QUESTION,frozen,question,2,no_augmentation,GAD7,42,ExtraTrees,4.582472,True,intfloat/multilingual-e5-large,defaults,"{""augmentation"": ""no_augmentation"", ""beto_model"": ""dccuchile/bert-base-spanish-wwm-cased"", ""chunk_stride"": 256, ""max_tokens"": 512, ""mental_es_model"": ""ELiRF/RoBERTa-es-mental-large"", ""n_cv_splits"": 5, ""n_search_iter"": 0, ""seeds"": [42], ""sentence_transformer_model"": ""intfloat/multilingual-e5-small"", ""tfidf_lemmatize"": true, ""tfidf_max_df"": 0.9, ""tfidf_max_features"": 300, ""tfidf_min_df"": 3, ""tfidf_ngram_range"": [1, 2], ""tfidf_normalize_numbers"": true}",2026-09-17T17:37:52
E2_E5LARGE_QUESTION,frozen,question,2,no_augmentation,GAD7,42,GradientBoosting,4.706748,False,intfloat/multilingual-e5-large,defaults,"{""augmentation"": ""no_augmentation"", ""beto_model"": ""dccuchile/bert-base-spanish-wwm-cased"", ""chunk_stride"": 256, ""max_tokens"": 512, ""mental_es_model"": ""ELiRF/RoBERTa-es-mental-large"", ""n_cv_splits"": 5, ""n_search_iter"": 0, ""seeds"": [42], ""sentence_transformer_model"": ""intfloat/multilingual-e5-small"", ""tfidf_lemmatize"": true, ""tfidf_max_df"": 0.9, ""tfidf_max_features"": 300, ""tfidf_min_df"": 3, ""tfidf_ngram_range"": [1, 2], ""tfidf_normalize_numbers"": true}",2026-09-17T17:37:52
E2_E5LARGE_QUESTION,frozen,question,2,no_augmentation,GAD7,42,LightGBM,4.876011,False,intfloat/multilingual-e5-large,defaults,"{""augmentation"": ""no_augmentation"", ""beto_model"": ""dccuchile/bert-base-spanish-wwm-cased"", ""chunk_stride"": 256, ""max_tokens"": 512, ""mental_es_model"": ""ELiRF/RoBERTa-es-mental-large"", ""n_cv_splits"": 5, ""n_search_iter"": 0, ""seeds"": [42], ""sentence_transformer_model"": ""intfloat/multilingual-e5-small"", ""tfidf_lemmatize"": true, ""tfidf_max_df"": 0.9, ""tfidf_max_features"": 300, ""tfidf_min_df"": 3, ""tfidf_ngram_range"": [1, 2], ""tfidf_normalize_numbers"": true}",2026-09-17T17:37:52
E2_E5LARGE_QUESTION,frozen,question,2,no_augmentation,GAD7,42,KNN,4.853947,False,intfloat/multilingual-e5-large,defaults,"{""augmentation"": ""no_augmentation"", ""beto_model"": ""dccuchile/bert-base-spanish-wwm-cased"", ""chunk_stride"": 256, ""max_tokens"": 512, ""mental_es_model"": ""ELiRF/RoBERTa-es-mental-large"", ""n_cv_splits"": 5, ""n_search_iter"": 0, ""seeds"": [42], ""sentence_transformer_model"": ""intfloat/multilingual-e5-small"", ""tfidf_lemmatize"": true, ""tfidf_max_df"": 0.9, ""tfidf_max_features"": 300, ""tfidf_min_df"": 3, ""tfidf_ngram_range"": [1, 2], ""tfidf_normalize_numbers"": true}",2026-09-17T17:37:52
E2_E5LARGE_QUESTION,frozen,question,2,no_augmentation,GAD7,42,DecisionTree,5.977988,False,intfloat/multilingual-e5-large,defaults,"{""augmentation"": ""no_augmentation"", ""beto_model"": ""dccuchile/bert-base-spanish-wwm-cased"", ""chunk_stride"": 256, ""max_tokens"": 512, ""mental_es_model"": ""ELiRF/RoBERTa-es-mental-large"", ""n_cv_splits"": 5, ""n_search_iter"": 0, ""seeds"": [42], ""sentence_transformer_model"": ""intfloat/multilingual-e5-small"", ""tfidf_lemmatize"": true, ""tfidf_max_df"": 0.9, ""tfidf_max_features"": 300, ""tfidf_min_df"": 3, ""tfidf_ngram_range"": [1, 2], ""tfidf_normalize_numbers"": true}",2026-09-17T17:37:52
E2_E5LARGE_QUESTION,frozen,question,2,no_augmentation,GAD7,42,AdaBoost,4.691193,False,intfloat/multilingual-e5-large,defaults,"{""augmentation"": ""no_augmentation"", ""beto_model"": ""dccuchile/bert-base-spanish-wwm-cased"", ""chunk_stride"": 256, ""max_tokens"": 512, ""mental_es_model"": ""ELiRF/RoBERTa-es-mental-large"", ""n_cv_splits"": 5, ""n_search_iter"": 0, ""seeds"": [42], ""sentence_transformer_model"": ""intfloat/multilingual-e5-small"", ""tfidf_lemmatize"": true, ""tfidf_max_df"": 0.9, ""tfidf_max_features"": 300, ""tfidf_min_df"": 3, ""tfidf_ngram_range"": [1, 2], ""tfidf_normalize_numbers"": true}",2026-09-17T17:37:52
E7_ROBERTA_MENTAL_QUESTION,frozen,question,2,no_augmentation,PHQ9,42,Ridge,6.902241,False,ELiRF/RoBERTa-es-mental-large,defaults,"{""augmentation"": ""no_augmentation"", ""beto_model"": ""dccuchile/bert-base-spanish-wwm-cased"", ""chunk_stride"": 256, ""max_tokens"": 512, ""mental_es_model"": ""ELiRF/RoBERTa-es-mental-large"", ""n_cv_splits"": 5, ""n_search_iter"": 0, ""seeds"": [42], ""sentence_transformer_model"": ""intfloat/multilingual-e5-small"", ""tfidf_lemmatize"": true, ""tfidf_max_df"": 0.9, ""tfidf_max_features"": 300, ""tfidf_min_df"": 3, ""tfidf_ngram_range"": [1, 2], ""tfidf_normalize_numbers"": true}",2026-09-17T17:40:51
E7_ROBERTA_MENTAL_QUESTION,frozen,question,2,no_augmentation,PHQ9,42,SVR,5.410405,True,ELiRF/RoBERTa-es-mental-large,defaults,"{""augmentation"": ""no_augmentation"", ""beto_model"": ""dccuchile/bert-base-spanish-wwm-cased"", ""chunk_stride"": 256, ""max_tokens"": 512, ""mental_es_model"": ""ELiRF/RoBERTa-es-mental-large"", ""n_cv_splits"": 5, ""n_search_iter"": 0, ""seeds"": [42], ""sentence_transformer_model"": ""intfloat/multilingual-e5-small"", ""tfidf_lemmatize"": true, ""tfidf_max_df"": 0.9, ""tfidf_max_features"": 300, ""tfidf_min_df"": 3, ""tfidf_ngram_range"": [1, 2], ""tfidf_normalize_numbers"": true}",2026-09-17T17:40:51
E7_ROBERTA_MENTAL_QUESTION,frozen,question,2,no_augmentation,PHQ9,42,RandomForest,5.606345,False,ELiRF/RoBERTa-es-mental-large,defaults,"{""augmentation"": ""no_augmentation"", ""beto_model"": ""dccuchile/bert-base-spanish-wwm-cased"", ""chunk_stride"": 256, ""max_tokens"": 512, ""mental_es_model"": ""ELiRF/RoBERTa-es-mental-large"", ""n_cv_splits"": 5, ""n_search_iter"": 0, ""seeds"": [42], ""sentence_transformer_model"": ""intfloat/multilingual-e5-small"", ""tfidf_lemmatize"": true, ""tfidf_max_df"": 0.9, ""tfidf_max_features"": 300, ""tfidf_min_df"": 3, ""tfidf_ngram_range"": [1, 2], ""tfidf_normalize_numbers"": true}",2026-09-17T17:40:51
E7_ROBERTA_MENTAL_QUESTION,frozen,question,2,no_augmentation,PHQ9,42,ExtraTrees,5.580102,False,ELiRF/RoBERTa-es-mental-large,defaults,"{""augmentation"": ""no_augmentation"", ""beto_model"": ""dccuchile/bert-base-spanish-wwm-cased"", ""chunk_stride"": 256, ""max_tokens"": 512, ""mental_es_model"": ""ELiRF/RoBERTa-es-mental-large"", ""n_cv_splits"": 5, ""n_search_iter"": 0, ""seeds"": [42], ""sentence_transformer_model"": ""intfloat/multilingual-e5-small"", ""tfidf_lemmatize"": true, ""tfidf_max_df"": 0.9, ""tfidf_max_features"": 300, ""tfidf_min_df"": 3, ""tfidf_ngram_range"": [1, 2], ""tfidf_normalize_numbers"": true}",2026-09-17T17:40:51
E7_ROBERTA_MENTAL_QUESTION,frozen,question,2,no_augmentation,PHQ9,42,GradientBoosting,5.601136,False,ELiRF/RoBERTa-es-mental-large,defaults,"{""augmentation"": ""no_augmentation"", ""beto_model"": ""dccuchile/bert-base-spanish-wwm-cased"", ""chunk_stride"": 256, ""max_tokens"": 512, ""mental_es_model"": ""ELiRF/RoBERTa-es-mental-large"", ""n_cv_splits"": 5, ""n_search_iter"": 0, ""seeds"": [42], ""sentence_transformer_model"": ""intfloat/multilingual-e5-small"", ""tfidf_lemmatize"": true, ""tfidf_max_df"": 0.9, ""tfidf_max_features"": 300, ""tfidf_min_df"": 3, ""tfidf_ngram_range"": [1, 2], ""tfidf_normalize_numbers"": true}",2026-09-17T17:40:51
E7_ROBERTA_MENTAL_QUESTION,frozen,question,2,no_augmentation,PHQ9,42,LightGBM,5.545409,False,ELiRF/RoBERTa-es-mental-large,defaults,"{""augmentation"": ""no_augmentation"", ""beto_model"": ""dccuchile/bert-base-spanish-wwm-cased"", ""chunk_stride"": 256, ""max_tokens"": 512, ""mental_es_model"": ""ELiRF/RoBERTa-es-mental-large"", ""n_cv_splits"": 5, ""n_search_iter"": 0, ""seeds"": [42], ""sentence_transformer_model"": ""intfloat/multilingual-e5-small"", ""tfidf_lemmatize"": true, ""tfidf_max_df"": 0.9, ""tfidf_max_features"": 300, ""tfidf_min_df"": 3, ""tfidf_ngram_range"": [1, 2], ""tfidf_normalize_numbers"": true}",2026-09-17T17:40:51
E7_ROBERTA_MENTAL_QUESTION,frozen,question,2,no_augmentation,PHQ9,42,KNN,5.980849,False,ELiRF/RoBERTa-es-mental-large,defaults,"{""augmentation"": ""no_augmentation"", ""beto_model"": ""dccuchile/bert-base-spanish-wwm-cased"", ""chunk_stride"": 256, ""max_tokens"": 512, ""mental_es_model"": ""ELiRF/RoBERTa-es-mental-large"", ""n_cv_splits"": 5, ""n_search_iter"": 0, ""seeds"": [42], ""sentence_transformer_model"": ""intfloat/multilingual-e5-small"", ""tfidf_lemmatize"": true, ""tfidf_max_df"": 0.9, ""tfidf_max_features"": 300, ""tfidf_min_df"": 3, ""tfidf_ngram_range"": [1, 2], ""tfidf_normalize_numbers"": true}",2026-09-17T17:40:51
E7_ROBERTA_MENTAL_QUESTION,frozen,question,2,no_augmentation,PHQ9,42,DecisionTree,7.248959,False,ELiRF/RoBERTa-es-mental-large,defaults,"{""augmentation"": ""no_augmentation"", ""beto_model"": ""dccuchile/bert-base-spanish-wwm-cased"", ""chunk_stride"": 256, ""max_tokens"": 512, ""mental_es_model"": ""ELiRF/RoBERTa-es-mental-large"", ""n_cv_splits"": 5, ""n_search_iter"": 0, ""seeds"": [42], ""sentence_transformer_model"": ""intfloat/multilingual-e5-small"", ""tfidf_lemmatize"": true, ""tfidf_max_df"": 0.9, ""tfidf_max_features"": 300, ""tfidf_min_df"": 3, ""tfidf_ngram_range"": [1, 2], ""tfidf_normalize_numbers"": true}",2026-09-17T17:40:51
E7_ROBERTA_MENTAL_QUESTION,frozen,question,2,no_augmentation,PHQ9,42,AdaBoost,5.579856,False,ELiRF/RoBERTa-es-mental-large,defaults,"{""augmentation"": ""no_augmentation"", ""beto_model"": ""dccuchile/bert-base-spanish-wwm-cased"", ""chunk_stride"": 256, ""max_tokens"": 512, ""mental_es_model"": ""ELiRF/RoBERTa-es-mental-large"", ""n_cv_splits"": 5, ""n_search_iter"": 0, ""seeds"": [42], ""sentence_transformer_model"": ""intfloat/multilingual-e5-small"", ""tfidf_lemmatize"": true, ""tfidf_max_df"": 0.9, ""tfidf_max_features"": 300, ""tfidf_min_df"": 3, ""tfidf_ngram_range"": [1, 2], ""tfidf_normalize_numbers"": true}",2026-09-17T17:40:51
E7_ROBERTA_MENTAL_QUESTION,frozen,question,2,no_augmentation,GAD7,42,Ridge,6.262726,False,ELiRF/RoBERTa-es-mental-large,defaults,"{""augmentation"": ""no_augmentation"", ""beto_model"": ""dccuchile/bert-base-spanish-wwm-cased"", ""chunk_stride"": 256, ""max_tokens"": 512, ""mental_es_model"": ""ELiRF/RoBERTa-es-mental-large"", ""n_cv_splits"": 5, ""n_search_iter"": 0, ""seeds"": [42], ""sentence_transformer_model"": ""intfloat/multilingual-e5-small"", ""tfidf_lemmatize"": true, ""tfidf_max_df"": 0.9, ""tfidf_max_features"": 300, ""tfidf_min_df"": 3, ""tfidf_ngram_range"": [1, 2], ""tfidf_normalize_numbers"": true}",2026-09-17T17:43:49
E7_ROBERTA_MENTAL_QUESTION,frozen,question,2,no_augmentation,GAD7,42,SVR,4.668941,False,ELiRF/RoBERTa-es-mental-large,defaults,"{""augmentation"": ""no_augmentation"", ""beto_model"": ""dccuchile/bert-base-spanish-wwm-cased"", ""chunk_stride"": 256, ""max_tokens"": 512, ""mental_es_model"": ""ELiRF/RoBERTa-es-mental-large"", ""n_cv_splits"": 5, ""n_search_iter"": 0, ""seeds"": [42], ""sentence_transformer_model"": ""intfloat/multilingual-e5-small"", ""tfidf_lemmatize"": true, ""tfidf_max_df"": 0.9, ""tfidf_max_features"": 300, ""tfidf_min_df"": 3, ""tfidf_ngram_range"": [1, 2], ""tfidf_normalize_numbers"": true}",2026-09-17T17:43:49
E7_ROBERTA_MENTAL_QUESTION,frozen,question,2,no_augmentation,GAD7,42,RandomForest,4.691955,False,ELiRF/RoBERTa-es-mental-large,defaults,"{""augmentation"": ""no_augmentation"", ""beto_model"": ""dccuchile/bert-base-spanish-wwm-cased"", ""chunk_stride"": 256, ""max_tokens"": 512, ""mental_es_model"": ""ELiRF/RoBERTa-es-mental-large"", ""n_cv_splits"": 5, ""n_search_iter"": 0, ""seeds"": [42], ""sentence_transformer_model"": ""intfloat/multilingual-e5-small"", ""tfidf_lemmatize"": true, ""tfidf_max_df"": 0.9, ""tfidf_max_features"": 300, ""tfidf_min_df"": 3, ""tfidf_ngram_range"": [1, 2], ""tfidf_normalize_numbers"": true}",2026-09-17T17:43:49
E7_ROBERTA_MENTAL_QUESTION,frozen,question,2,no_augmentation,GAD7,42,ExtraTrees,4.73277,False,ELiRF/RoBERTa-es-mental-large,defaults,"{""augmentation"": ""no_augmentation"", ""beto_model"": ""dccuchile/bert-base-spanish-wwm-cased"", ""chunk_stride"": 256, ""max_tokens"": 512, ""mental_es_model"": ""ELiRF/RoBERTa-es-mental-large"", ""n_cv_splits"": 5, ""n_search_iter"": 0, ""seeds"": [42], ""sentence_transformer_model"": ""intfloat/multilingual-e5-small"", ""tfidf_lemmatize"": true, ""tfidf_max_df"": 0.9, ""tfidf_max_features"": 300, ""tfidf_min_df"": 3, ""tfidf_ngram_range"": [1, 2], ""tfidf_normalize_numbers"": true}",2026-09-17T17:43:49
E7_ROBERTA_MENTAL_QUESTION,frozen,question,2,no_augmentation,GAD7,42,GradientBoosting,4.713195,False,ELiRF/RoBERTa-es-mental-large,defaults,"{""augmentation"": ""no_augmentation"", ""beto_model"": ""dccuchile/bert-base-spanish-wwm-cased"", ""chunk_stride"": 256, ""max_tokens"": 512, ""mental_es_model"": ""ELiRF/RoBERTa-es-mental-large"", ""n_cv_splits"": 5, ""n_search_iter"": 0, ""seeds"": [42], ""sentence_transformer_model"": ""intfloat/multilingual-e5-small"", ""tfidf_lemmatize"": true, ""tfidf_max_df"": 0.9, ""tfidf_max_features"": 300, ""tfidf_min_df"": 3, ""tfidf_ngram_range"": [1, 2], ""tfidf_normalize_numbers"": true}",2026-09-17T17:43:49
E7_ROBERTA_MENTAL_QUESTION,frozen,question,2,no_augmentation,GAD7,42,LightGBM,4.625405,True,ELiRF/RoBERTa-es-mental-large,defaults,"{""augmentation"": ""no_augmentation"", ""beto_model"": ""dccuchile/bert-base-spanish-wwm-cased"", ""chunk_stride"": 256, ""max_tokens"": 512, ""mental_es_model"": ""ELiRF/RoBERTa-es-mental-large"", ""n_cv_splits"": 5, ""n_search_iter"": 0, ""seeds"": [42], ""sentence_transformer_model"": ""intfloat/multilingual-e5-small"", ""tfidf_lemmatize"": true, ""tfidf_max_df"": 0.9, ""tfidf_max_features"": 300, ""tfidf_min_df"": 3, ""tfidf_ngram_range"": [1, 2], ""tfidf_normalize_numbers"": true}",2026-09-17T17:43:49
E7_ROBERTA_MENTAL_QUESTION,frozen,question,2,no_augmentation,GAD7,42,KNN,5.145877,False,ELiRF/RoBERTa-es-mental-large,defaults,"{""augmentation"": ""no_augmentation"", ""beto_model"": ""dccuchile/bert-base-spanish-wwm-cased"", ""chunk_stride"": 256, ""max_tokens"": 512, ""mental_es_model"": ""ELiRF/RoBERTa-es-mental-large"", ""n_cv_splits"": 5, ""n_search_iter"": 0, ""seeds"": [42], ""sentence_transformer_model"": ""intfloat/multilingual-e5-small"", ""tfidf_lemmatize"": true, ""tfidf_max_df"": 0.9, ""tfidf_max_features"": 300, ""tfidf_min_df"": 3, ""tfidf_ngram_range"": [1, 2], ""tfidf_normalize_numbers"": true}",2026-09-17T17:43:49
E7_ROBERTA_MENTAL_QUESTION,frozen,question,2,no_augmentation,GAD7,42,DecisionTree,5.927776,False,ELiRF/RoBERTa-es-mental-large,defaults,"{""augmentation"": ""no_augmentation"", ""beto_model"": ""dccuchile/bert-base-spanish-wwm-cased"", ""chunk_stride"": 256, ""max_tokens"": 512, ""mental_es_model"": ""ELiRF/RoBERTa-es-mental-large"", ""n_cv_splits"": 5, ""n_search_iter"": 0, ""seeds"": [42], ""sentence_transformer_model"": ""intfloat/multilingual-e5-small"", ""tfidf_lemmatize"": true, ""tfidf_max_df"": 0.9, ""tfidf_max_features"": 300, ""tfidf_min_df"": 3, ""tfidf_ngram_range"": [1, 2], ""tfidf_normalize_numbers"": true}",2026-09-17T17:43:49
E7_ROBERTA_MENTAL_QUESTION,frozen,question,2,no_augmentation,GAD7,42,AdaBoost,4.676855,False,ELiRF/RoBERTa-es-mental-large,defaults,"{""augmentation"": ""no_augmentation"", ""beto_model"": ""dccuchile/bert-base-spanish-wwm-cased"", ""chunk_stride"": 256, ""max_tokens"": 512, ""mental_es_model"": ""ELiRF/RoBERTa-es-mental-large"", ""n_cv_splits"": 5, ""n_search_iter"": 0, ""seeds"": [42], ""sentence_transformer_model"": ""intfloat/multilingual-e5-small"", ""tfidf_lemmatize"": true, ""tfidf_max_df"": 0.9, ""tfidf_max_features"": 300, ""tfidf_min_df"": 3, ""tfidf_ngram_range"": [1, 2], ""tfidf_normalize_numbers"": true}",2026-09-17T17:43:49
