encoder,family,granularity,notebook,augmentation,target,seed,model_name,cv_rmse,is_selected,encoder_model,search,config_json,logged_at
E0_TFIDF,frozen,participant,01,augmented,PHQ9,42,Ridge,5.646847,False,tfidf,defaults,"{""augmentation"": ""augmented"", ""beto_model"": ""dccuchile/bert-base-spanish-wwm-cased"", ""chunk_stride"": 256, ""max_tokens"": 512, ""n_cv_splits"": 5, ""n_search_iter"": 0, ""seeds"": [42], ""sentence_transformer_model"": ""intfloat/multilingual-e5-small"", ""tfidf_lemmatize"": true, ""tfidf_max_df"": 0.9, ""tfidf_max_features"": 300, ""tfidf_min_df"": 3, ""tfidf_ngram_range"": [1, 2], ""tfidf_normalize_numbers"": true}",2026-09-10T01:48:12
E0_TFIDF,frozen,participant,01,augmented,PHQ9,42,SVR,5.507863,True,tfidf,defaults,"{""augmentation"": ""augmented"", ""beto_model"": ""dccuchile/bert-base-spanish-wwm-cased"", ""chunk_stride"": 256, ""max_tokens"": 512, ""n_cv_splits"": 5, ""n_search_iter"": 0, ""seeds"": [42], ""sentence_transformer_model"": ""intfloat/multilingual-e5-small"", ""tfidf_lemmatize"": true, ""tfidf_max_df"": 0.9, ""tfidf_max_features"": 300, ""tfidf_min_df"": 3, ""tfidf_ngram_range"": [1, 2], ""tfidf_normalize_numbers"": true}",2026-09-10T01:48:12
E0_TFIDF,frozen,participant,01,augmented,PHQ9,42,RandomForest,5.53273,False,tfidf,defaults,"{""augmentation"": ""augmented"", ""beto_model"": ""dccuchile/bert-base-spanish-wwm-cased"", ""chunk_stride"": 256, ""max_tokens"": 512, ""n_cv_splits"": 5, ""n_search_iter"": 0, ""seeds"": [42], ""sentence_transformer_model"": ""intfloat/multilingual-e5-small"", ""tfidf_lemmatize"": true, ""tfidf_max_df"": 0.9, ""tfidf_max_features"": 300, ""tfidf_min_df"": 3, ""tfidf_ngram_range"": [1, 2], ""tfidf_normalize_numbers"": true}",2026-09-10T01:48:12
E0_TFIDF,frozen,participant,01,augmented,PHQ9,42,ExtraTrees,5.535101,False,tfidf,defaults,"{""augmentation"": ""augmented"", ""beto_model"": ""dccuchile/bert-base-spanish-wwm-cased"", ""chunk_stride"": 256, ""max_tokens"": 512, ""n_cv_splits"": 5, ""n_search_iter"": 0, ""seeds"": [42], ""sentence_transformer_model"": ""intfloat/multilingual-e5-small"", ""tfidf_lemmatize"": true, ""tfidf_max_df"": 0.9, ""tfidf_max_features"": 300, ""tfidf_min_df"": 3, ""tfidf_ngram_range"": [1, 2], ""tfidf_normalize_numbers"": true}",2026-09-10T01:48:12
E0_TFIDF,frozen,participant,01,augmented,PHQ9,42,GradientBoosting,5.693291,False,tfidf,defaults,"{""augmentation"": ""augmented"", ""beto_model"": ""dccuchile/bert-base-spanish-wwm-cased"", ""chunk_stride"": 256, ""max_tokens"": 512, ""n_cv_splits"": 5, ""n_search_iter"": 0, ""seeds"": [42], ""sentence_transformer_model"": ""intfloat/multilingual-e5-small"", ""tfidf_lemmatize"": true, ""tfidf_max_df"": 0.9, ""tfidf_max_features"": 300, ""tfidf_min_df"": 3, ""tfidf_ngram_range"": [1, 2], ""tfidf_normalize_numbers"": true}",2026-09-10T01:48:12
E0_TFIDF,frozen,participant,01,augmented,PHQ9,42,LightGBM,5.779646,False,tfidf,defaults,"{""augmentation"": ""augmented"", ""beto_model"": ""dccuchile/bert-base-spanish-wwm-cased"", ""chunk_stride"": 256, ""max_tokens"": 512, ""n_cv_splits"": 5, ""n_search_iter"": 0, ""seeds"": [42], ""sentence_transformer_model"": ""intfloat/multilingual-e5-small"", ""tfidf_lemmatize"": true, ""tfidf_max_df"": 0.9, ""tfidf_max_features"": 300, ""tfidf_min_df"": 3, ""tfidf_ngram_range"": [1, 2], ""tfidf_normalize_numbers"": true}",2026-09-10T01:48:12
E0_TFIDF,frozen,participant,01,augmented,PHQ9,42,KNN,5.803181,False,tfidf,defaults,"{""augmentation"": ""augmented"", ""beto_model"": ""dccuchile/bert-base-spanish-wwm-cased"", ""chunk_stride"": 256, ""max_tokens"": 512, ""n_cv_splits"": 5, ""n_search_iter"": 0, ""seeds"": [42], ""sentence_transformer_model"": ""intfloat/multilingual-e5-small"", ""tfidf_lemmatize"": true, ""tfidf_max_df"": 0.9, ""tfidf_max_features"": 300, ""tfidf_min_df"": 3, ""tfidf_ngram_range"": [1, 2], ""tfidf_normalize_numbers"": true}",2026-09-10T01:48:12
E0_TFIDF,frozen,participant,01,augmented,PHQ9,42,DecisionTree,6.997247,False,tfidf,defaults,"{""augmentation"": ""augmented"", ""beto_model"": ""dccuchile/bert-base-spanish-wwm-cased"", ""chunk_stride"": 256, ""max_tokens"": 512, ""n_cv_splits"": 5, ""n_search_iter"": 0, ""seeds"": [42], ""sentence_transformer_model"": ""intfloat/multilingual-e5-small"", ""tfidf_lemmatize"": true, ""tfidf_max_df"": 0.9, ""tfidf_max_features"": 300, ""tfidf_min_df"": 3, ""tfidf_ngram_range"": [1, 2], ""tfidf_normalize_numbers"": true}",2026-09-10T01:48:12
E0_TFIDF,frozen,participant,01,augmented,PHQ9,42,AdaBoost,5.620626,False,tfidf,defaults,"{""augmentation"": ""augmented"", ""beto_model"": ""dccuchile/bert-base-spanish-wwm-cased"", ""chunk_stride"": 256, ""max_tokens"": 512, ""n_cv_splits"": 5, ""n_search_iter"": 0, ""seeds"": [42], ""sentence_transformer_model"": ""intfloat/multilingual-e5-small"", ""tfidf_lemmatize"": true, ""tfidf_max_df"": 0.9, ""tfidf_max_features"": 300, ""tfidf_min_df"": 3, ""tfidf_ngram_range"": [1, 2], ""tfidf_normalize_numbers"": true}",2026-09-10T01:48:12
E0_TFIDF,frozen,participant,01,augmented,GAD7,42,Ridge,5.043791,False,tfidf,defaults,"{""augmentation"": ""augmented"", ""beto_model"": ""dccuchile/bert-base-spanish-wwm-cased"", ""chunk_stride"": 256, ""max_tokens"": 512, ""n_cv_splits"": 5, ""n_search_iter"": 0, ""seeds"": [42], ""sentence_transformer_model"": ""intfloat/multilingual-e5-small"", ""tfidf_lemmatize"": true, ""tfidf_max_df"": 0.9, ""tfidf_max_features"": 300, ""tfidf_min_df"": 3, ""tfidf_ngram_range"": [1, 2], ""tfidf_normalize_numbers"": true}",2026-09-10T01:48:34
E0_TFIDF,frozen,participant,01,augmented,GAD7,42,SVR,4.8153,False,tfidf,defaults,"{""augmentation"": ""augmented"", ""beto_model"": ""dccuchile/bert-base-spanish-wwm-cased"", ""chunk_stride"": 256, ""max_tokens"": 512, ""n_cv_splits"": 5, ""n_search_iter"": 0, ""seeds"": [42], ""sentence_transformer_model"": ""intfloat/multilingual-e5-small"", ""tfidf_lemmatize"": true, ""tfidf_max_df"": 0.9, ""tfidf_max_features"": 300, ""tfidf_min_df"": 3, ""tfidf_ngram_range"": [1, 2], ""tfidf_normalize_numbers"": true}",2026-09-10T01:48:34
E0_TFIDF,frozen,participant,01,augmented,GAD7,42,RandomForest,4.694862,True,tfidf,defaults,"{""augmentation"": ""augmented"", ""beto_model"": ""dccuchile/bert-base-spanish-wwm-cased"", ""chunk_stride"": 256, ""max_tokens"": 512, ""n_cv_splits"": 5, ""n_search_iter"": 0, ""seeds"": [42], ""sentence_transformer_model"": ""intfloat/multilingual-e5-small"", ""tfidf_lemmatize"": true, ""tfidf_max_df"": 0.9, ""tfidf_max_features"": 300, ""tfidf_min_df"": 3, ""tfidf_ngram_range"": [1, 2], ""tfidf_normalize_numbers"": true}",2026-09-10T01:48:34
E0_TFIDF,frozen,participant,01,augmented,GAD7,42,ExtraTrees,4.767946,False,tfidf,defaults,"{""augmentation"": ""augmented"", ""beto_model"": ""dccuchile/bert-base-spanish-wwm-cased"", ""chunk_stride"": 256, ""max_tokens"": 512, ""n_cv_splits"": 5, ""n_search_iter"": 0, ""seeds"": [42], ""sentence_transformer_model"": ""intfloat/multilingual-e5-small"", ""tfidf_lemmatize"": true, ""tfidf_max_df"": 0.9, ""tfidf_max_features"": 300, ""tfidf_min_df"": 3, ""tfidf_ngram_range"": [1, 2], ""tfidf_normalize_numbers"": true}",2026-09-10T01:48:34
E0_TFIDF,frozen,participant,01,augmented,GAD7,42,GradientBoosting,4.767897,False,tfidf,defaults,"{""augmentation"": ""augmented"", ""beto_model"": ""dccuchile/bert-base-spanish-wwm-cased"", ""chunk_stride"": 256, ""max_tokens"": 512, ""n_cv_splits"": 5, ""n_search_iter"": 0, ""seeds"": [42], ""sentence_transformer_model"": ""intfloat/multilingual-e5-small"", ""tfidf_lemmatize"": true, ""tfidf_max_df"": 0.9, ""tfidf_max_features"": 300, ""tfidf_min_df"": 3, ""tfidf_ngram_range"": [1, 2], ""tfidf_normalize_numbers"": true}",2026-09-10T01:48:34
E0_TFIDF,frozen,participant,01,augmented,GAD7,42,LightGBM,4.9062,False,tfidf,defaults,"{""augmentation"": ""augmented"", ""beto_model"": ""dccuchile/bert-base-spanish-wwm-cased"", ""chunk_stride"": 256, ""max_tokens"": 512, ""n_cv_splits"": 5, ""n_search_iter"": 0, ""seeds"": [42], ""sentence_transformer_model"": ""intfloat/multilingual-e5-small"", ""tfidf_lemmatize"": true, ""tfidf_max_df"": 0.9, ""tfidf_max_features"": 300, ""tfidf_min_df"": 3, ""tfidf_ngram_range"": [1, 2], ""tfidf_normalize_numbers"": true}",2026-09-10T01:48:34
E0_TFIDF,frozen,participant,01,augmented,GAD7,42,KNN,5.120422,False,tfidf,defaults,"{""augmentation"": ""augmented"", ""beto_model"": ""dccuchile/bert-base-spanish-wwm-cased"", ""chunk_stride"": 256, ""max_tokens"": 512, ""n_cv_splits"": 5, ""n_search_iter"": 0, ""seeds"": [42], ""sentence_transformer_model"": ""intfloat/multilingual-e5-small"", ""tfidf_lemmatize"": true, ""tfidf_max_df"": 0.9, ""tfidf_max_features"": 300, ""tfidf_min_df"": 3, ""tfidf_ngram_range"": [1, 2], ""tfidf_normalize_numbers"": true}",2026-09-10T01:48:34
E0_TFIDF,frozen,participant,01,augmented,GAD7,42,DecisionTree,6.341089,False,tfidf,defaults,"{""augmentation"": ""augmented"", ""beto_model"": ""dccuchile/bert-base-spanish-wwm-cased"", ""chunk_stride"": 256, ""max_tokens"": 512, ""n_cv_splits"": 5, ""n_search_iter"": 0, ""seeds"": [42], ""sentence_transformer_model"": ""intfloat/multilingual-e5-small"", ""tfidf_lemmatize"": true, ""tfidf_max_df"": 0.9, ""tfidf_max_features"": 300, ""tfidf_min_df"": 3, ""tfidf_ngram_range"": [1, 2], ""tfidf_normalize_numbers"": true}",2026-09-10T01:48:34
E0_TFIDF,frozen,participant,01,augmented,GAD7,42,AdaBoost,4.768274,False,tfidf,defaults,"{""augmentation"": ""augmented"", ""beto_model"": ""dccuchile/bert-base-spanish-wwm-cased"", ""chunk_stride"": 256, ""max_tokens"": 512, ""n_cv_splits"": 5, ""n_search_iter"": 0, ""seeds"": [42], ""sentence_transformer_model"": ""intfloat/multilingual-e5-small"", ""tfidf_lemmatize"": true, ""tfidf_max_df"": 0.9, ""tfidf_max_features"": 300, ""tfidf_min_df"": 3, ""tfidf_ngram_range"": [1, 2], ""tfidf_normalize_numbers"": true}",2026-09-10T01:48:34
E1_BETO,frozen,participant,01,augmented,PHQ9,42,Ridge,5.507798,False,dccuchile/bert-base-spanish-wwm-cased,defaults,"{""augmentation"": ""augmented"", ""beto_model"": ""dccuchile/bert-base-spanish-wwm-cased"", ""chunk_stride"": 256, ""max_tokens"": 512, ""n_cv_splits"": 5, ""n_search_iter"": 0, ""seeds"": [42], ""sentence_transformer_model"": ""intfloat/multilingual-e5-small"", ""tfidf_lemmatize"": true, ""tfidf_max_df"": 0.9, ""tfidf_max_features"": 300, ""tfidf_min_df"": 3, ""tfidf_ngram_range"": [1, 2], ""tfidf_normalize_numbers"": true}",2026-09-10T01:50:30
E1_BETO,frozen,participant,01,augmented,PHQ9,42,SVR,4.919817,True,dccuchile/bert-base-spanish-wwm-cased,defaults,"{""augmentation"": ""augmented"", ""beto_model"": ""dccuchile/bert-base-spanish-wwm-cased"", ""chunk_stride"": 256, ""max_tokens"": 512, ""n_cv_splits"": 5, ""n_search_iter"": 0, ""seeds"": [42], ""sentence_transformer_model"": ""intfloat/multilingual-e5-small"", ""tfidf_lemmatize"": true, ""tfidf_max_df"": 0.9, ""tfidf_max_features"": 300, ""tfidf_min_df"": 3, ""tfidf_ngram_range"": [1, 2], ""tfidf_normalize_numbers"": true}",2026-09-10T01:50:30
E1_BETO,frozen,participant,01,augmented,PHQ9,42,RandomForest,5.167863,False,dccuchile/bert-base-spanish-wwm-cased,defaults,"{""augmentation"": ""augmented"", ""beto_model"": ""dccuchile/bert-base-spanish-wwm-cased"", ""chunk_stride"": 256, ""max_tokens"": 512, ""n_cv_splits"": 5, ""n_search_iter"": 0, ""seeds"": [42], ""sentence_transformer_model"": ""intfloat/multilingual-e5-small"", ""tfidf_lemmatize"": true, ""tfidf_max_df"": 0.9, ""tfidf_max_features"": 300, ""tfidf_min_df"": 3, ""tfidf_ngram_range"": [1, 2], ""tfidf_normalize_numbers"": true}",2026-09-10T01:50:30
E1_BETO,frozen,participant,01,augmented,PHQ9,42,ExtraTrees,5.246781,False,dccuchile/bert-base-spanish-wwm-cased,defaults,"{""augmentation"": ""augmented"", ""beto_model"": ""dccuchile/bert-base-spanish-wwm-cased"", ""chunk_stride"": 256, ""max_tokens"": 512, ""n_cv_splits"": 5, ""n_search_iter"": 0, ""seeds"": [42], ""sentence_transformer_model"": ""intfloat/multilingual-e5-small"", ""tfidf_lemmatize"": true, ""tfidf_max_df"": 0.9, ""tfidf_max_features"": 300, ""tfidf_min_df"": 3, ""tfidf_ngram_range"": [1, 2], ""tfidf_normalize_numbers"": true}",2026-09-10T01:50:30
E1_BETO,frozen,participant,01,augmented,PHQ9,42,GradientBoosting,5.167251,False,dccuchile/bert-base-spanish-wwm-cased,defaults,"{""augmentation"": ""augmented"", ""beto_model"": ""dccuchile/bert-base-spanish-wwm-cased"", ""chunk_stride"": 256, ""max_tokens"": 512, ""n_cv_splits"": 5, ""n_search_iter"": 0, ""seeds"": [42], ""sentence_transformer_model"": ""intfloat/multilingual-e5-small"", ""tfidf_lemmatize"": true, ""tfidf_max_df"": 0.9, ""tfidf_max_features"": 300, ""tfidf_min_df"": 3, ""tfidf_ngram_range"": [1, 2], ""tfidf_normalize_numbers"": true}",2026-09-10T01:50:30
E1_BETO,frozen,participant,01,augmented,PHQ9,42,LightGBM,5.318342,False,dccuchile/bert-base-spanish-wwm-cased,defaults,"{""augmentation"": ""augmented"", ""beto_model"": ""dccuchile/bert-base-spanish-wwm-cased"", ""chunk_stride"": 256, ""max_tokens"": 512, ""n_cv_splits"": 5, ""n_search_iter"": 0, ""seeds"": [42], ""sentence_transformer_model"": ""intfloat/multilingual-e5-small"", ""tfidf_lemmatize"": true, ""tfidf_max_df"": 0.9, ""tfidf_max_features"": 300, ""tfidf_min_df"": 3, ""tfidf_ngram_range"": [1, 2], ""tfidf_normalize_numbers"": true}",2026-09-10T01:50:30
E1_BETO,frozen,participant,01,augmented,PHQ9,42,KNN,5.49756,False,dccuchile/bert-base-spanish-wwm-cased,defaults,"{""augmentation"": ""augmented"", ""beto_model"": ""dccuchile/bert-base-spanish-wwm-cased"", ""chunk_stride"": 256, ""max_tokens"": 512, ""n_cv_splits"": 5, ""n_search_iter"": 0, ""seeds"": [42], ""sentence_transformer_model"": ""intfloat/multilingual-e5-small"", ""tfidf_lemmatize"": true, ""tfidf_max_df"": 0.9, ""tfidf_max_features"": 300, ""tfidf_min_df"": 3, ""tfidf_ngram_range"": [1, 2], ""tfidf_normalize_numbers"": true}",2026-09-10T01:50:30
E1_BETO,frozen,participant,01,augmented,PHQ9,42,DecisionTree,6.797261,False,dccuchile/bert-base-spanish-wwm-cased,defaults,"{""augmentation"": ""augmented"", ""beto_model"": ""dccuchile/bert-base-spanish-wwm-cased"", ""chunk_stride"": 256, ""max_tokens"": 512, ""n_cv_splits"": 5, ""n_search_iter"": 0, ""seeds"": [42], ""sentence_transformer_model"": ""intfloat/multilingual-e5-small"", ""tfidf_lemmatize"": true, ""tfidf_max_df"": 0.9, ""tfidf_max_features"": 300, ""tfidf_min_df"": 3, ""tfidf_ngram_range"": [1, 2], ""tfidf_normalize_numbers"": true}",2026-09-10T01:50:30
E1_BETO,frozen,participant,01,augmented,PHQ9,42,AdaBoost,5.201424,False,dccuchile/bert-base-spanish-wwm-cased,defaults,"{""augmentation"": ""augmented"", ""beto_model"": ""dccuchile/bert-base-spanish-wwm-cased"", ""chunk_stride"": 256, ""max_tokens"": 512, ""n_cv_splits"": 5, ""n_search_iter"": 0, ""seeds"": [42], ""sentence_transformer_model"": ""intfloat/multilingual-e5-small"", ""tfidf_lemmatize"": true, ""tfidf_max_df"": 0.9, ""tfidf_max_features"": 300, ""tfidf_min_df"": 3, ""tfidf_ngram_range"": [1, 2], ""tfidf_normalize_numbers"": true}",2026-09-10T01:50:30
E1_BETO,frozen,participant,01,augmented,GAD7,42,Ridge,5.545373,False,dccuchile/bert-base-spanish-wwm-cased,defaults,"{""augmentation"": ""augmented"", ""beto_model"": ""dccuchile/bert-base-spanish-wwm-cased"", ""chunk_stride"": 256, ""max_tokens"": 512, ""n_cv_splits"": 5, ""n_search_iter"": 0, ""seeds"": [42], ""sentence_transformer_model"": ""intfloat/multilingual-e5-small"", ""tfidf_lemmatize"": true, ""tfidf_max_df"": 0.9, ""tfidf_max_features"": 300, ""tfidf_min_df"": 3, ""tfidf_ngram_range"": [1, 2], ""tfidf_normalize_numbers"": true}",2026-09-10T01:52:30
E1_BETO,frozen,participant,01,augmented,GAD7,42,SVR,4.323698,True,dccuchile/bert-base-spanish-wwm-cased,defaults,"{""augmentation"": ""augmented"", ""beto_model"": ""dccuchile/bert-base-spanish-wwm-cased"", ""chunk_stride"": 256, ""max_tokens"": 512, ""n_cv_splits"": 5, ""n_search_iter"": 0, ""seeds"": [42], ""sentence_transformer_model"": ""intfloat/multilingual-e5-small"", ""tfidf_lemmatize"": true, ""tfidf_max_df"": 0.9, ""tfidf_max_features"": 300, ""tfidf_min_df"": 3, ""tfidf_ngram_range"": [1, 2], ""tfidf_normalize_numbers"": true}",2026-09-10T01:52:30
E1_BETO,frozen,participant,01,augmented,GAD7,42,RandomForest,4.476079,False,dccuchile/bert-base-spanish-wwm-cased,defaults,"{""augmentation"": ""augmented"", ""beto_model"": ""dccuchile/bert-base-spanish-wwm-cased"", ""chunk_stride"": 256, ""max_tokens"": 512, ""n_cv_splits"": 5, ""n_search_iter"": 0, ""seeds"": [42], ""sentence_transformer_model"": ""intfloat/multilingual-e5-small"", ""tfidf_lemmatize"": true, ""tfidf_max_df"": 0.9, ""tfidf_max_features"": 300, ""tfidf_min_df"": 3, ""tfidf_ngram_range"": [1, 2], ""tfidf_normalize_numbers"": true}",2026-09-10T01:52:30
E1_BETO,frozen,participant,01,augmented,GAD7,42,ExtraTrees,4.453828,False,dccuchile/bert-base-spanish-wwm-cased,defaults,"{""augmentation"": ""augmented"", ""beto_model"": ""dccuchile/bert-base-spanish-wwm-cased"", ""chunk_stride"": 256, ""max_tokens"": 512, ""n_cv_splits"": 5, ""n_search_iter"": 0, ""seeds"": [42], ""sentence_transformer_model"": ""intfloat/multilingual-e5-small"", ""tfidf_lemmatize"": true, ""tfidf_max_df"": 0.9, ""tfidf_max_features"": 300, ""tfidf_min_df"": 3, ""tfidf_ngram_range"": [1, 2], ""tfidf_normalize_numbers"": true}",2026-09-10T01:52:30
E1_BETO,frozen,participant,01,augmented,GAD7,42,GradientBoosting,4.72665,False,dccuchile/bert-base-spanish-wwm-cased,defaults,"{""augmentation"": ""augmented"", ""beto_model"": ""dccuchile/bert-base-spanish-wwm-cased"", ""chunk_stride"": 256, ""max_tokens"": 512, ""n_cv_splits"": 5, ""n_search_iter"": 0, ""seeds"": [42], ""sentence_transformer_model"": ""intfloat/multilingual-e5-small"", ""tfidf_lemmatize"": true, ""tfidf_max_df"": 0.9, ""tfidf_max_features"": 300, ""tfidf_min_df"": 3, ""tfidf_ngram_range"": [1, 2], ""tfidf_normalize_numbers"": true}",2026-09-10T01:52:30
E1_BETO,frozen,participant,01,augmented,GAD7,42,LightGBM,4.775872,False,dccuchile/bert-base-spanish-wwm-cased,defaults,"{""augmentation"": ""augmented"", ""beto_model"": ""dccuchile/bert-base-spanish-wwm-cased"", ""chunk_stride"": 256, ""max_tokens"": 512, ""n_cv_splits"": 5, ""n_search_iter"": 0, ""seeds"": [42], ""sentence_transformer_model"": ""intfloat/multilingual-e5-small"", ""tfidf_lemmatize"": true, ""tfidf_max_df"": 0.9, ""tfidf_max_features"": 300, ""tfidf_min_df"": 3, ""tfidf_ngram_range"": [1, 2], ""tfidf_normalize_numbers"": true}",2026-09-10T01:52:30
E1_BETO,frozen,participant,01,augmented,GAD7,42,KNN,4.618011,False,dccuchile/bert-base-spanish-wwm-cased,defaults,"{""augmentation"": ""augmented"", ""beto_model"": ""dccuchile/bert-base-spanish-wwm-cased"", ""chunk_stride"": 256, ""max_tokens"": 512, ""n_cv_splits"": 5, ""n_search_iter"": 0, ""seeds"": [42], ""sentence_transformer_model"": ""intfloat/multilingual-e5-small"", ""tfidf_lemmatize"": true, ""tfidf_max_df"": 0.9, ""tfidf_max_features"": 300, ""tfidf_min_df"": 3, ""tfidf_ngram_range"": [1, 2], ""tfidf_normalize_numbers"": true}",2026-09-10T01:52:30
E1_BETO,frozen,participant,01,augmented,GAD7,42,DecisionTree,6.055256,False,dccuchile/bert-base-spanish-wwm-cased,defaults,"{""augmentation"": ""augmented"", ""beto_model"": ""dccuchile/bert-base-spanish-wwm-cased"", ""chunk_stride"": 256, ""max_tokens"": 512, ""n_cv_splits"": 5, ""n_search_iter"": 0, ""seeds"": [42], ""sentence_transformer_model"": ""intfloat/multilingual-e5-small"", ""tfidf_lemmatize"": true, ""tfidf_max_df"": 0.9, ""tfidf_max_features"": 300, ""tfidf_min_df"": 3, ""tfidf_ngram_range"": [1, 2], ""tfidf_normalize_numbers"": true}",2026-09-10T01:52:30
E1_BETO,frozen,participant,01,augmented,GAD7,42,AdaBoost,4.573272,False,dccuchile/bert-base-spanish-wwm-cased,defaults,"{""augmentation"": ""augmented"", ""beto_model"": ""dccuchile/bert-base-spanish-wwm-cased"", ""chunk_stride"": 256, ""max_tokens"": 512, ""n_cv_splits"": 5, ""n_search_iter"": 0, ""seeds"": [42], ""sentence_transformer_model"": ""intfloat/multilingual-e5-small"", ""tfidf_lemmatize"": true, ""tfidf_max_df"": 0.9, ""tfidf_max_features"": 300, ""tfidf_min_df"": 3, ""tfidf_ngram_range"": [1, 2], ""tfidf_normalize_numbers"": true}",2026-09-10T01:52:30
E2_E5SMALL,frozen,participant,01,augmented,PHQ9,42,Ridge,7.477188,False,intfloat/multilingual-e5-small,defaults,"{""augmentation"": ""augmented"", ""beto_model"": ""dccuchile/bert-base-spanish-wwm-cased"", ""chunk_stride"": 256, ""max_tokens"": 512, ""n_cv_splits"": 5, ""n_search_iter"": 0, ""seeds"": [42], ""sentence_transformer_model"": ""intfloat/multilingual-e5-small"", ""tfidf_lemmatize"": true, ""tfidf_max_df"": 0.9, ""tfidf_max_features"": 300, ""tfidf_min_df"": 3, ""tfidf_ngram_range"": [1, 2], ""tfidf_normalize_numbers"": true}",2026-09-10T01:53:22
E2_E5SMALL,frozen,participant,01,augmented,PHQ9,42,SVR,5.2678,True,intfloat/multilingual-e5-small,defaults,"{""augmentation"": ""augmented"", ""beto_model"": ""dccuchile/bert-base-spanish-wwm-cased"", ""chunk_stride"": 256, ""max_tokens"": 512, ""n_cv_splits"": 5, ""n_search_iter"": 0, ""seeds"": [42], ""sentence_transformer_model"": ""intfloat/multilingual-e5-small"", ""tfidf_lemmatize"": true, ""tfidf_max_df"": 0.9, ""tfidf_max_features"": 300, ""tfidf_min_df"": 3, ""tfidf_ngram_range"": [1, 2], ""tfidf_normalize_numbers"": true}",2026-09-10T01:53:22
E2_E5SMALL,frozen,participant,01,augmented,PHQ9,42,RandomForest,5.391661,False,intfloat/multilingual-e5-small,defaults,"{""augmentation"": ""augmented"", ""beto_model"": ""dccuchile/bert-base-spanish-wwm-cased"", ""chunk_stride"": 256, ""max_tokens"": 512, ""n_cv_splits"": 5, ""n_search_iter"": 0, ""seeds"": [42], ""sentence_transformer_model"": ""intfloat/multilingual-e5-small"", ""tfidf_lemmatize"": true, ""tfidf_max_df"": 0.9, ""tfidf_max_features"": 300, ""tfidf_min_df"": 3, ""tfidf_ngram_range"": [1, 2], ""tfidf_normalize_numbers"": true}",2026-09-10T01:53:22
E2_E5SMALL,frozen,participant,01,augmented,PHQ9,42,ExtraTrees,5.357367,False,intfloat/multilingual-e5-small,defaults,"{""augmentation"": ""augmented"", ""beto_model"": ""dccuchile/bert-base-spanish-wwm-cased"", ""chunk_stride"": 256, ""max_tokens"": 512, ""n_cv_splits"": 5, ""n_search_iter"": 0, ""seeds"": [42], ""sentence_transformer_model"": ""intfloat/multilingual-e5-small"", ""tfidf_lemmatize"": true, ""tfidf_max_df"": 0.9, ""tfidf_max_features"": 300, ""tfidf_min_df"": 3, ""tfidf_ngram_range"": [1, 2], ""tfidf_normalize_numbers"": true}",2026-09-10T01:53:22
E2_E5SMALL,frozen,participant,01,augmented,PHQ9,42,GradientBoosting,5.522825,False,intfloat/multilingual-e5-small,defaults,"{""augmentation"": ""augmented"", ""beto_model"": ""dccuchile/bert-base-spanish-wwm-cased"", ""chunk_stride"": 256, ""max_tokens"": 512, ""n_cv_splits"": 5, ""n_search_iter"": 0, ""seeds"": [42], ""sentence_transformer_model"": ""intfloat/multilingual-e5-small"", ""tfidf_lemmatize"": true, ""tfidf_max_df"": 0.9, ""tfidf_max_features"": 300, ""tfidf_min_df"": 3, ""tfidf_ngram_range"": [1, 2], ""tfidf_normalize_numbers"": true}",2026-09-10T01:53:22
E2_E5SMALL,frozen,participant,01,augmented,PHQ9,42,LightGBM,5.575758,False,intfloat/multilingual-e5-small,defaults,"{""augmentation"": ""augmented"", ""beto_model"": ""dccuchile/bert-base-spanish-wwm-cased"", ""chunk_stride"": 256, ""max_tokens"": 512, ""n_cv_splits"": 5, ""n_search_iter"": 0, ""seeds"": [42], ""sentence_transformer_model"": ""intfloat/multilingual-e5-small"", ""tfidf_lemmatize"": true, ""tfidf_max_df"": 0.9, ""tfidf_max_features"": 300, ""tfidf_min_df"": 3, ""tfidf_ngram_range"": [1, 2], ""tfidf_normalize_numbers"": true}",2026-09-10T01:53:22
E2_E5SMALL,frozen,participant,01,augmented,PHQ9,42,KNN,5.74401,False,intfloat/multilingual-e5-small,defaults,"{""augmentation"": ""augmented"", ""beto_model"": ""dccuchile/bert-base-spanish-wwm-cased"", ""chunk_stride"": 256, ""max_tokens"": 512, ""n_cv_splits"": 5, ""n_search_iter"": 0, ""seeds"": [42], ""sentence_transformer_model"": ""intfloat/multilingual-e5-small"", ""tfidf_lemmatize"": true, ""tfidf_max_df"": 0.9, ""tfidf_max_features"": 300, ""tfidf_min_df"": 3, ""tfidf_ngram_range"": [1, 2], ""tfidf_normalize_numbers"": true}",2026-09-10T01:53:22
E2_E5SMALL,frozen,participant,01,augmented,PHQ9,42,DecisionTree,7.745702,False,intfloat/multilingual-e5-small,defaults,"{""augmentation"": ""augmented"", ""beto_model"": ""dccuchile/bert-base-spanish-wwm-cased"", ""chunk_stride"": 256, ""max_tokens"": 512, ""n_cv_splits"": 5, ""n_search_iter"": 0, ""seeds"": [42], ""sentence_transformer_model"": ""intfloat/multilingual-e5-small"", ""tfidf_lemmatize"": true, ""tfidf_max_df"": 0.9, ""tfidf_max_features"": 300, ""tfidf_min_df"": 3, ""tfidf_ngram_range"": [1, 2], ""tfidf_normalize_numbers"": true}",2026-09-10T01:53:22
E2_E5SMALL,frozen,participant,01,augmented,PHQ9,42,AdaBoost,5.46109,False,intfloat/multilingual-e5-small,defaults,"{""augmentation"": ""augmented"", ""beto_model"": ""dccuchile/bert-base-spanish-wwm-cased"", ""chunk_stride"": 256, ""max_tokens"": 512, ""n_cv_splits"": 5, ""n_search_iter"": 0, ""seeds"": [42], ""sentence_transformer_model"": ""intfloat/multilingual-e5-small"", ""tfidf_lemmatize"": true, ""tfidf_max_df"": 0.9, ""tfidf_max_features"": 300, ""tfidf_min_df"": 3, ""tfidf_ngram_range"": [1, 2], ""tfidf_normalize_numbers"": true}",2026-09-10T01:53:22
E2_E5SMALL,frozen,participant,01,augmented,GAD7,42,Ridge,6.075624,False,intfloat/multilingual-e5-small,defaults,"{""augmentation"": ""augmented"", ""beto_model"": ""dccuchile/bert-base-spanish-wwm-cased"", ""chunk_stride"": 256, ""max_tokens"": 512, ""n_cv_splits"": 5, ""n_search_iter"": 0, ""seeds"": [42], ""sentence_transformer_model"": ""intfloat/multilingual-e5-small"", ""tfidf_lemmatize"": true, ""tfidf_max_df"": 0.9, ""tfidf_max_features"": 300, ""tfidf_min_df"": 3, ""tfidf_ngram_range"": [1, 2], ""tfidf_normalize_numbers"": true}",2026-09-10T01:54:28
E2_E5SMALL,frozen,participant,01,augmented,GAD7,42,SVR,4.509954,True,intfloat/multilingual-e5-small,defaults,"{""augmentation"": ""augmented"", ""beto_model"": ""dccuchile/bert-base-spanish-wwm-cased"", ""chunk_stride"": 256, ""max_tokens"": 512, ""n_cv_splits"": 5, ""n_search_iter"": 0, ""seeds"": [42], ""sentence_transformer_model"": ""intfloat/multilingual-e5-small"", ""tfidf_lemmatize"": true, ""tfidf_max_df"": 0.9, ""tfidf_max_features"": 300, ""tfidf_min_df"": 3, ""tfidf_ngram_range"": [1, 2], ""tfidf_normalize_numbers"": true}",2026-09-10T01:54:28
E2_E5SMALL,frozen,participant,01,augmented,GAD7,42,RandomForest,4.553854,False,intfloat/multilingual-e5-small,defaults,"{""augmentation"": ""augmented"", ""beto_model"": ""dccuchile/bert-base-spanish-wwm-cased"", ""chunk_stride"": 256, ""max_tokens"": 512, ""n_cv_splits"": 5, ""n_search_iter"": 0, ""seeds"": [42], ""sentence_transformer_model"": ""intfloat/multilingual-e5-small"", ""tfidf_lemmatize"": true, ""tfidf_max_df"": 0.9, ""tfidf_max_features"": 300, ""tfidf_min_df"": 3, ""tfidf_ngram_range"": [1, 2], ""tfidf_normalize_numbers"": true}",2026-09-10T01:54:28
E2_E5SMALL,frozen,participant,01,augmented,GAD7,42,ExtraTrees,4.551757,False,intfloat/multilingual-e5-small,defaults,"{""augmentation"": ""augmented"", ""beto_model"": ""dccuchile/bert-base-spanish-wwm-cased"", ""chunk_stride"": 256, ""max_tokens"": 512, ""n_cv_splits"": 5, ""n_search_iter"": 0, ""seeds"": [42], ""sentence_transformer_model"": ""intfloat/multilingual-e5-small"", ""tfidf_lemmatize"": true, ""tfidf_max_df"": 0.9, ""tfidf_max_features"": 300, ""tfidf_min_df"": 3, ""tfidf_ngram_range"": [1, 2], ""tfidf_normalize_numbers"": true}",2026-09-10T01:54:28
E2_E5SMALL,frozen,participant,01,augmented,GAD7,42,GradientBoosting,4.617514,False,intfloat/multilingual-e5-small,defaults,"{""augmentation"": ""augmented"", ""beto_model"": ""dccuchile/bert-base-spanish-wwm-cased"", ""chunk_stride"": 256, ""max_tokens"": 512, ""n_cv_splits"": 5, ""n_search_iter"": 0, ""seeds"": [42], ""sentence_transformer_model"": ""intfloat/multilingual-e5-small"", ""tfidf_lemmatize"": true, ""tfidf_max_df"": 0.9, ""tfidf_max_features"": 300, ""tfidf_min_df"": 3, ""tfidf_ngram_range"": [1, 2], ""tfidf_normalize_numbers"": true}",2026-09-10T01:54:28
E2_E5SMALL,frozen,participant,01,augmented,GAD7,42,LightGBM,4.645324,False,intfloat/multilingual-e5-small,defaults,"{""augmentation"": ""augmented"", ""beto_model"": ""dccuchile/bert-base-spanish-wwm-cased"", ""chunk_stride"": 256, ""max_tokens"": 512, ""n_cv_splits"": 5, ""n_search_iter"": 0, ""seeds"": [42], ""sentence_transformer_model"": ""intfloat/multilingual-e5-small"", ""tfidf_lemmatize"": true, ""tfidf_max_df"": 0.9, ""tfidf_max_features"": 300, ""tfidf_min_df"": 3, ""tfidf_ngram_range"": [1, 2], ""tfidf_normalize_numbers"": true}",2026-09-10T01:54:28
E2_E5SMALL,frozen,participant,01,augmented,GAD7,42,KNN,4.8954,False,intfloat/multilingual-e5-small,defaults,"{""augmentation"": ""augmented"", ""beto_model"": ""dccuchile/bert-base-spanish-wwm-cased"", ""chunk_stride"": 256, ""max_tokens"": 512, ""n_cv_splits"": 5, ""n_search_iter"": 0, ""seeds"": [42], ""sentence_transformer_model"": ""intfloat/multilingual-e5-small"", ""tfidf_lemmatize"": true, ""tfidf_max_df"": 0.9, ""tfidf_max_features"": 300, ""tfidf_min_df"": 3, ""tfidf_ngram_range"": [1, 2], ""tfidf_normalize_numbers"": true}",2026-09-10T01:54:28
E2_E5SMALL,frozen,participant,01,augmented,GAD7,42,DecisionTree,5.884465,False,intfloat/multilingual-e5-small,defaults,"{""augmentation"": ""augmented"", ""beto_model"": ""dccuchile/bert-base-spanish-wwm-cased"", ""chunk_stride"": 256, ""max_tokens"": 512, ""n_cv_splits"": 5, ""n_search_iter"": 0, ""seeds"": [42], ""sentence_transformer_model"": ""intfloat/multilingual-e5-small"", ""tfidf_lemmatize"": true, ""tfidf_max_df"": 0.9, ""tfidf_max_features"": 300, ""tfidf_min_df"": 3, ""tfidf_ngram_range"": [1, 2], ""tfidf_normalize_numbers"": true}",2026-09-10T01:54:28
E2_E5SMALL,frozen,participant,01,augmented,GAD7,42,AdaBoost,4.534194,False,intfloat/multilingual-e5-small,defaults,"{""augmentation"": ""augmented"", ""beto_model"": ""dccuchile/bert-base-spanish-wwm-cased"", ""chunk_stride"": 256, ""max_tokens"": 512, ""n_cv_splits"": 5, ""n_search_iter"": 0, ""seeds"": [42], ""sentence_transformer_model"": ""intfloat/multilingual-e5-small"", ""tfidf_lemmatize"": true, ""tfidf_max_df"": 0.9, ""tfidf_max_features"": 300, ""tfidf_min_df"": 3, ""tfidf_ngram_range"": [1, 2], ""tfidf_normalize_numbers"": true}",2026-09-10T01:54:28
E2_E5BASE,frozen,participant,01,augmented,PHQ9,42,Ridge,6.521486,False,intfloat/multilingual-e5-base,defaults,"{""augmentation"": ""augmented"", ""beto_model"": ""dccuchile/bert-base-spanish-wwm-cased"", ""chunk_stride"": 256, ""max_tokens"": 512, ""n_cv_splits"": 5, ""n_search_iter"": 0, ""seeds"": [42], ""sentence_transformer_model"": ""intfloat/multilingual-e5-small"", ""tfidf_lemmatize"": true, ""tfidf_max_df"": 0.9, ""tfidf_max_features"": 300, ""tfidf_min_df"": 3, ""tfidf_ngram_range"": [1, 2], ""tfidf_normalize_numbers"": true}",2026-09-10T01:56:19
E2_E5BASE,frozen,participant,01,augmented,PHQ9,42,SVR,4.915135,True,intfloat/multilingual-e5-base,defaults,"{""augmentation"": ""augmented"", ""beto_model"": ""dccuchile/bert-base-spanish-wwm-cased"", ""chunk_stride"": 256, ""max_tokens"": 512, ""n_cv_splits"": 5, ""n_search_iter"": 0, ""seeds"": [42], ""sentence_transformer_model"": ""intfloat/multilingual-e5-small"", ""tfidf_lemmatize"": true, ""tfidf_max_df"": 0.9, ""tfidf_max_features"": 300, ""tfidf_min_df"": 3, ""tfidf_ngram_range"": [1, 2], ""tfidf_normalize_numbers"": true}",2026-09-10T01:56:19
E2_E5BASE,frozen,participant,01,augmented,PHQ9,42,RandomForest,5.0417,False,intfloat/multilingual-e5-base,defaults,"{""augmentation"": ""augmented"", ""beto_model"": ""dccuchile/bert-base-spanish-wwm-cased"", ""chunk_stride"": 256, ""max_tokens"": 512, ""n_cv_splits"": 5, ""n_search_iter"": 0, ""seeds"": [42], ""sentence_transformer_model"": ""intfloat/multilingual-e5-small"", ""tfidf_lemmatize"": true, ""tfidf_max_df"": 0.9, ""tfidf_max_features"": 300, ""tfidf_min_df"": 3, ""tfidf_ngram_range"": [1, 2], ""tfidf_normalize_numbers"": true}",2026-09-10T01:56:19
E2_E5BASE,frozen,participant,01,augmented,PHQ9,42,ExtraTrees,5.048902,False,intfloat/multilingual-e5-base,defaults,"{""augmentation"": ""augmented"", ""beto_model"": ""dccuchile/bert-base-spanish-wwm-cased"", ""chunk_stride"": 256, ""max_tokens"": 512, ""n_cv_splits"": 5, ""n_search_iter"": 0, ""seeds"": [42], ""sentence_transformer_model"": ""intfloat/multilingual-e5-small"", ""tfidf_lemmatize"": true, ""tfidf_max_df"": 0.9, ""tfidf_max_features"": 300, ""tfidf_min_df"": 3, ""tfidf_ngram_range"": [1, 2], ""tfidf_normalize_numbers"": true}",2026-09-10T01:56:19
E2_E5BASE,frozen,participant,01,augmented,PHQ9,42,GradientBoosting,5.127696,False,intfloat/multilingual-e5-base,defaults,"{""augmentation"": ""augmented"", ""beto_model"": ""dccuchile/bert-base-spanish-wwm-cased"", ""chunk_stride"": 256, ""max_tokens"": 512, ""n_cv_splits"": 5, ""n_search_iter"": 0, ""seeds"": [42], ""sentence_transformer_model"": ""intfloat/multilingual-e5-small"", ""tfidf_lemmatize"": true, ""tfidf_max_df"": 0.9, ""tfidf_max_features"": 300, ""tfidf_min_df"": 3, ""tfidf_ngram_range"": [1, 2], ""tfidf_normalize_numbers"": true}",2026-09-10T01:56:19
E2_E5BASE,frozen,participant,01,augmented,PHQ9,42,LightGBM,5.218541,False,intfloat/multilingual-e5-base,defaults,"{""augmentation"": ""augmented"", ""beto_model"": ""dccuchile/bert-base-spanish-wwm-cased"", ""chunk_stride"": 256, ""max_tokens"": 512, ""n_cv_splits"": 5, ""n_search_iter"": 0, ""seeds"": [42], ""sentence_transformer_model"": ""intfloat/multilingual-e5-small"", ""tfidf_lemmatize"": true, ""tfidf_max_df"": 0.9, ""tfidf_max_features"": 300, ""tfidf_min_df"": 3, ""tfidf_ngram_range"": [1, 2], ""tfidf_normalize_numbers"": true}",2026-09-10T01:56:19
E2_E5BASE,frozen,participant,01,augmented,PHQ9,42,KNN,5.595592,False,intfloat/multilingual-e5-base,defaults,"{""augmentation"": ""augmented"", ""beto_model"": ""dccuchile/bert-base-spanish-wwm-cased"", ""chunk_stride"": 256, ""max_tokens"": 512, ""n_cv_splits"": 5, ""n_search_iter"": 0, ""seeds"": [42], ""sentence_transformer_model"": ""intfloat/multilingual-e5-small"", ""tfidf_lemmatize"": true, ""tfidf_max_df"": 0.9, ""tfidf_max_features"": 300, ""tfidf_min_df"": 3, ""tfidf_ngram_range"": [1, 2], ""tfidf_normalize_numbers"": true}",2026-09-10T01:56:19
E2_E5BASE,frozen,participant,01,augmented,PHQ9,42,DecisionTree,7.365623,False,intfloat/multilingual-e5-base,defaults,"{""augmentation"": ""augmented"", ""beto_model"": ""dccuchile/bert-base-spanish-wwm-cased"", ""chunk_stride"": 256, ""max_tokens"": 512, ""n_cv_splits"": 5, ""n_search_iter"": 0, ""seeds"": [42], ""sentence_transformer_model"": ""intfloat/multilingual-e5-small"", ""tfidf_lemmatize"": true, ""tfidf_max_df"": 0.9, ""tfidf_max_features"": 300, ""tfidf_min_df"": 3, ""tfidf_ngram_range"": [1, 2], ""tfidf_normalize_numbers"": true}",2026-09-10T01:56:19
E2_E5BASE,frozen,participant,01,augmented,PHQ9,42,AdaBoost,5.110483,False,intfloat/multilingual-e5-base,defaults,"{""augmentation"": ""augmented"", ""beto_model"": ""dccuchile/bert-base-spanish-wwm-cased"", ""chunk_stride"": 256, ""max_tokens"": 512, ""n_cv_splits"": 5, ""n_search_iter"": 0, ""seeds"": [42], ""sentence_transformer_model"": ""intfloat/multilingual-e5-small"", ""tfidf_lemmatize"": true, ""tfidf_max_df"": 0.9, ""tfidf_max_features"": 300, ""tfidf_min_df"": 3, ""tfidf_ngram_range"": [1, 2], ""tfidf_normalize_numbers"": true}",2026-09-10T01:56:19
E2_E5BASE,frozen,participant,01,augmented,GAD7,42,Ridge,5.455513,False,intfloat/multilingual-e5-base,defaults,"{""augmentation"": ""augmented"", ""beto_model"": ""dccuchile/bert-base-spanish-wwm-cased"", ""chunk_stride"": 256, ""max_tokens"": 512, ""n_cv_splits"": 5, ""n_search_iter"": 0, ""seeds"": [42], ""sentence_transformer_model"": ""intfloat/multilingual-e5-small"", ""tfidf_lemmatize"": true, ""tfidf_max_df"": 0.9, ""tfidf_max_features"": 300, ""tfidf_min_df"": 3, ""tfidf_ngram_range"": [1, 2], ""tfidf_normalize_numbers"": true}",2026-09-10T01:58:25
E2_E5BASE,frozen,participant,01,augmented,GAD7,42,SVR,4.30272,True,intfloat/multilingual-e5-base,defaults,"{""augmentation"": ""augmented"", ""beto_model"": ""dccuchile/bert-base-spanish-wwm-cased"", ""chunk_stride"": 256, ""max_tokens"": 512, ""n_cv_splits"": 5, ""n_search_iter"": 0, ""seeds"": [42], ""sentence_transformer_model"": ""intfloat/multilingual-e5-small"", ""tfidf_lemmatize"": true, ""tfidf_max_df"": 0.9, ""tfidf_max_features"": 300, ""tfidf_min_df"": 3, ""tfidf_ngram_range"": [1, 2], ""tfidf_normalize_numbers"": true}",2026-09-10T01:58:25
E2_E5BASE,frozen,participant,01,augmented,GAD7,42,RandomForest,4.436171,False,intfloat/multilingual-e5-base,defaults,"{""augmentation"": ""augmented"", ""beto_model"": ""dccuchile/bert-base-spanish-wwm-cased"", ""chunk_stride"": 256, ""max_tokens"": 512, ""n_cv_splits"": 5, ""n_search_iter"": 0, ""seeds"": [42], ""sentence_transformer_model"": ""intfloat/multilingual-e5-small"", ""tfidf_lemmatize"": true, ""tfidf_max_df"": 0.9, ""tfidf_max_features"": 300, ""tfidf_min_df"": 3, ""tfidf_ngram_range"": [1, 2], ""tfidf_normalize_numbers"": true}",2026-09-10T01:58:25
E2_E5BASE,frozen,participant,01,augmented,GAD7,42,ExtraTrees,4.421317,False,intfloat/multilingual-e5-base,defaults,"{""augmentation"": ""augmented"", ""beto_model"": ""dccuchile/bert-base-spanish-wwm-cased"", ""chunk_stride"": 256, ""max_tokens"": 512, ""n_cv_splits"": 5, ""n_search_iter"": 0, ""seeds"": [42], ""sentence_transformer_model"": ""intfloat/multilingual-e5-small"", ""tfidf_lemmatize"": true, ""tfidf_max_df"": 0.9, ""tfidf_max_features"": 300, ""tfidf_min_df"": 3, ""tfidf_ngram_range"": [1, 2], ""tfidf_normalize_numbers"": true}",2026-09-10T01:58:25
E2_E5BASE,frozen,participant,01,augmented,GAD7,42,GradientBoosting,4.54791,False,intfloat/multilingual-e5-base,defaults,"{""augmentation"": ""augmented"", ""beto_model"": ""dccuchile/bert-base-spanish-wwm-cased"", ""chunk_stride"": 256, ""max_tokens"": 512, ""n_cv_splits"": 5, ""n_search_iter"": 0, ""seeds"": [42], ""sentence_transformer_model"": ""intfloat/multilingual-e5-small"", ""tfidf_lemmatize"": true, ""tfidf_max_df"": 0.9, ""tfidf_max_features"": 300, ""tfidf_min_df"": 3, ""tfidf_ngram_range"": [1, 2], ""tfidf_normalize_numbers"": true}",2026-09-10T01:58:25
E2_E5BASE,frozen,participant,01,augmented,GAD7,42,LightGBM,4.780889,False,intfloat/multilingual-e5-base,defaults,"{""augmentation"": ""augmented"", ""beto_model"": ""dccuchile/bert-base-spanish-wwm-cased"", ""chunk_stride"": 256, ""max_tokens"": 512, ""n_cv_splits"": 5, ""n_search_iter"": 0, ""seeds"": [42], ""sentence_transformer_model"": ""intfloat/multilingual-e5-small"", ""tfidf_lemmatize"": true, ""tfidf_max_df"": 0.9, ""tfidf_max_features"": 300, ""tfidf_min_df"": 3, ""tfidf_ngram_range"": [1, 2], ""tfidf_normalize_numbers"": true}",2026-09-10T01:58:25
E2_E5BASE,frozen,participant,01,augmented,GAD7,42,KNN,4.909909,False,intfloat/multilingual-e5-base,defaults,"{""augmentation"": ""augmented"", ""beto_model"": ""dccuchile/bert-base-spanish-wwm-cased"", ""chunk_stride"": 256, ""max_tokens"": 512, ""n_cv_splits"": 5, ""n_search_iter"": 0, ""seeds"": [42], ""sentence_transformer_model"": ""intfloat/multilingual-e5-small"", ""tfidf_lemmatize"": true, ""tfidf_max_df"": 0.9, ""tfidf_max_features"": 300, ""tfidf_min_df"": 3, ""tfidf_ngram_range"": [1, 2], ""tfidf_normalize_numbers"": true}",2026-09-10T01:58:25
E2_E5BASE,frozen,participant,01,augmented,GAD7,42,DecisionTree,5.491265,False,intfloat/multilingual-e5-base,defaults,"{""augmentation"": ""augmented"", ""beto_model"": ""dccuchile/bert-base-spanish-wwm-cased"", ""chunk_stride"": 256, ""max_tokens"": 512, ""n_cv_splits"": 5, ""n_search_iter"": 0, ""seeds"": [42], ""sentence_transformer_model"": ""intfloat/multilingual-e5-small"", ""tfidf_lemmatize"": true, ""tfidf_max_df"": 0.9, ""tfidf_max_features"": 300, ""tfidf_min_df"": 3, ""tfidf_ngram_range"": [1, 2], ""tfidf_normalize_numbers"": true}",2026-09-10T01:58:25
E2_E5BASE,frozen,participant,01,augmented,GAD7,42,AdaBoost,4.367201,False,intfloat/multilingual-e5-base,defaults,"{""augmentation"": ""augmented"", ""beto_model"": ""dccuchile/bert-base-spanish-wwm-cased"", ""chunk_stride"": 256, ""max_tokens"": 512, ""n_cv_splits"": 5, ""n_search_iter"": 0, ""seeds"": [42], ""sentence_transformer_model"": ""intfloat/multilingual-e5-small"", ""tfidf_lemmatize"": true, ""tfidf_max_df"": 0.9, ""tfidf_max_features"": 300, ""tfidf_min_df"": 3, ""tfidf_ngram_range"": [1, 2], ""tfidf_normalize_numbers"": true}",2026-09-10T01:58:25
E2_E5LARGE,frozen,participant,01,augmented,PHQ9,42,Ridge,6.2909,False,intfloat/multilingual-e5-large,defaults,"{""augmentation"": ""augmented"", ""beto_model"": ""dccuchile/bert-base-spanish-wwm-cased"", ""chunk_stride"": 256, ""max_tokens"": 512, ""n_cv_splits"": 5, ""n_search_iter"": 0, ""seeds"": [42], ""sentence_transformer_model"": ""intfloat/multilingual-e5-small"", ""tfidf_lemmatize"": true, ""tfidf_max_df"": 0.9, ""tfidf_max_features"": 300, ""tfidf_min_df"": 3, ""tfidf_ngram_range"": [1, 2], ""tfidf_normalize_numbers"": true}",2026-09-10T02:00:23
E2_E5LARGE,frozen,participant,01,augmented,PHQ9,42,SVR,4.719996,True,intfloat/multilingual-e5-large,defaults,"{""augmentation"": ""augmented"", ""beto_model"": ""dccuchile/bert-base-spanish-wwm-cased"", ""chunk_stride"": 256, ""max_tokens"": 512, ""n_cv_splits"": 5, ""n_search_iter"": 0, ""seeds"": [42], ""sentence_transformer_model"": ""intfloat/multilingual-e5-small"", ""tfidf_lemmatize"": true, ""tfidf_max_df"": 0.9, ""tfidf_max_features"": 300, ""tfidf_min_df"": 3, ""tfidf_ngram_range"": [1, 2], ""tfidf_normalize_numbers"": true}",2026-09-10T02:00:23
E2_E5LARGE,frozen,participant,01,augmented,PHQ9,42,RandomForest,4.96685,False,intfloat/multilingual-e5-large,defaults,"{""augmentation"": ""augmented"", ""beto_model"": ""dccuchile/bert-base-spanish-wwm-cased"", ""chunk_stride"": 256, ""max_tokens"": 512, ""n_cv_splits"": 5, ""n_search_iter"": 0, ""seeds"": [42], ""sentence_transformer_model"": ""intfloat/multilingual-e5-small"", ""tfidf_lemmatize"": true, ""tfidf_max_df"": 0.9, ""tfidf_max_features"": 300, ""tfidf_min_df"": 3, ""tfidf_ngram_range"": [1, 2], ""tfidf_normalize_numbers"": true}",2026-09-10T02:00:23
E2_E5LARGE,frozen,participant,01,augmented,PHQ9,42,ExtraTrees,5.019479,False,intfloat/multilingual-e5-large,defaults,"{""augmentation"": ""augmented"", ""beto_model"": ""dccuchile/bert-base-spanish-wwm-cased"", ""chunk_stride"": 256, ""max_tokens"": 512, ""n_cv_splits"": 5, ""n_search_iter"": 0, ""seeds"": [42], ""sentence_transformer_model"": ""intfloat/multilingual-e5-small"", ""tfidf_lemmatize"": true, ""tfidf_max_df"": 0.9, ""tfidf_max_features"": 300, ""tfidf_min_df"": 3, ""tfidf_ngram_range"": [1, 2], ""tfidf_normalize_numbers"": true}",2026-09-10T02:00:23
E2_E5LARGE,frozen,participant,01,augmented,PHQ9,42,GradientBoosting,4.983267,False,intfloat/multilingual-e5-large,defaults,"{""augmentation"": ""augmented"", ""beto_model"": ""dccuchile/bert-base-spanish-wwm-cased"", ""chunk_stride"": 256, ""max_tokens"": 512, ""n_cv_splits"": 5, ""n_search_iter"": 0, ""seeds"": [42], ""sentence_transformer_model"": ""intfloat/multilingual-e5-small"", ""tfidf_lemmatize"": true, ""tfidf_max_df"": 0.9, ""tfidf_max_features"": 300, ""tfidf_min_df"": 3, ""tfidf_ngram_range"": [1, 2], ""tfidf_normalize_numbers"": true}",2026-09-10T02:00:23
E2_E5LARGE,frozen,participant,01,augmented,PHQ9,42,LightGBM,5.015586,False,intfloat/multilingual-e5-large,defaults,"{""augmentation"": ""augmented"", ""beto_model"": ""dccuchile/bert-base-spanish-wwm-cased"", ""chunk_stride"": 256, ""max_tokens"": 512, ""n_cv_splits"": 5, ""n_search_iter"": 0, ""seeds"": [42], ""sentence_transformer_model"": ""intfloat/multilingual-e5-small"", ""tfidf_lemmatize"": true, ""tfidf_max_df"": 0.9, ""tfidf_max_features"": 300, ""tfidf_min_df"": 3, ""tfidf_ngram_range"": [1, 2], ""tfidf_normalize_numbers"": true}",2026-09-10T02:00:23
E2_E5LARGE,frozen,participant,01,augmented,PHQ9,42,KNN,5.300413,False,intfloat/multilingual-e5-large,defaults,"{""augmentation"": ""augmented"", ""beto_model"": ""dccuchile/bert-base-spanish-wwm-cased"", ""chunk_stride"": 256, ""max_tokens"": 512, ""n_cv_splits"": 5, ""n_search_iter"": 0, ""seeds"": [42], ""sentence_transformer_model"": ""intfloat/multilingual-e5-small"", ""tfidf_lemmatize"": true, ""tfidf_max_df"": 0.9, ""tfidf_max_features"": 300, ""tfidf_min_df"": 3, ""tfidf_ngram_range"": [1, 2], ""tfidf_normalize_numbers"": true}",2026-09-10T02:00:23
E2_E5LARGE,frozen,participant,01,augmented,PHQ9,42,DecisionTree,7.082269,False,intfloat/multilingual-e5-large,defaults,"{""augmentation"": ""augmented"", ""beto_model"": ""dccuchile/bert-base-spanish-wwm-cased"", ""chunk_stride"": 256, ""max_tokens"": 512, ""n_cv_splits"": 5, ""n_search_iter"": 0, ""seeds"": [42], ""sentence_transformer_model"": ""intfloat/multilingual-e5-small"", ""tfidf_lemmatize"": true, ""tfidf_max_df"": 0.9, ""tfidf_max_features"": 300, ""tfidf_min_df"": 3, ""tfidf_ngram_range"": [1, 2], ""tfidf_normalize_numbers"": true}",2026-09-10T02:00:23
E2_E5LARGE,frozen,participant,01,augmented,PHQ9,42,AdaBoost,4.917539,False,intfloat/multilingual-e5-large,defaults,"{""augmentation"": ""augmented"", ""beto_model"": ""dccuchile/bert-base-spanish-wwm-cased"", ""chunk_stride"": 256, ""max_tokens"": 512, ""n_cv_splits"": 5, ""n_search_iter"": 0, ""seeds"": [42], ""sentence_transformer_model"": ""intfloat/multilingual-e5-small"", ""tfidf_lemmatize"": true, ""tfidf_max_df"": 0.9, ""tfidf_max_features"": 300, ""tfidf_min_df"": 3, ""tfidf_ngram_range"": [1, 2], ""tfidf_normalize_numbers"": true}",2026-09-10T02:00:23
E2_E5LARGE,frozen,participant,01,augmented,GAD7,42,Ridge,5.634699,False,intfloat/multilingual-e5-large,defaults,"{""augmentation"": ""augmented"", ""beto_model"": ""dccuchile/bert-base-spanish-wwm-cased"", ""chunk_stride"": 256, ""max_tokens"": 512, ""n_cv_splits"": 5, ""n_search_iter"": 0, ""seeds"": [42], ""sentence_transformer_model"": ""intfloat/multilingual-e5-small"", ""tfidf_lemmatize"": true, ""tfidf_max_df"": 0.9, ""tfidf_max_features"": 300, ""tfidf_min_df"": 3, ""tfidf_ngram_range"": [1, 2], ""tfidf_normalize_numbers"": true}",2026-09-10T02:02:14
E2_E5LARGE,frozen,participant,01,augmented,GAD7,42,SVR,4.261747,True,intfloat/multilingual-e5-large,defaults,"{""augmentation"": ""augmented"", ""beto_model"": ""dccuchile/bert-base-spanish-wwm-cased"", ""chunk_stride"": 256, ""max_tokens"": 512, ""n_cv_splits"": 5, ""n_search_iter"": 0, ""seeds"": [42], ""sentence_transformer_model"": ""intfloat/multilingual-e5-small"", ""tfidf_lemmatize"": true, ""tfidf_max_df"": 0.9, ""tfidf_max_features"": 300, ""tfidf_min_df"": 3, ""tfidf_ngram_range"": [1, 2], ""tfidf_normalize_numbers"": true}",2026-09-10T02:02:14
E2_E5LARGE,frozen,participant,01,augmented,GAD7,42,RandomForest,4.306548,False,intfloat/multilingual-e5-large,defaults,"{""augmentation"": ""augmented"", ""beto_model"": ""dccuchile/bert-base-spanish-wwm-cased"", ""chunk_stride"": 256, ""max_tokens"": 512, ""n_cv_splits"": 5, ""n_search_iter"": 0, ""seeds"": [42], ""sentence_transformer_model"": ""intfloat/multilingual-e5-small"", ""tfidf_lemmatize"": true, ""tfidf_max_df"": 0.9, ""tfidf_max_features"": 300, ""tfidf_min_df"": 3, ""tfidf_ngram_range"": [1, 2], ""tfidf_normalize_numbers"": true}",2026-09-10T02:02:14
E2_E5LARGE,frozen,participant,01,augmented,GAD7,42,ExtraTrees,4.389295,False,intfloat/multilingual-e5-large,defaults,"{""augmentation"": ""augmented"", ""beto_model"": ""dccuchile/bert-base-spanish-wwm-cased"", ""chunk_stride"": 256, ""max_tokens"": 512, ""n_cv_splits"": 5, ""n_search_iter"": 0, ""seeds"": [42], ""sentence_transformer_model"": ""intfloat/multilingual-e5-small"", ""tfidf_lemmatize"": true, ""tfidf_max_df"": 0.9, ""tfidf_max_features"": 300, ""tfidf_min_df"": 3, ""tfidf_ngram_range"": [1, 2], ""tfidf_normalize_numbers"": true}",2026-09-10T02:02:14
E2_E5LARGE,frozen,participant,01,augmented,GAD7,42,GradientBoosting,4.425954,False,intfloat/multilingual-e5-large,defaults,"{""augmentation"": ""augmented"", ""beto_model"": ""dccuchile/bert-base-spanish-wwm-cased"", ""chunk_stride"": 256, ""max_tokens"": 512, ""n_cv_splits"": 5, ""n_search_iter"": 0, ""seeds"": [42], ""sentence_transformer_model"": ""intfloat/multilingual-e5-small"", ""tfidf_lemmatize"": true, ""tfidf_max_df"": 0.9, ""tfidf_max_features"": 300, ""tfidf_min_df"": 3, ""tfidf_ngram_range"": [1, 2], ""tfidf_normalize_numbers"": true}",2026-09-10T02:02:14
E2_E5LARGE,frozen,participant,01,augmented,GAD7,42,LightGBM,4.550506,False,intfloat/multilingual-e5-large,defaults,"{""augmentation"": ""augmented"", ""beto_model"": ""dccuchile/bert-base-spanish-wwm-cased"", ""chunk_stride"": 256, ""max_tokens"": 512, ""n_cv_splits"": 5, ""n_search_iter"": 0, ""seeds"": [42], ""sentence_transformer_model"": ""intfloat/multilingual-e5-small"", ""tfidf_lemmatize"": true, ""tfidf_max_df"": 0.9, ""tfidf_max_features"": 300, ""tfidf_min_df"": 3, ""tfidf_ngram_range"": [1, 2], ""tfidf_normalize_numbers"": true}",2026-09-10T02:02:14
E2_E5LARGE,frozen,participant,01,augmented,GAD7,42,KNN,4.800139,False,intfloat/multilingual-e5-large,defaults,"{""augmentation"": ""augmented"", ""beto_model"": ""dccuchile/bert-base-spanish-wwm-cased"", ""chunk_stride"": 256, ""max_tokens"": 512, ""n_cv_splits"": 5, ""n_search_iter"": 0, ""seeds"": [42], ""sentence_transformer_model"": ""intfloat/multilingual-e5-small"", ""tfidf_lemmatize"": true, ""tfidf_max_df"": 0.9, ""tfidf_max_features"": 300, ""tfidf_min_df"": 3, ""tfidf_ngram_range"": [1, 2], ""tfidf_normalize_numbers"": true}",2026-09-10T02:02:14
E2_E5LARGE,frozen,participant,01,augmented,GAD7,42,DecisionTree,5.937301,False,intfloat/multilingual-e5-large,defaults,"{""augmentation"": ""augmented"", ""beto_model"": ""dccuchile/bert-base-spanish-wwm-cased"", ""chunk_stride"": 256, ""max_tokens"": 512, ""n_cv_splits"": 5, ""n_search_iter"": 0, ""seeds"": [42], ""sentence_transformer_model"": ""intfloat/multilingual-e5-small"", ""tfidf_lemmatize"": true, ""tfidf_max_df"": 0.9, ""tfidf_max_features"": 300, ""tfidf_min_df"": 3, ""tfidf_ngram_range"": [1, 2], ""tfidf_normalize_numbers"": true}",2026-09-10T02:02:14
E2_E5LARGE,frozen,participant,01,augmented,GAD7,42,AdaBoost,4.322319,False,intfloat/multilingual-e5-large,defaults,"{""augmentation"": ""augmented"", ""beto_model"": ""dccuchile/bert-base-spanish-wwm-cased"", ""chunk_stride"": 256, ""max_tokens"": 512, ""n_cv_splits"": 5, ""n_search_iter"": 0, ""seeds"": [42], ""sentence_transformer_model"": ""intfloat/multilingual-e5-small"", ""tfidf_lemmatize"": true, ""tfidf_max_df"": 0.9, ""tfidf_max_features"": 300, ""tfidf_min_df"": 3, ""tfidf_ngram_range"": [1, 2], ""tfidf_normalize_numbers"": true}",2026-09-10T02:02:14
E0_TFIDF,frozen,participant,01,augmented,PHQ9,42,Ridge,5.646847,False,tfidf,defaults,"{""augmentation"": ""augmented"", ""beto_model"": ""dccuchile/bert-base-spanish-wwm-cased"", ""chunk_stride"": 256, ""max_tokens"": 512, ""mental_es_model"": ""ELiRF/RoBERTa-es-mental-large"", ""n_cv_splits"": 5, ""n_search_iter"": 0, ""seeds"": [42], ""sentence_transformer_model"": ""intfloat/multilingual-e5-small"", ""tfidf_lemmatize"": true, ""tfidf_max_df"": 0.9, ""tfidf_max_features"": 300, ""tfidf_min_df"": 3, ""tfidf_ngram_range"": [1, 2], ""tfidf_normalize_numbers"": true}",2026-09-17T13:34:37
E0_TFIDF,frozen,participant,01,augmented,PHQ9,42,SVR,5.507863,True,tfidf,defaults,"{""augmentation"": ""augmented"", ""beto_model"": ""dccuchile/bert-base-spanish-wwm-cased"", ""chunk_stride"": 256, ""max_tokens"": 512, ""mental_es_model"": ""ELiRF/RoBERTa-es-mental-large"", ""n_cv_splits"": 5, ""n_search_iter"": 0, ""seeds"": [42], ""sentence_transformer_model"": ""intfloat/multilingual-e5-small"", ""tfidf_lemmatize"": true, ""tfidf_max_df"": 0.9, ""tfidf_max_features"": 300, ""tfidf_min_df"": 3, ""tfidf_ngram_range"": [1, 2], ""tfidf_normalize_numbers"": true}",2026-09-17T13:34:37
E0_TFIDF,frozen,participant,01,augmented,PHQ9,42,RandomForest,5.53273,False,tfidf,defaults,"{""augmentation"": ""augmented"", ""beto_model"": ""dccuchile/bert-base-spanish-wwm-cased"", ""chunk_stride"": 256, ""max_tokens"": 512, ""mental_es_model"": ""ELiRF/RoBERTa-es-mental-large"", ""n_cv_splits"": 5, ""n_search_iter"": 0, ""seeds"": [42], ""sentence_transformer_model"": ""intfloat/multilingual-e5-small"", ""tfidf_lemmatize"": true, ""tfidf_max_df"": 0.9, ""tfidf_max_features"": 300, ""tfidf_min_df"": 3, ""tfidf_ngram_range"": [1, 2], ""tfidf_normalize_numbers"": true}",2026-09-17T13:34:37
E0_TFIDF,frozen,participant,01,augmented,PHQ9,42,ExtraTrees,5.535101,False,tfidf,defaults,"{""augmentation"": ""augmented"", ""beto_model"": ""dccuchile/bert-base-spanish-wwm-cased"", ""chunk_stride"": 256, ""max_tokens"": 512, ""mental_es_model"": ""ELiRF/RoBERTa-es-mental-large"", ""n_cv_splits"": 5, ""n_search_iter"": 0, ""seeds"": [42], ""sentence_transformer_model"": ""intfloat/multilingual-e5-small"", ""tfidf_lemmatize"": true, ""tfidf_max_df"": 0.9, ""tfidf_max_features"": 300, ""tfidf_min_df"": 3, ""tfidf_ngram_range"": [1, 2], ""tfidf_normalize_numbers"": true}",2026-09-17T13:34:37
E0_TFIDF,frozen,participant,01,augmented,PHQ9,42,GradientBoosting,5.693291,False,tfidf,defaults,"{""augmentation"": ""augmented"", ""beto_model"": ""dccuchile/bert-base-spanish-wwm-cased"", ""chunk_stride"": 256, ""max_tokens"": 512, ""mental_es_model"": ""ELiRF/RoBERTa-es-mental-large"", ""n_cv_splits"": 5, ""n_search_iter"": 0, ""seeds"": [42], ""sentence_transformer_model"": ""intfloat/multilingual-e5-small"", ""tfidf_lemmatize"": true, ""tfidf_max_df"": 0.9, ""tfidf_max_features"": 300, ""tfidf_min_df"": 3, ""tfidf_ngram_range"": [1, 2], ""tfidf_normalize_numbers"": true}",2026-09-17T13:34:37
E0_TFIDF,frozen,participant,01,augmented,PHQ9,42,LightGBM,5.779646,False,tfidf,defaults,"{""augmentation"": ""augmented"", ""beto_model"": ""dccuchile/bert-base-spanish-wwm-cased"", ""chunk_stride"": 256, ""max_tokens"": 512, ""mental_es_model"": ""ELiRF/RoBERTa-es-mental-large"", ""n_cv_splits"": 5, ""n_search_iter"": 0, ""seeds"": [42], ""sentence_transformer_model"": ""intfloat/multilingual-e5-small"", ""tfidf_lemmatize"": true, ""tfidf_max_df"": 0.9, ""tfidf_max_features"": 300, ""tfidf_min_df"": 3, ""tfidf_ngram_range"": [1, 2], ""tfidf_normalize_numbers"": true}",2026-09-17T13:34:37
E0_TFIDF,frozen,participant,01,augmented,PHQ9,42,KNN,5.803181,False,tfidf,defaults,"{""augmentation"": ""augmented"", ""beto_model"": ""dccuchile/bert-base-spanish-wwm-cased"", ""chunk_stride"": 256, ""max_tokens"": 512, ""mental_es_model"": ""ELiRF/RoBERTa-es-mental-large"", ""n_cv_splits"": 5, ""n_search_iter"": 0, ""seeds"": [42], ""sentence_transformer_model"": ""intfloat/multilingual-e5-small"", ""tfidf_lemmatize"": true, ""tfidf_max_df"": 0.9, ""tfidf_max_features"": 300, ""tfidf_min_df"": 3, ""tfidf_ngram_range"": [1, 2], ""tfidf_normalize_numbers"": true}",2026-09-17T13:34:37
E0_TFIDF,frozen,participant,01,augmented,PHQ9,42,DecisionTree,6.997247,False,tfidf,defaults,"{""augmentation"": ""augmented"", ""beto_model"": ""dccuchile/bert-base-spanish-wwm-cased"", ""chunk_stride"": 256, ""max_tokens"": 512, ""mental_es_model"": ""ELiRF/RoBERTa-es-mental-large"", ""n_cv_splits"": 5, ""n_search_iter"": 0, ""seeds"": [42], ""sentence_transformer_model"": ""intfloat/multilingual-e5-small"", ""tfidf_lemmatize"": true, ""tfidf_max_df"": 0.9, ""tfidf_max_features"": 300, ""tfidf_min_df"": 3, ""tfidf_ngram_range"": [1, 2], ""tfidf_normalize_numbers"": true}",2026-09-17T13:34:37
E0_TFIDF,frozen,participant,01,augmented,PHQ9,42,AdaBoost,5.620626,False,tfidf,defaults,"{""augmentation"": ""augmented"", ""beto_model"": ""dccuchile/bert-base-spanish-wwm-cased"", ""chunk_stride"": 256, ""max_tokens"": 512, ""mental_es_model"": ""ELiRF/RoBERTa-es-mental-large"", ""n_cv_splits"": 5, ""n_search_iter"": 0, ""seeds"": [42], ""sentence_transformer_model"": ""intfloat/multilingual-e5-small"", ""tfidf_lemmatize"": true, ""tfidf_max_df"": 0.9, ""tfidf_max_features"": 300, ""tfidf_min_df"": 3, ""tfidf_ngram_range"": [1, 2], ""tfidf_normalize_numbers"": true}",2026-09-17T13:34:37
E0_TFIDF,frozen,participant,01,augmented,GAD7,42,Ridge,5.043791,False,tfidf,defaults,"{""augmentation"": ""augmented"", ""beto_model"": ""dccuchile/bert-base-spanish-wwm-cased"", ""chunk_stride"": 256, ""max_tokens"": 512, ""mental_es_model"": ""ELiRF/RoBERTa-es-mental-large"", ""n_cv_splits"": 5, ""n_search_iter"": 0, ""seeds"": [42], ""sentence_transformer_model"": ""intfloat/multilingual-e5-small"", ""tfidf_lemmatize"": true, ""tfidf_max_df"": 0.9, ""tfidf_max_features"": 300, ""tfidf_min_df"": 3, ""tfidf_ngram_range"": [1, 2], ""tfidf_normalize_numbers"": true}",2026-09-17T13:34:56
E0_TFIDF,frozen,participant,01,augmented,GAD7,42,SVR,4.8153,False,tfidf,defaults,"{""augmentation"": ""augmented"", ""beto_model"": ""dccuchile/bert-base-spanish-wwm-cased"", ""chunk_stride"": 256, ""max_tokens"": 512, ""mental_es_model"": ""ELiRF/RoBERTa-es-mental-large"", ""n_cv_splits"": 5, ""n_search_iter"": 0, ""seeds"": [42], ""sentence_transformer_model"": ""intfloat/multilingual-e5-small"", ""tfidf_lemmatize"": true, ""tfidf_max_df"": 0.9, ""tfidf_max_features"": 300, ""tfidf_min_df"": 3, ""tfidf_ngram_range"": [1, 2], ""tfidf_normalize_numbers"": true}",2026-09-17T13:34:56
E0_TFIDF,frozen,participant,01,augmented,GAD7,42,RandomForest,4.694862,True,tfidf,defaults,"{""augmentation"": ""augmented"", ""beto_model"": ""dccuchile/bert-base-spanish-wwm-cased"", ""chunk_stride"": 256, ""max_tokens"": 512, ""mental_es_model"": ""ELiRF/RoBERTa-es-mental-large"", ""n_cv_splits"": 5, ""n_search_iter"": 0, ""seeds"": [42], ""sentence_transformer_model"": ""intfloat/multilingual-e5-small"", ""tfidf_lemmatize"": true, ""tfidf_max_df"": 0.9, ""tfidf_max_features"": 300, ""tfidf_min_df"": 3, ""tfidf_ngram_range"": [1, 2], ""tfidf_normalize_numbers"": true}",2026-09-17T13:34:56
E0_TFIDF,frozen,participant,01,augmented,GAD7,42,ExtraTrees,4.767946,False,tfidf,defaults,"{""augmentation"": ""augmented"", ""beto_model"": ""dccuchile/bert-base-spanish-wwm-cased"", ""chunk_stride"": 256, ""max_tokens"": 512, ""mental_es_model"": ""ELiRF/RoBERTa-es-mental-large"", ""n_cv_splits"": 5, ""n_search_iter"": 0, ""seeds"": [42], ""sentence_transformer_model"": ""intfloat/multilingual-e5-small"", ""tfidf_lemmatize"": true, ""tfidf_max_df"": 0.9, ""tfidf_max_features"": 300, ""tfidf_min_df"": 3, ""tfidf_ngram_range"": [1, 2], ""tfidf_normalize_numbers"": true}",2026-09-17T13:34:56
E0_TFIDF,frozen,participant,01,augmented,GAD7,42,GradientBoosting,4.767897,False,tfidf,defaults,"{""augmentation"": ""augmented"", ""beto_model"": ""dccuchile/bert-base-spanish-wwm-cased"", ""chunk_stride"": 256, ""max_tokens"": 512, ""mental_es_model"": ""ELiRF/RoBERTa-es-mental-large"", ""n_cv_splits"": 5, ""n_search_iter"": 0, ""seeds"": [42], ""sentence_transformer_model"": ""intfloat/multilingual-e5-small"", ""tfidf_lemmatize"": true, ""tfidf_max_df"": 0.9, ""tfidf_max_features"": 300, ""tfidf_min_df"": 3, ""tfidf_ngram_range"": [1, 2], ""tfidf_normalize_numbers"": true}",2026-09-17T13:34:56
E0_TFIDF,frozen,participant,01,augmented,GAD7,42,LightGBM,4.9062,False,tfidf,defaults,"{""augmentation"": ""augmented"", ""beto_model"": ""dccuchile/bert-base-spanish-wwm-cased"", ""chunk_stride"": 256, ""max_tokens"": 512, ""mental_es_model"": ""ELiRF/RoBERTa-es-mental-large"", ""n_cv_splits"": 5, ""n_search_iter"": 0, ""seeds"": [42], ""sentence_transformer_model"": ""intfloat/multilingual-e5-small"", ""tfidf_lemmatize"": true, ""tfidf_max_df"": 0.9, ""tfidf_max_features"": 300, ""tfidf_min_df"": 3, ""tfidf_ngram_range"": [1, 2], ""tfidf_normalize_numbers"": true}",2026-09-17T13:34:56
E0_TFIDF,frozen,participant,01,augmented,GAD7,42,KNN,5.120422,False,tfidf,defaults,"{""augmentation"": ""augmented"", ""beto_model"": ""dccuchile/bert-base-spanish-wwm-cased"", ""chunk_stride"": 256, ""max_tokens"": 512, ""mental_es_model"": ""ELiRF/RoBERTa-es-mental-large"", ""n_cv_splits"": 5, ""n_search_iter"": 0, ""seeds"": [42], ""sentence_transformer_model"": ""intfloat/multilingual-e5-small"", ""tfidf_lemmatize"": true, ""tfidf_max_df"": 0.9, ""tfidf_max_features"": 300, ""tfidf_min_df"": 3, ""tfidf_ngram_range"": [1, 2], ""tfidf_normalize_numbers"": true}",2026-09-17T13:34:56
E0_TFIDF,frozen,participant,01,augmented,GAD7,42,DecisionTree,6.341089,False,tfidf,defaults,"{""augmentation"": ""augmented"", ""beto_model"": ""dccuchile/bert-base-spanish-wwm-cased"", ""chunk_stride"": 256, ""max_tokens"": 512, ""mental_es_model"": ""ELiRF/RoBERTa-es-mental-large"", ""n_cv_splits"": 5, ""n_search_iter"": 0, ""seeds"": [42], ""sentence_transformer_model"": ""intfloat/multilingual-e5-small"", ""tfidf_lemmatize"": true, ""tfidf_max_df"": 0.9, ""tfidf_max_features"": 300, ""tfidf_min_df"": 3, ""tfidf_ngram_range"": [1, 2], ""tfidf_normalize_numbers"": true}",2026-09-17T13:34:56
E0_TFIDF,frozen,participant,01,augmented,GAD7,42,AdaBoost,4.768274,False,tfidf,defaults,"{""augmentation"": ""augmented"", ""beto_model"": ""dccuchile/bert-base-spanish-wwm-cased"", ""chunk_stride"": 256, ""max_tokens"": 512, ""mental_es_model"": ""ELiRF/RoBERTa-es-mental-large"", ""n_cv_splits"": 5, ""n_search_iter"": 0, ""seeds"": [42], ""sentence_transformer_model"": ""intfloat/multilingual-e5-small"", ""tfidf_lemmatize"": true, ""tfidf_max_df"": 0.9, ""tfidf_max_features"": 300, ""tfidf_min_df"": 3, ""tfidf_ngram_range"": [1, 2], ""tfidf_normalize_numbers"": true}",2026-09-17T13:34:56
E1_BETO,frozen,participant,01,augmented,PHQ9,42,Ridge,5.507798,False,dccuchile/bert-base-spanish-wwm-cased,defaults,"{""augmentation"": ""augmented"", ""beto_model"": ""dccuchile/bert-base-spanish-wwm-cased"", ""chunk_stride"": 256, ""max_tokens"": 512, ""mental_es_model"": ""ELiRF/RoBERTa-es-mental-large"", ""n_cv_splits"": 5, ""n_search_iter"": 0, ""seeds"": [42], ""sentence_transformer_model"": ""intfloat/multilingual-e5-small"", ""tfidf_lemmatize"": true, ""tfidf_max_df"": 0.9, ""tfidf_max_features"": 300, ""tfidf_min_df"": 3, ""tfidf_ngram_range"": [1, 2], ""tfidf_normalize_numbers"": true}",2026-09-17T13:36:13
E1_BETO,frozen,participant,01,augmented,PHQ9,42,SVR,4.919817,True,dccuchile/bert-base-spanish-wwm-cased,defaults,"{""augmentation"": ""augmented"", ""beto_model"": ""dccuchile/bert-base-spanish-wwm-cased"", ""chunk_stride"": 256, ""max_tokens"": 512, ""mental_es_model"": ""ELiRF/RoBERTa-es-mental-large"", ""n_cv_splits"": 5, ""n_search_iter"": 0, ""seeds"": [42], ""sentence_transformer_model"": ""intfloat/multilingual-e5-small"", ""tfidf_lemmatize"": true, ""tfidf_max_df"": 0.9, ""tfidf_max_features"": 300, ""tfidf_min_df"": 3, ""tfidf_ngram_range"": [1, 2], ""tfidf_normalize_numbers"": true}",2026-09-17T13:36:13
E1_BETO,frozen,participant,01,augmented,PHQ9,42,RandomForest,5.167863,False,dccuchile/bert-base-spanish-wwm-cased,defaults,"{""augmentation"": ""augmented"", ""beto_model"": ""dccuchile/bert-base-spanish-wwm-cased"", ""chunk_stride"": 256, ""max_tokens"": 512, ""mental_es_model"": ""ELiRF/RoBERTa-es-mental-large"", ""n_cv_splits"": 5, ""n_search_iter"": 0, ""seeds"": [42], ""sentence_transformer_model"": ""intfloat/multilingual-e5-small"", ""tfidf_lemmatize"": true, ""tfidf_max_df"": 0.9, ""tfidf_max_features"": 300, ""tfidf_min_df"": 3, ""tfidf_ngram_range"": [1, 2], ""tfidf_normalize_numbers"": true}",2026-09-17T13:36:13
E1_BETO,frozen,participant,01,augmented,PHQ9,42,ExtraTrees,5.246781,False,dccuchile/bert-base-spanish-wwm-cased,defaults,"{""augmentation"": ""augmented"", ""beto_model"": ""dccuchile/bert-base-spanish-wwm-cased"", ""chunk_stride"": 256, ""max_tokens"": 512, ""mental_es_model"": ""ELiRF/RoBERTa-es-mental-large"", ""n_cv_splits"": 5, ""n_search_iter"": 0, ""seeds"": [42], ""sentence_transformer_model"": ""intfloat/multilingual-e5-small"", ""tfidf_lemmatize"": true, ""tfidf_max_df"": 0.9, ""tfidf_max_features"": 300, ""tfidf_min_df"": 3, ""tfidf_ngram_range"": [1, 2], ""tfidf_normalize_numbers"": true}",2026-09-17T13:36:13
E1_BETO,frozen,participant,01,augmented,PHQ9,42,GradientBoosting,5.167251,False,dccuchile/bert-base-spanish-wwm-cased,defaults,"{""augmentation"": ""augmented"", ""beto_model"": ""dccuchile/bert-base-spanish-wwm-cased"", ""chunk_stride"": 256, ""max_tokens"": 512, ""mental_es_model"": ""ELiRF/RoBERTa-es-mental-large"", ""n_cv_splits"": 5, ""n_search_iter"": 0, ""seeds"": [42], ""sentence_transformer_model"": ""intfloat/multilingual-e5-small"", ""tfidf_lemmatize"": true, ""tfidf_max_df"": 0.9, ""tfidf_max_features"": 300, ""tfidf_min_df"": 3, ""tfidf_ngram_range"": [1, 2], ""tfidf_normalize_numbers"": true}",2026-09-17T13:36:13
E1_BETO,frozen,participant,01,augmented,PHQ9,42,LightGBM,5.318342,False,dccuchile/bert-base-spanish-wwm-cased,defaults,"{""augmentation"": ""augmented"", ""beto_model"": ""dccuchile/bert-base-spanish-wwm-cased"", ""chunk_stride"": 256, ""max_tokens"": 512, ""mental_es_model"": ""ELiRF/RoBERTa-es-mental-large"", ""n_cv_splits"": 5, ""n_search_iter"": 0, ""seeds"": [42], ""sentence_transformer_model"": ""intfloat/multilingual-e5-small"", ""tfidf_lemmatize"": true, ""tfidf_max_df"": 0.9, ""tfidf_max_features"": 300, ""tfidf_min_df"": 3, ""tfidf_ngram_range"": [1, 2], ""tfidf_normalize_numbers"": true}",2026-09-17T13:36:13
E1_BETO,frozen,participant,01,augmented,PHQ9,42,KNN,5.49756,False,dccuchile/bert-base-spanish-wwm-cased,defaults,"{""augmentation"": ""augmented"", ""beto_model"": ""dccuchile/bert-base-spanish-wwm-cased"", ""chunk_stride"": 256, ""max_tokens"": 512, ""mental_es_model"": ""ELiRF/RoBERTa-es-mental-large"", ""n_cv_splits"": 5, ""n_search_iter"": 0, ""seeds"": [42], ""sentence_transformer_model"": ""intfloat/multilingual-e5-small"", ""tfidf_lemmatize"": true, ""tfidf_max_df"": 0.9, ""tfidf_max_features"": 300, ""tfidf_min_df"": 3, ""tfidf_ngram_range"": [1, 2], ""tfidf_normalize_numbers"": true}",2026-09-17T13:36:13
E1_BETO,frozen,participant,01,augmented,PHQ9,42,DecisionTree,6.797261,False,dccuchile/bert-base-spanish-wwm-cased,defaults,"{""augmentation"": ""augmented"", ""beto_model"": ""dccuchile/bert-base-spanish-wwm-cased"", ""chunk_stride"": 256, ""max_tokens"": 512, ""mental_es_model"": ""ELiRF/RoBERTa-es-mental-large"", ""n_cv_splits"": 5, ""n_search_iter"": 0, ""seeds"": [42], ""sentence_transformer_model"": ""intfloat/multilingual-e5-small"", ""tfidf_lemmatize"": true, ""tfidf_max_df"": 0.9, ""tfidf_max_features"": 300, ""tfidf_min_df"": 3, ""tfidf_ngram_range"": [1, 2], ""tfidf_normalize_numbers"": true}",2026-09-17T13:36:13
E1_BETO,frozen,participant,01,augmented,PHQ9,42,AdaBoost,5.201424,False,dccuchile/bert-base-spanish-wwm-cased,defaults,"{""augmentation"": ""augmented"", ""beto_model"": ""dccuchile/bert-base-spanish-wwm-cased"", ""chunk_stride"": 256, ""max_tokens"": 512, ""mental_es_model"": ""ELiRF/RoBERTa-es-mental-large"", ""n_cv_splits"": 5, ""n_search_iter"": 0, ""seeds"": [42], ""sentence_transformer_model"": ""intfloat/multilingual-e5-small"", ""tfidf_lemmatize"": true, ""tfidf_max_df"": 0.9, ""tfidf_max_features"": 300, ""tfidf_min_df"": 3, ""tfidf_ngram_range"": [1, 2], ""tfidf_normalize_numbers"": true}",2026-09-17T13:36:13
E1_BETO,frozen,participant,01,augmented,GAD7,42,Ridge,5.545373,False,dccuchile/bert-base-spanish-wwm-cased,defaults,"{""augmentation"": ""augmented"", ""beto_model"": ""dccuchile/bert-base-spanish-wwm-cased"", ""chunk_stride"": 256, ""max_tokens"": 512, ""mental_es_model"": ""ELiRF/RoBERTa-es-mental-large"", ""n_cv_splits"": 5, ""n_search_iter"": 0, ""seeds"": [42], ""sentence_transformer_model"": ""intfloat/multilingual-e5-small"", ""tfidf_lemmatize"": true, ""tfidf_max_df"": 0.9, ""tfidf_max_features"": 300, ""tfidf_min_df"": 3, ""tfidf_ngram_range"": [1, 2], ""tfidf_normalize_numbers"": true}",2026-09-17T13:37:30
E1_BETO,frozen,participant,01,augmented,GAD7,42,SVR,4.323698,True,dccuchile/bert-base-spanish-wwm-cased,defaults,"{""augmentation"": ""augmented"", ""beto_model"": ""dccuchile/bert-base-spanish-wwm-cased"", ""chunk_stride"": 256, ""max_tokens"": 512, ""mental_es_model"": ""ELiRF/RoBERTa-es-mental-large"", ""n_cv_splits"": 5, ""n_search_iter"": 0, ""seeds"": [42], ""sentence_transformer_model"": ""intfloat/multilingual-e5-small"", ""tfidf_lemmatize"": true, ""tfidf_max_df"": 0.9, ""tfidf_max_features"": 300, ""tfidf_min_df"": 3, ""tfidf_ngram_range"": [1, 2], ""tfidf_normalize_numbers"": true}",2026-09-17T13:37:30
E1_BETO,frozen,participant,01,augmented,GAD7,42,RandomForest,4.476079,False,dccuchile/bert-base-spanish-wwm-cased,defaults,"{""augmentation"": ""augmented"", ""beto_model"": ""dccuchile/bert-base-spanish-wwm-cased"", ""chunk_stride"": 256, ""max_tokens"": 512, ""mental_es_model"": ""ELiRF/RoBERTa-es-mental-large"", ""n_cv_splits"": 5, ""n_search_iter"": 0, ""seeds"": [42], ""sentence_transformer_model"": ""intfloat/multilingual-e5-small"", ""tfidf_lemmatize"": true, ""tfidf_max_df"": 0.9, ""tfidf_max_features"": 300, ""tfidf_min_df"": 3, ""tfidf_ngram_range"": [1, 2], ""tfidf_normalize_numbers"": true}",2026-09-17T13:37:30
E1_BETO,frozen,participant,01,augmented,GAD7,42,ExtraTrees,4.453828,False,dccuchile/bert-base-spanish-wwm-cased,defaults,"{""augmentation"": ""augmented"", ""beto_model"": ""dccuchile/bert-base-spanish-wwm-cased"", ""chunk_stride"": 256, ""max_tokens"": 512, ""mental_es_model"": ""ELiRF/RoBERTa-es-mental-large"", ""n_cv_splits"": 5, ""n_search_iter"": 0, ""seeds"": [42], ""sentence_transformer_model"": ""intfloat/multilingual-e5-small"", ""tfidf_lemmatize"": true, ""tfidf_max_df"": 0.9, ""tfidf_max_features"": 300, ""tfidf_min_df"": 3, ""tfidf_ngram_range"": [1, 2], ""tfidf_normalize_numbers"": true}",2026-09-17T13:37:30
E1_BETO,frozen,participant,01,augmented,GAD7,42,GradientBoosting,4.72665,False,dccuchile/bert-base-spanish-wwm-cased,defaults,"{""augmentation"": ""augmented"", ""beto_model"": ""dccuchile/bert-base-spanish-wwm-cased"", ""chunk_stride"": 256, ""max_tokens"": 512, ""mental_es_model"": ""ELiRF/RoBERTa-es-mental-large"", ""n_cv_splits"": 5, ""n_search_iter"": 0, ""seeds"": [42], ""sentence_transformer_model"": ""intfloat/multilingual-e5-small"", ""tfidf_lemmatize"": true, ""tfidf_max_df"": 0.9, ""tfidf_max_features"": 300, ""tfidf_min_df"": 3, ""tfidf_ngram_range"": [1, 2], ""tfidf_normalize_numbers"": true}",2026-09-17T13:37:30
E1_BETO,frozen,participant,01,augmented,GAD7,42,LightGBM,4.775872,False,dccuchile/bert-base-spanish-wwm-cased,defaults,"{""augmentation"": ""augmented"", ""beto_model"": ""dccuchile/bert-base-spanish-wwm-cased"", ""chunk_stride"": 256, ""max_tokens"": 512, ""mental_es_model"": ""ELiRF/RoBERTa-es-mental-large"", ""n_cv_splits"": 5, ""n_search_iter"": 0, ""seeds"": [42], ""sentence_transformer_model"": ""intfloat/multilingual-e5-small"", ""tfidf_lemmatize"": true, ""tfidf_max_df"": 0.9, ""tfidf_max_features"": 300, ""tfidf_min_df"": 3, ""tfidf_ngram_range"": [1, 2], ""tfidf_normalize_numbers"": true}",2026-09-17T13:37:30
E1_BETO,frozen,participant,01,augmented,GAD7,42,KNN,4.618011,False,dccuchile/bert-base-spanish-wwm-cased,defaults,"{""augmentation"": ""augmented"", ""beto_model"": ""dccuchile/bert-base-spanish-wwm-cased"", ""chunk_stride"": 256, ""max_tokens"": 512, ""mental_es_model"": ""ELiRF/RoBERTa-es-mental-large"", ""n_cv_splits"": 5, ""n_search_iter"": 0, ""seeds"": [42], ""sentence_transformer_model"": ""intfloat/multilingual-e5-small"", ""tfidf_lemmatize"": true, ""tfidf_max_df"": 0.9, ""tfidf_max_features"": 300, ""tfidf_min_df"": 3, ""tfidf_ngram_range"": [1, 2], ""tfidf_normalize_numbers"": true}",2026-09-17T13:37:30
E1_BETO,frozen,participant,01,augmented,GAD7,42,DecisionTree,6.055256,False,dccuchile/bert-base-spanish-wwm-cased,defaults,"{""augmentation"": ""augmented"", ""beto_model"": ""dccuchile/bert-base-spanish-wwm-cased"", ""chunk_stride"": 256, ""max_tokens"": 512, ""mental_es_model"": ""ELiRF/RoBERTa-es-mental-large"", ""n_cv_splits"": 5, ""n_search_iter"": 0, ""seeds"": [42], ""sentence_transformer_model"": ""intfloat/multilingual-e5-small"", ""tfidf_lemmatize"": true, ""tfidf_max_df"": 0.9, ""tfidf_max_features"": 300, ""tfidf_min_df"": 3, ""tfidf_ngram_range"": [1, 2], ""tfidf_normalize_numbers"": true}",2026-09-17T13:37:30
E1_BETO,frozen,participant,01,augmented,GAD7,42,AdaBoost,4.573272,False,dccuchile/bert-base-spanish-wwm-cased,defaults,"{""augmentation"": ""augmented"", ""beto_model"": ""dccuchile/bert-base-spanish-wwm-cased"", ""chunk_stride"": 256, ""max_tokens"": 512, ""mental_es_model"": ""ELiRF/RoBERTa-es-mental-large"", ""n_cv_splits"": 5, ""n_search_iter"": 0, ""seeds"": [42], ""sentence_transformer_model"": ""intfloat/multilingual-e5-small"", ""tfidf_lemmatize"": true, ""tfidf_max_df"": 0.9, ""tfidf_max_features"": 300, ""tfidf_min_df"": 3, ""tfidf_ngram_range"": [1, 2], ""tfidf_normalize_numbers"": true}",2026-09-17T13:37:30
E2_E5SMALL,frozen,participant,01,augmented,PHQ9,42,Ridge,7.477188,False,intfloat/multilingual-e5-small,defaults,"{""augmentation"": ""augmented"", ""beto_model"": ""dccuchile/bert-base-spanish-wwm-cased"", ""chunk_stride"": 256, ""max_tokens"": 512, ""mental_es_model"": ""ELiRF/RoBERTa-es-mental-large"", ""n_cv_splits"": 5, ""n_search_iter"": 0, ""seeds"": [42], ""sentence_transformer_model"": ""intfloat/multilingual-e5-small"", ""tfidf_lemmatize"": true, ""tfidf_max_df"": 0.9, ""tfidf_max_features"": 300, ""tfidf_min_df"": 3, ""tfidf_ngram_range"": [1, 2], ""tfidf_normalize_numbers"": true}",2026-09-17T13:38:11
E2_E5SMALL,frozen,participant,01,augmented,PHQ9,42,SVR,5.2678,True,intfloat/multilingual-e5-small,defaults,"{""augmentation"": ""augmented"", ""beto_model"": ""dccuchile/bert-base-spanish-wwm-cased"", ""chunk_stride"": 256, ""max_tokens"": 512, ""mental_es_model"": ""ELiRF/RoBERTa-es-mental-large"", ""n_cv_splits"": 5, ""n_search_iter"": 0, ""seeds"": [42], ""sentence_transformer_model"": ""intfloat/multilingual-e5-small"", ""tfidf_lemmatize"": true, ""tfidf_max_df"": 0.9, ""tfidf_max_features"": 300, ""tfidf_min_df"": 3, ""tfidf_ngram_range"": [1, 2], ""tfidf_normalize_numbers"": true}",2026-09-17T13:38:11
E2_E5SMALL,frozen,participant,01,augmented,PHQ9,42,RandomForest,5.391661,False,intfloat/multilingual-e5-small,defaults,"{""augmentation"": ""augmented"", ""beto_model"": ""dccuchile/bert-base-spanish-wwm-cased"", ""chunk_stride"": 256, ""max_tokens"": 512, ""mental_es_model"": ""ELiRF/RoBERTa-es-mental-large"", ""n_cv_splits"": 5, ""n_search_iter"": 0, ""seeds"": [42], ""sentence_transformer_model"": ""intfloat/multilingual-e5-small"", ""tfidf_lemmatize"": true, ""tfidf_max_df"": 0.9, ""tfidf_max_features"": 300, ""tfidf_min_df"": 3, ""tfidf_ngram_range"": [1, 2], ""tfidf_normalize_numbers"": true}",2026-09-17T13:38:11
E2_E5SMALL,frozen,participant,01,augmented,PHQ9,42,ExtraTrees,5.357367,False,intfloat/multilingual-e5-small,defaults,"{""augmentation"": ""augmented"", ""beto_model"": ""dccuchile/bert-base-spanish-wwm-cased"", ""chunk_stride"": 256, ""max_tokens"": 512, ""mental_es_model"": ""ELiRF/RoBERTa-es-mental-large"", ""n_cv_splits"": 5, ""n_search_iter"": 0, ""seeds"": [42], ""sentence_transformer_model"": ""intfloat/multilingual-e5-small"", ""tfidf_lemmatize"": true, ""tfidf_max_df"": 0.9, ""tfidf_max_features"": 300, ""tfidf_min_df"": 3, ""tfidf_ngram_range"": [1, 2], ""tfidf_normalize_numbers"": true}",2026-09-17T13:38:11
E2_E5SMALL,frozen,participant,01,augmented,PHQ9,42,GradientBoosting,5.522825,False,intfloat/multilingual-e5-small,defaults,"{""augmentation"": ""augmented"", ""beto_model"": ""dccuchile/bert-base-spanish-wwm-cased"", ""chunk_stride"": 256, ""max_tokens"": 512, ""mental_es_model"": ""ELiRF/RoBERTa-es-mental-large"", ""n_cv_splits"": 5, ""n_search_iter"": 0, ""seeds"": [42], ""sentence_transformer_model"": ""intfloat/multilingual-e5-small"", ""tfidf_lemmatize"": true, ""tfidf_max_df"": 0.9, ""tfidf_max_features"": 300, ""tfidf_min_df"": 3, ""tfidf_ngram_range"": [1, 2], ""tfidf_normalize_numbers"": true}",2026-09-17T13:38:11
E2_E5SMALL,frozen,participant,01,augmented,PHQ9,42,LightGBM,5.575758,False,intfloat/multilingual-e5-small,defaults,"{""augmentation"": ""augmented"", ""beto_model"": ""dccuchile/bert-base-spanish-wwm-cased"", ""chunk_stride"": 256, ""max_tokens"": 512, ""mental_es_model"": ""ELiRF/RoBERTa-es-mental-large"", ""n_cv_splits"": 5, ""n_search_iter"": 0, ""seeds"": [42], ""sentence_transformer_model"": ""intfloat/multilingual-e5-small"", ""tfidf_lemmatize"": true, ""tfidf_max_df"": 0.9, ""tfidf_max_features"": 300, ""tfidf_min_df"": 3, ""tfidf_ngram_range"": [1, 2], ""tfidf_normalize_numbers"": true}",2026-09-17T13:38:11
E2_E5SMALL,frozen,participant,01,augmented,PHQ9,42,KNN,5.74401,False,intfloat/multilingual-e5-small,defaults,"{""augmentation"": ""augmented"", ""beto_model"": ""dccuchile/bert-base-spanish-wwm-cased"", ""chunk_stride"": 256, ""max_tokens"": 512, ""mental_es_model"": ""ELiRF/RoBERTa-es-mental-large"", ""n_cv_splits"": 5, ""n_search_iter"": 0, ""seeds"": [42], ""sentence_transformer_model"": ""intfloat/multilingual-e5-small"", ""tfidf_lemmatize"": true, ""tfidf_max_df"": 0.9, ""tfidf_max_features"": 300, ""tfidf_min_df"": 3, ""tfidf_ngram_range"": [1, 2], ""tfidf_normalize_numbers"": true}",2026-09-17T13:38:11
E2_E5SMALL,frozen,participant,01,augmented,PHQ9,42,DecisionTree,7.745702,False,intfloat/multilingual-e5-small,defaults,"{""augmentation"": ""augmented"", ""beto_model"": ""dccuchile/bert-base-spanish-wwm-cased"", ""chunk_stride"": 256, ""max_tokens"": 512, ""mental_es_model"": ""ELiRF/RoBERTa-es-mental-large"", ""n_cv_splits"": 5, ""n_search_iter"": 0, ""seeds"": [42], ""sentence_transformer_model"": ""intfloat/multilingual-e5-small"", ""tfidf_lemmatize"": true, ""tfidf_max_df"": 0.9, ""tfidf_max_features"": 300, ""tfidf_min_df"": 3, ""tfidf_ngram_range"": [1, 2], ""tfidf_normalize_numbers"": true}",2026-09-17T13:38:11
E2_E5SMALL,frozen,participant,01,augmented,PHQ9,42,AdaBoost,5.46109,False,intfloat/multilingual-e5-small,defaults,"{""augmentation"": ""augmented"", ""beto_model"": ""dccuchile/bert-base-spanish-wwm-cased"", ""chunk_stride"": 256, ""max_tokens"": 512, ""mental_es_model"": ""ELiRF/RoBERTa-es-mental-large"", ""n_cv_splits"": 5, ""n_search_iter"": 0, ""seeds"": [42], ""sentence_transformer_model"": ""intfloat/multilingual-e5-small"", ""tfidf_lemmatize"": true, ""tfidf_max_df"": 0.9, ""tfidf_max_features"": 300, ""tfidf_min_df"": 3, ""tfidf_ngram_range"": [1, 2], ""tfidf_normalize_numbers"": true}",2026-09-17T13:38:11
E2_E5SMALL,frozen,participant,01,augmented,GAD7,42,Ridge,6.075624,False,intfloat/multilingual-e5-small,defaults,"{""augmentation"": ""augmented"", ""beto_model"": ""dccuchile/bert-base-spanish-wwm-cased"", ""chunk_stride"": 256, ""max_tokens"": 512, ""mental_es_model"": ""ELiRF/RoBERTa-es-mental-large"", ""n_cv_splits"": 5, ""n_search_iter"": 0, ""seeds"": [42], ""sentence_transformer_model"": ""intfloat/multilingual-e5-small"", ""tfidf_lemmatize"": true, ""tfidf_max_df"": 0.9, ""tfidf_max_features"": 300, ""tfidf_min_df"": 3, ""tfidf_ngram_range"": [1, 2], ""tfidf_normalize_numbers"": true}",2026-09-17T13:38:52
E2_E5SMALL,frozen,participant,01,augmented,GAD7,42,SVR,4.509954,True,intfloat/multilingual-e5-small,defaults,"{""augmentation"": ""augmented"", ""beto_model"": ""dccuchile/bert-base-spanish-wwm-cased"", ""chunk_stride"": 256, ""max_tokens"": 512, ""mental_es_model"": ""ELiRF/RoBERTa-es-mental-large"", ""n_cv_splits"": 5, ""n_search_iter"": 0, ""seeds"": [42], ""sentence_transformer_model"": ""intfloat/multilingual-e5-small"", ""tfidf_lemmatize"": true, ""tfidf_max_df"": 0.9, ""tfidf_max_features"": 300, ""tfidf_min_df"": 3, ""tfidf_ngram_range"": [1, 2], ""tfidf_normalize_numbers"": true}",2026-09-17T13:38:52
E2_E5SMALL,frozen,participant,01,augmented,GAD7,42,RandomForest,4.553854,False,intfloat/multilingual-e5-small,defaults,"{""augmentation"": ""augmented"", ""beto_model"": ""dccuchile/bert-base-spanish-wwm-cased"", ""chunk_stride"": 256, ""max_tokens"": 512, ""mental_es_model"": ""ELiRF/RoBERTa-es-mental-large"", ""n_cv_splits"": 5, ""n_search_iter"": 0, ""seeds"": [42], ""sentence_transformer_model"": ""intfloat/multilingual-e5-small"", ""tfidf_lemmatize"": true, ""tfidf_max_df"": 0.9, ""tfidf_max_features"": 300, ""tfidf_min_df"": 3, ""tfidf_ngram_range"": [1, 2], ""tfidf_normalize_numbers"": true}",2026-09-17T13:38:52
E2_E5SMALL,frozen,participant,01,augmented,GAD7,42,ExtraTrees,4.551757,False,intfloat/multilingual-e5-small,defaults,"{""augmentation"": ""augmented"", ""beto_model"": ""dccuchile/bert-base-spanish-wwm-cased"", ""chunk_stride"": 256, ""max_tokens"": 512, ""mental_es_model"": ""ELiRF/RoBERTa-es-mental-large"", ""n_cv_splits"": 5, ""n_search_iter"": 0, ""seeds"": [42], ""sentence_transformer_model"": ""intfloat/multilingual-e5-small"", ""tfidf_lemmatize"": true, ""tfidf_max_df"": 0.9, ""tfidf_max_features"": 300, ""tfidf_min_df"": 3, ""tfidf_ngram_range"": [1, 2], ""tfidf_normalize_numbers"": true}",2026-09-17T13:38:52
E2_E5SMALL,frozen,participant,01,augmented,GAD7,42,GradientBoosting,4.617514,False,intfloat/multilingual-e5-small,defaults,"{""augmentation"": ""augmented"", ""beto_model"": ""dccuchile/bert-base-spanish-wwm-cased"", ""chunk_stride"": 256, ""max_tokens"": 512, ""mental_es_model"": ""ELiRF/RoBERTa-es-mental-large"", ""n_cv_splits"": 5, ""n_search_iter"": 0, ""seeds"": [42], ""sentence_transformer_model"": ""intfloat/multilingual-e5-small"", ""tfidf_lemmatize"": true, ""tfidf_max_df"": 0.9, ""tfidf_max_features"": 300, ""tfidf_min_df"": 3, ""tfidf_ngram_range"": [1, 2], ""tfidf_normalize_numbers"": true}",2026-09-17T13:38:52
E2_E5SMALL,frozen,participant,01,augmented,GAD7,42,LightGBM,4.645324,False,intfloat/multilingual-e5-small,defaults,"{""augmentation"": ""augmented"", ""beto_model"": ""dccuchile/bert-base-spanish-wwm-cased"", ""chunk_stride"": 256, ""max_tokens"": 512, ""mental_es_model"": ""ELiRF/RoBERTa-es-mental-large"", ""n_cv_splits"": 5, ""n_search_iter"": 0, ""seeds"": [42], ""sentence_transformer_model"": ""intfloat/multilingual-e5-small"", ""tfidf_lemmatize"": true, ""tfidf_max_df"": 0.9, ""tfidf_max_features"": 300, ""tfidf_min_df"": 3, ""tfidf_ngram_range"": [1, 2], ""tfidf_normalize_numbers"": true}",2026-09-17T13:38:52
E2_E5SMALL,frozen,participant,01,augmented,GAD7,42,KNN,4.8954,False,intfloat/multilingual-e5-small,defaults,"{""augmentation"": ""augmented"", ""beto_model"": ""dccuchile/bert-base-spanish-wwm-cased"", ""chunk_stride"": 256, ""max_tokens"": 512, ""mental_es_model"": ""ELiRF/RoBERTa-es-mental-large"", ""n_cv_splits"": 5, ""n_search_iter"": 0, ""seeds"": [42], ""sentence_transformer_model"": ""intfloat/multilingual-e5-small"", ""tfidf_lemmatize"": true, ""tfidf_max_df"": 0.9, ""tfidf_max_features"": 300, ""tfidf_min_df"": 3, ""tfidf_ngram_range"": [1, 2], ""tfidf_normalize_numbers"": true}",2026-09-17T13:38:52
E2_E5SMALL,frozen,participant,01,augmented,GAD7,42,DecisionTree,5.884465,False,intfloat/multilingual-e5-small,defaults,"{""augmentation"": ""augmented"", ""beto_model"": ""dccuchile/bert-base-spanish-wwm-cased"", ""chunk_stride"": 256, ""max_tokens"": 512, ""mental_es_model"": ""ELiRF/RoBERTa-es-mental-large"", ""n_cv_splits"": 5, ""n_search_iter"": 0, ""seeds"": [42], ""sentence_transformer_model"": ""intfloat/multilingual-e5-small"", ""tfidf_lemmatize"": true, ""tfidf_max_df"": 0.9, ""tfidf_max_features"": 300, ""tfidf_min_df"": 3, ""tfidf_ngram_range"": [1, 2], ""tfidf_normalize_numbers"": true}",2026-09-17T13:38:52
E2_E5SMALL,frozen,participant,01,augmented,GAD7,42,AdaBoost,4.534194,False,intfloat/multilingual-e5-small,defaults,"{""augmentation"": ""augmented"", ""beto_model"": ""dccuchile/bert-base-spanish-wwm-cased"", ""chunk_stride"": 256, ""max_tokens"": 512, ""mental_es_model"": ""ELiRF/RoBERTa-es-mental-large"", ""n_cv_splits"": 5, ""n_search_iter"": 0, ""seeds"": [42], ""sentence_transformer_model"": ""intfloat/multilingual-e5-small"", ""tfidf_lemmatize"": true, ""tfidf_max_df"": 0.9, ""tfidf_max_features"": 300, ""tfidf_min_df"": 3, ""tfidf_ngram_range"": [1, 2], ""tfidf_normalize_numbers"": true}",2026-09-17T13:38:52
E2_E5BASE,frozen,participant,01,augmented,PHQ9,42,Ridge,6.521486,False,intfloat/multilingual-e5-base,defaults,"{""augmentation"": ""augmented"", ""beto_model"": ""dccuchile/bert-base-spanish-wwm-cased"", ""chunk_stride"": 256, ""max_tokens"": 512, ""mental_es_model"": ""ELiRF/RoBERTa-es-mental-large"", ""n_cv_splits"": 5, ""n_search_iter"": 0, ""seeds"": [42], ""sentence_transformer_model"": ""intfloat/multilingual-e5-small"", ""tfidf_lemmatize"": true, ""tfidf_max_df"": 0.9, ""tfidf_max_features"": 300, ""tfidf_min_df"": 3, ""tfidf_ngram_range"": [1, 2], ""tfidf_normalize_numbers"": true}",2026-09-17T13:40:10
E2_E5BASE,frozen,participant,01,augmented,PHQ9,42,SVR,4.915135,True,intfloat/multilingual-e5-base,defaults,"{""augmentation"": ""augmented"", ""beto_model"": ""dccuchile/bert-base-spanish-wwm-cased"", ""chunk_stride"": 256, ""max_tokens"": 512, ""mental_es_model"": ""ELiRF/RoBERTa-es-mental-large"", ""n_cv_splits"": 5, ""n_search_iter"": 0, ""seeds"": [42], ""sentence_transformer_model"": ""intfloat/multilingual-e5-small"", ""tfidf_lemmatize"": true, ""tfidf_max_df"": 0.9, ""tfidf_max_features"": 300, ""tfidf_min_df"": 3, ""tfidf_ngram_range"": [1, 2], ""tfidf_normalize_numbers"": true}",2026-09-17T13:40:10
E2_E5BASE,frozen,participant,01,augmented,PHQ9,42,RandomForest,5.0417,False,intfloat/multilingual-e5-base,defaults,"{""augmentation"": ""augmented"", ""beto_model"": ""dccuchile/bert-base-spanish-wwm-cased"", ""chunk_stride"": 256, ""max_tokens"": 512, ""mental_es_model"": ""ELiRF/RoBERTa-es-mental-large"", ""n_cv_splits"": 5, ""n_search_iter"": 0, ""seeds"": [42], ""sentence_transformer_model"": ""intfloat/multilingual-e5-small"", ""tfidf_lemmatize"": true, ""tfidf_max_df"": 0.9, ""tfidf_max_features"": 300, ""tfidf_min_df"": 3, ""tfidf_ngram_range"": [1, 2], ""tfidf_normalize_numbers"": true}",2026-09-17T13:40:10
E2_E5BASE,frozen,participant,01,augmented,PHQ9,42,ExtraTrees,5.048902,False,intfloat/multilingual-e5-base,defaults,"{""augmentation"": ""augmented"", ""beto_model"": ""dccuchile/bert-base-spanish-wwm-cased"", ""chunk_stride"": 256, ""max_tokens"": 512, ""mental_es_model"": ""ELiRF/RoBERTa-es-mental-large"", ""n_cv_splits"": 5, ""n_search_iter"": 0, ""seeds"": [42], ""sentence_transformer_model"": ""intfloat/multilingual-e5-small"", ""tfidf_lemmatize"": true, ""tfidf_max_df"": 0.9, ""tfidf_max_features"": 300, ""tfidf_min_df"": 3, ""tfidf_ngram_range"": [1, 2], ""tfidf_normalize_numbers"": true}",2026-09-17T13:40:10
E2_E5BASE,frozen,participant,01,augmented,PHQ9,42,GradientBoosting,5.127696,False,intfloat/multilingual-e5-base,defaults,"{""augmentation"": ""augmented"", ""beto_model"": ""dccuchile/bert-base-spanish-wwm-cased"", ""chunk_stride"": 256, ""max_tokens"": 512, ""mental_es_model"": ""ELiRF/RoBERTa-es-mental-large"", ""n_cv_splits"": 5, ""n_search_iter"": 0, ""seeds"": [42], ""sentence_transformer_model"": ""intfloat/multilingual-e5-small"", ""tfidf_lemmatize"": true, ""tfidf_max_df"": 0.9, ""tfidf_max_features"": 300, ""tfidf_min_df"": 3, ""tfidf_ngram_range"": [1, 2], ""tfidf_normalize_numbers"": true}",2026-09-17T13:40:10
E2_E5BASE,frozen,participant,01,augmented,PHQ9,42,LightGBM,5.218541,False,intfloat/multilingual-e5-base,defaults,"{""augmentation"": ""augmented"", ""beto_model"": ""dccuchile/bert-base-spanish-wwm-cased"", ""chunk_stride"": 256, ""max_tokens"": 512, ""mental_es_model"": ""ELiRF/RoBERTa-es-mental-large"", ""n_cv_splits"": 5, ""n_search_iter"": 0, ""seeds"": [42], ""sentence_transformer_model"": ""intfloat/multilingual-e5-small"", ""tfidf_lemmatize"": true, ""tfidf_max_df"": 0.9, ""tfidf_max_features"": 300, ""tfidf_min_df"": 3, ""tfidf_ngram_range"": [1, 2], ""tfidf_normalize_numbers"": true}",2026-09-17T13:40:10
E2_E5BASE,frozen,participant,01,augmented,PHQ9,42,KNN,5.595592,False,intfloat/multilingual-e5-base,defaults,"{""augmentation"": ""augmented"", ""beto_model"": ""dccuchile/bert-base-spanish-wwm-cased"", ""chunk_stride"": 256, ""max_tokens"": 512, ""mental_es_model"": ""ELiRF/RoBERTa-es-mental-large"", ""n_cv_splits"": 5, ""n_search_iter"": 0, ""seeds"": [42], ""sentence_transformer_model"": ""intfloat/multilingual-e5-small"", ""tfidf_lemmatize"": true, ""tfidf_max_df"": 0.9, ""tfidf_max_features"": 300, ""tfidf_min_df"": 3, ""tfidf_ngram_range"": [1, 2], ""tfidf_normalize_numbers"": true}",2026-09-17T13:40:10
E2_E5BASE,frozen,participant,01,augmented,PHQ9,42,DecisionTree,7.365623,False,intfloat/multilingual-e5-base,defaults,"{""augmentation"": ""augmented"", ""beto_model"": ""dccuchile/bert-base-spanish-wwm-cased"", ""chunk_stride"": 256, ""max_tokens"": 512, ""mental_es_model"": ""ELiRF/RoBERTa-es-mental-large"", ""n_cv_splits"": 5, ""n_search_iter"": 0, ""seeds"": [42], ""sentence_transformer_model"": ""intfloat/multilingual-e5-small"", ""tfidf_lemmatize"": true, ""tfidf_max_df"": 0.9, ""tfidf_max_features"": 300, ""tfidf_min_df"": 3, ""tfidf_ngram_range"": [1, 2], ""tfidf_normalize_numbers"": true}",2026-09-17T13:40:10
E2_E5BASE,frozen,participant,01,augmented,PHQ9,42,AdaBoost,5.110483,False,intfloat/multilingual-e5-base,defaults,"{""augmentation"": ""augmented"", ""beto_model"": ""dccuchile/bert-base-spanish-wwm-cased"", ""chunk_stride"": 256, ""max_tokens"": 512, ""mental_es_model"": ""ELiRF/RoBERTa-es-mental-large"", ""n_cv_splits"": 5, ""n_search_iter"": 0, ""seeds"": [42], ""sentence_transformer_model"": ""intfloat/multilingual-e5-small"", ""tfidf_lemmatize"": true, ""tfidf_max_df"": 0.9, ""tfidf_max_features"": 300, ""tfidf_min_df"": 3, ""tfidf_ngram_range"": [1, 2], ""tfidf_normalize_numbers"": true}",2026-09-17T13:40:10
E2_E5BASE,frozen,participant,01,augmented,GAD7,42,Ridge,5.455513,False,intfloat/multilingual-e5-base,defaults,"{""augmentation"": ""augmented"", ""beto_model"": ""dccuchile/bert-base-spanish-wwm-cased"", ""chunk_stride"": 256, ""max_tokens"": 512, ""mental_es_model"": ""ELiRF/RoBERTa-es-mental-large"", ""n_cv_splits"": 5, ""n_search_iter"": 0, ""seeds"": [42], ""sentence_transformer_model"": ""intfloat/multilingual-e5-small"", ""tfidf_lemmatize"": true, ""tfidf_max_df"": 0.9, ""tfidf_max_features"": 300, ""tfidf_min_df"": 3, ""tfidf_ngram_range"": [1, 2], ""tfidf_normalize_numbers"": true}",2026-09-17T13:41:27
E2_E5BASE,frozen,participant,01,augmented,GAD7,42,SVR,4.30272,True,intfloat/multilingual-e5-base,defaults,"{""augmentation"": ""augmented"", ""beto_model"": ""dccuchile/bert-base-spanish-wwm-cased"", ""chunk_stride"": 256, ""max_tokens"": 512, ""mental_es_model"": ""ELiRF/RoBERTa-es-mental-large"", ""n_cv_splits"": 5, ""n_search_iter"": 0, ""seeds"": [42], ""sentence_transformer_model"": ""intfloat/multilingual-e5-small"", ""tfidf_lemmatize"": true, ""tfidf_max_df"": 0.9, ""tfidf_max_features"": 300, ""tfidf_min_df"": 3, ""tfidf_ngram_range"": [1, 2], ""tfidf_normalize_numbers"": true}",2026-09-17T13:41:27
E2_E5BASE,frozen,participant,01,augmented,GAD7,42,RandomForest,4.436171,False,intfloat/multilingual-e5-base,defaults,"{""augmentation"": ""augmented"", ""beto_model"": ""dccuchile/bert-base-spanish-wwm-cased"", ""chunk_stride"": 256, ""max_tokens"": 512, ""mental_es_model"": ""ELiRF/RoBERTa-es-mental-large"", ""n_cv_splits"": 5, ""n_search_iter"": 0, ""seeds"": [42], ""sentence_transformer_model"": ""intfloat/multilingual-e5-small"", ""tfidf_lemmatize"": true, ""tfidf_max_df"": 0.9, ""tfidf_max_features"": 300, ""tfidf_min_df"": 3, ""tfidf_ngram_range"": [1, 2], ""tfidf_normalize_numbers"": true}",2026-09-17T13:41:27
E2_E5BASE,frozen,participant,01,augmented,GAD7,42,ExtraTrees,4.421317,False,intfloat/multilingual-e5-base,defaults,"{""augmentation"": ""augmented"", ""beto_model"": ""dccuchile/bert-base-spanish-wwm-cased"", ""chunk_stride"": 256, ""max_tokens"": 512, ""mental_es_model"": ""ELiRF/RoBERTa-es-mental-large"", ""n_cv_splits"": 5, ""n_search_iter"": 0, ""seeds"": [42], ""sentence_transformer_model"": ""intfloat/multilingual-e5-small"", ""tfidf_lemmatize"": true, ""tfidf_max_df"": 0.9, ""tfidf_max_features"": 300, ""tfidf_min_df"": 3, ""tfidf_ngram_range"": [1, 2], ""tfidf_normalize_numbers"": true}",2026-09-17T13:41:27
E2_E5BASE,frozen,participant,01,augmented,GAD7,42,GradientBoosting,4.54791,False,intfloat/multilingual-e5-base,defaults,"{""augmentation"": ""augmented"", ""beto_model"": ""dccuchile/bert-base-spanish-wwm-cased"", ""chunk_stride"": 256, ""max_tokens"": 512, ""mental_es_model"": ""ELiRF/RoBERTa-es-mental-large"", ""n_cv_splits"": 5, ""n_search_iter"": 0, ""seeds"": [42], ""sentence_transformer_model"": ""intfloat/multilingual-e5-small"", ""tfidf_lemmatize"": true, ""tfidf_max_df"": 0.9, ""tfidf_max_features"": 300, ""tfidf_min_df"": 3, ""tfidf_ngram_range"": [1, 2], ""tfidf_normalize_numbers"": true}",2026-09-17T13:41:27
E2_E5BASE,frozen,participant,01,augmented,GAD7,42,LightGBM,4.780889,False,intfloat/multilingual-e5-base,defaults,"{""augmentation"": ""augmented"", ""beto_model"": ""dccuchile/bert-base-spanish-wwm-cased"", ""chunk_stride"": 256, ""max_tokens"": 512, ""mental_es_model"": ""ELiRF/RoBERTa-es-mental-large"", ""n_cv_splits"": 5, ""n_search_iter"": 0, ""seeds"": [42], ""sentence_transformer_model"": ""intfloat/multilingual-e5-small"", ""tfidf_lemmatize"": true, ""tfidf_max_df"": 0.9, ""tfidf_max_features"": 300, ""tfidf_min_df"": 3, ""tfidf_ngram_range"": [1, 2], ""tfidf_normalize_numbers"": true}",2026-09-17T13:41:27
E2_E5BASE,frozen,participant,01,augmented,GAD7,42,KNN,4.909909,False,intfloat/multilingual-e5-base,defaults,"{""augmentation"": ""augmented"", ""beto_model"": ""dccuchile/bert-base-spanish-wwm-cased"", ""chunk_stride"": 256, ""max_tokens"": 512, ""mental_es_model"": ""ELiRF/RoBERTa-es-mental-large"", ""n_cv_splits"": 5, ""n_search_iter"": 0, ""seeds"": [42], ""sentence_transformer_model"": ""intfloat/multilingual-e5-small"", ""tfidf_lemmatize"": true, ""tfidf_max_df"": 0.9, ""tfidf_max_features"": 300, ""tfidf_min_df"": 3, ""tfidf_ngram_range"": [1, 2], ""tfidf_normalize_numbers"": true}",2026-09-17T13:41:27
E2_E5BASE,frozen,participant,01,augmented,GAD7,42,DecisionTree,5.491265,False,intfloat/multilingual-e5-base,defaults,"{""augmentation"": ""augmented"", ""beto_model"": ""dccuchile/bert-base-spanish-wwm-cased"", ""chunk_stride"": 256, ""max_tokens"": 512, ""mental_es_model"": ""ELiRF/RoBERTa-es-mental-large"", ""n_cv_splits"": 5, ""n_search_iter"": 0, ""seeds"": [42], ""sentence_transformer_model"": ""intfloat/multilingual-e5-small"", ""tfidf_lemmatize"": true, ""tfidf_max_df"": 0.9, ""tfidf_max_features"": 300, ""tfidf_min_df"": 3, ""tfidf_ngram_range"": [1, 2], ""tfidf_normalize_numbers"": true}",2026-09-17T13:41:27
E2_E5BASE,frozen,participant,01,augmented,GAD7,42,AdaBoost,4.367201,False,intfloat/multilingual-e5-base,defaults,"{""augmentation"": ""augmented"", ""beto_model"": ""dccuchile/bert-base-spanish-wwm-cased"", ""chunk_stride"": 256, ""max_tokens"": 512, ""mental_es_model"": ""ELiRF/RoBERTa-es-mental-large"", ""n_cv_splits"": 5, ""n_search_iter"": 0, ""seeds"": [42], ""sentence_transformer_model"": ""intfloat/multilingual-e5-small"", ""tfidf_lemmatize"": true, ""tfidf_max_df"": 0.9, ""tfidf_max_features"": 300, ""tfidf_min_df"": 3, ""tfidf_ngram_range"": [1, 2], ""tfidf_normalize_numbers"": true}",2026-09-17T13:41:27
E2_E5LARGE,frozen,participant,01,augmented,PHQ9,42,Ridge,6.2909,False,intfloat/multilingual-e5-large,defaults,"{""augmentation"": ""augmented"", ""beto_model"": ""dccuchile/bert-base-spanish-wwm-cased"", ""chunk_stride"": 256, ""max_tokens"": 512, ""mental_es_model"": ""ELiRF/RoBERTa-es-mental-large"", ""n_cv_splits"": 5, ""n_search_iter"": 0, ""seeds"": [42], ""sentence_transformer_model"": ""intfloat/multilingual-e5-small"", ""tfidf_lemmatize"": true, ""tfidf_max_df"": 0.9, ""tfidf_max_features"": 300, ""tfidf_min_df"": 3, ""tfidf_ngram_range"": [1, 2], ""tfidf_normalize_numbers"": true}",2026-09-17T13:43:09
E2_E5LARGE,frozen,participant,01,augmented,PHQ9,42,SVR,4.719996,True,intfloat/multilingual-e5-large,defaults,"{""augmentation"": ""augmented"", ""beto_model"": ""dccuchile/bert-base-spanish-wwm-cased"", ""chunk_stride"": 256, ""max_tokens"": 512, ""mental_es_model"": ""ELiRF/RoBERTa-es-mental-large"", ""n_cv_splits"": 5, ""n_search_iter"": 0, ""seeds"": [42], ""sentence_transformer_model"": ""intfloat/multilingual-e5-small"", ""tfidf_lemmatize"": true, ""tfidf_max_df"": 0.9, ""tfidf_max_features"": 300, ""tfidf_min_df"": 3, ""tfidf_ngram_range"": [1, 2], ""tfidf_normalize_numbers"": true}",2026-09-17T13:43:09
E2_E5LARGE,frozen,participant,01,augmented,PHQ9,42,RandomForest,4.96685,False,intfloat/multilingual-e5-large,defaults,"{""augmentation"": ""augmented"", ""beto_model"": ""dccuchile/bert-base-spanish-wwm-cased"", ""chunk_stride"": 256, ""max_tokens"": 512, ""mental_es_model"": ""ELiRF/RoBERTa-es-mental-large"", ""n_cv_splits"": 5, ""n_search_iter"": 0, ""seeds"": [42], ""sentence_transformer_model"": ""intfloat/multilingual-e5-small"", ""tfidf_lemmatize"": true, ""tfidf_max_df"": 0.9, ""tfidf_max_features"": 300, ""tfidf_min_df"": 3, ""tfidf_ngram_range"": [1, 2], ""tfidf_normalize_numbers"": true}",2026-09-17T13:43:09
E2_E5LARGE,frozen,participant,01,augmented,PHQ9,42,ExtraTrees,5.019479,False,intfloat/multilingual-e5-large,defaults,"{""augmentation"": ""augmented"", ""beto_model"": ""dccuchile/bert-base-spanish-wwm-cased"", ""chunk_stride"": 256, ""max_tokens"": 512, ""mental_es_model"": ""ELiRF/RoBERTa-es-mental-large"", ""n_cv_splits"": 5, ""n_search_iter"": 0, ""seeds"": [42], ""sentence_transformer_model"": ""intfloat/multilingual-e5-small"", ""tfidf_lemmatize"": true, ""tfidf_max_df"": 0.9, ""tfidf_max_features"": 300, ""tfidf_min_df"": 3, ""tfidf_ngram_range"": [1, 2], ""tfidf_normalize_numbers"": true}",2026-09-17T13:43:09
E2_E5LARGE,frozen,participant,01,augmented,PHQ9,42,GradientBoosting,4.983267,False,intfloat/multilingual-e5-large,defaults,"{""augmentation"": ""augmented"", ""beto_model"": ""dccuchile/bert-base-spanish-wwm-cased"", ""chunk_stride"": 256, ""max_tokens"": 512, ""mental_es_model"": ""ELiRF/RoBERTa-es-mental-large"", ""n_cv_splits"": 5, ""n_search_iter"": 0, ""seeds"": [42], ""sentence_transformer_model"": ""intfloat/multilingual-e5-small"", ""tfidf_lemmatize"": true, ""tfidf_max_df"": 0.9, ""tfidf_max_features"": 300, ""tfidf_min_df"": 3, ""tfidf_ngram_range"": [1, 2], ""tfidf_normalize_numbers"": true}",2026-09-17T13:43:09
E2_E5LARGE,frozen,participant,01,augmented,PHQ9,42,LightGBM,5.015586,False,intfloat/multilingual-e5-large,defaults,"{""augmentation"": ""augmented"", ""beto_model"": ""dccuchile/bert-base-spanish-wwm-cased"", ""chunk_stride"": 256, ""max_tokens"": 512, ""mental_es_model"": ""ELiRF/RoBERTa-es-mental-large"", ""n_cv_splits"": 5, ""n_search_iter"": 0, ""seeds"": [42], ""sentence_transformer_model"": ""intfloat/multilingual-e5-small"", ""tfidf_lemmatize"": true, ""tfidf_max_df"": 0.9, ""tfidf_max_features"": 300, ""tfidf_min_df"": 3, ""tfidf_ngram_range"": [1, 2], ""tfidf_normalize_numbers"": true}",2026-09-17T13:43:09
E2_E5LARGE,frozen,participant,01,augmented,PHQ9,42,KNN,5.300413,False,intfloat/multilingual-e5-large,defaults,"{""augmentation"": ""augmented"", ""beto_model"": ""dccuchile/bert-base-spanish-wwm-cased"", ""chunk_stride"": 256, ""max_tokens"": 512, ""mental_es_model"": ""ELiRF/RoBERTa-es-mental-large"", ""n_cv_splits"": 5, ""n_search_iter"": 0, ""seeds"": [42], ""sentence_transformer_model"": ""intfloat/multilingual-e5-small"", ""tfidf_lemmatize"": true, ""tfidf_max_df"": 0.9, ""tfidf_max_features"": 300, ""tfidf_min_df"": 3, ""tfidf_ngram_range"": [1, 2], ""tfidf_normalize_numbers"": true}",2026-09-17T13:43:09
E2_E5LARGE,frozen,participant,01,augmented,PHQ9,42,DecisionTree,7.082269,False,intfloat/multilingual-e5-large,defaults,"{""augmentation"": ""augmented"", ""beto_model"": ""dccuchile/bert-base-spanish-wwm-cased"", ""chunk_stride"": 256, ""max_tokens"": 512, ""mental_es_model"": ""ELiRF/RoBERTa-es-mental-large"", ""n_cv_splits"": 5, ""n_search_iter"": 0, ""seeds"": [42], ""sentence_transformer_model"": ""intfloat/multilingual-e5-small"", ""tfidf_lemmatize"": true, ""tfidf_max_df"": 0.9, ""tfidf_max_features"": 300, ""tfidf_min_df"": 3, ""tfidf_ngram_range"": [1, 2], ""tfidf_normalize_numbers"": true}",2026-09-17T13:43:09
E2_E5LARGE,frozen,participant,01,augmented,PHQ9,42,AdaBoost,4.917539,False,intfloat/multilingual-e5-large,defaults,"{""augmentation"": ""augmented"", ""beto_model"": ""dccuchile/bert-base-spanish-wwm-cased"", ""chunk_stride"": 256, ""max_tokens"": 512, ""mental_es_model"": ""ELiRF/RoBERTa-es-mental-large"", ""n_cv_splits"": 5, ""n_search_iter"": 0, ""seeds"": [42], ""sentence_transformer_model"": ""intfloat/multilingual-e5-small"", ""tfidf_lemmatize"": true, ""tfidf_max_df"": 0.9, ""tfidf_max_features"": 300, ""tfidf_min_df"": 3, ""tfidf_ngram_range"": [1, 2], ""tfidf_normalize_numbers"": true}",2026-09-17T13:43:09
E2_E5LARGE,frozen,participant,01,augmented,GAD7,42,Ridge,5.634699,False,intfloat/multilingual-e5-large,defaults,"{""augmentation"": ""augmented"", ""beto_model"": ""dccuchile/bert-base-spanish-wwm-cased"", ""chunk_stride"": 256, ""max_tokens"": 512, ""mental_es_model"": ""ELiRF/RoBERTa-es-mental-large"", ""n_cv_splits"": 5, ""n_search_iter"": 0, ""seeds"": [42], ""sentence_transformer_model"": ""intfloat/multilingual-e5-small"", ""tfidf_lemmatize"": true, ""tfidf_max_df"": 0.9, ""tfidf_max_features"": 300, ""tfidf_min_df"": 3, ""tfidf_ngram_range"": [1, 2], ""tfidf_normalize_numbers"": true}",2026-09-17T13:44:50
E2_E5LARGE,frozen,participant,01,augmented,GAD7,42,SVR,4.261747,True,intfloat/multilingual-e5-large,defaults,"{""augmentation"": ""augmented"", ""beto_model"": ""dccuchile/bert-base-spanish-wwm-cased"", ""chunk_stride"": 256, ""max_tokens"": 512, ""mental_es_model"": ""ELiRF/RoBERTa-es-mental-large"", ""n_cv_splits"": 5, ""n_search_iter"": 0, ""seeds"": [42], ""sentence_transformer_model"": ""intfloat/multilingual-e5-small"", ""tfidf_lemmatize"": true, ""tfidf_max_df"": 0.9, ""tfidf_max_features"": 300, ""tfidf_min_df"": 3, ""tfidf_ngram_range"": [1, 2], ""tfidf_normalize_numbers"": true}",2026-09-17T13:44:50
E2_E5LARGE,frozen,participant,01,augmented,GAD7,42,RandomForest,4.306548,False,intfloat/multilingual-e5-large,defaults,"{""augmentation"": ""augmented"", ""beto_model"": ""dccuchile/bert-base-spanish-wwm-cased"", ""chunk_stride"": 256, ""max_tokens"": 512, ""mental_es_model"": ""ELiRF/RoBERTa-es-mental-large"", ""n_cv_splits"": 5, ""n_search_iter"": 0, ""seeds"": [42], ""sentence_transformer_model"": ""intfloat/multilingual-e5-small"", ""tfidf_lemmatize"": true, ""tfidf_max_df"": 0.9, ""tfidf_max_features"": 300, ""tfidf_min_df"": 3, ""tfidf_ngram_range"": [1, 2], ""tfidf_normalize_numbers"": true}",2026-09-17T13:44:50
E2_E5LARGE,frozen,participant,01,augmented,GAD7,42,ExtraTrees,4.389295,False,intfloat/multilingual-e5-large,defaults,"{""augmentation"": ""augmented"", ""beto_model"": ""dccuchile/bert-base-spanish-wwm-cased"", ""chunk_stride"": 256, ""max_tokens"": 512, ""mental_es_model"": ""ELiRF/RoBERTa-es-mental-large"", ""n_cv_splits"": 5, ""n_search_iter"": 0, ""seeds"": [42], ""sentence_transformer_model"": ""intfloat/multilingual-e5-small"", ""tfidf_lemmatize"": true, ""tfidf_max_df"": 0.9, ""tfidf_max_features"": 300, ""tfidf_min_df"": 3, ""tfidf_ngram_range"": [1, 2], ""tfidf_normalize_numbers"": true}",2026-09-17T13:44:50
E2_E5LARGE,frozen,participant,01,augmented,GAD7,42,GradientBoosting,4.425954,False,intfloat/multilingual-e5-large,defaults,"{""augmentation"": ""augmented"", ""beto_model"": ""dccuchile/bert-base-spanish-wwm-cased"", ""chunk_stride"": 256, ""max_tokens"": 512, ""mental_es_model"": ""ELiRF/RoBERTa-es-mental-large"", ""n_cv_splits"": 5, ""n_search_iter"": 0, ""seeds"": [42], ""sentence_transformer_model"": ""intfloat/multilingual-e5-small"", ""tfidf_lemmatize"": true, ""tfidf_max_df"": 0.9, ""tfidf_max_features"": 300, ""tfidf_min_df"": 3, ""tfidf_ngram_range"": [1, 2], ""tfidf_normalize_numbers"": true}",2026-09-17T13:44:50
E2_E5LARGE,frozen,participant,01,augmented,GAD7,42,LightGBM,4.550506,False,intfloat/multilingual-e5-large,defaults,"{""augmentation"": ""augmented"", ""beto_model"": ""dccuchile/bert-base-spanish-wwm-cased"", ""chunk_stride"": 256, ""max_tokens"": 512, ""mental_es_model"": ""ELiRF/RoBERTa-es-mental-large"", ""n_cv_splits"": 5, ""n_search_iter"": 0, ""seeds"": [42], ""sentence_transformer_model"": ""intfloat/multilingual-e5-small"", ""tfidf_lemmatize"": true, ""tfidf_max_df"": 0.9, ""tfidf_max_features"": 300, ""tfidf_min_df"": 3, ""tfidf_ngram_range"": [1, 2], ""tfidf_normalize_numbers"": true}",2026-09-17T13:44:50
E2_E5LARGE,frozen,participant,01,augmented,GAD7,42,KNN,4.800139,False,intfloat/multilingual-e5-large,defaults,"{""augmentation"": ""augmented"", ""beto_model"": ""dccuchile/bert-base-spanish-wwm-cased"", ""chunk_stride"": 256, ""max_tokens"": 512, ""mental_es_model"": ""ELiRF/RoBERTa-es-mental-large"", ""n_cv_splits"": 5, ""n_search_iter"": 0, ""seeds"": [42], ""sentence_transformer_model"": ""intfloat/multilingual-e5-small"", ""tfidf_lemmatize"": true, ""tfidf_max_df"": 0.9, ""tfidf_max_features"": 300, ""tfidf_min_df"": 3, ""tfidf_ngram_range"": [1, 2], ""tfidf_normalize_numbers"": true}",2026-09-17T13:44:50
E2_E5LARGE,frozen,participant,01,augmented,GAD7,42,DecisionTree,5.937301,False,intfloat/multilingual-e5-large,defaults,"{""augmentation"": ""augmented"", ""beto_model"": ""dccuchile/bert-base-spanish-wwm-cased"", ""chunk_stride"": 256, ""max_tokens"": 512, ""mental_es_model"": ""ELiRF/RoBERTa-es-mental-large"", ""n_cv_splits"": 5, ""n_search_iter"": 0, ""seeds"": [42], ""sentence_transformer_model"": ""intfloat/multilingual-e5-small"", ""tfidf_lemmatize"": true, ""tfidf_max_df"": 0.9, ""tfidf_max_features"": 300, ""tfidf_min_df"": 3, ""tfidf_ngram_range"": [1, 2], ""tfidf_normalize_numbers"": true}",2026-09-17T13:44:50
E2_E5LARGE,frozen,participant,01,augmented,GAD7,42,AdaBoost,4.322319,False,intfloat/multilingual-e5-large,defaults,"{""augmentation"": ""augmented"", ""beto_model"": ""dccuchile/bert-base-spanish-wwm-cased"", ""chunk_stride"": 256, ""max_tokens"": 512, ""mental_es_model"": ""ELiRF/RoBERTa-es-mental-large"", ""n_cv_splits"": 5, ""n_search_iter"": 0, ""seeds"": [42], ""sentence_transformer_model"": ""intfloat/multilingual-e5-small"", ""tfidf_lemmatize"": true, ""tfidf_max_df"": 0.9, ""tfidf_max_features"": 300, ""tfidf_min_df"": 3, ""tfidf_ngram_range"": [1, 2], ""tfidf_normalize_numbers"": true}",2026-09-17T13:44:50
E7_ROBERTA_MENTAL,frozen,participant,01,augmented,PHQ9,42,Ridge,5.342759,False,ELiRF/RoBERTa-es-mental-large,defaults,"{""augmentation"": ""augmented"", ""beto_model"": ""dccuchile/bert-base-spanish-wwm-cased"", ""chunk_stride"": 256, ""max_tokens"": 512, ""mental_es_model"": ""ELiRF/RoBERTa-es-mental-large"", ""n_cv_splits"": 5, ""n_search_iter"": 0, ""seeds"": [42], ""sentence_transformer_model"": ""intfloat/multilingual-e5-small"", ""tfidf_lemmatize"": true, ""tfidf_max_df"": 0.9, ""tfidf_max_features"": 300, ""tfidf_min_df"": 3, ""tfidf_ngram_range"": [1, 2], ""tfidf_normalize_numbers"": true}",2026-09-17T13:46:32
E7_ROBERTA_MENTAL,frozen,participant,01,augmented,PHQ9,42,SVR,4.79918,True,ELiRF/RoBERTa-es-mental-large,defaults,"{""augmentation"": ""augmented"", ""beto_model"": ""dccuchile/bert-base-spanish-wwm-cased"", ""chunk_stride"": 256, ""max_tokens"": 512, ""mental_es_model"": ""ELiRF/RoBERTa-es-mental-large"", ""n_cv_splits"": 5, ""n_search_iter"": 0, ""seeds"": [42], ""sentence_transformer_model"": ""intfloat/multilingual-e5-small"", ""tfidf_lemmatize"": true, ""tfidf_max_df"": 0.9, ""tfidf_max_features"": 300, ""tfidf_min_df"": 3, ""tfidf_ngram_range"": [1, 2], ""tfidf_normalize_numbers"": true}",2026-09-17T13:46:32
E7_ROBERTA_MENTAL,frozen,participant,01,augmented,PHQ9,42,RandomForest,5.14626,False,ELiRF/RoBERTa-es-mental-large,defaults,"{""augmentation"": ""augmented"", ""beto_model"": ""dccuchile/bert-base-spanish-wwm-cased"", ""chunk_stride"": 256, ""max_tokens"": 512, ""mental_es_model"": ""ELiRF/RoBERTa-es-mental-large"", ""n_cv_splits"": 5, ""n_search_iter"": 0, ""seeds"": [42], ""sentence_transformer_model"": ""intfloat/multilingual-e5-small"", ""tfidf_lemmatize"": true, ""tfidf_max_df"": 0.9, ""tfidf_max_features"": 300, ""tfidf_min_df"": 3, ""tfidf_ngram_range"": [1, 2], ""tfidf_normalize_numbers"": true}",2026-09-17T13:46:32
E7_ROBERTA_MENTAL,frozen,participant,01,augmented,PHQ9,42,ExtraTrees,5.137446,False,ELiRF/RoBERTa-es-mental-large,defaults,"{""augmentation"": ""augmented"", ""beto_model"": ""dccuchile/bert-base-spanish-wwm-cased"", ""chunk_stride"": 256, ""max_tokens"": 512, ""mental_es_model"": ""ELiRF/RoBERTa-es-mental-large"", ""n_cv_splits"": 5, ""n_search_iter"": 0, ""seeds"": [42], ""sentence_transformer_model"": ""intfloat/multilingual-e5-small"", ""tfidf_lemmatize"": true, ""tfidf_max_df"": 0.9, ""tfidf_max_features"": 300, ""tfidf_min_df"": 3, ""tfidf_ngram_range"": [1, 2], ""tfidf_normalize_numbers"": true}",2026-09-17T13:46:32
E7_ROBERTA_MENTAL,frozen,participant,01,augmented,PHQ9,42,GradientBoosting,5.040669,False,ELiRF/RoBERTa-es-mental-large,defaults,"{""augmentation"": ""augmented"", ""beto_model"": ""dccuchile/bert-base-spanish-wwm-cased"", ""chunk_stride"": 256, ""max_tokens"": 512, ""mental_es_model"": ""ELiRF/RoBERTa-es-mental-large"", ""n_cv_splits"": 5, ""n_search_iter"": 0, ""seeds"": [42], ""sentence_transformer_model"": ""intfloat/multilingual-e5-small"", ""tfidf_lemmatize"": true, ""tfidf_max_df"": 0.9, ""tfidf_max_features"": 300, ""tfidf_min_df"": 3, ""tfidf_ngram_range"": [1, 2], ""tfidf_normalize_numbers"": true}",2026-09-17T13:46:32
E7_ROBERTA_MENTAL,frozen,participant,01,augmented,PHQ9,42,LightGBM,5.00337,False,ELiRF/RoBERTa-es-mental-large,defaults,"{""augmentation"": ""augmented"", ""beto_model"": ""dccuchile/bert-base-spanish-wwm-cased"", ""chunk_stride"": 256, ""max_tokens"": 512, ""mental_es_model"": ""ELiRF/RoBERTa-es-mental-large"", ""n_cv_splits"": 5, ""n_search_iter"": 0, ""seeds"": [42], ""sentence_transformer_model"": ""intfloat/multilingual-e5-small"", ""tfidf_lemmatize"": true, ""tfidf_max_df"": 0.9, ""tfidf_max_features"": 300, ""tfidf_min_df"": 3, ""tfidf_ngram_range"": [1, 2], ""tfidf_normalize_numbers"": true}",2026-09-17T13:46:32
E7_ROBERTA_MENTAL,frozen,participant,01,augmented,PHQ9,42,KNN,5.500153,False,ELiRF/RoBERTa-es-mental-large,defaults,"{""augmentation"": ""augmented"", ""beto_model"": ""dccuchile/bert-base-spanish-wwm-cased"", ""chunk_stride"": 256, ""max_tokens"": 512, ""mental_es_model"": ""ELiRF/RoBERTa-es-mental-large"", ""n_cv_splits"": 5, ""n_search_iter"": 0, ""seeds"": [42], ""sentence_transformer_model"": ""intfloat/multilingual-e5-small"", ""tfidf_lemmatize"": true, ""tfidf_max_df"": 0.9, ""tfidf_max_features"": 300, ""tfidf_min_df"": 3, ""tfidf_ngram_range"": [1, 2], ""tfidf_normalize_numbers"": true}",2026-09-17T13:46:32
E7_ROBERTA_MENTAL,frozen,participant,01,augmented,PHQ9,42,DecisionTree,7.063725,False,ELiRF/RoBERTa-es-mental-large,defaults,"{""augmentation"": ""augmented"", ""beto_model"": ""dccuchile/bert-base-spanish-wwm-cased"", ""chunk_stride"": 256, ""max_tokens"": 512, ""mental_es_model"": ""ELiRF/RoBERTa-es-mental-large"", ""n_cv_splits"": 5, ""n_search_iter"": 0, ""seeds"": [42], ""sentence_transformer_model"": ""intfloat/multilingual-e5-small"", ""tfidf_lemmatize"": true, ""tfidf_max_df"": 0.9, ""tfidf_max_features"": 300, ""tfidf_min_df"": 3, ""tfidf_ngram_range"": [1, 2], ""tfidf_normalize_numbers"": true}",2026-09-17T13:46:32
E7_ROBERTA_MENTAL,frozen,participant,01,augmented,PHQ9,42,AdaBoost,5.065655,False,ELiRF/RoBERTa-es-mental-large,defaults,"{""augmentation"": ""augmented"", ""beto_model"": ""dccuchile/bert-base-spanish-wwm-cased"", ""chunk_stride"": 256, ""max_tokens"": 512, ""mental_es_model"": ""ELiRF/RoBERTa-es-mental-large"", ""n_cv_splits"": 5, ""n_search_iter"": 0, ""seeds"": [42], ""sentence_transformer_model"": ""intfloat/multilingual-e5-small"", ""tfidf_lemmatize"": true, ""tfidf_max_df"": 0.9, ""tfidf_max_features"": 300, ""tfidf_min_df"": 3, ""tfidf_ngram_range"": [1, 2], ""tfidf_normalize_numbers"": true}",2026-09-17T13:46:32
E7_ROBERTA_MENTAL,frozen,participant,01,augmented,GAD7,42,Ridge,5.21912,False,ELiRF/RoBERTa-es-mental-large,defaults,"{""augmentation"": ""augmented"", ""beto_model"": ""dccuchile/bert-base-spanish-wwm-cased"", ""chunk_stride"": 256, ""max_tokens"": 512, ""mental_es_model"": ""ELiRF/RoBERTa-es-mental-large"", ""n_cv_splits"": 5, ""n_search_iter"": 0, ""seeds"": [42], ""sentence_transformer_model"": ""intfloat/multilingual-e5-small"", ""tfidf_lemmatize"": true, ""tfidf_max_df"": 0.9, ""tfidf_max_features"": 300, ""tfidf_min_df"": 3, ""tfidf_ngram_range"": [1, 2], ""tfidf_normalize_numbers"": true}",2026-09-17T13:49:10
E7_ROBERTA_MENTAL,frozen,participant,01,augmented,GAD7,42,SVR,4.21415,True,ELiRF/RoBERTa-es-mental-large,defaults,"{""augmentation"": ""augmented"", ""beto_model"": ""dccuchile/bert-base-spanish-wwm-cased"", ""chunk_stride"": 256, ""max_tokens"": 512, ""mental_es_model"": ""ELiRF/RoBERTa-es-mental-large"", ""n_cv_splits"": 5, ""n_search_iter"": 0, ""seeds"": [42], ""sentence_transformer_model"": ""intfloat/multilingual-e5-small"", ""tfidf_lemmatize"": true, ""tfidf_max_df"": 0.9, ""tfidf_max_features"": 300, ""tfidf_min_df"": 3, ""tfidf_ngram_range"": [1, 2], ""tfidf_normalize_numbers"": true}",2026-09-17T13:49:10
E7_ROBERTA_MENTAL,frozen,participant,01,augmented,GAD7,42,RandomForest,4.368407,False,ELiRF/RoBERTa-es-mental-large,defaults,"{""augmentation"": ""augmented"", ""beto_model"": ""dccuchile/bert-base-spanish-wwm-cased"", ""chunk_stride"": 256, ""max_tokens"": 512, ""mental_es_model"": ""ELiRF/RoBERTa-es-mental-large"", ""n_cv_splits"": 5, ""n_search_iter"": 0, ""seeds"": [42], ""sentence_transformer_model"": ""intfloat/multilingual-e5-small"", ""tfidf_lemmatize"": true, ""tfidf_max_df"": 0.9, ""tfidf_max_features"": 300, ""tfidf_min_df"": 3, ""tfidf_ngram_range"": [1, 2], ""tfidf_normalize_numbers"": true}",2026-09-17T13:49:10
E7_ROBERTA_MENTAL,frozen,participant,01,augmented,GAD7,42,ExtraTrees,4.345825,False,ELiRF/RoBERTa-es-mental-large,defaults,"{""augmentation"": ""augmented"", ""beto_model"": ""dccuchile/bert-base-spanish-wwm-cased"", ""chunk_stride"": 256, ""max_tokens"": 512, ""mental_es_model"": ""ELiRF/RoBERTa-es-mental-large"", ""n_cv_splits"": 5, ""n_search_iter"": 0, ""seeds"": [42], ""sentence_transformer_model"": ""intfloat/multilingual-e5-small"", ""tfidf_lemmatize"": true, ""tfidf_max_df"": 0.9, ""tfidf_max_features"": 300, ""tfidf_min_df"": 3, ""tfidf_ngram_range"": [1, 2], ""tfidf_normalize_numbers"": true}",2026-09-17T13:49:10
E7_ROBERTA_MENTAL,frozen,participant,01,augmented,GAD7,42,GradientBoosting,4.404944,False,ELiRF/RoBERTa-es-mental-large,defaults,"{""augmentation"": ""augmented"", ""beto_model"": ""dccuchile/bert-base-spanish-wwm-cased"", ""chunk_stride"": 256, ""max_tokens"": 512, ""mental_es_model"": ""ELiRF/RoBERTa-es-mental-large"", ""n_cv_splits"": 5, ""n_search_iter"": 0, ""seeds"": [42], ""sentence_transformer_model"": ""intfloat/multilingual-e5-small"", ""tfidf_lemmatize"": true, ""tfidf_max_df"": 0.9, ""tfidf_max_features"": 300, ""tfidf_min_df"": 3, ""tfidf_ngram_range"": [1, 2], ""tfidf_normalize_numbers"": true}",2026-09-17T13:49:10
E7_ROBERTA_MENTAL,frozen,participant,01,augmented,GAD7,42,LightGBM,4.552342,False,ELiRF/RoBERTa-es-mental-large,defaults,"{""augmentation"": ""augmented"", ""beto_model"": ""dccuchile/bert-base-spanish-wwm-cased"", ""chunk_stride"": 256, ""max_tokens"": 512, ""mental_es_model"": ""ELiRF/RoBERTa-es-mental-large"", ""n_cv_splits"": 5, ""n_search_iter"": 0, ""seeds"": [42], ""sentence_transformer_model"": ""intfloat/multilingual-e5-small"", ""tfidf_lemmatize"": true, ""tfidf_max_df"": 0.9, ""tfidf_max_features"": 300, ""tfidf_min_df"": 3, ""tfidf_ngram_range"": [1, 2], ""tfidf_normalize_numbers"": true}",2026-09-17T13:49:10
E7_ROBERTA_MENTAL,frozen,participant,01,augmented,GAD7,42,KNN,4.685882,False,ELiRF/RoBERTa-es-mental-large,defaults,"{""augmentation"": ""augmented"", ""beto_model"": ""dccuchile/bert-base-spanish-wwm-cased"", ""chunk_stride"": 256, ""max_tokens"": 512, ""mental_es_model"": ""ELiRF/RoBERTa-es-mental-large"", ""n_cv_splits"": 5, ""n_search_iter"": 0, ""seeds"": [42], ""sentence_transformer_model"": ""intfloat/multilingual-e5-small"", ""tfidf_lemmatize"": true, ""tfidf_max_df"": 0.9, ""tfidf_max_features"": 300, ""tfidf_min_df"": 3, ""tfidf_ngram_range"": [1, 2], ""tfidf_normalize_numbers"": true}",2026-09-17T13:49:10
E7_ROBERTA_MENTAL,frozen,participant,01,augmented,GAD7,42,DecisionTree,6.29478,False,ELiRF/RoBERTa-es-mental-large,defaults,"{""augmentation"": ""augmented"", ""beto_model"": ""dccuchile/bert-base-spanish-wwm-cased"", ""chunk_stride"": 256, ""max_tokens"": 512, ""mental_es_model"": ""ELiRF/RoBERTa-es-mental-large"", ""n_cv_splits"": 5, ""n_search_iter"": 0, ""seeds"": [42], ""sentence_transformer_model"": ""intfloat/multilingual-e5-small"", ""tfidf_lemmatize"": true, ""tfidf_max_df"": 0.9, ""tfidf_max_features"": 300, ""tfidf_min_df"": 3, ""tfidf_ngram_range"": [1, 2], ""tfidf_normalize_numbers"": true}",2026-09-17T13:49:10
E7_ROBERTA_MENTAL,frozen,participant,01,augmented,GAD7,42,AdaBoost,4.305042,False,ELiRF/RoBERTa-es-mental-large,defaults,"{""augmentation"": ""augmented"", ""beto_model"": ""dccuchile/bert-base-spanish-wwm-cased"", ""chunk_stride"": 256, ""max_tokens"": 512, ""mental_es_model"": ""ELiRF/RoBERTa-es-mental-large"", ""n_cv_splits"": 5, ""n_search_iter"": 0, ""seeds"": [42], ""sentence_transformer_model"": ""intfloat/multilingual-e5-small"", ""tfidf_lemmatize"": true, ""tfidf_max_df"": 0.9, ""tfidf_max_features"": 300, ""tfidf_min_df"": 3, ""tfidf_ngram_range"": [1, 2], ""tfidf_normalize_numbers"": true}",2026-09-17T13:49:10
