encoder,family,granularity,notebook,augmentation,target,seed,fold,split,rmse,mae,r2,band_f1_macro,band_qwk,band_confusion_matrix,screening_f1,screening_auc,screening_confusion_matrix,selected_model,selected_params,encoder_model,search,config_json,logged_at,notes
E0_TFIDF,frozen,participant,01,no_augmentation,PHQ9,42,test,confirmatory,5.516717,4.566523,-0.007997,0.195417,0.293233,"[[0, 7, 2, 0], [0, 3, 8, 1], [0, 1, 13, 0], [0, 2, 11, 0]]",0.689655,0.573192,"[[10, 11], [7, 20]]",LightGBM,,,random50,"{""augmentation"": ""no_augmentation"", ""beto_model"": ""dccuchile/bert-base-spanish-wwm-cased"", ""chunk_stride"": 256, ""max_tokens"": 512, ""n_cv_splits"": 5, ""n_search_iter"": 50, ""seeds"": [42, 43, 44, 45, 46], ""sentence_transformer_model"": ""intfloat/multilingual-e5-small"", ""tfidf_lemmatize"": true, ""tfidf_max_df"": 0.9, ""tfidf_max_features"": 300, ""tfidf_min_df"": 3, ""tfidf_ngram_range"": [1, 2], ""tfidf_normalize_numbers"": true}",2026-09-08T12:28:27,
E0_TFIDF,frozen,participant,01,no_augmentation,GAD7,42,test,confirmatory,4.776037,3.960613,0.098843,0.242836,0.309735,"[[1, 10, 1, 0], [0, 13, 4, 0], [0, 9, 4, 0], [0, 2, 4, 0]]",0.296296,0.644283,"[[25, 4], [15, 4]]",LightGBM,,,random50,"{""augmentation"": ""no_augmentation"", ""beto_model"": ""dccuchile/bert-base-spanish-wwm-cased"", ""chunk_stride"": 256, ""max_tokens"": 512, ""n_cv_splits"": 5, ""n_search_iter"": 50, ""seeds"": [42, 43, 44, 45, 46], ""sentence_transformer_model"": ""intfloat/multilingual-e5-small"", ""tfidf_lemmatize"": true, ""tfidf_max_df"": 0.9, ""tfidf_max_features"": 300, ""tfidf_min_df"": 3, ""tfidf_ngram_range"": [1, 2], ""tfidf_normalize_numbers"": true}",2026-09-08T12:29:30,
E0_TFIDF,frozen,participant,01,no_augmentation,PHQ9,43,test,confirmatory,5.786548,4.780532,-0.109014,0.191667,0.13797,"[[0, 7, 1, 1], [0, 4, 6, 2], [0, 3, 10, 1], [0, 4, 9, 0]]",0.615385,0.598765,"[[12, 9], [11, 16]]",AdaBoost,,,random50,"{""augmentation"": ""no_augmentation"", ""beto_model"": ""dccuchile/bert-base-spanish-wwm-cased"", ""chunk_stride"": 256, ""max_tokens"": 512, ""n_cv_splits"": 5, ""n_search_iter"": 50, ""seeds"": [42, 43, 44, 45, 46], ""sentence_transformer_model"": ""intfloat/multilingual-e5-small"", ""tfidf_lemmatize"": true, ""tfidf_max_df"": 0.9, ""tfidf_max_features"": 300, ""tfidf_min_df"": 3, ""tfidf_ngram_range"": [1, 2], ""tfidf_normalize_numbers"": true}",2026-09-08T12:30:35,
E0_TFIDF,frozen,participant,01,no_augmentation,GAD7,43,test,confirmatory,4.788944,3.972204,0.093966,0.209286,0.284116,"[[0, 11, 1, 0], [0, 12, 5, 0], [0, 8, 5, 0], [0, 2, 4, 0]]",0.413793,0.640653,"[[25, 4], [13, 6]]",LightGBM,,,random50,"{""augmentation"": ""no_augmentation"", ""beto_model"": ""dccuchile/bert-base-spanish-wwm-cased"", ""chunk_stride"": 256, ""max_tokens"": 512, ""n_cv_splits"": 5, ""n_search_iter"": 50, ""seeds"": [42, 43, 44, 45, 46], ""sentence_transformer_model"": ""intfloat/multilingual-e5-small"", ""tfidf_lemmatize"": true, ""tfidf_max_df"": 0.9, ""tfidf_max_features"": 300, ""tfidf_min_df"": 3, ""tfidf_ngram_range"": [1, 2], ""tfidf_normalize_numbers"": true}",2026-09-08T12:31:41,
E0_TFIDF,frozen,participant,01,no_augmentation,PHQ9,44,test,confirmatory,5.794255,5.026997,-0.11197,0.237469,0.180672,"[[0, 6, 2, 1], [0, 4, 6, 2], [0, 2, 9, 3], [0, 4, 7, 2]]",0.714286,0.647266,"[[12, 9], [7, 20]]",GradientBoosting,,,random50,"{""augmentation"": ""no_augmentation"", ""beto_model"": ""dccuchile/bert-base-spanish-wwm-cased"", ""chunk_stride"": 256, ""max_tokens"": 512, ""n_cv_splits"": 5, ""n_search_iter"": 50, ""seeds"": [42, 43, 44, 45, 46], ""sentence_transformer_model"": ""intfloat/multilingual-e5-small"", ""tfidf_lemmatize"": true, ""tfidf_max_df"": 0.9, ""tfidf_max_features"": 300, ""tfidf_min_df"": 3, ""tfidf_ngram_range"": [1, 2], ""tfidf_normalize_numbers"": true}",2026-09-08T12:32:42,
E0_TFIDF,frozen,participant,01,no_augmentation,GAD7,44,test,confirmatory,4.80854,4.023992,0.086536,0.232339,0.251089,"[[1, 9, 2, 0], [0, 12, 5, 0], [0, 9, 4, 0], [0, 2, 4, 0]]",0.387097,0.62069,"[[23, 6], [13, 6]]",LightGBM,,,random50,"{""augmentation"": ""no_augmentation"", ""beto_model"": ""dccuchile/bert-base-spanish-wwm-cased"", ""chunk_stride"": 256, ""max_tokens"": 512, ""n_cv_splits"": 5, ""n_search_iter"": 50, ""seeds"": [42, 43, 44, 45, 46], ""sentence_transformer_model"": ""intfloat/multilingual-e5-small"", ""tfidf_lemmatize"": true, ""tfidf_max_df"": 0.9, ""tfidf_max_features"": 300, ""tfidf_min_df"": 3, ""tfidf_ngram_range"": [1, 2], ""tfidf_normalize_numbers"": true}",2026-09-08T12:33:44,
E0_TFIDF,frozen,participant,01,no_augmentation,PHQ9,45,test,confirmatory,5.895059,4.953157,-0.150997,0.148601,0.151796,"[[0, 5, 4, 0], [0, 3, 7, 2], [0, 4, 8, 2], [0, 2, 11, 0]]",0.631579,0.550265,"[[9, 12], [9, 18]]",GradientBoosting,,,random50,"{""augmentation"": ""no_augmentation"", ""beto_model"": ""dccuchile/bert-base-spanish-wwm-cased"", ""chunk_stride"": 256, ""max_tokens"": 512, ""n_cv_splits"": 5, ""n_search_iter"": 50, ""seeds"": [42, 43, 44, 45, 46], ""sentence_transformer_model"": ""intfloat/multilingual-e5-small"", ""tfidf_lemmatize"": true, ""tfidf_max_df"": 0.9, ""tfidf_max_features"": 300, ""tfidf_min_df"": 3, ""tfidf_ngram_range"": [1, 2], ""tfidf_normalize_numbers"": true}",2026-09-08T12:34:47,
E0_TFIDF,frozen,participant,01,no_augmentation,GAD7,45,test,confirmatory,4.830273,3.892857,0.07826,0.203704,0.148805,"[[0, 11, 1, 0], [0, 13, 4, 0], [0, 9, 4, 0], [0, 4, 2, 0]]",0.413793,0.603448,"[[25, 4], [13, 6]]",AdaBoost,,,random50,"{""augmentation"": ""no_augmentation"", ""beto_model"": ""dccuchile/bert-base-spanish-wwm-cased"", ""chunk_stride"": 256, ""max_tokens"": 512, ""n_cv_splits"": 5, ""n_search_iter"": 50, ""seeds"": [42, 43, 44, 45, 46], ""sentence_transformer_model"": ""intfloat/multilingual-e5-small"", ""tfidf_lemmatize"": true, ""tfidf_max_df"": 0.9, ""tfidf_max_features"": 300, ""tfidf_min_df"": 3, ""tfidf_ngram_range"": [1, 2], ""tfidf_normalize_numbers"": true}",2026-09-08T12:35:46,
E0_TFIDF,frozen,participant,01,no_augmentation,PHQ9,46,test,confirmatory,6.128847,5.099097,-0.244101,0.234273,0.060086,"[[1, 5, 2, 1], [0, 3, 7, 2], [0, 5, 8, 1], [0, 6, 6, 1]]",0.603774,0.550265,"[[11, 10], [11, 16]]",GradientBoosting,,,random50,"{""augmentation"": ""no_augmentation"", ""beto_model"": ""dccuchile/bert-base-spanish-wwm-cased"", ""chunk_stride"": 256, ""max_tokens"": 512, ""n_cv_splits"": 5, ""n_search_iter"": 50, ""seeds"": [42, 43, 44, 45, 46], ""sentence_transformer_model"": ""intfloat/multilingual-e5-small"", ""tfidf_lemmatize"": true, ""tfidf_max_df"": 0.9, ""tfidf_max_features"": 300, ""tfidf_min_df"": 3, ""tfidf_ngram_range"": [1, 2], ""tfidf_normalize_numbers"": true}",2026-09-08T12:36:44,
E0_TFIDF,frozen,participant,01,no_augmentation,GAD7,46,test,confirmatory,4.906283,3.96358,0.049023,0.173611,0.000771,"[[0, 10, 2, 0], [0, 12, 5, 0], [0, 10, 3, 0], [0, 5, 1, 0]]",0.086957,0.57441,"[[26, 3], [18, 1]]",AdaBoost,,,random50,"{""augmentation"": ""no_augmentation"", ""beto_model"": ""dccuchile/bert-base-spanish-wwm-cased"", ""chunk_stride"": 256, ""max_tokens"": 512, ""n_cv_splits"": 5, ""n_search_iter"": 50, ""seeds"": [42, 43, 44, 45, 46], ""sentence_transformer_model"": ""intfloat/multilingual-e5-small"", ""tfidf_lemmatize"": true, ""tfidf_max_df"": 0.9, ""tfidf_max_features"": 300, ""tfidf_min_df"": 3, ""tfidf_ngram_range"": [1, 2], ""tfidf_normalize_numbers"": true}",2026-09-08T12:37:43,
E1_BETO,frozen,participant,01,no_augmentation,PHQ9,42,test,confirmatory,4.937124,3.965377,0.192679,0.295192,0.285633,"[[1, 5, 3, 0], [0, 3, 8, 1], [0, 3, 11, 0], [0, 3, 8, 2]]",0.678571,0.677249,"[[11, 10], [8, 19]]",SVR,,,random50,"{""augmentation"": ""no_augmentation"", ""beto_model"": ""dccuchile/bert-base-spanish-wwm-cased"", ""chunk_stride"": 256, ""max_tokens"": 512, ""n_cv_splits"": 5, ""n_search_iter"": 50, ""seeds"": [42, 43, 44, 45, 46], ""sentence_transformer_model"": ""intfloat/multilingual-e5-small"", ""tfidf_lemmatize"": true, ""tfidf_max_df"": 0.9, ""tfidf_max_features"": 300, ""tfidf_min_df"": 3, ""tfidf_ngram_range"": [1, 2], ""tfidf_normalize_numbers"": true}",2026-09-08T12:39:54,
E1_BETO,frozen,participant,01,no_augmentation,GAD7,42,test,confirmatory,4.45739,3.649012,0.215078,0.238816,0.365714,"[[1, 10, 1, 0], [0, 11, 6, 0], [0, 8, 5, 0], [0, 1, 5, 0]]",0.484848,0.718693,"[[23, 6], [11, 8]]",SVR,,,random50,"{""augmentation"": ""no_augmentation"", ""beto_model"": ""dccuchile/bert-base-spanish-wwm-cased"", ""chunk_stride"": 256, ""max_tokens"": 512, ""n_cv_splits"": 5, ""n_search_iter"": 50, ""seeds"": [42, 43, 44, 45, 46], ""sentence_transformer_model"": ""intfloat/multilingual-e5-small"", ""tfidf_lemmatize"": true, ""tfidf_max_df"": 0.9, ""tfidf_max_features"": 300, ""tfidf_min_df"": 3, ""tfidf_ngram_range"": [1, 2], ""tfidf_normalize_numbers"": true}",2026-09-08T12:42:00,
E1_BETO,frozen,participant,01,no_augmentation,PHQ9,43,test,confirmatory,6.034195,4.991144,-0.20597,0.137037,0.081897,"[[0, 5, 3, 1], [0, 2, 8, 2], [0, 5, 6, 3], [0, 3, 9, 1]]",0.596491,0.536155,"[[8, 13], [10, 17]]",GradientBoosting,,,random50,"{""augmentation"": ""no_augmentation"", ""beto_model"": ""dccuchile/bert-base-spanish-wwm-cased"", ""chunk_stride"": 256, ""max_tokens"": 512, ""n_cv_splits"": 5, ""n_search_iter"": 50, ""seeds"": [42, 43, 44, 45, 46], ""sentence_transformer_model"": ""intfloat/multilingual-e5-small"", ""tfidf_lemmatize"": true, ""tfidf_max_df"": 0.9, ""tfidf_max_features"": 300, ""tfidf_min_df"": 3, ""tfidf_ngram_range"": [1, 2], ""tfidf_normalize_numbers"": true}",2026-09-08T12:44:11,
E1_BETO,frozen,participant,01,no_augmentation,GAD7,43,test,confirmatory,4.406657,3.587209,0.232845,0.301536,0.38674,"[[2, 8, 2, 0], [0, 12, 5, 0], [0, 7, 6, 0], [0, 1, 5, 0]]",0.484848,0.718693,"[[23, 6], [11, 8]]",SVR,,,random50,"{""augmentation"": ""no_augmentation"", ""beto_model"": ""dccuchile/bert-base-spanish-wwm-cased"", ""chunk_stride"": 256, ""max_tokens"": 512, ""n_cv_splits"": 5, ""n_search_iter"": 50, ""seeds"": [42, 43, 44, 45, 46], ""sentence_transformer_model"": ""intfloat/multilingual-e5-small"", ""tfidf_lemmatize"": true, ""tfidf_max_df"": 0.9, ""tfidf_max_features"": 300, ""tfidf_min_df"": 3, ""tfidf_ngram_range"": [1, 2], ""tfidf_normalize_numbers"": true}",2026-09-08T12:46:27,
E1_BETO,frozen,participant,01,no_augmentation,PHQ9,44,test,confirmatory,4.937164,3.965366,0.192666,0.295192,0.285633,"[[1, 5, 3, 0], [0, 3, 8, 1], [0, 3, 11, 0], [0, 3, 8, 2]]",0.678571,0.677249,"[[11, 10], [8, 19]]",SVR,,,random50,"{""augmentation"": ""no_augmentation"", ""beto_model"": ""dccuchile/bert-base-spanish-wwm-cased"", ""chunk_stride"": 256, ""max_tokens"": 512, ""n_cv_splits"": 5, ""n_search_iter"": 50, ""seeds"": [42, 43, 44, 45, 46], ""sentence_transformer_model"": ""intfloat/multilingual-e5-small"", ""tfidf_lemmatize"": true, ""tfidf_max_df"": 0.9, ""tfidf_max_features"": 300, ""tfidf_min_df"": 3, ""tfidf_ngram_range"": [1, 2], ""tfidf_normalize_numbers"": true}",2026-09-08T12:48:33,
E1_BETO,frozen,participant,01,no_augmentation,GAD7,44,test,confirmatory,4.463311,3.654091,0.212992,0.238816,0.365714,"[[1, 10, 1, 0], [0, 11, 6, 0], [0, 8, 5, 0], [0, 1, 5, 0]]",0.484848,0.715064,"[[23, 6], [11, 8]]",SVR,,,random50,"{""augmentation"": ""no_augmentation"", ""beto_model"": ""dccuchile/bert-base-spanish-wwm-cased"", ""chunk_stride"": 256, ""max_tokens"": 512, ""n_cv_splits"": 5, ""n_search_iter"": 50, ""seeds"": [42, 43, 44, 45, 46], ""sentence_transformer_model"": ""intfloat/multilingual-e5-small"", ""tfidf_lemmatize"": true, ""tfidf_max_df"": 0.9, ""tfidf_max_features"": 300, ""tfidf_min_df"": 3, ""tfidf_ngram_range"": [1, 2], ""tfidf_normalize_numbers"": true}",2026-09-08T12:50:34,
E1_BETO,frozen,participant,01,no_augmentation,PHQ9,45,test,confirmatory,5.134721,4.147,0.126764,0.237656,0.291416,"[[0, 6, 2, 1], [0, 4, 7, 1], [0, 6, 7, 1], [0, 1, 9, 3]]",0.678571,0.634921,"[[11, 10], [8, 19]]",GradientBoosting,,,random50,"{""augmentation"": ""no_augmentation"", ""beto_model"": ""dccuchile/bert-base-spanish-wwm-cased"", ""chunk_stride"": 256, ""max_tokens"": 512, ""n_cv_splits"": 5, ""n_search_iter"": 50, ""seeds"": [42, 43, 44, 45, 46], ""sentence_transformer_model"": ""intfloat/multilingual-e5-small"", ""tfidf_lemmatize"": true, ""tfidf_max_df"": 0.9, ""tfidf_max_features"": 300, ""tfidf_min_df"": 3, ""tfidf_ngram_range"": [1, 2], ""tfidf_normalize_numbers"": true}",2026-09-08T12:52:39,
E1_BETO,frozen,participant,01,no_augmentation,GAD7,45,test,confirmatory,4.452818,3.646512,0.216688,0.254801,0.387668,"[[1, 10, 1, 0], [0, 11, 6, 0], [0, 7, 6, 0], [0, 1, 5, 0]]",0.4375,0.716878,"[[23, 6], [12, 7]]",SVR,,,random50,"{""augmentation"": ""no_augmentation"", ""beto_model"": ""dccuchile/bert-base-spanish-wwm-cased"", ""chunk_stride"": 256, ""max_tokens"": 512, ""n_cv_splits"": 5, ""n_search_iter"": 50, ""seeds"": [42, 43, 44, 45, 46], ""sentence_transformer_model"": ""intfloat/multilingual-e5-small"", ""tfidf_lemmatize"": true, ""tfidf_max_df"": 0.9, ""tfidf_max_features"": 300, ""tfidf_min_df"": 3, ""tfidf_ngram_range"": [1, 2], ""tfidf_normalize_numbers"": true}",2026-09-08T12:54:38,
E1_BETO,frozen,participant,01,no_augmentation,PHQ9,46,test,confirmatory,4.932947,3.967745,0.194045,0.295192,0.285633,"[[1, 5, 3, 0], [0, 3, 8, 1], [0, 3, 11, 0], [0, 3, 8, 2]]",0.724138,0.687831,"[[11, 10], [6, 21]]",SVR,,,random50,"{""augmentation"": ""no_augmentation"", ""beto_model"": ""dccuchile/bert-base-spanish-wwm-cased"", ""chunk_stride"": 256, ""max_tokens"": 512, ""n_cv_splits"": 5, ""n_search_iter"": 50, ""seeds"": [42, 43, 44, 45, 46], ""sentence_transformer_model"": ""intfloat/multilingual-e5-small"", ""tfidf_lemmatize"": true, ""tfidf_max_df"": 0.9, ""tfidf_max_features"": 300, ""tfidf_min_df"": 3, ""tfidf_ngram_range"": [1, 2], ""tfidf_normalize_numbers"": true}",2026-09-08T12:56:31,
E1_BETO,frozen,participant,01,no_augmentation,GAD7,46,test,confirmatory,4.423748,3.608506,0.226882,0.254801,0.387668,"[[1, 10, 1, 0], [0, 11, 6, 0], [0, 7, 6, 0], [0, 1, 5, 0]]",0.484848,0.718693,"[[23, 6], [11, 8]]",SVR,,,random50,"{""augmentation"": ""no_augmentation"", ""beto_model"": ""dccuchile/bert-base-spanish-wwm-cased"", ""chunk_stride"": 256, ""max_tokens"": 512, ""n_cv_splits"": 5, ""n_search_iter"": 50, ""seeds"": [42, 43, 44, 45, 46], ""sentence_transformer_model"": ""intfloat/multilingual-e5-small"", ""tfidf_lemmatize"": true, ""tfidf_max_df"": 0.9, ""tfidf_max_features"": 300, ""tfidf_min_df"": 3, ""tfidf_ngram_range"": [1, 2], ""tfidf_normalize_numbers"": true}",2026-09-08T12:58:27,
E2_E5SMALL,frozen,participant,01,no_augmentation,PHQ9,42,test,confirmatory,4.798798,3.867628,0.237284,0.230152,0.346466,"[[0, 7, 1, 1], [0, 3, 8, 1], [0, 4, 10, 0], [0, 0, 11, 2]]",0.745763,0.66843,"[[11, 10], [5, 22]]",KNN,,,random50,"{""augmentation"": ""no_augmentation"", ""beto_model"": ""dccuchile/bert-base-spanish-wwm-cased"", ""chunk_stride"": 256, ""max_tokens"": 512, ""n_cv_splits"": 5, ""n_search_iter"": 50, ""seeds"": [42, 43, 44, 45, 46], ""sentence_transformer_model"": ""intfloat/multilingual-e5-small"", ""tfidf_lemmatize"": true, ""tfidf_max_df"": 0.9, ""tfidf_max_features"": 300, ""tfidf_min_df"": 3, ""tfidf_ngram_range"": [1, 2], ""tfidf_normalize_numbers"": true}",2026-09-08T12:59:44,
E2_E5SMALL,frozen,participant,01,no_augmentation,GAD7,42,test,confirmatory,4.503433,3.623822,0.198779,0.173208,0.174312,"[[0, 11, 1, 0], [0, 12, 5, 0], [0, 10, 3, 0], [0, 3, 3, 0]]",0.230769,0.677858,"[[25, 4], [16, 3]]",AdaBoost,,,random50,"{""augmentation"": ""no_augmentation"", ""beto_model"": ""dccuchile/bert-base-spanish-wwm-cased"", ""chunk_stride"": 256, ""max_tokens"": 512, ""n_cv_splits"": 5, ""n_search_iter"": 50, ""seeds"": [42, 43, 44, 45, 46], ""sentence_transformer_model"": ""intfloat/multilingual-e5-small"", ""tfidf_lemmatize"": true, ""tfidf_max_df"": 0.9, ""tfidf_max_features"": 300, ""tfidf_min_df"": 3, ""tfidf_ngram_range"": [1, 2], ""tfidf_normalize_numbers"": true}",2026-09-08T13:01:00,
E2_E5SMALL,frozen,participant,01,no_augmentation,PHQ9,43,test,confirmatory,5.196248,4.326938,0.105712,0.329157,0.240793,"[[2, 4, 2, 1], [0, 6, 4, 2], [1, 6, 5, 2], [0, 4, 6, 3]]",0.64,0.626102,"[[14, 7], [11, 16]]",LightGBM,,,random50,"{""augmentation"": ""no_augmentation"", ""beto_model"": ""dccuchile/bert-base-spanish-wwm-cased"", ""chunk_stride"": 256, ""max_tokens"": 512, ""n_cv_splits"": 5, ""n_search_iter"": 50, ""seeds"": [42, 43, 44, 45, 46], ""sentence_transformer_model"": ""intfloat/multilingual-e5-small"", ""tfidf_lemmatize"": true, ""tfidf_max_df"": 0.9, ""tfidf_max_features"": 300, ""tfidf_min_df"": 3, ""tfidf_ngram_range"": [1, 2], ""tfidf_normalize_numbers"": true}",2026-09-08T13:02:15,
E2_E5SMALL,frozen,participant,01,no_augmentation,GAD7,43,test,confirmatory,4.368801,3.432095,0.245968,0.264307,0.274376,"[[1, 10, 1, 0], [0, 15, 2, 0], [0, 9, 4, 0], [0, 3, 3, 0]]",0.307692,0.728675,"[[26, 3], [15, 4]]",AdaBoost,,,random50,"{""augmentation"": ""no_augmentation"", ""beto_model"": ""dccuchile/bert-base-spanish-wwm-cased"", ""chunk_stride"": 256, ""max_tokens"": 512, ""n_cv_splits"": 5, ""n_search_iter"": 50, ""seeds"": [42, 43, 44, 45, 46], ""sentence_transformer_model"": ""intfloat/multilingual-e5-small"", ""tfidf_lemmatize"": true, ""tfidf_max_df"": 0.9, ""tfidf_max_features"": 300, ""tfidf_min_df"": 3, ""tfidf_ngram_range"": [1, 2], ""tfidf_normalize_numbers"": true}",2026-09-08T13:03:29,
E2_E5SMALL,frozen,participant,01,no_augmentation,PHQ9,44,test,confirmatory,4.929249,3.918272,0.195253,0.352209,0.349661,"[[1, 7, 0, 1], [0, 6, 4, 2], [0, 5, 9, 0], [0, 3, 7, 3]]",0.666667,0.671958,"[[14, 7], [10, 17]]",LightGBM,,,random50,"{""augmentation"": ""no_augmentation"", ""beto_model"": ""dccuchile/bert-base-spanish-wwm-cased"", ""chunk_stride"": 256, ""max_tokens"": 512, ""n_cv_splits"": 5, ""n_search_iter"": 50, ""seeds"": [42, 43, 44, 45, 46], ""sentence_transformer_model"": ""intfloat/multilingual-e5-small"", ""tfidf_lemmatize"": true, ""tfidf_max_df"": 0.9, ""tfidf_max_features"": 300, ""tfidf_min_df"": 3, ""tfidf_ngram_range"": [1, 2], ""tfidf_normalize_numbers"": true}",2026-09-08T13:04:39,
E2_E5SMALL,frozen,participant,01,no_augmentation,GAD7,44,test,confirmatory,4.355906,3.549745,0.250413,0.198452,0.272189,"[[0, 11, 1, 0], [0, 11, 6, 0], [0, 8, 5, 0], [0, 2, 4, 0]]",0.4,0.700544,"[[24, 5], [13, 6]]",SVR,,,random50,"{""augmentation"": ""no_augmentation"", ""beto_model"": ""dccuchile/bert-base-spanish-wwm-cased"", ""chunk_stride"": 256, ""max_tokens"": 512, ""n_cv_splits"": 5, ""n_search_iter"": 50, ""seeds"": [42, 43, 44, 45, 46], ""sentence_transformer_model"": ""intfloat/multilingual-e5-small"", ""tfidf_lemmatize"": true, ""tfidf_max_df"": 0.9, ""tfidf_max_features"": 300, ""tfidf_min_df"": 3, ""tfidf_ngram_range"": [1, 2], ""tfidf_normalize_numbers"": true}",2026-09-08T13:05:50,
E2_E5SMALL,frozen,participant,01,no_augmentation,PHQ9,45,test,confirmatory,5.316082,4.48389,0.063988,0.33563,0.25144,"[[1, 6, 1, 1], [0, 7, 4, 1], [2, 3, 7, 2], [0, 5, 5, 3]]",0.653061,0.650794,"[[15, 6], [11, 16]]",LightGBM,,,random50,"{""augmentation"": ""no_augmentation"", ""beto_model"": ""dccuchile/bert-base-spanish-wwm-cased"", ""chunk_stride"": 256, ""max_tokens"": 512, ""n_cv_splits"": 5, ""n_search_iter"": 50, ""seeds"": [42, 43, 44, 45, 46], ""sentence_transformer_model"": ""intfloat/multilingual-e5-small"", ""tfidf_lemmatize"": true, ""tfidf_max_df"": 0.9, ""tfidf_max_features"": 300, ""tfidf_min_df"": 3, ""tfidf_ngram_range"": [1, 2], ""tfidf_normalize_numbers"": true}",2026-09-08T13:07:00,
E2_E5SMALL,frozen,participant,01,no_augmentation,GAD7,45,test,confirmatory,4.323184,3.658531,0.261633,0.14375,0.260455,"[[0, 11, 1, 0], [0, 9, 8, 0], [0, 10, 3, 0], [0, 1, 5, 0]]",0.470588,0.703267,"[[22, 7], [11, 8]]",AdaBoost,,,random50,"{""augmentation"": ""no_augmentation"", ""beto_model"": ""dccuchile/bert-base-spanish-wwm-cased"", ""chunk_stride"": 256, ""max_tokens"": 512, ""n_cv_splits"": 5, ""n_search_iter"": 50, ""seeds"": [42, 43, 44, 45, 46], ""sentence_transformer_model"": ""intfloat/multilingual-e5-small"", ""tfidf_lemmatize"": true, ""tfidf_max_df"": 0.9, ""tfidf_max_features"": 300, ""tfidf_min_df"": 3, ""tfidf_ngram_range"": [1, 2], ""tfidf_normalize_numbers"": true}",2026-09-08T13:08:12,
E2_E5SMALL,frozen,participant,01,no_augmentation,PHQ9,46,test,confirmatory,5.147579,4.293621,0.122385,0.336982,0.329803,"[[3, 4, 1, 1], [1, 4, 5, 2], [0, 6, 7, 1], [0, 3, 8, 2]]",0.679245,0.654321,"[[13, 8], [9, 18]]",LightGBM,,,random50,"{""augmentation"": ""no_augmentation"", ""beto_model"": ""dccuchile/bert-base-spanish-wwm-cased"", ""chunk_stride"": 256, ""max_tokens"": 512, ""n_cv_splits"": 5, ""n_search_iter"": 50, ""seeds"": [42, 43, 44, 45, 46], ""sentence_transformer_model"": ""intfloat/multilingual-e5-small"", ""tfidf_lemmatize"": true, ""tfidf_max_df"": 0.9, ""tfidf_max_features"": 300, ""tfidf_min_df"": 3, ""tfidf_ngram_range"": [1, 2], ""tfidf_normalize_numbers"": true}",2026-09-08T13:09:20,
E2_E5SMALL,frozen,participant,01,no_augmentation,GAD7,46,test,confirmatory,4.62439,3.810202,0.155161,0.205128,0.229588,"[[1, 9, 2, 0], [0, 8, 9, 0], [0, 8, 5, 0], [0, 2, 4, 0]]",0.388889,0.622505,"[[19, 10], [12, 7]]",KNN,,,random50,"{""augmentation"": ""no_augmentation"", ""beto_model"": ""dccuchile/bert-base-spanish-wwm-cased"", ""chunk_stride"": 256, ""max_tokens"": 512, ""n_cv_splits"": 5, ""n_search_iter"": 50, ""seeds"": [42, 43, 44, 45, 46], ""sentence_transformer_model"": ""intfloat/multilingual-e5-small"", ""tfidf_lemmatize"": true, ""tfidf_max_df"": 0.9, ""tfidf_max_features"": 300, ""tfidf_min_df"": 3, ""tfidf_ngram_range"": [1, 2], ""tfidf_normalize_numbers"": true}",2026-09-08T13:10:30,
E2_E5BASE,frozen,participant,01,no_augmentation,PHQ9,42,test,confirmatory,4.785125,3.942723,0.241624,0.305645,0.324841,"[[0, 7, 1, 1], [0, 5, 6, 1], [0, 4, 9, 1], [0, 3, 6, 4]]",0.727273,0.741623,"[[13, 8], [7, 20]]",AdaBoost,,,random50,"{""augmentation"": ""no_augmentation"", ""beto_model"": ""dccuchile/bert-base-spanish-wwm-cased"", ""chunk_stride"": 256, ""max_tokens"": 512, ""n_cv_splits"": 5, ""n_search_iter"": 50, ""seeds"": [42, 43, 44, 45, 46], ""sentence_transformer_model"": ""intfloat/multilingual-e5-small"", ""tfidf_lemmatize"": true, ""tfidf_max_df"": 0.9, ""tfidf_max_features"": 300, ""tfidf_min_df"": 3, ""tfidf_ngram_range"": [1, 2], ""tfidf_normalize_numbers"": true}",2026-09-08T13:12:41,
E2_E5BASE,frozen,participant,01,no_augmentation,GAD7,42,test,confirmatory,4.303284,3.375688,0.268415,0.290425,0.320442,"[[2, 8, 2, 0], [0, 11, 6, 0], [0, 7, 6, 0], [0, 2, 4, 0]]",0.413793,0.729583,"[[25, 4], [13, 6]]",SVR,,,random50,"{""augmentation"": ""no_augmentation"", ""beto_model"": ""dccuchile/bert-base-spanish-wwm-cased"", ""chunk_stride"": 256, ""max_tokens"": 512, ""n_cv_splits"": 5, ""n_search_iter"": 50, ""seeds"": [42, 43, 44, 45, 46], ""sentence_transformer_model"": ""intfloat/multilingual-e5-small"", ""tfidf_lemmatize"": true, ""tfidf_max_df"": 0.9, ""tfidf_max_features"": 300, ""tfidf_min_df"": 3, ""tfidf_ngram_range"": [1, 2], ""tfidf_normalize_numbers"": true}",2026-09-08T13:14:48,
E2_E5BASE,frozen,participant,01,no_augmentation,PHQ9,43,test,confirmatory,4.891934,3.998806,0.207391,0.32556,0.379607,"[[1, 6, 1, 1], [0, 5, 5, 2], [0, 3, 7, 4], [0, 2, 7, 4]]",0.77193,0.742504,"[[13, 8], [5, 22]]",AdaBoost,,,random50,"{""augmentation"": ""no_augmentation"", ""beto_model"": ""dccuchile/bert-base-spanish-wwm-cased"", ""chunk_stride"": 256, ""max_tokens"": 512, ""n_cv_splits"": 5, ""n_search_iter"": 50, ""seeds"": [42, 43, 44, 45, 46], ""sentence_transformer_model"": ""intfloat/multilingual-e5-small"", ""tfidf_lemmatize"": true, ""tfidf_max_df"": 0.9, ""tfidf_max_features"": 300, ""tfidf_min_df"": 3, ""tfidf_ngram_range"": [1, 2], ""tfidf_normalize_numbers"": true}",2026-09-08T13:16:55,
E2_E5BASE,frozen,participant,01,no_augmentation,GAD7,43,test,confirmatory,4.518271,3.551008,0.19349,0.246054,0.285319,"[[1, 9, 2, 0], [0, 9, 8, 0], [0, 6, 7, 0], [0, 2, 4, 0]]",0.555556,0.701452,"[[22, 7], [9, 10]]",AdaBoost,,,random50,"{""augmentation"": ""no_augmentation"", ""beto_model"": ""dccuchile/bert-base-spanish-wwm-cased"", ""chunk_stride"": 256, ""max_tokens"": 512, ""n_cv_splits"": 5, ""n_search_iter"": 50, ""seeds"": [42, 43, 44, 45, 46], ""sentence_transformer_model"": ""intfloat/multilingual-e5-small"", ""tfidf_lemmatize"": true, ""tfidf_max_df"": 0.9, ""tfidf_max_features"": 300, ""tfidf_min_df"": 3, ""tfidf_ngram_range"": [1, 2], ""tfidf_normalize_numbers"": true}",2026-09-08T13:19:02,
E2_E5BASE,frozen,participant,01,no_augmentation,PHQ9,44,test,confirmatory,4.996371,4.171778,0.173187,0.266258,0.374029,"[[1, 6, 1, 1], [0, 5, 7, 0], [0, 4, 8, 2], [0, 1, 11, 1]]",0.736842,0.712522,"[[12, 9], [6, 21]]",GradientBoosting,,,random50,"{""augmentation"": ""no_augmentation"", ""beto_model"": ""dccuchile/bert-base-spanish-wwm-cased"", ""chunk_stride"": 256, ""max_tokens"": 512, ""n_cv_splits"": 5, ""n_search_iter"": 50, ""seeds"": [42, 43, 44, 45, 46], ""sentence_transformer_model"": ""intfloat/multilingual-e5-small"", ""tfidf_lemmatize"": true, ""tfidf_max_df"": 0.9, ""tfidf_max_features"": 300, ""tfidf_min_df"": 3, ""tfidf_ngram_range"": [1, 2], ""tfidf_normalize_numbers"": true}",2026-09-08T13:21:06,
E2_E5BASE,frozen,participant,01,no_augmentation,GAD7,44,test,confirmatory,4.572286,3.526315,0.174092,0.278815,0.309116,"[[2, 8, 2, 0], [0, 10, 7, 0], [0, 7, 6, 0], [0, 2, 4, 0]]",0.470588,0.683303,"[[22, 7], [11, 8]]",AdaBoost,,,random50,"{""augmentation"": ""no_augmentation"", ""beto_model"": ""dccuchile/bert-base-spanish-wwm-cased"", ""chunk_stride"": 256, ""max_tokens"": 512, ""n_cv_splits"": 5, ""n_search_iter"": 50, ""seeds"": [42, 43, 44, 45, 46], ""sentence_transformer_model"": ""intfloat/multilingual-e5-small"", ""tfidf_lemmatize"": true, ""tfidf_max_df"": 0.9, ""tfidf_max_features"": 300, ""tfidf_min_df"": 3, ""tfidf_ngram_range"": [1, 2], ""tfidf_normalize_numbers"": true}",2026-09-08T13:26:29,
E2_E5BASE,frozen,participant,01,no_augmentation,PHQ9,45,test,confirmatory,4.896641,4.12625,0.205865,0.183306,0.311291,"[[0, 6, 3, 0], [0, 4, 8, 0], [0, 3, 10, 1], [0, 1, 12, 0]]",0.754098,0.733686,"[[10, 11], [4, 23]]",ExtraTrees,,,random50,"{""augmentation"": ""no_augmentation"", ""beto_model"": ""dccuchile/bert-base-spanish-wwm-cased"", ""chunk_stride"": 256, ""max_tokens"": 512, ""n_cv_splits"": 5, ""n_search_iter"": 50, ""seeds"": [42, 43, 44, 45, 46], ""sentence_transformer_model"": ""intfloat/multilingual-e5-small"", ""tfidf_lemmatize"": true, ""tfidf_max_df"": 0.9, ""tfidf_max_features"": 300, ""tfidf_min_df"": 3, ""tfidf_ngram_range"": [1, 2], ""tfidf_normalize_numbers"": true}",2026-09-08T13:37:11,
E2_E5BASE,frozen,participant,01,no_augmentation,GAD7,45,test,confirmatory,4.699994,3.697196,0.127311,0.256794,0.340483,"[[2, 9, 1, 0], [0, 7, 10, 0], [0, 6, 7, 0], [0, 2, 4, 0]]",0.486486,0.634301,"[[20, 9], [10, 9]]",AdaBoost,,,random50,"{""augmentation"": ""no_augmentation"", ""beto_model"": ""dccuchile/bert-base-spanish-wwm-cased"", ""chunk_stride"": 256, ""max_tokens"": 512, ""n_cv_splits"": 5, ""n_search_iter"": 50, ""seeds"": [42, 43, 44, 45, 46], ""sentence_transformer_model"": ""intfloat/multilingual-e5-small"", ""tfidf_lemmatize"": true, ""tfidf_max_df"": 0.9, ""tfidf_max_features"": 300, ""tfidf_min_df"": 3, ""tfidf_ngram_range"": [1, 2], ""tfidf_normalize_numbers"": true}",2026-09-08T13:45:06,
E2_E5BASE,frozen,participant,01,no_augmentation,PHQ9,46,test,confirmatory,4.878887,4.079045,0.211613,0.320666,0.465955,"[[3, 4, 1, 1], [1, 2, 9, 0], [1, 2, 6, 5], [0, 1, 8, 4]]",0.701754,0.756614,"[[11, 10], [7, 20]]",LightGBM,,,random50,"{""augmentation"": ""no_augmentation"", ""beto_model"": ""dccuchile/bert-base-spanish-wwm-cased"", ""chunk_stride"": 256, ""max_tokens"": 512, ""n_cv_splits"": 5, ""n_search_iter"": 50, ""seeds"": [42, 43, 44, 45, 46], ""sentence_transformer_model"": ""intfloat/multilingual-e5-small"", ""tfidf_lemmatize"": true, ""tfidf_max_df"": 0.9, ""tfidf_max_features"": 300, ""tfidf_min_df"": 3, ""tfidf_ngram_range"": [1, 2], ""tfidf_normalize_numbers"": true}",2026-09-08T13:49:53,
E2_E5BASE,frozen,participant,01,no_augmentation,GAD7,46,test,confirmatory,4.721911,3.737146,0.119153,0.297779,0.402299,"[[3, 8, 1, 0], [1, 7, 9, 0], [0, 5, 8, 0], [0, 2, 4, 0]]",0.470588,0.671506,"[[22, 7], [11, 8]]",GradientBoosting,,,random50,"{""augmentation"": ""no_augmentation"", ""beto_model"": ""dccuchile/bert-base-spanish-wwm-cased"", ""chunk_stride"": 256, ""max_tokens"": 512, ""n_cv_splits"": 5, ""n_search_iter"": 50, ""seeds"": [42, 43, 44, 45, 46], ""sentence_transformer_model"": ""intfloat/multilingual-e5-small"", ""tfidf_lemmatize"": true, ""tfidf_max_df"": 0.9, ""tfidf_max_features"": 300, ""tfidf_min_df"": 3, ""tfidf_ngram_range"": [1, 2], ""tfidf_normalize_numbers"": true}",2026-09-08T13:51:45,
E2_E5LARGE,frozen,participant,01,no_augmentation,PHQ9,42,test,confirmatory,4.718873,3.796364,0.262479,0.334384,0.453066,"[[2, 5, 1, 1], [0, 4, 8, 0], [0, 4, 9, 1], [0, 0, 11, 2]]",0.766667,0.716049,"[[11, 10], [4, 23]]",SVR,,,random50,"{""augmentation"": ""no_augmentation"", ""beto_model"": ""dccuchile/bert-base-spanish-wwm-cased"", ""chunk_stride"": 256, ""max_tokens"": 512, ""n_cv_splits"": 5, ""n_search_iter"": 50, ""seeds"": [42, 43, 44, 45, 46], ""sentence_transformer_model"": ""intfloat/multilingual-e5-small"", ""tfidf_lemmatize"": true, ""tfidf_max_df"": 0.9, ""tfidf_max_features"": 300, ""tfidf_min_df"": 3, ""tfidf_ngram_range"": [1, 2], ""tfidf_normalize_numbers"": true}",2026-09-08T13:54:26,
E2_E5LARGE,frozen,participant,01,no_augmentation,GAD7,42,test,confirmatory,4.194523,3.277676,0.304928,0.320548,0.461224,"[[2, 9, 1, 0], [0, 11, 6, 0], [0, 5, 8, 0], [0, 1, 5, 0]]",0.387097,0.751361,"[[23, 6], [13, 6]]",SVR,,,random50,"{""augmentation"": ""no_augmentation"", ""beto_model"": ""dccuchile/bert-base-spanish-wwm-cased"", ""chunk_stride"": 256, ""max_tokens"": 512, ""n_cv_splits"": 5, ""n_search_iter"": 50, ""seeds"": [42, 43, 44, 45, 46], ""sentence_transformer_model"": ""intfloat/multilingual-e5-small"", ""tfidf_lemmatize"": true, ""tfidf_max_df"": 0.9, ""tfidf_max_features"": 300, ""tfidf_min_df"": 3, ""tfidf_ngram_range"": [1, 2], ""tfidf_normalize_numbers"": true}",2026-09-08T13:58:44,
E2_E5LARGE,frozen,participant,01,no_augmentation,PHQ9,43,test,confirmatory,4.718863,3.79634,0.262482,0.334384,0.453066,"[[2, 5, 1, 1], [0, 4, 8, 0], [0, 4, 9, 1], [0, 0, 11, 2]]",0.766667,0.716049,"[[11, 10], [4, 23]]",SVR,,,random50,"{""augmentation"": ""no_augmentation"", ""beto_model"": ""dccuchile/bert-base-spanish-wwm-cased"", ""chunk_stride"": 256, ""max_tokens"": 512, ""n_cv_splits"": 5, ""n_search_iter"": 50, ""seeds"": [42, 43, 44, 45, 46], ""sentence_transformer_model"": ""intfloat/multilingual-e5-small"", ""tfidf_lemmatize"": true, ""tfidf_max_df"": 0.9, ""tfidf_max_features"": 300, ""tfidf_min_df"": 3, ""tfidf_ngram_range"": [1, 2], ""tfidf_normalize_numbers"": true}",2026-09-08T14:07:28,
E2_E5LARGE,frozen,participant,01,no_augmentation,GAD7,43,test,confirmatory,4.191585,3.26361,0.305901,0.320548,0.461224,"[[2, 9, 1, 0], [0, 11, 6, 0], [0, 5, 8, 0], [0, 1, 5, 0]]",0.424242,0.749546,"[[22, 7], [12, 7]]",SVR,,,random50,"{""augmentation"": ""no_augmentation"", ""beto_model"": ""dccuchile/bert-base-spanish-wwm-cased"", ""chunk_stride"": 256, ""max_tokens"": 512, ""n_cv_splits"": 5, ""n_search_iter"": 50, ""seeds"": [42, 43, 44, 45, 46], ""sentence_transformer_model"": ""intfloat/multilingual-e5-small"", ""tfidf_lemmatize"": true, ""tfidf_max_df"": 0.9, ""tfidf_max_features"": 300, ""tfidf_min_df"": 3, ""tfidf_ngram_range"": [1, 2], ""tfidf_normalize_numbers"": true}",2026-09-08T14:10:10,
E2_E5LARGE,frozen,participant,01,no_augmentation,PHQ9,44,test,confirmatory,4.718859,3.796336,0.262483,0.334384,0.453066,"[[2, 5, 1, 1], [0, 4, 8, 0], [0, 4, 9, 1], [0, 0, 11, 2]]",0.766667,0.716049,"[[11, 10], [4, 23]]",SVR,,,random50,"{""augmentation"": ""no_augmentation"", ""beto_model"": ""dccuchile/bert-base-spanish-wwm-cased"", ""chunk_stride"": 256, ""max_tokens"": 512, ""n_cv_splits"": 5, ""n_search_iter"": 50, ""seeds"": [42, 43, 44, 45, 46], ""sentence_transformer_model"": ""intfloat/multilingual-e5-small"", ""tfidf_lemmatize"": true, ""tfidf_max_df"": 0.9, ""tfidf_max_features"": 300, ""tfidf_min_df"": 3, ""tfidf_ngram_range"": [1, 2], ""tfidf_normalize_numbers"": true}",2026-09-08T14:12:42,
E2_E5LARGE,frozen,participant,01,no_augmentation,GAD7,44,test,confirmatory,4.397074,3.493568,0.236177,0.274573,0.308017,"[[1, 10, 1, 0], [0, 10, 7, 0], [0, 5, 8, 0], [0, 3, 3, 0]]",0.514286,0.76225,"[[22, 7], [10, 9]]",AdaBoost,,,random50,"{""augmentation"": ""no_augmentation"", ""beto_model"": ""dccuchile/bert-base-spanish-wwm-cased"", ""chunk_stride"": 256, ""max_tokens"": 512, ""n_cv_splits"": 5, ""n_search_iter"": 50, ""seeds"": [42, 43, 44, 45, 46], ""sentence_transformer_model"": ""intfloat/multilingual-e5-small"", ""tfidf_lemmatize"": true, ""tfidf_max_df"": 0.9, ""tfidf_max_features"": 300, ""tfidf_min_df"": 3, ""tfidf_ngram_range"": [1, 2], ""tfidf_normalize_numbers"": true}",2026-09-08T14:15:15,
E2_E5LARGE,frozen,participant,01,no_augmentation,PHQ9,45,test,confirmatory,4.725173,3.805687,0.260508,0.334384,0.453066,"[[2, 5, 1, 1], [0, 4, 8, 0], [0, 4, 9, 1], [0, 0, 11, 2]]",0.766667,0.717813,"[[11, 10], [4, 23]]",SVR,,,random50,"{""augmentation"": ""no_augmentation"", ""beto_model"": ""dccuchile/bert-base-spanish-wwm-cased"", ""chunk_stride"": 256, ""max_tokens"": 512, ""n_cv_splits"": 5, ""n_search_iter"": 50, ""seeds"": [42, 43, 44, 45, 46], ""sentence_transformer_model"": ""intfloat/multilingual-e5-small"", ""tfidf_lemmatize"": true, ""tfidf_max_df"": 0.9, ""tfidf_max_features"": 300, ""tfidf_min_df"": 3, ""tfidf_ngram_range"": [1, 2], ""tfidf_normalize_numbers"": true}",2026-09-08T14:27:08,
E2_E5LARGE,frozen,participant,01,no_augmentation,GAD7,45,test,confirmatory,4.433378,3.536896,0.223513,0.306554,0.38674,"[[2, 9, 1, 0], [0, 11, 6, 0], [0, 6, 7, 0], [0, 2, 4, 0]]",0.529412,0.749546,"[[23, 6], [10, 9]]",AdaBoost,,,random50,"{""augmentation"": ""no_augmentation"", ""beto_model"": ""dccuchile/bert-base-spanish-wwm-cased"", ""chunk_stride"": 256, ""max_tokens"": 512, ""n_cv_splits"": 5, ""n_search_iter"": 50, ""seeds"": [42, 43, 44, 45, 46], ""sentence_transformer_model"": ""intfloat/multilingual-e5-small"", ""tfidf_lemmatize"": true, ""tfidf_max_df"": 0.9, ""tfidf_max_features"": 300, ""tfidf_min_df"": 3, ""tfidf_ngram_range"": [1, 2], ""tfidf_normalize_numbers"": true}",2026-09-08T14:41:05,
E2_E5LARGE,frozen,participant,01,no_augmentation,PHQ9,46,test,confirmatory,4.720784,3.79949,0.261881,0.334384,0.453066,"[[2, 5, 1, 1], [0, 4, 8, 0], [0, 4, 9, 1], [0, 0, 11, 2]]",0.766667,0.717813,"[[11, 10], [4, 23]]",SVR,,,random50,"{""augmentation"": ""no_augmentation"", ""beto_model"": ""dccuchile/bert-base-spanish-wwm-cased"", ""chunk_stride"": 256, ""max_tokens"": 512, ""n_cv_splits"": 5, ""n_search_iter"": 50, ""seeds"": [42, 43, 44, 45, 46], ""sentence_transformer_model"": ""intfloat/multilingual-e5-small"", ""tfidf_lemmatize"": true, ""tfidf_max_df"": 0.9, ""tfidf_max_features"": 300, ""tfidf_min_df"": 3, ""tfidf_ngram_range"": [1, 2], ""tfidf_normalize_numbers"": true}",2026-09-08T14:54:10,
E2_E5LARGE,frozen,participant,01,no_augmentation,GAD7,46,test,confirmatory,4.366287,3.537021,0.246836,0.228178,0.297143,"[[1, 10, 1, 0], [0, 10, 7, 0], [0, 8, 5, 0], [0, 2, 4, 0]]",0.514286,0.732305,"[[22, 7], [10, 9]]",AdaBoost,,,random50,"{""augmentation"": ""no_augmentation"", ""beto_model"": ""dccuchile/bert-base-spanish-wwm-cased"", ""chunk_stride"": 256, ""max_tokens"": 512, ""n_cv_splits"": 5, ""n_search_iter"": 50, ""seeds"": [42, 43, 44, 45, 46], ""sentence_transformer_model"": ""intfloat/multilingual-e5-small"", ""tfidf_lemmatize"": true, ""tfidf_max_df"": 0.9, ""tfidf_max_features"": 300, ""tfidf_min_df"": 3, ""tfidf_ngram_range"": [1, 2], ""tfidf_normalize_numbers"": true}",2026-09-08T15:07:17,
E3_TSDAE_EP05,frozen,participant,03,no_augmentation,PHQ9,42,test,confirmatory,5.403755,4.591424,0.03286,0.189245,0.13839,"[[1, 4, 4, 0], [0, 2, 9, 1], [0, 8, 6, 0], [0, 3, 9, 1]]",0.555556,0.4903,"[[9, 12], [12, 15]]",GradientBoosting,"{""reg__learning_rate"": 0.04950978760714172, ""reg__max_depth"": 3, ""reg__n_estimators"": 297, ""reg__subsample"": 0.7595297769778212}",models/tsdae_e5_small/ep05,random50,"{""augmentation"": ""no_augmentation"", ""beto_model"": ""dccuchile/bert-base-spanish-wwm-cased"", ""chunk_stride"": 256, ""max_tokens"": 512, ""n_cv_splits"": 5, ""n_search_iter"": 50, ""seeds"": [42, 43, 44, 45, 46], ""sentence_transformer_model"": ""intfloat/multilingual-e5-small"", ""tfidf_lemmatize"": true, ""tfidf_max_df"": 0.9, ""tfidf_max_features"": 300, ""tfidf_min_df"": 3, ""tfidf_ngram_range"": [1, 2], ""tfidf_normalize_numbers"": true}",2026-09-08T23:51:15,
E3_TSDAE_EP05,frozen,participant,03,no_augmentation,GAD7,42,test,confirmatory,5.005028,4.137618,0.010358,0.219286,0.033557,"[[0, 8, 4, 0], [0, 13, 4, 0], [0, 8, 5, 0], [0, 4, 2, 0]]",0.4,0.540835,"[[24, 5], [13, 6]]",SVR,"{""reg__C"": 65.41210527692726, ""reg__epsilon"": 0.05151859338997794, ""reg__gamma"": ""auto""}",models/tsdae_e5_small/ep05,random50,"{""augmentation"": ""no_augmentation"", ""beto_model"": ""dccuchile/bert-base-spanish-wwm-cased"", ""chunk_stride"": 256, ""max_tokens"": 512, ""n_cv_splits"": 5, ""n_search_iter"": 50, ""seeds"": [42, 43, 44, 45, 46], ""sentence_transformer_model"": ""intfloat/multilingual-e5-small"", ""tfidf_lemmatize"": true, ""tfidf_max_df"": 0.9, ""tfidf_max_features"": 300, ""tfidf_min_df"": 3, ""tfidf_ngram_range"": [1, 2], ""tfidf_normalize_numbers"": true}",2026-09-08T23:52:29,
E3_TSDAE_EP05,frozen,participant,03,no_augmentation,PHQ9,43,test,confirmatory,5.956935,4.904061,-0.175286,0.248086,0.127036,"[[1, 2, 6, 0], [0, 2, 7, 3], [0, 4, 9, 1], [0, 2, 9, 2]]",0.612903,0.477954,"[[5, 16], [8, 19]]",GradientBoosting,"{""reg__learning_rate"": 0.16767809236386524, ""reg__max_depth"": 2, ""reg__n_estimators"": 237, ""reg__subsample"": 0.77307923182544}",models/tsdae_e5_small/ep05,random50,"{""augmentation"": ""no_augmentation"", ""beto_model"": ""dccuchile/bert-base-spanish-wwm-cased"", ""chunk_stride"": 256, ""max_tokens"": 512, ""n_cv_splits"": 5, ""n_search_iter"": 50, ""seeds"": [42, 43, 44, 45, 46], ""sentence_transformer_model"": ""intfloat/multilingual-e5-small"", ""tfidf_lemmatize"": true, ""tfidf_max_df"": 0.9, ""tfidf_max_features"": 300, ""tfidf_min_df"": 3, ""tfidf_ngram_range"": [1, 2], ""tfidf_normalize_numbers"": true}",2026-09-08T23:53:43,
E3_TSDAE_EP05,frozen,participant,03,no_augmentation,GAD7,43,test,confirmatory,4.993536,4.123293,0.014898,0.220044,0.079699,"[[0, 9, 3, 0], [0, 13, 4, 0], [0, 8, 5, 0], [0, 4, 2, 0]]",0.4,0.548094,"[[24, 5], [13, 6]]",SVR,"{""reg__C"": 21.261579064510382, ""reg__epsilon"": 0.05070516953667398, ""reg__gamma"": ""auto""}",models/tsdae_e5_small/ep05,random50,"{""augmentation"": ""no_augmentation"", ""beto_model"": ""dccuchile/bert-base-spanish-wwm-cased"", ""chunk_stride"": 256, ""max_tokens"": 512, ""n_cv_splits"": 5, ""n_search_iter"": 50, ""seeds"": [42, 43, 44, 45, 46], ""sentence_transformer_model"": ""intfloat/multilingual-e5-small"", ""tfidf_lemmatize"": true, ""tfidf_max_df"": 0.9, ""tfidf_max_features"": 300, ""tfidf_min_df"": 3, ""tfidf_ngram_range"": [1, 2], ""tfidf_normalize_numbers"": true}",2026-09-08T23:54:57,
E3_TSDAE_EP05,frozen,participant,03,no_augmentation,PHQ9,44,test,confirmatory,5.390599,4.407201,0.037564,0.158333,0.131288,"[[0, 5, 3, 1], [0, 1, 11, 0], [0, 4, 10, 0], [0, 2, 10, 1]]",0.631579,0.52381,"[[9, 12], [9, 18]]",ExtraTrees,"{""reg__max_depth"": 5, ""reg__max_features"": 0.3, ""reg__min_samples_leaf"": 4, ""reg__n_estimators"": 218}",models/tsdae_e5_small/ep05,random50,"{""augmentation"": ""no_augmentation"", ""beto_model"": ""dccuchile/bert-base-spanish-wwm-cased"", ""chunk_stride"": 256, ""max_tokens"": 512, ""n_cv_splits"": 5, ""n_search_iter"": 50, ""seeds"": [42, 43, 44, 45, 46], ""sentence_transformer_model"": ""intfloat/multilingual-e5-small"", ""tfidf_lemmatize"": true, ""tfidf_max_df"": 0.9, ""tfidf_max_features"": 300, ""tfidf_min_df"": 3, ""tfidf_ngram_range"": [1, 2], ""tfidf_normalize_numbers"": true}",2026-09-08T23:56:07,
E3_TSDAE_EP05,frozen,participant,03,no_augmentation,GAD7,44,test,confirmatory,4.994689,4.011333,0.014443,0.247837,0.172996,"[[1, 9, 2, 0], [0, 9, 8, 0], [0, 6, 7, 0], [0, 4, 2, 0]]",0.5,0.582577,"[[21, 8], [10, 9]]",AdaBoost,"{""reg__learning_rate"": 0.9202021652147575, ""reg__n_estimators"": 60}",models/tsdae_e5_small/ep05,random50,"{""augmentation"": ""no_augmentation"", ""beto_model"": ""dccuchile/bert-base-spanish-wwm-cased"", ""chunk_stride"": 256, ""max_tokens"": 512, ""n_cv_splits"": 5, ""n_search_iter"": 50, ""seeds"": [42, 43, 44, 45, 46], ""sentence_transformer_model"": ""intfloat/multilingual-e5-small"", ""tfidf_lemmatize"": true, ""tfidf_max_df"": 0.9, ""tfidf_max_features"": 300, ""tfidf_min_df"": 3, ""tfidf_ngram_range"": [1, 2], ""tfidf_normalize_numbers"": true}",2026-09-08T23:57:16,
E3_TSDAE_EP05,frozen,participant,03,no_augmentation,PHQ9,45,test,confirmatory,5.609132,4.699349,-0.042052,0.140528,0.071066,"[[0, 4, 5, 0], [0, 3, 9, 0], [0, 6, 8, 0], [0, 3, 10, 0]]",0.592593,0.514991,"[[10, 11], [11, 16]]",KNN,"{""reg__metric"": ""euclidean"", ""reg__n_neighbors"": 8, ""reg__weights"": ""distance""}",models/tsdae_e5_small/ep05,random50,"{""augmentation"": ""no_augmentation"", ""beto_model"": ""dccuchile/bert-base-spanish-wwm-cased"", ""chunk_stride"": 256, ""max_tokens"": 512, ""n_cv_splits"": 5, ""n_search_iter"": 50, ""seeds"": [42, 43, 44, 45, 46], ""sentence_transformer_model"": ""intfloat/multilingual-e5-small"", ""tfidf_lemmatize"": true, ""tfidf_max_df"": 0.9, ""tfidf_max_features"": 300, ""tfidf_min_df"": 3, ""tfidf_ngram_range"": [1, 2], ""tfidf_normalize_numbers"": true}",2026-09-08T23:58:29,
E3_TSDAE_EP05,frozen,participant,03,no_augmentation,GAD7,45,test,confirmatory,5.175759,4.262777,-0.05831,0.258948,0.139241,"[[1, 8, 3, 0], [0, 10, 7, 0], [0, 6, 7, 0], [0, 4, 2, 0]]",0.486486,0.533575,"[[20, 9], [10, 9]]",AdaBoost,"{""reg__learning_rate"": 0.5948486430443337, ""reg__n_estimators"": 105}",models/tsdae_e5_small/ep05,random50,"{""augmentation"": ""no_augmentation"", ""beto_model"": ""dccuchile/bert-base-spanish-wwm-cased"", ""chunk_stride"": 256, ""max_tokens"": 512, ""n_cv_splits"": 5, ""n_search_iter"": 50, ""seeds"": [42, 43, 44, 45, 46], ""sentence_transformer_model"": ""intfloat/multilingual-e5-small"", ""tfidf_lemmatize"": true, ""tfidf_max_df"": 0.9, ""tfidf_max_features"": 300, ""tfidf_min_df"": 3, ""tfidf_ngram_range"": [1, 2], ""tfidf_normalize_numbers"": true}",2026-09-08T23:59:39,
E3_TSDAE_EP05,frozen,participant,03,no_augmentation,PHQ9,46,test,confirmatory,5.302044,4.441667,0.068925,0.23781,0.232323,"[[1, 5, 3, 0], [0, 3, 9, 0], [0, 7, 6, 1], [0, 4, 7, 2]]",0.581818,0.567019,"[[9, 12], [11, 16]]",KNN,"{""reg__metric"": ""manhattan"", ""reg__n_neighbors"": 5, ""reg__weights"": ""uniform""}",models/tsdae_e5_small/ep05,random50,"{""augmentation"": ""no_augmentation"", ""beto_model"": ""dccuchile/bert-base-spanish-wwm-cased"", ""chunk_stride"": 256, ""max_tokens"": 512, ""n_cv_splits"": 5, ""n_search_iter"": 50, ""seeds"": [42, 43, 44, 45, 46], ""sentence_transformer_model"": ""intfloat/multilingual-e5-small"", ""tfidf_lemmatize"": true, ""tfidf_max_df"": 0.9, ""tfidf_max_features"": 300, ""tfidf_min_df"": 3, ""tfidf_ngram_range"": [1, 2], ""tfidf_normalize_numbers"": true}",2026-09-09T00:00:47,
E3_TSDAE_EP05,frozen,participant,03,no_augmentation,GAD7,46,test,confirmatory,5.205237,4.207745,-0.0704,0.25989,0.109278,"[[1, 7, 4, 0], [0, 9, 8, 0], [0, 5, 8, 0], [0, 4, 2, 0]]",0.342857,0.557169,"[[19, 10], [13, 6]]",LightGBM,"{""reg__colsample_bytree"": 0.9135329403223003, ""reg__learning_rate"": 0.0866415793852429, ""reg__n_estimators"": 246, ""reg__num_leaves"": 26, ""reg__subsample"": 0.7252307742526719}",models/tsdae_e5_small/ep05,random50,"{""augmentation"": ""no_augmentation"", ""beto_model"": ""dccuchile/bert-base-spanish-wwm-cased"", ""chunk_stride"": 256, ""max_tokens"": 512, ""n_cv_splits"": 5, ""n_search_iter"": 50, ""seeds"": [42, 43, 44, 45, 46], ""sentence_transformer_model"": ""intfloat/multilingual-e5-small"", ""tfidf_lemmatize"": true, ""tfidf_max_df"": 0.9, ""tfidf_max_features"": 300, ""tfidf_min_df"": 3, ""tfidf_ngram_range"": [1, 2], ""tfidf_normalize_numbers"": true}",2026-09-09T00:01:55,
E3_TSDAE_EP10,frozen,participant,03,no_augmentation,PHQ9,42,test,confirmatory,5.445384,4.566938,0.017902,0.13554,0.082218,"[[0, 6, 3, 0], [0, 1, 11, 0], [0, 3, 11, 0], [0, 5, 8, 0]]",0.607143,0.537919,"[[9, 12], [10, 17]]",LightGBM,"{""reg__colsample_bytree"": 0.9208787923016158, ""reg__learning_rate"": 0.012886065671894011, ""reg__n_estimators"": 108, ""reg__num_leaves"": 38, ""reg__subsample"": 0.7579526072702278}",models/tsdae_e5_small/ep10,random50,"{""augmentation"": ""no_augmentation"", ""beto_model"": ""dccuchile/bert-base-spanish-wwm-cased"", ""chunk_stride"": 256, ""max_tokens"": 512, ""n_cv_splits"": 5, ""n_search_iter"": 50, ""seeds"": [42, 43, 44, 45, 46], ""sentence_transformer_model"": ""intfloat/multilingual-e5-small"", ""tfidf_lemmatize"": true, ""tfidf_max_df"": 0.9, ""tfidf_max_features"": 300, ""tfidf_min_df"": 3, ""tfidf_ngram_range"": [1, 2], ""tfidf_normalize_numbers"": true}",2026-09-09T00:03:09,
E3_TSDAE_EP10,frozen,participant,03,no_augmentation,GAD7,42,test,confirmatory,4.875367,4.12661,0.06097,0.135076,0.079699,"[[0, 10, 2, 0], [0, 10, 7, 0], [0, 11, 2, 0], [0, 3, 3, 0]]",0.222222,0.584392,"[[24, 5], [16, 3]]",LightGBM,"{""reg__colsample_bytree"": 0.7564242430292963, ""reg__learning_rate"": 0.018585951462501547, ""reg__n_estimators"": 101, ""reg__num_leaves"": 20, ""reg__subsample"": 0.6831766651472755}",models/tsdae_e5_small/ep10,random50,"{""augmentation"": ""no_augmentation"", ""beto_model"": ""dccuchile/bert-base-spanish-wwm-cased"", ""chunk_stride"": 256, ""max_tokens"": 512, ""n_cv_splits"": 5, ""n_search_iter"": 50, ""seeds"": [42, 43, 44, 45, 46], ""sentence_transformer_model"": ""intfloat/multilingual-e5-small"", ""tfidf_lemmatize"": true, ""tfidf_max_df"": 0.9, ""tfidf_max_features"": 300, ""tfidf_min_df"": 3, ""tfidf_ngram_range"": [1, 2], ""tfidf_normalize_numbers"": true}",2026-09-09T00:04:22,
E3_TSDAE_EP10,frozen,participant,03,no_augmentation,PHQ9,43,test,confirmatory,5.399224,4.319444,0.034481,0.201425,0.098309,"[[0, 4, 5, 0], [0, 6, 6, 0], [0, 5, 9, 0], [0, 4, 9, 0]]",0.618182,0.614638,"[[10, 11], [10, 17]]",KNN,"{""reg__metric"": ""euclidean"", ""reg__n_neighbors"": 6, ""reg__weights"": ""uniform""}",models/tsdae_e5_small/ep10,random50,"{""augmentation"": ""no_augmentation"", ""beto_model"": ""dccuchile/bert-base-spanish-wwm-cased"", ""chunk_stride"": 256, ""max_tokens"": 512, ""n_cv_splits"": 5, ""n_search_iter"": 50, ""seeds"": [42, 43, 44, 45, 46], ""sentence_transformer_model"": ""intfloat/multilingual-e5-small"", ""tfidf_lemmatize"": true, ""tfidf_max_df"": 0.9, ""tfidf_max_features"": 300, ""tfidf_min_df"": 3, ""tfidf_ngram_range"": [1, 2], ""tfidf_normalize_numbers"": true}",2026-09-09T00:05:37,
E3_TSDAE_EP10,frozen,participant,03,no_augmentation,GAD7,43,test,confirmatory,4.745102,3.897593,0.110479,0.247024,0.25371,"[[2, 9, 1, 0], [0, 10, 7, 0], [0, 9, 4, 0], [0, 3, 3, 0]]",0.322581,0.586207,"[[22, 7], [14, 5]]",AdaBoost,"{""reg__learning_rate"": 0.5411246049940444, ""reg__n_estimators"": 86}",models/tsdae_e5_small/ep10,random50,"{""augmentation"": ""no_augmentation"", ""beto_model"": ""dccuchile/bert-base-spanish-wwm-cased"", ""chunk_stride"": 256, ""max_tokens"": 512, ""n_cv_splits"": 5, ""n_search_iter"": 50, ""seeds"": [42, 43, 44, 45, 46], ""sentence_transformer_model"": ""intfloat/multilingual-e5-small"", ""tfidf_lemmatize"": true, ""tfidf_max_df"": 0.9, ""tfidf_max_features"": 300, ""tfidf_min_df"": 3, ""tfidf_ngram_range"": [1, 2], ""tfidf_normalize_numbers"": true}",2026-09-09T00:06:51,
E3_TSDAE_EP10,frozen,participant,03,no_augmentation,PHQ9,44,test,confirmatory,5.328495,4.208333,0.059612,0.193023,0.146536,"[[0, 4, 5, 0], [0, 6, 6, 0], [0, 5, 8, 1], [0, 3, 10, 0]]",0.54902,0.597002,"[[11, 10], [13, 14]]",KNN,"{""reg__metric"": ""euclidean"", ""reg__n_neighbors"": 7, ""reg__weights"": ""uniform""}",models/tsdae_e5_small/ep10,random50,"{""augmentation"": ""no_augmentation"", ""beto_model"": ""dccuchile/bert-base-spanish-wwm-cased"", ""chunk_stride"": 256, ""max_tokens"": 512, ""n_cv_splits"": 5, ""n_search_iter"": 50, ""seeds"": [42, 43, 44, 45, 46], ""sentence_transformer_model"": ""intfloat/multilingual-e5-small"", ""tfidf_lemmatize"": true, ""tfidf_max_df"": 0.9, ""tfidf_max_features"": 300, ""tfidf_min_df"": 3, ""tfidf_ngram_range"": [1, 2], ""tfidf_normalize_numbers"": true}",2026-09-09T00:07:59,
E3_TSDAE_EP10,frozen,participant,03,no_augmentation,GAD7,44,test,confirmatory,4.924642,4.143722,0.041892,0.135714,0.033557,"[[0, 9, 3, 0], [0, 10, 7, 0], [0, 11, 2, 0], [0, 3, 3, 0]]",0.275862,0.571688,"[[23, 6], [15, 4]]",LightGBM,"{""reg__colsample_bytree"": 0.8957990369124111, ""reg__learning_rate"": 0.012288600576102933, ""reg__n_estimators"": 140, ""reg__num_leaves"": 25, ""reg__subsample"": 0.6379887933185832}",models/tsdae_e5_small/ep10,random50,"{""augmentation"": ""no_augmentation"", ""beto_model"": ""dccuchile/bert-base-spanish-wwm-cased"", ""chunk_stride"": 256, ""max_tokens"": 512, ""n_cv_splits"": 5, ""n_search_iter"": 50, ""seeds"": [42, 43, 44, 45, 46], ""sentence_transformer_model"": ""intfloat/multilingual-e5-small"", ""tfidf_lemmatize"": true, ""tfidf_max_df"": 0.9, ""tfidf_max_features"": 300, ""tfidf_min_df"": 3, ""tfidf_ngram_range"": [1, 2], ""tfidf_normalize_numbers"": true}",2026-09-09T00:09:08,
E3_TSDAE_EP10,frozen,participant,03,no_augmentation,PHQ9,45,test,confirmatory,5.317665,4.409085,0.063431,0.182864,0.158988,"[[0, 4, 5, 0], [0, 3, 9, 0], [0, 2, 12, 0], [0, 2, 11, 0]]",0.596491,0.514991,"[[8, 13], [10, 17]]",ExtraTrees,"{""reg__max_depth"": 20, ""reg__max_features"": ""sqrt"", ""reg__min_samples_leaf"": 2, ""reg__n_estimators"": 109}",models/tsdae_e5_small/ep10,random50,"{""augmentation"": ""no_augmentation"", ""beto_model"": ""dccuchile/bert-base-spanish-wwm-cased"", ""chunk_stride"": 256, ""max_tokens"": 512, ""n_cv_splits"": 5, ""n_search_iter"": 50, ""seeds"": [42, 43, 44, 45, 46], ""sentence_transformer_model"": ""intfloat/multilingual-e5-small"", ""tfidf_lemmatize"": true, ""tfidf_max_df"": 0.9, ""tfidf_max_features"": 300, ""tfidf_min_df"": 3, ""tfidf_ngram_range"": [1, 2], ""tfidf_normalize_numbers"": true}",2026-09-09T00:10:19,
E3_TSDAE_EP10,frozen,participant,03,no_augmentation,GAD7,45,test,confirmatory,4.932688,4.110861,0.038759,0.152778,0.037779,"[[0, 10, 2, 0], [0, 12, 5, 0], [0, 11, 2, 0], [0, 4, 2, 0]]",0.214286,0.54265,"[[23, 6], [16, 3]]",AdaBoost,"{""reg__learning_rate"": 0.01427509910949547, ""reg__n_estimators"": 213}",models/tsdae_e5_small/ep10,random50,"{""augmentation"": ""no_augmentation"", ""beto_model"": ""dccuchile/bert-base-spanish-wwm-cased"", ""chunk_stride"": 256, ""max_tokens"": 512, ""n_cv_splits"": 5, ""n_search_iter"": 50, ""seeds"": [42, 43, 44, 45, 46], ""sentence_transformer_model"": ""intfloat/multilingual-e5-small"", ""tfidf_lemmatize"": true, ""tfidf_max_df"": 0.9, ""tfidf_max_features"": 300, ""tfidf_min_df"": 3, ""tfidf_ngram_range"": [1, 2], ""tfidf_normalize_numbers"": true}",2026-09-09T00:11:32,
E3_TSDAE_EP10,frozen,participant,03,no_augmentation,PHQ9,46,test,confirmatory,5.328495,4.208333,0.059612,0.193023,0.146536,"[[0, 4, 5, 0], [0, 6, 6, 0], [0, 5, 8, 1], [0, 3, 10, 0]]",0.54902,0.597002,"[[11, 10], [13, 14]]",KNN,"{""reg__metric"": ""euclidean"", ""reg__n_neighbors"": 7, ""reg__weights"": ""uniform""}",models/tsdae_e5_small/ep10,random50,"{""augmentation"": ""no_augmentation"", ""beto_model"": ""dccuchile/bert-base-spanish-wwm-cased"", ""chunk_stride"": 256, ""max_tokens"": 512, ""n_cv_splits"": 5, ""n_search_iter"": 50, ""seeds"": [42, 43, 44, 45, 46], ""sentence_transformer_model"": ""intfloat/multilingual-e5-small"", ""tfidf_lemmatize"": true, ""tfidf_max_df"": 0.9, ""tfidf_max_features"": 300, ""tfidf_min_df"": 3, ""tfidf_ngram_range"": [1, 2], ""tfidf_normalize_numbers"": true}",2026-09-09T00:12:39,
E3_TSDAE_EP10,frozen,participant,03,no_augmentation,GAD7,46,test,confirmatory,5.024398,4.394231,0.002683,0.141447,0.139904,"[[0, 9, 3, 0], [0, 5, 12, 0], [0, 7, 6, 0], [0, 2, 4, 0]]",0.368421,0.501815,"[[17, 12], [12, 7]]",KNN,"{""reg__metric"": ""cosine"", ""reg__n_neighbors"": 13, ""reg__weights"": ""uniform""}",models/tsdae_e5_small/ep10,random50,"{""augmentation"": ""no_augmentation"", ""beto_model"": ""dccuchile/bert-base-spanish-wwm-cased"", ""chunk_stride"": 256, ""max_tokens"": 512, ""n_cv_splits"": 5, ""n_search_iter"": 50, ""seeds"": [42, 43, 44, 45, 46], ""sentence_transformer_model"": ""intfloat/multilingual-e5-small"", ""tfidf_lemmatize"": true, ""tfidf_max_df"": 0.9, ""tfidf_max_features"": 300, ""tfidf_min_df"": 3, ""tfidf_ngram_range"": [1, 2], ""tfidf_normalize_numbers"": true}",2026-09-09T00:13:46,
E3_TSDAE_EP20,frozen,participant,03,no_augmentation,PHQ9,42,test,confirmatory,5.465922,4.637035,0.010479,0.176879,0.254576,"[[0, 6, 3, 0], [1, 4, 7, 0], [0, 9, 4, 1], [0, 3, 8, 2]]",0.458333,0.546737,"[[11, 10], [16, 11]]",GradientBoosting,"{""reg__learning_rate"": 0.10678883315833304, ""reg__max_depth"": 4, ""reg__n_estimators"": 212, ""reg__subsample"": 0.6592347719813599}",models/tsdae_e5_small/ep20,random50,"{""augmentation"": ""no_augmentation"", ""beto_model"": ""dccuchile/bert-base-spanish-wwm-cased"", ""chunk_stride"": 256, ""max_tokens"": 512, ""n_cv_splits"": 5, ""n_search_iter"": 50, ""seeds"": [42, 43, 44, 45, 46], ""sentence_transformer_model"": ""intfloat/multilingual-e5-small"", ""tfidf_lemmatize"": true, ""tfidf_max_df"": 0.9, ""tfidf_max_features"": 300, ""tfidf_min_df"": 3, ""tfidf_ngram_range"": [1, 2], ""tfidf_normalize_numbers"": true}",2026-09-09T00:15:00,
E3_TSDAE_EP20,frozen,participant,03,no_augmentation,GAD7,42,test,confirmatory,5.053236,4.124252,-0.008798,0.215782,0.097381,"[[1, 8, 3, 0], [1, 12, 3, 1], [1, 9, 3, 0], [0, 3, 3, 0]]",0.413793,0.62069,"[[25, 4], [13, 6]]",GradientBoosting,"{""reg__learning_rate"": 0.2334848553346559, ""reg__max_depth"": 3, ""reg__n_estimators"": 140, ""reg__subsample"": 0.9659838702175123}",models/tsdae_e5_small/ep20,random50,"{""augmentation"": ""no_augmentation"", ""beto_model"": ""dccuchile/bert-base-spanish-wwm-cased"", ""chunk_stride"": 256, ""max_tokens"": 512, ""n_cv_splits"": 5, ""n_search_iter"": 50, ""seeds"": [42, 43, 44, 45, 46], ""sentence_transformer_model"": ""intfloat/multilingual-e5-small"", ""tfidf_lemmatize"": true, ""tfidf_max_df"": 0.9, ""tfidf_max_features"": 300, ""tfidf_min_df"": 3, ""tfidf_ngram_range"": [1, 2], ""tfidf_normalize_numbers"": true}",2026-09-09T00:16:14,
E3_TSDAE_EP20,frozen,participant,03,no_augmentation,PHQ9,43,test,confirmatory,5.899605,4.859375,-0.152773,0.150526,-0.042857,"[[0, 4, 5, 0], [0, 6, 6, 0], [0, 8, 5, 1], [0, 7, 6, 0]]",0.458333,0.485009,"[[11, 10], [16, 11]]",KNN,"{""reg__metric"": ""euclidean"", ""reg__n_neighbors"": 8, ""reg__weights"": ""uniform""}",models/tsdae_e5_small/ep20,random50,"{""augmentation"": ""no_augmentation"", ""beto_model"": ""dccuchile/bert-base-spanish-wwm-cased"", ""chunk_stride"": 256, ""max_tokens"": 512, ""n_cv_splits"": 5, ""n_search_iter"": 50, ""seeds"": [42, 43, 44, 45, 46], ""sentence_transformer_model"": ""intfloat/multilingual-e5-small"", ""tfidf_lemmatize"": true, ""tfidf_max_df"": 0.9, ""tfidf_max_features"": 300, ""tfidf_min_df"": 3, ""tfidf_ngram_range"": [1, 2], ""tfidf_normalize_numbers"": true}",2026-09-09T00:17:31,
E3_TSDAE_EP20,frozen,participant,03,no_augmentation,GAD7,43,test,confirmatory,4.783338,3.850341,0.096086,0.318223,0.196581,"[[1, 9, 2, 0], [0, 13, 4, 0], [0, 9, 4, 0], [0, 4, 1, 1]]",0.413793,0.629764,"[[25, 4], [13, 6]]",GradientBoosting,"{""reg__learning_rate"": 0.05135544036264393, ""reg__max_depth"": 4, ""reg__n_estimators"": 131, ""reg__subsample"": 0.7948983102120623}",models/tsdae_e5_small/ep20,random50,"{""augmentation"": ""no_augmentation"", ""beto_model"": ""dccuchile/bert-base-spanish-wwm-cased"", ""chunk_stride"": 256, ""max_tokens"": 512, ""n_cv_splits"": 5, ""n_search_iter"": 50, ""seeds"": [42, 43, 44, 45, 46], ""sentence_transformer_model"": ""intfloat/multilingual-e5-small"", ""tfidf_lemmatize"": true, ""tfidf_max_df"": 0.9, ""tfidf_max_features"": 300, ""tfidf_min_df"": 3, ""tfidf_ngram_range"": [1, 2], ""tfidf_normalize_numbers"": true}",2026-09-09T00:18:45,
E3_TSDAE_EP20,frozen,participant,03,no_augmentation,PHQ9,44,test,confirmatory,5.352243,4.345658,0.051211,0.251623,0.113801,"[[0, 5, 4, 0], [0, 6, 6, 0], [0, 4, 10, 0], [0, 6, 6, 1]]",0.465116,0.59612,"[[15, 6], [17, 10]]",GradientBoosting,"{""reg__learning_rate"": 0.014244739996890592, ""reg__max_depth"": 3, ""reg__n_estimators"": 108, ""reg__subsample"": 0.9178299664912868}",models/tsdae_e5_small/ep20,random50,"{""augmentation"": ""no_augmentation"", ""beto_model"": ""dccuchile/bert-base-spanish-wwm-cased"", ""chunk_stride"": 256, ""max_tokens"": 512, ""n_cv_splits"": 5, ""n_search_iter"": 50, ""seeds"": [42, 43, 44, 45, 46], ""sentence_transformer_model"": ""intfloat/multilingual-e5-small"", ""tfidf_lemmatize"": true, ""tfidf_max_df"": 0.9, ""tfidf_max_features"": 300, ""tfidf_min_df"": 3, ""tfidf_ngram_range"": [1, 2], ""tfidf_normalize_numbers"": true}",2026-09-09T00:19:55,
E3_TSDAE_EP20,frozen,participant,03,no_augmentation,GAD7,44,test,confirmatory,4.912654,3.89251,0.046551,0.293819,0.170588,"[[1, 9, 2, 0], [0, 15, 2, 0], [0, 11, 2, 0], [0, 4, 1, 1]]",0.296296,0.578947,"[[25, 4], [15, 4]]",GradientBoosting,"{""reg__learning_rate"": 0.047920021258108327, ""reg__max_depth"": 3, ""reg__n_estimators"": 122, ""reg__subsample"": 0.9400758600241551}",models/tsdae_e5_small/ep20,random50,"{""augmentation"": ""no_augmentation"", ""beto_model"": ""dccuchile/bert-base-spanish-wwm-cased"", ""chunk_stride"": 256, ""max_tokens"": 512, ""n_cv_splits"": 5, ""n_search_iter"": 50, ""seeds"": [42, 43, 44, 45, 46], ""sentence_transformer_model"": ""intfloat/multilingual-e5-small"", ""tfidf_lemmatize"": true, ""tfidf_max_df"": 0.9, ""tfidf_max_features"": 300, ""tfidf_min_df"": 3, ""tfidf_ngram_range"": [1, 2], ""tfidf_normalize_numbers"": true}",2026-09-09T00:21:04,
E3_TSDAE_EP20,frozen,participant,03,no_augmentation,PHQ9,45,test,confirmatory,5.6071,4.60516,-0.041297,0.162637,0.025231,"[[0, 4, 5, 0], [0, 6, 6, 0], [0, 8, 6, 0], [0, 5, 8, 0]]",0.489796,0.516755,"[[11, 10], [15, 12]]",KNN,"{""reg__metric"": ""manhattan"", ""reg__n_neighbors"": 14, ""reg__weights"": ""distance""}",models/tsdae_e5_small/ep20,random50,"{""augmentation"": ""no_augmentation"", ""beto_model"": ""dccuchile/bert-base-spanish-wwm-cased"", ""chunk_stride"": 256, ""max_tokens"": 512, ""n_cv_splits"": 5, ""n_search_iter"": 50, ""seeds"": [42, 43, 44, 45, 46], ""sentence_transformer_model"": ""intfloat/multilingual-e5-small"", ""tfidf_lemmatize"": true, ""tfidf_max_df"": 0.9, ""tfidf_max_features"": 300, ""tfidf_min_df"": 3, ""tfidf_ngram_range"": [1, 2], ""tfidf_normalize_numbers"": true}",2026-09-09T00:22:16,
E3_TSDAE_EP20,frozen,participant,03,no_augmentation,GAD7,45,test,confirmatory,5.039834,4.053674,-0.003454,0.362542,0.278454,"[[3, 7, 2, 0], [0, 16, 1, 0], [0, 8, 5, 0], [0, 4, 2, 0]]",0.428571,0.566243,"[[26, 3], [13, 6]]",GradientBoosting,"{""reg__learning_rate"": 0.05876100795143838, ""reg__max_depth"": 5, ""reg__n_estimators"": 372, ""reg__subsample"": 0.6948886315382181}",models/tsdae_e5_small/ep20,random50,"{""augmentation"": ""no_augmentation"", ""beto_model"": ""dccuchile/bert-base-spanish-wwm-cased"", ""chunk_stride"": 256, ""max_tokens"": 512, ""n_cv_splits"": 5, ""n_search_iter"": 50, ""seeds"": [42, 43, 44, 45, 46], ""sentence_transformer_model"": ""intfloat/multilingual-e5-small"", ""tfidf_lemmatize"": true, ""tfidf_max_df"": 0.9, ""tfidf_max_features"": 300, ""tfidf_min_df"": 3, ""tfidf_ngram_range"": [1, 2], ""tfidf_normalize_numbers"": true}",2026-09-09T00:23:30,
E3_TSDAE_EP20,frozen,participant,03,no_augmentation,PHQ9,46,test,confirmatory,5.151542,4.18561,0.121033,0.199721,0.167883,"[[0, 5, 3, 1], [0, 3, 9, 0], [0, 4, 10, 0], [0, 2, 10, 1]]",0.603774,0.59612,"[[11, 10], [11, 16]]",GradientBoosting,"{""reg__learning_rate"": 0.04464303577284222, ""reg__max_depth"": 3, ""reg__n_estimators"": 292, ""reg__subsample"": 0.6024985105341375}",models/tsdae_e5_small/ep20,random50,"{""augmentation"": ""no_augmentation"", ""beto_model"": ""dccuchile/bert-base-spanish-wwm-cased"", ""chunk_stride"": 256, ""max_tokens"": 512, ""n_cv_splits"": 5, ""n_search_iter"": 50, ""seeds"": [42, 43, 44, 45, 46], ""sentence_transformer_model"": ""intfloat/multilingual-e5-small"", ""tfidf_lemmatize"": true, ""tfidf_max_df"": 0.9, ""tfidf_max_features"": 300, ""tfidf_min_df"": 3, ""tfidf_ngram_range"": [1, 2], ""tfidf_normalize_numbers"": true}",2026-09-09T00:24:38,
E3_TSDAE_EP20,frozen,participant,03,no_augmentation,GAD7,46,test,confirmatory,4.830402,3.982986,0.078211,0.211189,0.103659,"[[1, 9, 2, 0], [0, 14, 3, 0], [0, 11, 2, 0], [0, 4, 2, 0]]",0.230769,0.537205,"[[25, 4], [16, 3]]",GradientBoosting,"{""reg__learning_rate"": 0.010666417894970092, ""reg__max_depth"": 3, ""reg__n_estimators"": 309, ""reg__subsample"": 0.7590231788376834}",models/tsdae_e5_small/ep20,random50,"{""augmentation"": ""no_augmentation"", ""beto_model"": ""dccuchile/bert-base-spanish-wwm-cased"", ""chunk_stride"": 256, ""max_tokens"": 512, ""n_cv_splits"": 5, ""n_search_iter"": 50, ""seeds"": [42, 43, 44, 45, 46], ""sentence_transformer_model"": ""intfloat/multilingual-e5-small"", ""tfidf_lemmatize"": true, ""tfidf_max_df"": 0.9, ""tfidf_max_features"": 300, ""tfidf_min_df"": 3, ""tfidf_ngram_range"": [1, 2], ""tfidf_normalize_numbers"": true}",2026-09-09T00:25:47,
E3_TSDAE_EP30,frozen,participant,03,no_augmentation,PHQ9,42,test,confirmatory,5.448949,4.48151,0.016616,0.146324,0.095179,"[[0, 6, 3, 0], [0, 4, 8, 0], [0, 7, 7, 0], [0, 5, 8, 0]]",0.468085,0.486772,"[[12, 9], [16, 11]]",GradientBoosting,"{""reg__learning_rate"": 0.010815983055225093, ""reg__max_depth"": 4, ""reg__n_estimators"": 158, ""reg__subsample"": 0.7599443886861021}",models/tsdae_e5_small/ep30,random50,"{""augmentation"": ""no_augmentation"", ""beto_model"": ""dccuchile/bert-base-spanish-wwm-cased"", ""chunk_stride"": 256, ""max_tokens"": 512, ""n_cv_splits"": 5, ""n_search_iter"": 50, ""seeds"": [42, 43, 44, 45, 46], ""sentence_transformer_model"": ""intfloat/multilingual-e5-small"", ""tfidf_lemmatize"": true, ""tfidf_max_df"": 0.9, ""tfidf_max_features"": 300, ""tfidf_min_df"": 3, ""tfidf_ngram_range"": [1, 2], ""tfidf_normalize_numbers"": true}",2026-09-09T00:27:03,
E3_TSDAE_EP30,frozen,participant,03,no_augmentation,GAD7,42,test,confirmatory,4.849733,4.117934,0.070818,0.173077,0.017437,"[[0, 9, 3, 0], [0, 12, 5, 0], [0, 10, 3, 0], [0, 4, 2, 0]]",0.222222,0.546279,"[[24, 5], [16, 3]]",RandomForest,"{""reg__max_depth"": 10, ""reg__max_features"": 0.3, ""reg__min_samples_leaf"": 5, ""reg__n_estimators"": 199}",models/tsdae_e5_small/ep30,random50,"{""augmentation"": ""no_augmentation"", ""beto_model"": ""dccuchile/bert-base-spanish-wwm-cased"", ""chunk_stride"": 256, ""max_tokens"": 512, ""n_cv_splits"": 5, ""n_search_iter"": 50, ""seeds"": [42, 43, 44, 45, 46], ""sentence_transformer_model"": ""intfloat/multilingual-e5-small"", ""tfidf_lemmatize"": true, ""tfidf_max_df"": 0.9, ""tfidf_max_features"": 300, ""tfidf_min_df"": 3, ""tfidf_ngram_range"": [1, 2], ""tfidf_normalize_numbers"": true}",2026-09-09T00:28:16,
E3_TSDAE_EP30,frozen,participant,03,no_augmentation,PHQ9,43,test,confirmatory,6.584772,5.517743,-0.436083,0.187137,-0.086374,"[[0, 4, 3, 2], [0, 5, 2, 5], [0, 8, 3, 3], [0, 7, 3, 3]]",0.434783,0.425926,"[[12, 9], [17, 10]]",DecisionTree,"{""reg__max_depth"": 3, ""reg__max_features"": ""sqrt"", ""reg__min_samples_leaf"": 3}",models/tsdae_e5_small/ep30,random50,"{""augmentation"": ""no_augmentation"", ""beto_model"": ""dccuchile/bert-base-spanish-wwm-cased"", ""chunk_stride"": 256, ""max_tokens"": 512, ""n_cv_splits"": 5, ""n_search_iter"": 50, ""seeds"": [42, 43, 44, 45, 46], ""sentence_transformer_model"": ""intfloat/multilingual-e5-small"", ""tfidf_lemmatize"": true, ""tfidf_max_df"": 0.9, ""tfidf_max_features"": 300, ""tfidf_min_df"": 3, ""tfidf_ngram_range"": [1, 2], ""tfidf_normalize_numbers"": true}",2026-09-09T00:29:32,
E3_TSDAE_EP30,frozen,participant,03,no_augmentation,GAD7,43,test,confirmatory,5.094077,4.172451,-0.02517,0.264648,0.227332,"[[2, 8, 2, 0], [1, 10, 5, 1], [0, 8, 5, 0], [0, 3, 3, 0]]",0.424242,0.586207,"[[22, 7], [12, 7]]",GradientBoosting,"{""reg__learning_rate"": 0.15005863579700704, ""reg__max_depth"": 4, ""reg__n_estimators"": 355, ""reg__subsample"": 0.8788145226358075}",models/tsdae_e5_small/ep30,random50,"{""augmentation"": ""no_augmentation"", ""beto_model"": ""dccuchile/bert-base-spanish-wwm-cased"", ""chunk_stride"": 256, ""max_tokens"": 512, ""n_cv_splits"": 5, ""n_search_iter"": 50, ""seeds"": [42, 43, 44, 45, 46], ""sentence_transformer_model"": ""intfloat/multilingual-e5-small"", ""tfidf_lemmatize"": true, ""tfidf_max_df"": 0.9, ""tfidf_max_features"": 300, ""tfidf_min_df"": 3, ""tfidf_ngram_range"": [1, 2], ""tfidf_normalize_numbers"": true}",2026-09-09T00:30:48,
E3_TSDAE_EP30,frozen,participant,03,no_augmentation,PHQ9,44,test,confirmatory,5.520094,4.417528,-0.009232,0.254853,0.045997,"[[0, 4, 4, 1], [0, 5, 6, 1], [0, 5, 9, 0], [0, 5, 6, 2]]",0.54902,0.537919,"[[11, 10], [13, 14]]",GradientBoosting,"{""reg__learning_rate"": 0.06120177070500293, ""reg__max_depth"": 4, ""reg__n_estimators"": 220, ""reg__subsample"": 0.6709837316199304}",models/tsdae_e5_small/ep30,random50,"{""augmentation"": ""no_augmentation"", ""beto_model"": ""dccuchile/bert-base-spanish-wwm-cased"", ""chunk_stride"": 256, ""max_tokens"": 512, ""n_cv_splits"": 5, ""n_search_iter"": 50, ""seeds"": [42, 43, 44, 45, 46], ""sentence_transformer_model"": ""intfloat/multilingual-e5-small"", ""tfidf_lemmatize"": true, ""tfidf_max_df"": 0.9, ""tfidf_max_features"": 300, ""tfidf_min_df"": 3, ""tfidf_ngram_range"": [1, 2], ""tfidf_normalize_numbers"": true}",2026-09-09T00:31:59,
E3_TSDAE_EP30,frozen,participant,03,no_augmentation,GAD7,44,test,confirmatory,4.715758,4.020089,0.121447,0.222149,0.194286,"[[1, 8, 3, 0], [0, 11, 6, 0], [0, 9, 4, 0], [0, 2, 4, 0]]",0.375,0.622505,"[[22, 7], [13, 6]]",AdaBoost,"{""reg__learning_rate"": 0.6227357139284314, ""reg__n_estimators"": 81}",models/tsdae_e5_small/ep30,random50,"{""augmentation"": ""no_augmentation"", ""beto_model"": ""dccuchile/bert-base-spanish-wwm-cased"", ""chunk_stride"": 256, ""max_tokens"": 512, ""n_cv_splits"": 5, ""n_search_iter"": 50, ""seeds"": [42, 43, 44, 45, 46], ""sentence_transformer_model"": ""intfloat/multilingual-e5-small"", ""tfidf_lemmatize"": true, ""tfidf_max_df"": 0.9, ""tfidf_max_features"": 300, ""tfidf_min_df"": 3, ""tfidf_ngram_range"": [1, 2], ""tfidf_normalize_numbers"": true}",2026-09-09T00:33:11,
E3_TSDAE_EP30,frozen,participant,03,no_augmentation,PHQ9,45,test,confirmatory,5.387887,4.191251,0.038532,0.229822,0.226277,"[[0, 5, 4, 0], [0, 4, 7, 1], [0, 3, 11, 0], [0, 2, 10, 1]]",0.701754,0.566138,"[[11, 10], [7, 20]]",GradientBoosting,"{""reg__learning_rate"": 0.06606739239864041, ""reg__max_depth"": 5, ""reg__n_estimators"": 106, ""reg__subsample"": 0.7914209218646778}",models/tsdae_e5_small/ep30,random50,"{""augmentation"": ""no_augmentation"", ""beto_model"": ""dccuchile/bert-base-spanish-wwm-cased"", ""chunk_stride"": 256, ""max_tokens"": 512, ""n_cv_splits"": 5, ""n_search_iter"": 50, ""seeds"": [42, 43, 44, 45, 46], ""sentence_transformer_model"": ""intfloat/multilingual-e5-small"", ""tfidf_lemmatize"": true, ""tfidf_max_df"": 0.9, ""tfidf_max_features"": 300, ""tfidf_min_df"": 3, ""tfidf_ngram_range"": [1, 2], ""tfidf_normalize_numbers"": true}",2026-09-09T00:34:22,
E3_TSDAE_EP30,frozen,participant,03,no_augmentation,GAD7,45,test,confirmatory,4.802955,4.064422,0.088657,0.19249,0.085537,"[[0, 10, 2, 0], [0, 14, 3, 0], [0, 10, 3, 0], [0, 4, 2, 0]]",0.285714,0.568058,"[[24, 5], [15, 4]]",ExtraTrees,"{""reg__max_depth"": 20, ""reg__max_features"": 0.3, ""reg__min_samples_leaf"": 3, ""reg__n_estimators"": 187}",models/tsdae_e5_small/ep30,random50,"{""augmentation"": ""no_augmentation"", ""beto_model"": ""dccuchile/bert-base-spanish-wwm-cased"", ""chunk_stride"": 256, ""max_tokens"": 512, ""n_cv_splits"": 5, ""n_search_iter"": 50, ""seeds"": [42, 43, 44, 45, 46], ""sentence_transformer_model"": ""intfloat/multilingual-e5-small"", ""tfidf_lemmatize"": true, ""tfidf_max_df"": 0.9, ""tfidf_max_features"": 300, ""tfidf_min_df"": 3, ""tfidf_ngram_range"": [1, 2], ""tfidf_normalize_numbers"": true}",2026-09-09T00:35:33,
E3_TSDAE_EP30,frozen,participant,03,no_augmentation,PHQ9,46,test,confirmatory,5.714205,4.673257,-0.081458,0.185458,0.016835,"[[0, 6, 1, 2], [0, 4, 7, 1], [0, 7, 7, 0], [0, 5, 7, 1]]",0.409091,0.510582,"[[13, 8], [18, 9]]",AdaBoost,"{""reg__learning_rate"": 0.016334795514765386, ""reg__n_estimators"": 203}",models/tsdae_e5_small/ep30,random50,"{""augmentation"": ""no_augmentation"", ""beto_model"": ""dccuchile/bert-base-spanish-wwm-cased"", ""chunk_stride"": 256, ""max_tokens"": 512, ""n_cv_splits"": 5, ""n_search_iter"": 50, ""seeds"": [42, 43, 44, 45, 46], ""sentence_transformer_model"": ""intfloat/multilingual-e5-small"", ""tfidf_lemmatize"": true, ""tfidf_max_df"": 0.9, ""tfidf_max_features"": 300, ""tfidf_min_df"": 3, ""tfidf_ngram_range"": [1, 2], ""tfidf_normalize_numbers"": true}",2026-09-09T00:36:43,
E3_TSDAE_EP30,frozen,participant,03,no_augmentation,GAD7,46,test,confirmatory,5.007554,4.178045,0.009359,0.193051,0.129252,"[[1, 10, 1, 0], [0, 12, 5, 0], [0, 11, 2, 0], [0, 4, 2, 0]]",0.16,0.529946,"[[25, 4], [17, 2]]",AdaBoost,"{""reg__learning_rate"": 0.033483464901078355, ""reg__n_estimators"": 66}",models/tsdae_e5_small/ep30,random50,"{""augmentation"": ""no_augmentation"", ""beto_model"": ""dccuchile/bert-base-spanish-wwm-cased"", ""chunk_stride"": 256, ""max_tokens"": 512, ""n_cv_splits"": 5, ""n_search_iter"": 50, ""seeds"": [42, 43, 44, 45, 46], ""sentence_transformer_model"": ""intfloat/multilingual-e5-small"", ""tfidf_lemmatize"": true, ""tfidf_max_df"": 0.9, ""tfidf_max_features"": 300, ""tfidf_min_df"": 3, ""tfidf_ngram_range"": [1, 2], ""tfidf_normalize_numbers"": true}",2026-09-09T00:37:50,
E0_TFIDF,frozen,participant,01,no_augmentation,PHQ9,42,test,confirmatory,5.452278,4.41224,0.015414,0.197129,0.206874,"[[0, 3, 6, 0], [0, 3, 9, 0], [0, 1, 13, 0], [0, 0, 13, 0]]",0.645161,0.52381,"[[6, 15], [7, 20]]",RandomForest,{},tfidf,defaults,"{""augmentation"": ""no_augmentation"", ""beto_model"": ""dccuchile/bert-base-spanish-wwm-cased"", ""chunk_stride"": 256, ""max_tokens"": 512, ""n_cv_splits"": 5, ""n_search_iter"": 0, ""seeds"": [42, 43, 44, 45, 46], ""sentence_transformer_model"": ""intfloat/multilingual-e5-small"", ""tfidf_lemmatize"": true, ""tfidf_max_df"": 0.9, ""tfidf_max_features"": 300, ""tfidf_min_df"": 3, ""tfidf_ngram_range"": [1, 2], ""tfidf_normalize_numbers"": true}",2026-09-09T10:37:51,
E0_TFIDF,frozen,participant,01,no_augmentation,GAD7,42,test,confirmatory,4.916075,4.046659,0.045223,0.12987,0.058824,"[[0, 11, 1, 0], [0, 12, 5, 0], [0, 12, 1, 0], [0, 4, 2, 0]]",0.0,0.555354,"[[26, 3], [19, 0]]",RandomForest,{},tfidf,defaults,"{""augmentation"": ""no_augmentation"", ""beto_model"": ""dccuchile/bert-base-spanish-wwm-cased"", ""chunk_stride"": 256, ""max_tokens"": 512, ""n_cv_splits"": 5, ""n_search_iter"": 0, ""seeds"": [42, 43, 44, 45, 46], ""sentence_transformer_model"": ""intfloat/multilingual-e5-small"", ""tfidf_lemmatize"": true, ""tfidf_max_df"": 0.9, ""tfidf_max_features"": 300, ""tfidf_min_df"": 3, ""tfidf_ngram_range"": [1, 2], ""tfidf_normalize_numbers"": true}",2026-09-09T10:38:04,
E0_TFIDF,frozen,participant,01,no_augmentation,PHQ9,43,test,confirmatory,5.647143,4.768194,-0.056223,0.179774,0.088785,"[[0, 4, 5, 0], [0, 2, 8, 2], [0, 3, 10, 1], [0, 3, 9, 1]]",0.689655,0.587302,"[[10, 11], [7, 20]]",AdaBoost,{},tfidf,defaults,"{""augmentation"": ""no_augmentation"", ""beto_model"": ""dccuchile/bert-base-spanish-wwm-cased"", ""chunk_stride"": 256, ""max_tokens"": 512, ""n_cv_splits"": 5, ""n_search_iter"": 0, ""seeds"": [42, 43, 44, 45, 46], ""sentence_transformer_model"": ""intfloat/multilingual-e5-small"", ""tfidf_lemmatize"": true, ""tfidf_max_df"": 0.9, ""tfidf_max_features"": 300, ""tfidf_min_df"": 3, ""tfidf_ngram_range"": [1, 2], ""tfidf_normalize_numbers"": true}",2026-09-09T10:38:17,
E0_TFIDF,frozen,participant,01,no_augmentation,GAD7,43,test,confirmatory,4.934443,4.07895,0.038075,0.152569,0.085537,"[[0, 11, 1, 0], [0, 12, 5, 0], [0, 11, 2, 0], [0, 4, 2, 0]]",0.090909,0.53902,"[[27, 2], [18, 1]]",RandomForest,{},tfidf,defaults,"{""augmentation"": ""no_augmentation"", ""beto_model"": ""dccuchile/bert-base-spanish-wwm-cased"", ""chunk_stride"": 256, ""max_tokens"": 512, ""n_cv_splits"": 5, ""n_search_iter"": 0, ""seeds"": [42, 43, 44, 45, 46], ""sentence_transformer_model"": ""intfloat/multilingual-e5-small"", ""tfidf_lemmatize"": true, ""tfidf_max_df"": 0.9, ""tfidf_max_features"": 300, ""tfidf_min_df"": 3, ""tfidf_ngram_range"": [1, 2], ""tfidf_normalize_numbers"": true}",2026-09-09T10:38:29,
E0_TFIDF,frozen,participant,01,no_augmentation,PHQ9,44,test,confirmatory,5.724395,4.704028,-0.085318,0.225413,0.177446,"[[0, 8, 0, 1], [0, 4, 6, 2], [0, 3, 10, 1], [0, 5, 7, 1]]",0.6,0.611993,"[[13, 8], [12, 15]]",AdaBoost,{},tfidf,defaults,"{""augmentation"": ""no_augmentation"", ""beto_model"": ""dccuchile/bert-base-spanish-wwm-cased"", ""chunk_stride"": 256, ""max_tokens"": 512, ""n_cv_splits"": 5, ""n_search_iter"": 0, ""seeds"": [42, 43, 44, 45, 46], ""sentence_transformer_model"": ""intfloat/multilingual-e5-small"", ""tfidf_lemmatize"": true, ""tfidf_max_df"": 0.9, ""tfidf_max_features"": 300, ""tfidf_min_df"": 3, ""tfidf_ngram_range"": [1, 2], ""tfidf_normalize_numbers"": true}",2026-09-09T10:38:42,
E0_TFIDF,frozen,participant,01,no_augmentation,GAD7,44,test,confirmatory,4.908874,4.028071,0.048018,0.101695,0.014493,"[[0, 12, 0, 0], [0, 12, 5, 0], [0, 13, 0, 0], [0, 5, 1, 0]]",0.0,0.569873,"[[27, 2], [19, 0]]",RandomForest,{},tfidf,defaults,"{""augmentation"": ""no_augmentation"", ""beto_model"": ""dccuchile/bert-base-spanish-wwm-cased"", ""chunk_stride"": 256, ""max_tokens"": 512, ""n_cv_splits"": 5, ""n_search_iter"": 0, ""seeds"": [42, 43, 44, 45, 46], ""sentence_transformer_model"": ""intfloat/multilingual-e5-small"", ""tfidf_lemmatize"": true, ""tfidf_max_df"": 0.9, ""tfidf_max_features"": 300, ""tfidf_min_df"": 3, ""tfidf_ngram_range"": [1, 2], ""tfidf_normalize_numbers"": true}",2026-09-09T10:38:55,
E0_TFIDF,frozen,participant,01,no_augmentation,PHQ9,45,test,confirmatory,5.891945,4.896165,-0.149781,0.185443,0.137563,"[[0, 7, 1, 1], [0, 2, 8, 2], [0, 3, 10, 1], [0, 4, 8, 1]]",0.627451,0.589947,"[[13, 8], [11, 16]]",AdaBoost,{},tfidf,defaults,"{""augmentation"": ""no_augmentation"", ""beto_model"": ""dccuchile/bert-base-spanish-wwm-cased"", ""chunk_stride"": 256, ""max_tokens"": 512, ""n_cv_splits"": 5, ""n_search_iter"": 0, ""seeds"": [42, 43, 44, 45, 46], ""sentence_transformer_model"": ""intfloat/multilingual-e5-small"", ""tfidf_lemmatize"": true, ""tfidf_max_df"": 0.9, ""tfidf_max_features"": 300, ""tfidf_min_df"": 3, ""tfidf_ngram_range"": [1, 2], ""tfidf_normalize_numbers"": true}",2026-09-09T10:39:08,
E0_TFIDF,frozen,participant,01,no_augmentation,GAD7,45,test,confirmatory,4.934403,3.980772,0.038091,0.173077,0.126611,"[[0, 10, 2, 0], [0, 12, 5, 0], [0, 10, 3, 0], [0, 3, 3, 0]]",0.375,0.565336,"[[22, 7], [13, 6]]",AdaBoost,{},tfidf,defaults,"{""augmentation"": ""no_augmentation"", ""beto_model"": ""dccuchile/bert-base-spanish-wwm-cased"", ""chunk_stride"": 256, ""max_tokens"": 512, ""n_cv_splits"": 5, ""n_search_iter"": 0, ""seeds"": [42, 43, 44, 45, 46], ""sentence_transformer_model"": ""intfloat/multilingual-e5-small"", ""tfidf_lemmatize"": true, ""tfidf_max_df"": 0.9, ""tfidf_max_features"": 300, ""tfidf_min_df"": 3, ""tfidf_ngram_range"": [1, 2], ""tfidf_normalize_numbers"": true}",2026-09-09T10:39:20,
E0_TFIDF,frozen,participant,01,no_augmentation,PHQ9,46,test,confirmatory,5.432089,4.414501,0.022691,0.183566,0.108214,"[[0, 3, 6, 0], [0, 3, 9, 0], [0, 2, 12, 0], [0, 2, 11, 0]]",0.724138,0.567901,"[[11, 10], [6, 21]]",RandomForest,{},tfidf,defaults,"{""augmentation"": ""no_augmentation"", ""beto_model"": ""dccuchile/bert-base-spanish-wwm-cased"", ""chunk_stride"": 256, ""max_tokens"": 512, ""n_cv_splits"": 5, ""n_search_iter"": 0, ""seeds"": [42, 43, 44, 45, 46], ""sentence_transformer_model"": ""intfloat/multilingual-e5-small"", ""tfidf_lemmatize"": true, ""tfidf_max_df"": 0.9, ""tfidf_max_features"": 300, ""tfidf_min_df"": 3, ""tfidf_ngram_range"": [1, 2], ""tfidf_normalize_numbers"": true}",2026-09-09T10:39:33,
E0_TFIDF,frozen,participant,01,no_augmentation,GAD7,46,test,confirmatory,4.926308,4.04643,0.041244,0.137845,0.06962,"[[0, 11, 1, 0], [0, 13, 4, 0], [0, 12, 1, 0], [0, 4, 2, 0]]",0.090909,0.562613,"[[27, 2], [18, 1]]",RandomForest,{},tfidf,defaults,"{""augmentation"": ""no_augmentation"", ""beto_model"": ""dccuchile/bert-base-spanish-wwm-cased"", ""chunk_stride"": 256, ""max_tokens"": 512, ""n_cv_splits"": 5, ""n_search_iter"": 0, ""seeds"": [42, 43, 44, 45, 46], ""sentence_transformer_model"": ""intfloat/multilingual-e5-small"", ""tfidf_lemmatize"": true, ""tfidf_max_df"": 0.9, ""tfidf_max_features"": 300, ""tfidf_min_df"": 3, ""tfidf_ngram_range"": [1, 2], ""tfidf_normalize_numbers"": true}",2026-09-09T10:39:46,
E0_TFIDF,frozen,participant,01,no_augmentation,PHQ9,42,test,confirmatory,5.452278,4.41224,0.015414,0.197129,0.206874,"[[0, 3, 6, 0], [0, 3, 9, 0], [0, 1, 13, 0], [0, 0, 13, 0]]",0.645161,0.52381,"[[6, 15], [7, 20]]",RandomForest,{},tfidf,defaults,"{""augmentation"": ""no_augmentation"", ""beto_model"": ""dccuchile/bert-base-spanish-wwm-cased"", ""chunk_stride"": 256, ""max_tokens"": 512, ""n_cv_splits"": 5, ""n_search_iter"": 0, ""seeds"": [42, 43, 44, 45, 46], ""sentence_transformer_model"": ""intfloat/multilingual-e5-small"", ""tfidf_lemmatize"": true, ""tfidf_max_df"": 0.9, ""tfidf_max_features"": 300, ""tfidf_min_df"": 3, ""tfidf_ngram_range"": [1, 2], ""tfidf_normalize_numbers"": true}",2026-09-09T11:18:44,
E0_TFIDF,frozen,participant,01,no_augmentation,GAD7,42,test,confirmatory,4.916075,4.046659,0.045223,0.12987,0.058824,"[[0, 11, 1, 0], [0, 12, 5, 0], [0, 12, 1, 0], [0, 4, 2, 0]]",0.0,0.556261,"[[26, 3], [19, 0]]",RandomForest,{},tfidf,defaults,"{""augmentation"": ""no_augmentation"", ""beto_model"": ""dccuchile/bert-base-spanish-wwm-cased"", ""chunk_stride"": 256, ""max_tokens"": 512, ""n_cv_splits"": 5, ""n_search_iter"": 0, ""seeds"": [42, 43, 44, 45, 46], ""sentence_transformer_model"": ""intfloat/multilingual-e5-small"", ""tfidf_lemmatize"": true, ""tfidf_max_df"": 0.9, ""tfidf_max_features"": 300, ""tfidf_min_df"": 3, ""tfidf_ngram_range"": [1, 2], ""tfidf_normalize_numbers"": true}",2026-09-09T11:18:57,
E0_TFIDF,frozen,participant,01,no_augmentation,PHQ9,43,test,confirmatory,5.647143,4.768194,-0.056223,0.179774,0.088785,"[[0, 4, 5, 0], [0, 2, 8, 2], [0, 3, 10, 1], [0, 3, 9, 1]]",0.689655,0.587302,"[[10, 11], [7, 20]]",AdaBoost,{},tfidf,defaults,"{""augmentation"": ""no_augmentation"", ""beto_model"": ""dccuchile/bert-base-spanish-wwm-cased"", ""chunk_stride"": 256, ""max_tokens"": 512, ""n_cv_splits"": 5, ""n_search_iter"": 0, ""seeds"": [42, 43, 44, 45, 46], ""sentence_transformer_model"": ""intfloat/multilingual-e5-small"", ""tfidf_lemmatize"": true, ""tfidf_max_df"": 0.9, ""tfidf_max_features"": 300, ""tfidf_min_df"": 3, ""tfidf_ngram_range"": [1, 2], ""tfidf_normalize_numbers"": true}",2026-09-09T11:19:09,
E0_TFIDF,frozen,participant,01,no_augmentation,GAD7,43,test,confirmatory,4.934443,4.07895,0.038075,0.152569,0.085537,"[[0, 11, 1, 0], [0, 12, 5, 0], [0, 11, 2, 0], [0, 4, 2, 0]]",0.090909,0.53902,"[[27, 2], [18, 1]]",RandomForest,{},tfidf,defaults,"{""augmentation"": ""no_augmentation"", ""beto_model"": ""dccuchile/bert-base-spanish-wwm-cased"", ""chunk_stride"": 256, ""max_tokens"": 512, ""n_cv_splits"": 5, ""n_search_iter"": 0, ""seeds"": [42, 43, 44, 45, 46], ""sentence_transformer_model"": ""intfloat/multilingual-e5-small"", ""tfidf_lemmatize"": true, ""tfidf_max_df"": 0.9, ""tfidf_max_features"": 300, ""tfidf_min_df"": 3, ""tfidf_ngram_range"": [1, 2], ""tfidf_normalize_numbers"": true}",2026-09-09T11:19:22,
E0_TFIDF,frozen,participant,01,no_augmentation,PHQ9,44,test,confirmatory,5.724395,4.704028,-0.085318,0.225413,0.177446,"[[0, 8, 0, 1], [0, 4, 6, 2], [0, 3, 10, 1], [0, 5, 7, 1]]",0.6,0.611993,"[[13, 8], [12, 15]]",AdaBoost,{},tfidf,defaults,"{""augmentation"": ""no_augmentation"", ""beto_model"": ""dccuchile/bert-base-spanish-wwm-cased"", ""chunk_stride"": 256, ""max_tokens"": 512, ""n_cv_splits"": 5, ""n_search_iter"": 0, ""seeds"": [42, 43, 44, 45, 46], ""sentence_transformer_model"": ""intfloat/multilingual-e5-small"", ""tfidf_lemmatize"": true, ""tfidf_max_df"": 0.9, ""tfidf_max_features"": 300, ""tfidf_min_df"": 3, ""tfidf_ngram_range"": [1, 2], ""tfidf_normalize_numbers"": true}",2026-09-09T11:19:35,
E0_TFIDF,frozen,participant,01,no_augmentation,GAD7,44,test,confirmatory,4.908874,4.028071,0.048018,0.101695,0.014493,"[[0, 12, 0, 0], [0, 12, 5, 0], [0, 13, 0, 0], [0, 5, 1, 0]]",0.0,0.569873,"[[27, 2], [19, 0]]",RandomForest,{},tfidf,defaults,"{""augmentation"": ""no_augmentation"", ""beto_model"": ""dccuchile/bert-base-spanish-wwm-cased"", ""chunk_stride"": 256, ""max_tokens"": 512, ""n_cv_splits"": 5, ""n_search_iter"": 0, ""seeds"": [42, 43, 44, 45, 46], ""sentence_transformer_model"": ""intfloat/multilingual-e5-small"", ""tfidf_lemmatize"": true, ""tfidf_max_df"": 0.9, ""tfidf_max_features"": 300, ""tfidf_min_df"": 3, ""tfidf_ngram_range"": [1, 2], ""tfidf_normalize_numbers"": true}",2026-09-09T11:19:47,
E0_TFIDF,frozen,participant,01,no_augmentation,PHQ9,45,test,confirmatory,5.891945,4.896165,-0.149781,0.185443,0.137563,"[[0, 7, 1, 1], [0, 2, 8, 2], [0, 3, 10, 1], [0, 4, 8, 1]]",0.627451,0.589947,"[[13, 8], [11, 16]]",AdaBoost,{},tfidf,defaults,"{""augmentation"": ""no_augmentation"", ""beto_model"": ""dccuchile/bert-base-spanish-wwm-cased"", ""chunk_stride"": 256, ""max_tokens"": 512, ""n_cv_splits"": 5, ""n_search_iter"": 0, ""seeds"": [42, 43, 44, 45, 46], ""sentence_transformer_model"": ""intfloat/multilingual-e5-small"", ""tfidf_lemmatize"": true, ""tfidf_max_df"": 0.9, ""tfidf_max_features"": 300, ""tfidf_min_df"": 3, ""tfidf_ngram_range"": [1, 2], ""tfidf_normalize_numbers"": true}",2026-09-09T11:20:00,
E0_TFIDF,frozen,participant,01,no_augmentation,GAD7,45,test,confirmatory,4.934403,3.980772,0.038091,0.173077,0.126611,"[[0, 10, 2, 0], [0, 12, 5, 0], [0, 10, 3, 0], [0, 3, 3, 0]]",0.375,0.565336,"[[22, 7], [13, 6]]",AdaBoost,{},tfidf,defaults,"{""augmentation"": ""no_augmentation"", ""beto_model"": ""dccuchile/bert-base-spanish-wwm-cased"", ""chunk_stride"": 256, ""max_tokens"": 512, ""n_cv_splits"": 5, ""n_search_iter"": 0, ""seeds"": [42, 43, 44, 45, 46], ""sentence_transformer_model"": ""intfloat/multilingual-e5-small"", ""tfidf_lemmatize"": true, ""tfidf_max_df"": 0.9, ""tfidf_max_features"": 300, ""tfidf_min_df"": 3, ""tfidf_ngram_range"": [1, 2], ""tfidf_normalize_numbers"": true}",2026-09-09T11:20:13,
E0_TFIDF,frozen,participant,01,no_augmentation,PHQ9,46,test,confirmatory,5.432089,4.414501,0.022691,0.183566,0.108214,"[[0, 3, 6, 0], [0, 3, 9, 0], [0, 2, 12, 0], [0, 2, 11, 0]]",0.724138,0.567901,"[[11, 10], [6, 21]]",RandomForest,{},tfidf,defaults,"{""augmentation"": ""no_augmentation"", ""beto_model"": ""dccuchile/bert-base-spanish-wwm-cased"", ""chunk_stride"": 256, ""max_tokens"": 512, ""n_cv_splits"": 5, ""n_search_iter"": 0, ""seeds"": [42, 43, 44, 45, 46], ""sentence_transformer_model"": ""intfloat/multilingual-e5-small"", ""tfidf_lemmatize"": true, ""tfidf_max_df"": 0.9, ""tfidf_max_features"": 300, ""tfidf_min_df"": 3, ""tfidf_ngram_range"": [1, 2], ""tfidf_normalize_numbers"": true}",2026-09-09T11:20:26,
E0_TFIDF,frozen,participant,01,no_augmentation,GAD7,46,test,confirmatory,4.926308,4.04643,0.041244,0.137845,0.06962,"[[0, 11, 1, 0], [0, 13, 4, 0], [0, 12, 1, 0], [0, 4, 2, 0]]",0.090909,0.562613,"[[27, 2], [18, 1]]",RandomForest,{},tfidf,defaults,"{""augmentation"": ""no_augmentation"", ""beto_model"": ""dccuchile/bert-base-spanish-wwm-cased"", ""chunk_stride"": 256, ""max_tokens"": 512, ""n_cv_splits"": 5, ""n_search_iter"": 0, ""seeds"": [42, 43, 44, 45, 46], ""sentence_transformer_model"": ""intfloat/multilingual-e5-small"", ""tfidf_lemmatize"": true, ""tfidf_max_df"": 0.9, ""tfidf_max_features"": 300, ""tfidf_min_df"": 3, ""tfidf_ngram_range"": [1, 2], ""tfidf_normalize_numbers"": true}",2026-09-09T11:20:39,
E1_BETO,frozen,participant,01,no_augmentation,PHQ9,42,test,confirmatory,4.912919,3.96796,0.200576,0.332256,0.294118,"[[1, 5, 3, 0], [0, 5, 5, 2], [0, 3, 11, 0], [0, 3, 8, 2]]",0.736842,0.700176,"[[12, 9], [6, 21]]",SVR,{},dccuchile/bert-base-spanish-wwm-cased,defaults,"{""augmentation"": ""no_augmentation"", ""beto_model"": ""dccuchile/bert-base-spanish-wwm-cased"", ""chunk_stride"": 256, ""max_tokens"": 512, ""n_cv_splits"": 5, ""n_search_iter"": 0, ""seeds"": [42, 43, 44, 45, 46], ""sentence_transformer_model"": ""intfloat/multilingual-e5-small"", ""tfidf_lemmatize"": true, ""tfidf_max_df"": 0.9, ""tfidf_max_features"": 300, ""tfidf_min_df"": 3, ""tfidf_ngram_range"": [1, 2], ""tfidf_normalize_numbers"": true}",2026-09-09T11:21:17,
E1_BETO,frozen,participant,01,no_augmentation,GAD7,42,test,confirmatory,4.45608,3.645794,0.21554,0.238816,0.365714,"[[1, 10, 1, 0], [0, 11, 6, 0], [0, 8, 5, 0], [0, 1, 5, 0]]",0.484848,0.718693,"[[23, 6], [11, 8]]",SVR,{},dccuchile/bert-base-spanish-wwm-cased,defaults,"{""augmentation"": ""no_augmentation"", ""beto_model"": ""dccuchile/bert-base-spanish-wwm-cased"", ""chunk_stride"": 256, ""max_tokens"": 512, ""n_cv_splits"": 5, ""n_search_iter"": 0, ""seeds"": [42, 43, 44, 45, 46], ""sentence_transformer_model"": ""intfloat/multilingual-e5-small"", ""tfidf_lemmatize"": true, ""tfidf_max_df"": 0.9, ""tfidf_max_features"": 300, ""tfidf_min_df"": 3, ""tfidf_ngram_range"": [1, 2], ""tfidf_normalize_numbers"": true}",2026-09-09T11:21:55,
E1_BETO,frozen,participant,01,no_augmentation,PHQ9,43,test,confirmatory,4.912919,3.96796,0.200576,0.332256,0.294118,"[[1, 5, 3, 0], [0, 5, 5, 2], [0, 3, 11, 0], [0, 3, 8, 2]]",0.736842,0.700176,"[[12, 9], [6, 21]]",SVR,{},dccuchile/bert-base-spanish-wwm-cased,defaults,"{""augmentation"": ""no_augmentation"", ""beto_model"": ""dccuchile/bert-base-spanish-wwm-cased"", ""chunk_stride"": 256, ""max_tokens"": 512, ""n_cv_splits"": 5, ""n_search_iter"": 0, ""seeds"": [42, 43, 44, 45, 46], ""sentence_transformer_model"": ""intfloat/multilingual-e5-small"", ""tfidf_lemmatize"": true, ""tfidf_max_df"": 0.9, ""tfidf_max_features"": 300, ""tfidf_min_df"": 3, ""tfidf_ngram_range"": [1, 2], ""tfidf_normalize_numbers"": true}",2026-09-09T11:22:33,
E1_BETO,frozen,participant,01,no_augmentation,GAD7,43,test,confirmatory,4.45608,3.645794,0.21554,0.238816,0.365714,"[[1, 10, 1, 0], [0, 11, 6, 0], [0, 8, 5, 0], [0, 1, 5, 0]]",0.484848,0.718693,"[[23, 6], [11, 8]]",SVR,{},dccuchile/bert-base-spanish-wwm-cased,defaults,"{""augmentation"": ""no_augmentation"", ""beto_model"": ""dccuchile/bert-base-spanish-wwm-cased"", ""chunk_stride"": 256, ""max_tokens"": 512, ""n_cv_splits"": 5, ""n_search_iter"": 0, ""seeds"": [42, 43, 44, 45, 46], ""sentence_transformer_model"": ""intfloat/multilingual-e5-small"", ""tfidf_lemmatize"": true, ""tfidf_max_df"": 0.9, ""tfidf_max_features"": 300, ""tfidf_min_df"": 3, ""tfidf_ngram_range"": [1, 2], ""tfidf_normalize_numbers"": true}",2026-09-09T11:23:11,
E1_BETO,frozen,participant,01,no_augmentation,PHQ9,44,test,confirmatory,4.912919,3.96796,0.200576,0.332256,0.294118,"[[1, 5, 3, 0], [0, 5, 5, 2], [0, 3, 11, 0], [0, 3, 8, 2]]",0.736842,0.700176,"[[12, 9], [6, 21]]",SVR,{},dccuchile/bert-base-spanish-wwm-cased,defaults,"{""augmentation"": ""no_augmentation"", ""beto_model"": ""dccuchile/bert-base-spanish-wwm-cased"", ""chunk_stride"": 256, ""max_tokens"": 512, ""n_cv_splits"": 5, ""n_search_iter"": 0, ""seeds"": [42, 43, 44, 45, 46], ""sentence_transformer_model"": ""intfloat/multilingual-e5-small"", ""tfidf_lemmatize"": true, ""tfidf_max_df"": 0.9, ""tfidf_max_features"": 300, ""tfidf_min_df"": 3, ""tfidf_ngram_range"": [1, 2], ""tfidf_normalize_numbers"": true}",2026-09-09T11:23:50,
E1_BETO,frozen,participant,01,no_augmentation,GAD7,44,test,confirmatory,4.45608,3.645794,0.21554,0.238816,0.365714,"[[1, 10, 1, 0], [0, 11, 6, 0], [0, 8, 5, 0], [0, 1, 5, 0]]",0.484848,0.718693,"[[23, 6], [11, 8]]",SVR,{},dccuchile/bert-base-spanish-wwm-cased,defaults,"{""augmentation"": ""no_augmentation"", ""beto_model"": ""dccuchile/bert-base-spanish-wwm-cased"", ""chunk_stride"": 256, ""max_tokens"": 512, ""n_cv_splits"": 5, ""n_search_iter"": 0, ""seeds"": [42, 43, 44, 45, 46], ""sentence_transformer_model"": ""intfloat/multilingual-e5-small"", ""tfidf_lemmatize"": true, ""tfidf_max_df"": 0.9, ""tfidf_max_features"": 300, ""tfidf_min_df"": 3, ""tfidf_ngram_range"": [1, 2], ""tfidf_normalize_numbers"": true}",2026-09-09T11:24:38,
E1_BETO,frozen,participant,01,no_augmentation,PHQ9,45,test,confirmatory,5.05633,4.14322,0.153224,0.183743,0.313108,"[[0, 7, 1, 1], [0, 4, 7, 1], [0, 6, 7, 1], [0, 0, 12, 1]]",0.678571,0.663139,"[[11, 10], [8, 19]]",GradientBoosting,{},dccuchile/bert-base-spanish-wwm-cased,defaults,"{""augmentation"": ""no_augmentation"", ""beto_model"": ""dccuchile/bert-base-spanish-wwm-cased"", ""chunk_stride"": 256, ""max_tokens"": 512, ""n_cv_splits"": 5, ""n_search_iter"": 0, ""seeds"": [42, 43, 44, 45, 46], ""sentence_transformer_model"": ""intfloat/multilingual-e5-small"", ""tfidf_lemmatize"": true, ""tfidf_max_df"": 0.9, ""tfidf_max_features"": 300, ""tfidf_min_df"": 3, ""tfidf_ngram_range"": [1, 2], ""tfidf_normalize_numbers"": true}",2026-09-09T11:25:45,
E1_BETO,frozen,participant,01,no_augmentation,GAD7,45,test,confirmatory,4.45608,3.645794,0.21554,0.238816,0.365714,"[[1, 10, 1, 0], [0, 11, 6, 0], [0, 8, 5, 0], [0, 1, 5, 0]]",0.484848,0.718693,"[[23, 6], [11, 8]]",SVR,{},dccuchile/bert-base-spanish-wwm-cased,defaults,"{""augmentation"": ""no_augmentation"", ""beto_model"": ""dccuchile/bert-base-spanish-wwm-cased"", ""chunk_stride"": 256, ""max_tokens"": 512, ""n_cv_splits"": 5, ""n_search_iter"": 0, ""seeds"": [42, 43, 44, 45, 46], ""sentence_transformer_model"": ""intfloat/multilingual-e5-small"", ""tfidf_lemmatize"": true, ""tfidf_max_df"": 0.9, ""tfidf_max_features"": 300, ""tfidf_min_df"": 3, ""tfidf_ngram_range"": [1, 2], ""tfidf_normalize_numbers"": true}",2026-09-09T11:26:36,
E1_BETO,frozen,participant,01,no_augmentation,PHQ9,46,test,confirmatory,4.912919,3.96796,0.200576,0.332256,0.294118,"[[1, 5, 3, 0], [0, 5, 5, 2], [0, 3, 11, 0], [0, 3, 8, 2]]",0.736842,0.700176,"[[12, 9], [6, 21]]",SVR,{},dccuchile/bert-base-spanish-wwm-cased,defaults,"{""augmentation"": ""no_augmentation"", ""beto_model"": ""dccuchile/bert-base-spanish-wwm-cased"", ""chunk_stride"": 256, ""max_tokens"": 512, ""n_cv_splits"": 5, ""n_search_iter"": 0, ""seeds"": [42, 43, 44, 45, 46], ""sentence_transformer_model"": ""intfloat/multilingual-e5-small"", ""tfidf_lemmatize"": true, ""tfidf_max_df"": 0.9, ""tfidf_max_features"": 300, ""tfidf_min_df"": 3, ""tfidf_ngram_range"": [1, 2], ""tfidf_normalize_numbers"": true}",2026-09-09T11:27:14,
E1_BETO,frozen,participant,01,no_augmentation,GAD7,46,test,confirmatory,4.45608,3.645794,0.21554,0.238816,0.365714,"[[1, 10, 1, 0], [0, 11, 6, 0], [0, 8, 5, 0], [0, 1, 5, 0]]",0.484848,0.718693,"[[23, 6], [11, 8]]",SVR,{},dccuchile/bert-base-spanish-wwm-cased,defaults,"{""augmentation"": ""no_augmentation"", ""beto_model"": ""dccuchile/bert-base-spanish-wwm-cased"", ""chunk_stride"": 256, ""max_tokens"": 512, ""n_cv_splits"": 5, ""n_search_iter"": 0, ""seeds"": [42, 43, 44, 45, 46], ""sentence_transformer_model"": ""intfloat/multilingual-e5-small"", ""tfidf_lemmatize"": true, ""tfidf_max_df"": 0.9, ""tfidf_max_features"": 300, ""tfidf_min_df"": 3, ""tfidf_ngram_range"": [1, 2], ""tfidf_normalize_numbers"": true}",2026-09-09T11:27:53,
E2_E5SMALL,frozen,participant,01,no_augmentation,PHQ9,42,test,confirmatory,4.829946,3.912166,0.227351,0.25049,0.329532,"[[0, 8, 0, 1], [0, 4, 7, 1], [0, 4, 10, 0], [0, 2, 9, 2]]",0.714286,0.686067,"[[12, 9], [7, 20]]",AdaBoost,{},intfloat/multilingual-e5-small,defaults,"{""augmentation"": ""no_augmentation"", ""beto_model"": ""dccuchile/bert-base-spanish-wwm-cased"", ""chunk_stride"": 256, ""max_tokens"": 512, ""n_cv_splits"": 5, ""n_search_iter"": 0, ""seeds"": [42, 43, 44, 45, 46], ""sentence_transformer_model"": ""intfloat/multilingual-e5-small"", ""tfidf_lemmatize"": true, ""tfidf_max_df"": 0.9, ""tfidf_max_features"": 300, ""tfidf_min_df"": 3, ""tfidf_ngram_range"": [1, 2], ""tfidf_normalize_numbers"": true}",2026-09-09T11:28:14,
E2_E5SMALL,frozen,participant,01,no_augmentation,GAD7,42,test,confirmatory,4.562767,3.755972,0.177527,0.163399,0.22406,"[[0, 11, 1, 0], [0, 11, 6, 0], [0, 10, 3, 0], [0, 2, 4, 0]]",0.181818,0.680581,"[[28, 1], [17, 2]]",RandomForest,{},intfloat/multilingual-e5-small,defaults,"{""augmentation"": ""no_augmentation"", ""beto_model"": ""dccuchile/bert-base-spanish-wwm-cased"", ""chunk_stride"": 256, ""max_tokens"": 512, ""n_cv_splits"": 5, ""n_search_iter"": 0, ""seeds"": [42, 43, 44, 45, 46], ""sentence_transformer_model"": ""intfloat/multilingual-e5-small"", ""tfidf_lemmatize"": true, ""tfidf_max_df"": 0.9, ""tfidf_max_features"": 300, ""tfidf_min_df"": 3, ""tfidf_ngram_range"": [1, 2], ""tfidf_normalize_numbers"": true}",2026-09-09T11:28:36,
E2_E5SMALL,frozen,participant,01,no_augmentation,PHQ9,43,test,confirmatory,5.00938,4.146304,0.168876,0.364646,0.341744,"[[2, 4, 3, 0], [0, 5, 6, 1], [0, 4, 10, 0], [0, 3, 8, 2]]",0.68,0.654321,"[[15, 6], [10, 17]]",LightGBM,{},intfloat/multilingual-e5-small,defaults,"{""augmentation"": ""no_augmentation"", ""beto_model"": ""dccuchile/bert-base-spanish-wwm-cased"", ""chunk_stride"": 256, ""max_tokens"": 512, ""n_cv_splits"": 5, ""n_search_iter"": 0, ""seeds"": [42, 43, 44, 45, 46], ""sentence_transformer_model"": ""intfloat/multilingual-e5-small"", ""tfidf_lemmatize"": true, ""tfidf_max_df"": 0.9, ""tfidf_max_features"": 300, ""tfidf_min_df"": 3, ""tfidf_ngram_range"": [1, 2], ""tfidf_normalize_numbers"": true}",2026-09-09T11:28:57,
E2_E5SMALL,frozen,participant,01,no_augmentation,GAD7,43,test,confirmatory,4.504592,3.608312,0.198366,0.268053,0.285922,"[[1, 10, 1, 0], [0, 12, 5, 0], [0, 7, 6, 0], [0, 3, 3, 0]]",0.384615,0.692377,"[[27, 2], [14, 5]]",AdaBoost,{},intfloat/multilingual-e5-small,defaults,"{""augmentation"": ""no_augmentation"", ""beto_model"": ""dccuchile/bert-base-spanish-wwm-cased"", ""chunk_stride"": 256, ""max_tokens"": 512, ""n_cv_splits"": 5, ""n_search_iter"": 0, ""seeds"": [42, 43, 44, 45, 46], ""sentence_transformer_model"": ""intfloat/multilingual-e5-small"", ""tfidf_lemmatize"": true, ""tfidf_max_df"": 0.9, ""tfidf_max_features"": 300, ""tfidf_min_df"": 3, ""tfidf_ngram_range"": [1, 2], ""tfidf_normalize_numbers"": true}",2026-09-09T11:29:18,
E2_E5SMALL,frozen,participant,01,no_augmentation,PHQ9,44,test,confirmatory,4.99562,4.145084,0.173435,0.390729,0.452109,"[[2, 5, 2, 0], [1, 6, 3, 2], [0, 4, 9, 1], [0, 2, 8, 3]]",0.692308,0.679012,"[[14, 7], [9, 18]]",LightGBM,{},intfloat/multilingual-e5-small,defaults,"{""augmentation"": ""no_augmentation"", ""beto_model"": ""dccuchile/bert-base-spanish-wwm-cased"", ""chunk_stride"": 256, ""max_tokens"": 512, ""n_cv_splits"": 5, ""n_search_iter"": 0, ""seeds"": [42, 43, 44, 45, 46], ""sentence_transformer_model"": ""intfloat/multilingual-e5-small"", ""tfidf_lemmatize"": true, ""tfidf_max_df"": 0.9, ""tfidf_max_features"": 300, ""tfidf_min_df"": 3, ""tfidf_ngram_range"": [1, 2], ""tfidf_normalize_numbers"": true}",2026-09-09T11:29:39,
E2_E5SMALL,frozen,participant,01,no_augmentation,GAD7,44,test,confirmatory,4.369835,3.551611,0.245612,0.198452,0.272189,"[[0, 11, 1, 0], [0, 11, 6, 0], [0, 8, 5, 0], [0, 2, 4, 0]]",0.357143,0.705989,"[[25, 4], [14, 5]]",SVR,{},intfloat/multilingual-e5-small,defaults,"{""augmentation"": ""no_augmentation"", ""beto_model"": ""dccuchile/bert-base-spanish-wwm-cased"", ""chunk_stride"": 256, ""max_tokens"": 512, ""n_cv_splits"": 5, ""n_search_iter"": 0, ""seeds"": [42, 43, 44, 45, 46], ""sentence_transformer_model"": ""intfloat/multilingual-e5-small"", ""tfidf_lemmatize"": true, ""tfidf_max_df"": 0.9, ""tfidf_max_features"": 300, ""tfidf_min_df"": 3, ""tfidf_ngram_range"": [1, 2], ""tfidf_normalize_numbers"": true}",2026-09-09T11:30:00,
E2_E5SMALL,frozen,participant,01,no_augmentation,PHQ9,45,test,confirmatory,4.799099,3.915324,0.237188,0.207143,0.354067,"[[0, 8, 0, 1], [0, 4, 8, 0], [0, 5, 9, 0], [0, 1, 11, 1]]",0.703704,0.671958,"[[13, 8], [8, 19]]",SVR,{},intfloat/multilingual-e5-small,defaults,"{""augmentation"": ""no_augmentation"", ""beto_model"": ""dccuchile/bert-base-spanish-wwm-cased"", ""chunk_stride"": 256, ""max_tokens"": 512, ""n_cv_splits"": 5, ""n_search_iter"": 0, ""seeds"": [42, 43, 44, 45, 46], ""sentence_transformer_model"": ""intfloat/multilingual-e5-small"", ""tfidf_lemmatize"": true, ""tfidf_max_df"": 0.9, ""tfidf_max_features"": 300, ""tfidf_min_df"": 3, ""tfidf_ngram_range"": [1, 2], ""tfidf_normalize_numbers"": true}",2026-09-09T11:30:21,
E2_E5SMALL,frozen,participant,01,no_augmentation,GAD7,45,test,confirmatory,4.419108,3.49844,0.228503,0.239992,0.251089,"[[1, 10, 1, 0], [0, 11, 6, 0], [0, 8, 5, 0], [0, 3, 3, 0]]",0.344828,0.684211,"[[24, 5], [14, 5]]",AdaBoost,{},intfloat/multilingual-e5-small,defaults,"{""augmentation"": ""no_augmentation"", ""beto_model"": ""dccuchile/bert-base-spanish-wwm-cased"", ""chunk_stride"": 256, ""max_tokens"": 512, ""n_cv_splits"": 5, ""n_search_iter"": 0, ""seeds"": [42, 43, 44, 45, 46], ""sentence_transformer_model"": ""intfloat/multilingual-e5-small"", ""tfidf_lemmatize"": true, ""tfidf_max_df"": 0.9, ""tfidf_max_features"": 300, ""tfidf_min_df"": 3, ""tfidf_ngram_range"": [1, 2], ""tfidf_normalize_numbers"": true}",2026-09-09T11:30:43,
E2_E5SMALL,frozen,participant,01,no_augmentation,PHQ9,46,test,confirmatory,4.925566,4.07792,0.196455,0.383949,0.445669,"[[2, 4, 3, 0], [0, 6, 5, 1], [0, 5, 8, 1], [0, 1, 9, 3]]",0.692308,0.680776,"[[14, 7], [9, 18]]",LightGBM,{},intfloat/multilingual-e5-small,defaults,"{""augmentation"": ""no_augmentation"", ""beto_model"": ""dccuchile/bert-base-spanish-wwm-cased"", ""chunk_stride"": 256, ""max_tokens"": 512, ""n_cv_splits"": 5, ""n_search_iter"": 0, ""seeds"": [42, 43, 44, 45, 46], ""sentence_transformer_model"": ""intfloat/multilingual-e5-small"", ""tfidf_lemmatize"": true, ""tfidf_max_df"": 0.9, ""tfidf_max_features"": 300, ""tfidf_min_df"": 3, ""tfidf_ngram_range"": [1, 2], ""tfidf_normalize_numbers"": true}",2026-09-09T11:31:04,
E2_E5SMALL,frozen,participant,01,no_augmentation,GAD7,46,test,confirmatory,4.358912,3.459797,0.249378,0.225897,0.307692,"[[0, 11, 1, 0], [0, 12, 5, 0], [0, 7, 6, 0], [0, 2, 4, 0]]",0.344828,0.711434,"[[24, 5], [14, 5]]",AdaBoost,{},intfloat/multilingual-e5-small,defaults,"{""augmentation"": ""no_augmentation"", ""beto_model"": ""dccuchile/bert-base-spanish-wwm-cased"", ""chunk_stride"": 256, ""max_tokens"": 512, ""n_cv_splits"": 5, ""n_search_iter"": 0, ""seeds"": [42, 43, 44, 45, 46], ""sentence_transformer_model"": ""intfloat/multilingual-e5-small"", ""tfidf_lemmatize"": true, ""tfidf_max_df"": 0.9, ""tfidf_max_features"": 300, ""tfidf_min_df"": 3, ""tfidf_ngram_range"": [1, 2], ""tfidf_normalize_numbers"": true}",2026-09-09T11:31:25,
E2_E5BASE,frozen,participant,01,no_augmentation,PHQ9,42,test,confirmatory,4.871437,4.044614,0.214019,0.32416,0.320755,"[[1, 6, 1, 1], [0, 4, 7, 1], [0, 3, 8, 3], [0, 4, 5, 4]]",0.701754,0.733686,"[[11, 10], [7, 20]]",AdaBoost,{},intfloat/multilingual-e5-base,defaults,"{""augmentation"": ""no_augmentation"", ""beto_model"": ""dccuchile/bert-base-spanish-wwm-cased"", ""chunk_stride"": 256, ""max_tokens"": 512, ""n_cv_splits"": 5, ""n_search_iter"": 0, ""seeds"": [42, 43, 44, 45, 46], ""sentence_transformer_model"": ""intfloat/multilingual-e5-small"", ""tfidf_lemmatize"": true, ""tfidf_max_df"": 0.9, ""tfidf_max_features"": 300, ""tfidf_min_df"": 3, ""tfidf_ngram_range"": [1, 2], ""tfidf_normalize_numbers"": true}",2026-09-09T11:32:04,
E2_E5BASE,frozen,participant,01,no_augmentation,GAD7,42,test,confirmatory,4.28932,3.367286,0.273155,0.305804,0.342015,"[[2, 8, 2, 0], [0, 11, 6, 0], [0, 6, 7, 0], [0, 2, 4, 0]]",0.470588,0.733212,"[[22, 7], [11, 8]]",SVR,{},intfloat/multilingual-e5-base,defaults,"{""augmentation"": ""no_augmentation"", ""beto_model"": ""dccuchile/bert-base-spanish-wwm-cased"", ""chunk_stride"": 256, ""max_tokens"": 512, ""n_cv_splits"": 5, ""n_search_iter"": 0, ""seeds"": [42, 43, 44, 45, 46], ""sentence_transformer_model"": ""intfloat/multilingual-e5-small"", ""tfidf_lemmatize"": true, ""tfidf_max_df"": 0.9, ""tfidf_max_features"": 300, ""tfidf_min_df"": 3, ""tfidf_ngram_range"": [1, 2], ""tfidf_normalize_numbers"": true}",2026-09-09T11:32:42,
E2_E5BASE,frozen,participant,01,no_augmentation,PHQ9,43,test,confirmatory,4.839338,4.016825,0.224343,0.323449,0.35426,"[[1, 6, 1, 1], [0, 4, 7, 1], [0, 3, 8, 3], [0, 3, 6, 4]]",0.701754,0.737213,"[[11, 10], [7, 20]]",AdaBoost,{},intfloat/multilingual-e5-base,defaults,"{""augmentation"": ""no_augmentation"", ""beto_model"": ""dccuchile/bert-base-spanish-wwm-cased"", ""chunk_stride"": 256, ""max_tokens"": 512, ""n_cv_splits"": 5, ""n_search_iter"": 0, ""seeds"": [42, 43, 44, 45, 46], ""sentence_transformer_model"": ""intfloat/multilingual-e5-small"", ""tfidf_lemmatize"": true, ""tfidf_max_df"": 0.9, ""tfidf_max_features"": 300, ""tfidf_min_df"": 3, ""tfidf_ngram_range"": [1, 2], ""tfidf_normalize_numbers"": true}",2026-09-09T11:33:20,
E2_E5BASE,frozen,participant,01,no_augmentation,GAD7,43,test,confirmatory,4.28932,3.367286,0.273155,0.305804,0.342015,"[[2, 8, 2, 0], [0, 11, 6, 0], [0, 6, 7, 0], [0, 2, 4, 0]]",0.470588,0.733212,"[[22, 7], [11, 8]]",SVR,{},intfloat/multilingual-e5-base,defaults,"{""augmentation"": ""no_augmentation"", ""beto_model"": ""dccuchile/bert-base-spanish-wwm-cased"", ""chunk_stride"": 256, ""max_tokens"": 512, ""n_cv_splits"": 5, ""n_search_iter"": 0, ""seeds"": [42, 43, 44, 45, 46], ""sentence_transformer_model"": ""intfloat/multilingual-e5-small"", ""tfidf_lemmatize"": true, ""tfidf_max_df"": 0.9, ""tfidf_max_features"": 300, ""tfidf_min_df"": 3, ""tfidf_ngram_range"": [1, 2], ""tfidf_normalize_numbers"": true}",2026-09-09T11:33:58,
E2_E5BASE,frozen,participant,01,no_augmentation,PHQ9,44,test,confirmatory,4.83781,3.897299,0.224832,0.358421,0.371123,"[[2, 4, 2, 1], [0, 4, 7, 1], [0, 2, 11, 1], [0, 1, 10, 2]]",0.733333,0.689594,"[[10, 11], [5, 22]]",SVR,{},intfloat/multilingual-e5-base,defaults,"{""augmentation"": ""no_augmentation"", ""beto_model"": ""dccuchile/bert-base-spanish-wwm-cased"", ""chunk_stride"": 256, ""max_tokens"": 512, ""n_cv_splits"": 5, ""n_search_iter"": 0, ""seeds"": [42, 43, 44, 45, 46], ""sentence_transformer_model"": ""intfloat/multilingual-e5-small"", ""tfidf_lemmatize"": true, ""tfidf_max_df"": 0.9, ""tfidf_max_features"": 300, ""tfidf_min_df"": 3, ""tfidf_ngram_range"": [1, 2], ""tfidf_normalize_numbers"": true}",2026-09-09T11:34:37,
E2_E5BASE,frozen,participant,01,no_augmentation,GAD7,44,test,confirmatory,4.28932,3.367286,0.273155,0.305804,0.342015,"[[2, 8, 2, 0], [0, 11, 6, 0], [0, 6, 7, 0], [0, 2, 4, 0]]",0.470588,0.733212,"[[22, 7], [11, 8]]",SVR,{},intfloat/multilingual-e5-base,defaults,"{""augmentation"": ""no_augmentation"", ""beto_model"": ""dccuchile/bert-base-spanish-wwm-cased"", ""chunk_stride"": 256, ""max_tokens"": 512, ""n_cv_splits"": 5, ""n_search_iter"": 0, ""seeds"": [42, 43, 44, 45, 46], ""sentence_transformer_model"": ""intfloat/multilingual-e5-small"", ""tfidf_lemmatize"": true, ""tfidf_max_df"": 0.9, ""tfidf_max_features"": 300, ""tfidf_min_df"": 3, ""tfidf_ngram_range"": [1, 2], ""tfidf_normalize_numbers"": true}",2026-09-09T11:35:15,
E2_E5BASE,frozen,participant,01,no_augmentation,PHQ9,45,test,confirmatory,4.83781,3.897299,0.224832,0.358421,0.371123,"[[2, 4, 2, 1], [0, 4, 7, 1], [0, 2, 11, 1], [0, 1, 10, 2]]",0.733333,0.689594,"[[10, 11], [5, 22]]",SVR,{},intfloat/multilingual-e5-base,defaults,"{""augmentation"": ""no_augmentation"", ""beto_model"": ""dccuchile/bert-base-spanish-wwm-cased"", ""chunk_stride"": 256, ""max_tokens"": 512, ""n_cv_splits"": 5, ""n_search_iter"": 0, ""seeds"": [42, 43, 44, 45, 46], ""sentence_transformer_model"": ""intfloat/multilingual-e5-small"", ""tfidf_lemmatize"": true, ""tfidf_max_df"": 0.9, ""tfidf_max_features"": 300, ""tfidf_min_df"": 3, ""tfidf_ngram_range"": [1, 2], ""tfidf_normalize_numbers"": true}",2026-09-09T11:35:53,
E2_E5BASE,frozen,participant,01,no_augmentation,GAD7,45,test,confirmatory,4.28932,3.367286,0.273155,0.305804,0.342015,"[[2, 8, 2, 0], [0, 11, 6, 0], [0, 6, 7, 0], [0, 2, 4, 0]]",0.470588,0.733212,"[[22, 7], [11, 8]]",SVR,{},intfloat/multilingual-e5-base,defaults,"{""augmentation"": ""no_augmentation"", ""beto_model"": ""dccuchile/bert-base-spanish-wwm-cased"", ""chunk_stride"": 256, ""max_tokens"": 512, ""n_cv_splits"": 5, ""n_search_iter"": 0, ""seeds"": [42, 43, 44, 45, 46], ""sentence_transformer_model"": ""intfloat/multilingual-e5-small"", ""tfidf_lemmatize"": true, ""tfidf_max_df"": 0.9, ""tfidf_max_features"": 300, ""tfidf_min_df"": 3, ""tfidf_ngram_range"": [1, 2], ""tfidf_normalize_numbers"": true}",2026-09-09T11:36:32,
E2_E5BASE,frozen,participant,01,no_augmentation,PHQ9,46,test,confirmatory,4.615328,3.823103,0.29449,0.362267,0.425781,"[[1, 6, 1, 1], [0, 5, 6, 1], [0, 3, 8, 3], [0, 2, 6, 5]]",0.716981,0.75485,"[[14, 7], [8, 19]]",GradientBoosting,{},intfloat/multilingual-e5-base,defaults,"{""augmentation"": ""no_augmentation"", ""beto_model"": ""dccuchile/bert-base-spanish-wwm-cased"", ""chunk_stride"": 256, ""max_tokens"": 512, ""n_cv_splits"": 5, ""n_search_iter"": 0, ""seeds"": [42, 43, 44, 45, 46], ""sentence_transformer_model"": ""intfloat/multilingual-e5-small"", ""tfidf_lemmatize"": true, ""tfidf_max_df"": 0.9, ""tfidf_max_features"": 300, ""tfidf_min_df"": 3, ""tfidf_ngram_range"": [1, 2], ""tfidf_normalize_numbers"": true}",2026-09-09T11:37:10,
E2_E5BASE,frozen,participant,01,no_augmentation,GAD7,46,test,confirmatory,4.704072,3.689346,0.125796,0.268888,0.273168,"[[3, 7, 2, 0], [1, 7, 9, 0], [1, 5, 6, 1], [0, 3, 3, 0]]",0.461538,0.662432,"[[18, 11], [10, 9]]",LightGBM,{},intfloat/multilingual-e5-base,defaults,"{""augmentation"": ""no_augmentation"", ""beto_model"": ""dccuchile/bert-base-spanish-wwm-cased"", ""chunk_stride"": 256, ""max_tokens"": 512, ""n_cv_splits"": 5, ""n_search_iter"": 0, ""seeds"": [42, 43, 44, 45, 46], ""sentence_transformer_model"": ""intfloat/multilingual-e5-small"", ""tfidf_lemmatize"": true, ""tfidf_max_df"": 0.9, ""tfidf_max_features"": 300, ""tfidf_min_df"": 3, ""tfidf_ngram_range"": [1, 2], ""tfidf_normalize_numbers"": true}",2026-09-09T11:37:48,
E2_E5LARGE,frozen,participant,01,no_augmentation,PHQ9,42,test,confirmatory,4.703475,3.790801,0.267284,0.347045,0.45394,"[[2, 5, 1, 1], [0, 4, 8, 0], [0, 4, 10, 0], [0, 0, 11, 2]]",0.766667,0.714286,"[[11, 10], [4, 23]]",SVR,{},intfloat/multilingual-e5-large,defaults,"{""augmentation"": ""no_augmentation"", ""beto_model"": ""dccuchile/bert-base-spanish-wwm-cased"", ""chunk_stride"": 256, ""max_tokens"": 512, ""n_cv_splits"": 5, ""n_search_iter"": 0, ""seeds"": [42, 43, 44, 45, 46], ""sentence_transformer_model"": ""intfloat/multilingual-e5-small"", ""tfidf_lemmatize"": true, ""tfidf_max_df"": 0.9, ""tfidf_max_features"": 300, ""tfidf_min_df"": 3, ""tfidf_ngram_range"": [1, 2], ""tfidf_normalize_numbers"": true}",2026-09-09T11:38:38,
E2_E5LARGE,frozen,participant,01,no_augmentation,GAD7,42,test,confirmatory,4.187092,3.274911,0.307388,0.320548,0.461224,"[[2, 9, 1, 0], [0, 11, 6, 0], [0, 5, 8, 0], [0, 1, 5, 0]]",0.514286,0.751361,"[[22, 7], [10, 9]]",SVR,{},intfloat/multilingual-e5-large,defaults,"{""augmentation"": ""no_augmentation"", ""beto_model"": ""dccuchile/bert-base-spanish-wwm-cased"", ""chunk_stride"": 256, ""max_tokens"": 512, ""n_cv_splits"": 5, ""n_search_iter"": 0, ""seeds"": [42, 43, 44, 45, 46], ""sentence_transformer_model"": ""intfloat/multilingual-e5-small"", ""tfidf_lemmatize"": true, ""tfidf_max_df"": 0.9, ""tfidf_max_features"": 300, ""tfidf_min_df"": 3, ""tfidf_ngram_range"": [1, 2], ""tfidf_normalize_numbers"": true}",2026-09-09T11:39:27,
E2_E5LARGE,frozen,participant,01,no_augmentation,PHQ9,43,test,confirmatory,4.703475,3.790801,0.267284,0.347045,0.45394,"[[2, 5, 1, 1], [0, 4, 8, 0], [0, 4, 10, 0], [0, 0, 11, 2]]",0.766667,0.714286,"[[11, 10], [4, 23]]",SVR,{},intfloat/multilingual-e5-large,defaults,"{""augmentation"": ""no_augmentation"", ""beto_model"": ""dccuchile/bert-base-spanish-wwm-cased"", ""chunk_stride"": 256, ""max_tokens"": 512, ""n_cv_splits"": 5, ""n_search_iter"": 0, ""seeds"": [42, 43, 44, 45, 46], ""sentence_transformer_model"": ""intfloat/multilingual-e5-small"", ""tfidf_lemmatize"": true, ""tfidf_max_df"": 0.9, ""tfidf_max_features"": 300, ""tfidf_min_df"": 3, ""tfidf_ngram_range"": [1, 2], ""tfidf_normalize_numbers"": true}",2026-09-09T11:40:17,
E2_E5LARGE,frozen,participant,01,no_augmentation,GAD7,43,test,confirmatory,4.187092,3.274911,0.307388,0.320548,0.461224,"[[2, 9, 1, 0], [0, 11, 6, 0], [0, 5, 8, 0], [0, 1, 5, 0]]",0.514286,0.751361,"[[22, 7], [10, 9]]",SVR,{},intfloat/multilingual-e5-large,defaults,"{""augmentation"": ""no_augmentation"", ""beto_model"": ""dccuchile/bert-base-spanish-wwm-cased"", ""chunk_stride"": 256, ""max_tokens"": 512, ""n_cv_splits"": 5, ""n_search_iter"": 0, ""seeds"": [42, 43, 44, 45, 46], ""sentence_transformer_model"": ""intfloat/multilingual-e5-small"", ""tfidf_lemmatize"": true, ""tfidf_max_df"": 0.9, ""tfidf_max_features"": 300, ""tfidf_min_df"": 3, ""tfidf_ngram_range"": [1, 2], ""tfidf_normalize_numbers"": true}",2026-09-09T11:41:07,
E2_E5LARGE,frozen,participant,01,no_augmentation,PHQ9,44,test,confirmatory,4.703475,3.790801,0.267284,0.347045,0.45394,"[[2, 5, 1, 1], [0, 4, 8, 0], [0, 4, 10, 0], [0, 0, 11, 2]]",0.766667,0.714286,"[[11, 10], [4, 23]]",SVR,{},intfloat/multilingual-e5-large,defaults,"{""augmentation"": ""no_augmentation"", ""beto_model"": ""dccuchile/bert-base-spanish-wwm-cased"", ""chunk_stride"": 256, ""max_tokens"": 512, ""n_cv_splits"": 5, ""n_search_iter"": 0, ""seeds"": [42, 43, 44, 45, 46], ""sentence_transformer_model"": ""intfloat/multilingual-e5-small"", ""tfidf_lemmatize"": true, ""tfidf_max_df"": 0.9, ""tfidf_max_features"": 300, ""tfidf_min_df"": 3, ""tfidf_ngram_range"": [1, 2], ""tfidf_normalize_numbers"": true}",2026-09-09T11:41:59,
E2_E5LARGE,frozen,participant,01,no_augmentation,GAD7,44,test,confirmatory,4.187092,3.274911,0.307388,0.320548,0.461224,"[[2, 9, 1, 0], [0, 11, 6, 0], [0, 5, 8, 0], [0, 1, 5, 0]]",0.514286,0.751361,"[[22, 7], [10, 9]]",SVR,{},intfloat/multilingual-e5-large,defaults,"{""augmentation"": ""no_augmentation"", ""beto_model"": ""dccuchile/bert-base-spanish-wwm-cased"", ""chunk_stride"": 256, ""max_tokens"": 512, ""n_cv_splits"": 5, ""n_search_iter"": 0, ""seeds"": [42, 43, 44, 45, 46], ""sentence_transformer_model"": ""intfloat/multilingual-e5-small"", ""tfidf_lemmatize"": true, ""tfidf_max_df"": 0.9, ""tfidf_max_features"": 300, ""tfidf_min_df"": 3, ""tfidf_ngram_range"": [1, 2], ""tfidf_normalize_numbers"": true}",2026-09-09T11:42:49,
E2_E5LARGE,frozen,participant,01,no_augmentation,PHQ9,45,test,confirmatory,4.703475,3.790801,0.267284,0.347045,0.45394,"[[2, 5, 1, 1], [0, 4, 8, 0], [0, 4, 10, 0], [0, 0, 11, 2]]",0.766667,0.714286,"[[11, 10], [4, 23]]",SVR,{},intfloat/multilingual-e5-large,defaults,"{""augmentation"": ""no_augmentation"", ""beto_model"": ""dccuchile/bert-base-spanish-wwm-cased"", ""chunk_stride"": 256, ""max_tokens"": 512, ""n_cv_splits"": 5, ""n_search_iter"": 0, ""seeds"": [42, 43, 44, 45, 46], ""sentence_transformer_model"": ""intfloat/multilingual-e5-small"", ""tfidf_lemmatize"": true, ""tfidf_max_df"": 0.9, ""tfidf_max_features"": 300, ""tfidf_min_df"": 3, ""tfidf_ngram_range"": [1, 2], ""tfidf_normalize_numbers"": true}",2026-09-09T11:43:39,
E2_E5LARGE,frozen,participant,01,no_augmentation,GAD7,45,test,confirmatory,4.421816,3.504162,0.227557,0.258948,0.341772,"[[1, 10, 1, 0], [0, 10, 7, 0], [0, 6, 7, 0], [0, 2, 4, 0]]",0.470588,0.764065,"[[22, 7], [11, 8]]",AdaBoost,{},intfloat/multilingual-e5-large,defaults,"{""augmentation"": ""no_augmentation"", ""beto_model"": ""dccuchile/bert-base-spanish-wwm-cased"", ""chunk_stride"": 256, ""max_tokens"": 512, ""n_cv_splits"": 5, ""n_search_iter"": 0, ""seeds"": [42, 43, 44, 45, 46], ""sentence_transformer_model"": ""intfloat/multilingual-e5-small"", ""tfidf_lemmatize"": true, ""tfidf_max_df"": 0.9, ""tfidf_max_features"": 300, ""tfidf_min_df"": 3, ""tfidf_ngram_range"": [1, 2], ""tfidf_normalize_numbers"": true}",2026-09-09T11:44:56,
E2_E5LARGE,frozen,participant,01,no_augmentation,PHQ9,46,test,confirmatory,4.703475,3.790801,0.267284,0.347045,0.45394,"[[2, 5, 1, 1], [0, 4, 8, 0], [0, 4, 10, 0], [0, 0, 11, 2]]",0.766667,0.714286,"[[11, 10], [4, 23]]",SVR,{},intfloat/multilingual-e5-large,defaults,"{""augmentation"": ""no_augmentation"", ""beto_model"": ""dccuchile/bert-base-spanish-wwm-cased"", ""chunk_stride"": 256, ""max_tokens"": 512, ""n_cv_splits"": 5, ""n_search_iter"": 0, ""seeds"": [42, 43, 44, 45, 46], ""sentence_transformer_model"": ""intfloat/multilingual-e5-small"", ""tfidf_lemmatize"": true, ""tfidf_max_df"": 0.9, ""tfidf_max_features"": 300, ""tfidf_min_df"": 3, ""tfidf_ngram_range"": [1, 2], ""tfidf_normalize_numbers"": true}",2026-09-09T11:45:51,
E2_E5LARGE,frozen,participant,01,no_augmentation,GAD7,46,test,confirmatory,4.333544,3.484971,0.25809,0.258948,0.341772,"[[1, 10, 1, 0], [0, 10, 7, 0], [0, 6, 7, 0], [0, 2, 4, 0]]",0.594595,0.774047,"[[22, 7], [8, 11]]",AdaBoost,{},intfloat/multilingual-e5-large,defaults,"{""augmentation"": ""no_augmentation"", ""beto_model"": ""dccuchile/bert-base-spanish-wwm-cased"", ""chunk_stride"": 256, ""max_tokens"": 512, ""n_cv_splits"": 5, ""n_search_iter"": 0, ""seeds"": [42, 43, 44, 45, 46], ""sentence_transformer_model"": ""intfloat/multilingual-e5-small"", ""tfidf_lemmatize"": true, ""tfidf_max_df"": 0.9, ""tfidf_max_features"": 300, ""tfidf_min_df"": 3, ""tfidf_ngram_range"": [1, 2], ""tfidf_normalize_numbers"": true}",2026-09-09T11:47:21,
E3_TSDAE_EP05,frozen,participant,03,no_augmentation,PHQ9,42,test,confirmatory,5.348193,4.376823,0.052647,0.179881,0.203008,"[[0, 5, 4, 0], [0, 2, 10, 0], [0, 4, 10, 0], [0, 2, 10, 1]]",0.655172,0.541446,"[[9, 12], [8, 19]]",ExtraTrees,{},models/tsdae_e5_small/ep05,defaults,"{""augmentation"": ""no_augmentation"", ""beto_model"": ""dccuchile/bert-base-spanish-wwm-cased"", ""chunk_stride"": 256, ""max_tokens"": 512, ""n_cv_splits"": 5, ""n_search_iter"": 0, ""seeds"": [42, 43, 44, 45, 46], ""sentence_transformer_model"": ""intfloat/multilingual-e5-small"", ""tfidf_lemmatize"": true, ""tfidf_max_df"": 0.9, ""tfidf_max_features"": 300, ""tfidf_min_df"": 3, ""tfidf_ngram_range"": [1, 2], ""tfidf_normalize_numbers"": true}",2026-09-09T15:36:57,
E3_TSDAE_EP05,frozen,participant,03,no_augmentation,GAD7,42,test,confirmatory,4.923892,4.158704,0.042184,0.192308,0.09022,"[[0, 10, 2, 0], [0, 12, 5, 0], [0, 9, 4, 0], [0, 4, 2, 0]]",0.275862,0.53176,"[[23, 6], [15, 4]]",ExtraTrees,{},models/tsdae_e5_small/ep05,defaults,"{""augmentation"": ""no_augmentation"", ""beto_model"": ""dccuchile/bert-base-spanish-wwm-cased"", ""chunk_stride"": 256, ""max_tokens"": 512, ""n_cv_splits"": 5, ""n_search_iter"": 0, ""seeds"": [42, 43, 44, 45, 46], ""sentence_transformer_model"": ""intfloat/multilingual-e5-small"", ""tfidf_lemmatize"": true, ""tfidf_max_df"": 0.9, ""tfidf_max_features"": 300, ""tfidf_min_df"": 3, ""tfidf_ngram_range"": [1, 2], ""tfidf_normalize_numbers"": true}",2026-09-09T15:37:35,
E3_TSDAE_EP05,frozen,participant,03,no_augmentation,PHQ9,43,test,confirmatory,5.419669,4.471013,0.027155,0.180559,0.161572,"[[0, 5, 4, 0], [0, 2, 10, 0], [0, 4, 10, 0], [0, 3, 9, 1]]",0.631579,0.518519,"[[9, 12], [9, 18]]",ExtraTrees,{},models/tsdae_e5_small/ep05,defaults,"{""augmentation"": ""no_augmentation"", ""beto_model"": ""dccuchile/bert-base-spanish-wwm-cased"", ""chunk_stride"": 256, ""max_tokens"": 512, ""n_cv_splits"": 5, ""n_search_iter"": 0, ""seeds"": [42, 43, 44, 45, 46], ""sentence_transformer_model"": ""intfloat/multilingual-e5-small"", ""tfidf_lemmatize"": true, ""tfidf_max_df"": 0.9, ""tfidf_max_features"": 300, ""tfidf_min_df"": 3, ""tfidf_ngram_range"": [1, 2], ""tfidf_normalize_numbers"": true}",2026-09-09T15:38:12,
E3_TSDAE_EP05,frozen,participant,03,no_augmentation,GAD7,43,test,confirmatory,4.975756,4.106394,0.0219,0.199286,0.105145,"[[0, 10, 2, 0], [0, 11, 6, 0], [0, 8, 5, 0], [0, 4, 2, 0]]",0.413793,0.551724,"[[25, 4], [13, 6]]",SVR,{},models/tsdae_e5_small/ep05,defaults,"{""augmentation"": ""no_augmentation"", ""beto_model"": ""dccuchile/bert-base-spanish-wwm-cased"", ""chunk_stride"": 256, ""max_tokens"": 512, ""n_cv_splits"": 5, ""n_search_iter"": 0, ""seeds"": [42, 43, 44, 45, 46], ""sentence_transformer_model"": ""intfloat/multilingual-e5-small"", ""tfidf_lemmatize"": true, ""tfidf_max_df"": 0.9, ""tfidf_max_features"": 300, ""tfidf_min_df"": 3, ""tfidf_ngram_range"": [1, 2], ""tfidf_normalize_numbers"": true}",2026-09-09T15:38:50,
E3_TSDAE_EP05,frozen,participant,03,no_augmentation,PHQ9,44,test,confirmatory,5.478421,4.491754,0.005949,0.167453,0.10493,"[[0, 4, 5, 0], [0, 1, 11, 0], [0, 3, 11, 0], [0, 3, 9, 1]]",0.607143,0.47619,"[[9, 12], [10, 17]]",RandomForest,{},models/tsdae_e5_small/ep05,defaults,"{""augmentation"": ""no_augmentation"", ""beto_model"": ""dccuchile/bert-base-spanish-wwm-cased"", ""chunk_stride"": 256, ""max_tokens"": 512, ""n_cv_splits"": 5, ""n_search_iter"": 0, ""seeds"": [42, 43, 44, 45, 46], ""sentence_transformer_model"": ""intfloat/multilingual-e5-small"", ""tfidf_lemmatize"": true, ""tfidf_max_df"": 0.9, ""tfidf_max_features"": 300, ""tfidf_min_df"": 3, ""tfidf_ngram_range"": [1, 2], ""tfidf_normalize_numbers"": true}",2026-09-09T15:39:27,
E3_TSDAE_EP05,frozen,participant,03,no_augmentation,GAD7,44,test,confirmatory,4.892496,4.143638,0.05436,0.171429,0.069351,"[[0, 10, 2, 0], [0, 10, 7, 0], [0, 9, 4, 0], [0, 4, 2, 0]]",0.4,0.551724,"[[24, 5], [13, 6]]",RandomForest,{},models/tsdae_e5_small/ep05,defaults,"{""augmentation"": ""no_augmentation"", ""beto_model"": ""dccuchile/bert-base-spanish-wwm-cased"", ""chunk_stride"": 256, ""max_tokens"": 512, ""n_cv_splits"": 5, ""n_search_iter"": 0, ""seeds"": [42, 43, 44, 45, 46], ""sentence_transformer_model"": ""intfloat/multilingual-e5-small"", ""tfidf_lemmatize"": true, ""tfidf_max_df"": 0.9, ""tfidf_max_features"": 300, ""tfidf_min_df"": 3, ""tfidf_ngram_range"": [1, 2], ""tfidf_normalize_numbers"": true}",2026-09-09T15:40:05,
E3_TSDAE_EP05,frozen,participant,03,no_augmentation,PHQ9,45,test,confirmatory,5.389962,4.427431,0.037791,0.142041,0.166559,"[[0, 5, 4, 0], [0, 2, 10, 0], [0, 4, 10, 0], [0, 2, 11, 0]]",0.607143,0.518519,"[[9, 12], [10, 17]]",ExtraTrees,{},models/tsdae_e5_small/ep05,defaults,"{""augmentation"": ""no_augmentation"", ""beto_model"": ""dccuchile/bert-base-spanish-wwm-cased"", ""chunk_stride"": 256, ""max_tokens"": 512, ""n_cv_splits"": 5, ""n_search_iter"": 0, ""seeds"": [42, 43, 44, 45, 46], ""sentence_transformer_model"": ""intfloat/multilingual-e5-small"", ""tfidf_lemmatize"": true, ""tfidf_max_df"": 0.9, ""tfidf_max_features"": 300, ""tfidf_min_df"": 3, ""tfidf_ngram_range"": [1, 2], ""tfidf_normalize_numbers"": true}",2026-09-09T15:40:42,
E3_TSDAE_EP05,frozen,participant,03,no_augmentation,GAD7,45,test,confirmatory,4.873042,4.076927,0.061865,0.21024,0.115789,"[[0, 10, 2, 0], [0, 12, 5, 0], [0, 8, 5, 0], [0, 4, 2, 0]]",0.357143,0.577132,"[[25, 4], [14, 5]]",ExtraTrees,{},models/tsdae_e5_small/ep05,defaults,"{""augmentation"": ""no_augmentation"", ""beto_model"": ""dccuchile/bert-base-spanish-wwm-cased"", ""chunk_stride"": 256, ""max_tokens"": 512, ""n_cv_splits"": 5, ""n_search_iter"": 0, ""seeds"": [42, 43, 44, 45, 46], ""sentence_transformer_model"": ""intfloat/multilingual-e5-small"", ""tfidf_lemmatize"": true, ""tfidf_max_df"": 0.9, ""tfidf_max_features"": 300, ""tfidf_min_df"": 3, ""tfidf_ngram_range"": [1, 2], ""tfidf_normalize_numbers"": true}",2026-09-09T15:41:20,
E3_TSDAE_EP05,frozen,participant,03,no_augmentation,PHQ9,46,test,confirmatory,5.465999,4.402896,0.010451,0.178738,0.205395,"[[0, 6, 3, 0], [0, 3, 9, 0], [0, 6, 8, 0], [0, 3, 9, 1]]",0.581818,0.56261,"[[9, 12], [11, 16]]",SVR,{},models/tsdae_e5_small/ep05,defaults,"{""augmentation"": ""no_augmentation"", ""beto_model"": ""dccuchile/bert-base-spanish-wwm-cased"", ""chunk_stride"": 256, ""max_tokens"": 512, ""n_cv_splits"": 5, ""n_search_iter"": 0, ""seeds"": [42, 43, 44, 45, 46], ""sentence_transformer_model"": ""intfloat/multilingual-e5-small"", ""tfidf_lemmatize"": true, ""tfidf_max_df"": 0.9, ""tfidf_max_features"": 300, ""tfidf_min_df"": 3, ""tfidf_ngram_range"": [1, 2], ""tfidf_normalize_numbers"": true}",2026-09-09T15:41:59,
E3_TSDAE_EP05,frozen,participant,03,no_augmentation,GAD7,46,test,confirmatory,5.14968,4.240547,-0.047672,0.239985,0.086874,"[[2, 6, 4, 0], [0, 8, 9, 0], [1, 6, 5, 1], [0, 4, 2, 0]]",0.410256,0.562613,"[[17, 12], [11, 8]]",LightGBM,{},models/tsdae_e5_small/ep05,defaults,"{""augmentation"": ""no_augmentation"", ""beto_model"": ""dccuchile/bert-base-spanish-wwm-cased"", ""chunk_stride"": 256, ""max_tokens"": 512, ""n_cv_splits"": 5, ""n_search_iter"": 0, ""seeds"": [42, 43, 44, 45, 46], ""sentence_transformer_model"": ""intfloat/multilingual-e5-small"", ""tfidf_lemmatize"": true, ""tfidf_max_df"": 0.9, ""tfidf_max_features"": 300, ""tfidf_min_df"": 3, ""tfidf_ngram_range"": [1, 2], ""tfidf_normalize_numbers"": true}",2026-09-09T15:42:37,
E3_TSDAE_EP10,frozen,participant,03,no_augmentation,PHQ9,42,test,confirmatory,5.40875,4.42897,0.031071,0.1625,0.178295,"[[0, 4, 5, 0], [0, 3, 9, 0], [0, 4, 10, 0], [0, 1, 12, 0]]",0.631579,0.520282,"[[9, 12], [9, 18]]",ExtraTrees,{},models/tsdae_e5_small/ep10,defaults,"{""augmentation"": ""no_augmentation"", ""beto_model"": ""dccuchile/bert-base-spanish-wwm-cased"", ""chunk_stride"": 256, ""max_tokens"": 512, ""n_cv_splits"": 5, ""n_search_iter"": 0, ""seeds"": [42, 43, 44, 45, 46], ""sentence_transformer_model"": ""intfloat/multilingual-e5-small"", ""tfidf_lemmatize"": true, ""tfidf_max_df"": 0.9, ""tfidf_max_features"": 300, ""tfidf_min_df"": 3, ""tfidf_ngram_range"": [1, 2], ""tfidf_normalize_numbers"": true}",2026-09-09T15:43:15,
E3_TSDAE_EP10,frozen,participant,03,no_augmentation,GAD7,42,test,confirmatory,4.790795,4.041353,0.093266,0.192308,0.199393,"[[0, 11, 1, 0], [0, 12, 5, 0], [0, 9, 4, 0], [0, 3, 3, 0]]",0.230769,0.53176,"[[25, 4], [16, 3]]",RandomForest,{},models/tsdae_e5_small/ep10,defaults,"{""augmentation"": ""no_augmentation"", ""beto_model"": ""dccuchile/bert-base-spanish-wwm-cased"", ""chunk_stride"": 256, ""max_tokens"": 512, ""n_cv_splits"": 5, ""n_search_iter"": 0, ""seeds"": [42, 43, 44, 45, 46], ""sentence_transformer_model"": ""intfloat/multilingual-e5-small"", ""tfidf_lemmatize"": true, ""tfidf_max_df"": 0.9, ""tfidf_max_features"": 300, ""tfidf_min_df"": 3, ""tfidf_ngram_range"": [1, 2], ""tfidf_normalize_numbers"": true}",2026-09-09T15:43:53,
E3_TSDAE_EP10,frozen,participant,03,no_augmentation,PHQ9,43,test,confirmatory,5.334358,4.378339,0.057541,0.151442,0.1242,"[[0, 4, 5, 0], [0, 3, 9, 0], [0, 5, 9, 0], [0, 2, 11, 0]]",0.610169,0.552028,"[[7, 14], [9, 18]]",ExtraTrees,{},models/tsdae_e5_small/ep10,defaults,"{""augmentation"": ""no_augmentation"", ""beto_model"": ""dccuchile/bert-base-spanish-wwm-cased"", ""chunk_stride"": 256, ""max_tokens"": 512, ""n_cv_splits"": 5, ""n_search_iter"": 0, ""seeds"": [42, 43, 44, 45, 46], ""sentence_transformer_model"": ""intfloat/multilingual-e5-small"", ""tfidf_lemmatize"": true, ""tfidf_max_df"": 0.9, ""tfidf_max_features"": 300, ""tfidf_min_df"": 3, ""tfidf_ngram_range"": [1, 2], ""tfidf_normalize_numbers"": true}",2026-09-09T15:44:30,
E3_TSDAE_EP10,frozen,participant,03,no_augmentation,GAD7,43,test,confirmatory,4.875493,4.082496,0.060921,0.194074,0.146589,"[[1, 9, 2, 0], [0, 10, 7, 0], [0, 10, 3, 0], [0, 3, 3, 0]]",0.266667,0.50363,"[[22, 7], [15, 4]]",AdaBoost,{},models/tsdae_e5_small/ep10,defaults,"{""augmentation"": ""no_augmentation"", ""beto_model"": ""dccuchile/bert-base-spanish-wwm-cased"", ""chunk_stride"": 256, ""max_tokens"": 512, ""n_cv_splits"": 5, ""n_search_iter"": 0, ""seeds"": [42, 43, 44, 45, 46], ""sentence_transformer_model"": ""intfloat/multilingual-e5-small"", ""tfidf_lemmatize"": true, ""tfidf_max_df"": 0.9, ""tfidf_max_features"": 300, ""tfidf_min_df"": 3, ""tfidf_ngram_range"": [1, 2], ""tfidf_normalize_numbers"": true}",2026-09-09T15:45:07,
E3_TSDAE_EP10,frozen,participant,03,no_augmentation,PHQ9,44,test,confirmatory,5.361903,4.39146,0.047783,0.17037,0.194737,"[[0, 4, 5, 0], [0, 2, 10, 0], [0, 1, 13, 0], [0, 1, 12, 0]]",0.644068,0.537919,"[[8, 13], [8, 19]]",RandomForest,{},models/tsdae_e5_small/ep10,defaults,"{""augmentation"": ""no_augmentation"", ""beto_model"": ""dccuchile/bert-base-spanish-wwm-cased"", ""chunk_stride"": 256, ""max_tokens"": 512, ""n_cv_splits"": 5, ""n_search_iter"": 0, ""seeds"": [42, 43, 44, 45, 46], ""sentence_transformer_model"": ""intfloat/multilingual-e5-small"", ""tfidf_lemmatize"": true, ""tfidf_max_df"": 0.9, ""tfidf_max_features"": 300, ""tfidf_min_df"": 3, ""tfidf_ngram_range"": [1, 2], ""tfidf_normalize_numbers"": true}",2026-09-09T15:45:44,
E3_TSDAE_EP10,frozen,participant,03,no_augmentation,GAD7,44,test,confirmatory,4.800963,4.069481,0.089412,0.163462,0.053829,"[[0, 10, 2, 0], [0, 11, 6, 0], [0, 10, 3, 0], [0, 4, 2, 0]]",0.222222,0.53902,"[[24, 5], [16, 3]]",RandomForest,{},models/tsdae_e5_small/ep10,defaults,"{""augmentation"": ""no_augmentation"", ""beto_model"": ""dccuchile/bert-base-spanish-wwm-cased"", ""chunk_stride"": 256, ""max_tokens"": 512, ""n_cv_splits"": 5, ""n_search_iter"": 0, ""seeds"": [42, 43, 44, 45, 46], ""sentence_transformer_model"": ""intfloat/multilingual-e5-small"", ""tfidf_lemmatize"": true, ""tfidf_max_df"": 0.9, ""tfidf_max_features"": 300, ""tfidf_min_df"": 3, ""tfidf_ngram_range"": [1, 2], ""tfidf_normalize_numbers"": true}",2026-09-09T15:46:21,
E3_TSDAE_EP10,frozen,participant,03,no_augmentation,PHQ9,45,test,confirmatory,5.345144,4.411186,0.053726,0.160839,0.139505,"[[0, 4, 5, 0], [0, 2, 10, 0], [0, 2, 12, 0], [0, 2, 11, 0]]",0.62069,0.520282,"[[8, 13], [9, 18]]",ExtraTrees,{},models/tsdae_e5_small/ep10,defaults,"{""augmentation"": ""no_augmentation"", ""beto_model"": ""dccuchile/bert-base-spanish-wwm-cased"", ""chunk_stride"": 256, ""max_tokens"": 512, ""n_cv_splits"": 5, ""n_search_iter"": 0, ""seeds"": [42, 43, 44, 45, 46], ""sentence_transformer_model"": ""intfloat/multilingual-e5-small"", ""tfidf_lemmatize"": true, ""tfidf_max_df"": 0.9, ""tfidf_max_features"": 300, ""tfidf_min_df"": 3, ""tfidf_ngram_range"": [1, 2], ""tfidf_normalize_numbers"": true}",2026-09-09T15:46:58,
E3_TSDAE_EP10,frozen,participant,03,no_augmentation,GAD7,45,test,confirmatory,4.837087,4.078636,0.075658,0.247024,0.25371,"[[2, 9, 1, 0], [0, 10, 7, 0], [0, 9, 4, 0], [0, 3, 3, 0]]",0.266667,0.516334,"[[22, 7], [15, 4]]",AdaBoost,{},models/tsdae_e5_small/ep10,defaults,"{""augmentation"": ""no_augmentation"", ""beto_model"": ""dccuchile/bert-base-spanish-wwm-cased"", ""chunk_stride"": 256, ""max_tokens"": 512, ""n_cv_splits"": 5, ""n_search_iter"": 0, ""seeds"": [42, 43, 44, 45, 46], ""sentence_transformer_model"": ""intfloat/multilingual-e5-small"", ""tfidf_lemmatize"": true, ""tfidf_max_df"": 0.9, ""tfidf_max_features"": 300, ""tfidf_min_df"": 3, ""tfidf_ngram_range"": [1, 2], ""tfidf_normalize_numbers"": true}",2026-09-09T15:47:35,
E3_TSDAE_EP10,frozen,participant,03,no_augmentation,PHQ9,46,test,confirmatory,5.299405,4.323526,0.069852,0.140528,0.071066,"[[0, 4, 5, 0], [0, 3, 9, 0], [0, 6, 8, 0], [0, 3, 10, 0]]",0.581818,0.571429,"[[9, 12], [11, 16]]",SVR,{},models/tsdae_e5_small/ep10,defaults,"{""augmentation"": ""no_augmentation"", ""beto_model"": ""dccuchile/bert-base-spanish-wwm-cased"", ""chunk_stride"": 256, ""max_tokens"": 512, ""n_cv_splits"": 5, ""n_search_iter"": 0, ""seeds"": [42, 43, 44, 45, 46], ""sentence_transformer_model"": ""intfloat/multilingual-e5-small"", ""tfidf_lemmatize"": true, ""tfidf_max_df"": 0.9, ""tfidf_max_features"": 300, ""tfidf_min_df"": 3, ""tfidf_ngram_range"": [1, 2], ""tfidf_normalize_numbers"": true}",2026-09-09T15:48:14,
E3_TSDAE_EP10,frozen,participant,03,no_augmentation,GAD7,46,test,confirmatory,4.771889,4.043601,0.100408,0.153208,0.100917,"[[0, 10, 2, 0], [0, 12, 5, 0], [0, 11, 2, 0], [0, 3, 3, 0]]",0.222222,0.537205,"[[24, 5], [16, 3]]",RandomForest,{},models/tsdae_e5_small/ep10,defaults,"{""augmentation"": ""no_augmentation"", ""beto_model"": ""dccuchile/bert-base-spanish-wwm-cased"", ""chunk_stride"": 256, ""max_tokens"": 512, ""n_cv_splits"": 5, ""n_search_iter"": 0, ""seeds"": [42, 43, 44, 45, 46], ""sentence_transformer_model"": ""intfloat/multilingual-e5-small"", ""tfidf_lemmatize"": true, ""tfidf_max_df"": 0.9, ""tfidf_max_features"": 300, ""tfidf_min_df"": 3, ""tfidf_ngram_range"": [1, 2], ""tfidf_normalize_numbers"": true}",2026-09-09T15:48:52,
E3_TSDAE_EP20,frozen,participant,03,no_augmentation,PHQ9,42,test,confirmatory,5.363786,4.299429,0.047114,0.180689,0.13839,"[[0, 7, 1, 1], [0, 3, 8, 1], [0, 6, 8, 0], [0, 4, 8, 1]]",0.627451,0.587302,"[[13, 8], [11, 16]]",GradientBoosting,{},models/tsdae_e5_small/ep20,defaults,"{""augmentation"": ""no_augmentation"", ""beto_model"": ""dccuchile/bert-base-spanish-wwm-cased"", ""chunk_stride"": 256, ""max_tokens"": 512, ""n_cv_splits"": 5, ""n_search_iter"": 0, ""seeds"": [42, 43, 44, 45, 46], ""sentence_transformer_model"": ""intfloat/multilingual-e5-small"", ""tfidf_lemmatize"": true, ""tfidf_max_df"": 0.9, ""tfidf_max_features"": 300, ""tfidf_min_df"": 3, ""tfidf_ngram_range"": [1, 2], ""tfidf_normalize_numbers"": true}",2026-09-09T15:49:31,
E3_TSDAE_EP20,frozen,participant,03,no_augmentation,GAD7,42,test,confirmatory,4.977639,3.884015,0.02116,0.346044,0.242637,"[[1, 8, 3, 0], [0, 14, 3, 0], [0, 8, 5, 0], [0, 3, 2, 1]]",0.357143,0.557169,"[[25, 4], [14, 5]]",GradientBoosting,{},models/tsdae_e5_small/ep20,defaults,"{""augmentation"": ""no_augmentation"", ""beto_model"": ""dccuchile/bert-base-spanish-wwm-cased"", ""chunk_stride"": 256, ""max_tokens"": 512, ""n_cv_splits"": 5, ""n_search_iter"": 0, ""seeds"": [42, 43, 44, 45, 46], ""sentence_transformer_model"": ""intfloat/multilingual-e5-small"", ""tfidf_lemmatize"": true, ""tfidf_max_df"": 0.9, ""tfidf_max_features"": 300, ""tfidf_min_df"": 3, ""tfidf_ngram_range"": [1, 2], ""tfidf_normalize_numbers"": true}",2026-09-09T15:50:08,
E3_TSDAE_EP20,frozen,participant,03,no_augmentation,PHQ9,43,test,confirmatory,5.429642,4.421823,0.023572,0.169255,0.101523,"[[0, 4, 5, 0], [0, 4, 8, 0], [0, 5, 9, 0], [0, 3, 10, 0]]",0.509804,0.520282,"[[10, 11], [14, 13]]",ExtraTrees,{},models/tsdae_e5_small/ep20,defaults,"{""augmentation"": ""no_augmentation"", ""beto_model"": ""dccuchile/bert-base-spanish-wwm-cased"", ""chunk_stride"": 256, ""max_tokens"": 512, ""n_cv_splits"": 5, ""n_search_iter"": 0, ""seeds"": [42, 43, 44, 45, 46], ""sentence_transformer_model"": ""intfloat/multilingual-e5-small"", ""tfidf_lemmatize"": true, ""tfidf_max_df"": 0.9, ""tfidf_max_features"": 300, ""tfidf_min_df"": 3, ""tfidf_ngram_range"": [1, 2], ""tfidf_normalize_numbers"": true}",2026-09-09T15:50:44,
E3_TSDAE_EP20,frozen,participant,03,no_augmentation,GAD7,43,test,confirmatory,4.842623,4.000189,0.073541,0.138799,0.021176,"[[0, 10, 2, 0], [0, 13, 4, 0], [0, 12, 1, 0], [0, 4, 2, 0]]",0.230769,0.546279,"[[25, 4], [16, 3]]",AdaBoost,{},models/tsdae_e5_small/ep20,defaults,"{""augmentation"": ""no_augmentation"", ""beto_model"": ""dccuchile/bert-base-spanish-wwm-cased"", ""chunk_stride"": 256, ""max_tokens"": 512, ""n_cv_splits"": 5, ""n_search_iter"": 0, ""seeds"": [42, 43, 44, 45, 46], ""sentence_transformer_model"": ""intfloat/multilingual-e5-small"", ""tfidf_lemmatize"": true, ""tfidf_max_df"": 0.9, ""tfidf_max_features"": 300, ""tfidf_min_df"": 3, ""tfidf_ngram_range"": [1, 2], ""tfidf_normalize_numbers"": true}",2026-09-09T15:51:21,
E3_TSDAE_EP20,frozen,participant,03,no_augmentation,PHQ9,44,test,confirmatory,5.366389,4.402813,0.046189,0.168966,0.060013,"[[0, 4, 5, 0], [0, 4, 8, 0], [0, 5, 9, 0], [0, 4, 9, 0]]",0.538462,0.513228,"[[10, 11], [13, 14]]",ExtraTrees,{},models/tsdae_e5_small/ep20,defaults,"{""augmentation"": ""no_augmentation"", ""beto_model"": ""dccuchile/bert-base-spanish-wwm-cased"", ""chunk_stride"": 256, ""max_tokens"": 512, ""n_cv_splits"": 5, ""n_search_iter"": 0, ""seeds"": [42, 43, 44, 45, 46], ""sentence_transformer_model"": ""intfloat/multilingual-e5-small"", ""tfidf_lemmatize"": true, ""tfidf_max_df"": 0.9, ""tfidf_max_features"": 300, ""tfidf_min_df"": 3, ""tfidf_ngram_range"": [1, 2], ""tfidf_normalize_numbers"": true}",2026-09-09T15:51:58,
E3_TSDAE_EP20,frozen,participant,03,no_augmentation,GAD7,44,test,confirmatory,5.0792,4.195789,-0.019191,0.163462,0.053829,"[[0, 10, 2, 0], [0, 11, 6, 0], [0, 10, 3, 0], [0, 4, 2, 0]]",0.266667,0.50726,"[[22, 7], [15, 4]]",AdaBoost,{},models/tsdae_e5_small/ep20,defaults,"{""augmentation"": ""no_augmentation"", ""beto_model"": ""dccuchile/bert-base-spanish-wwm-cased"", ""chunk_stride"": 256, ""max_tokens"": 512, ""n_cv_splits"": 5, ""n_search_iter"": 0, ""seeds"": [42, 43, 44, 45, 46], ""sentence_transformer_model"": ""intfloat/multilingual-e5-small"", ""tfidf_lemmatize"": true, ""tfidf_max_df"": 0.9, ""tfidf_max_features"": 300, ""tfidf_min_df"": 3, ""tfidf_ngram_range"": [1, 2], ""tfidf_normalize_numbers"": true}",2026-09-09T15:52:34,
E3_TSDAE_EP20,frozen,participant,03,no_augmentation,PHQ9,45,test,confirmatory,5.370741,4.498892,0.044641,0.123372,0.150979,"[[0, 6, 3, 0], [0, 2, 10, 0], [0, 6, 8, 0], [0, 3, 10, 0]]",0.576923,0.488536,"[[11, 10], [12, 15]]",AdaBoost,{},models/tsdae_e5_small/ep20,defaults,"{""augmentation"": ""no_augmentation"", ""beto_model"": ""dccuchile/bert-base-spanish-wwm-cased"", ""chunk_stride"": 256, ""max_tokens"": 512, ""n_cv_splits"": 5, ""n_search_iter"": 0, ""seeds"": [42, 43, 44, 45, 46], ""sentence_transformer_model"": ""intfloat/multilingual-e5-small"", ""tfidf_lemmatize"": true, ""tfidf_max_df"": 0.9, ""tfidf_max_features"": 300, ""tfidf_min_df"": 3, ""tfidf_ngram_range"": [1, 2], ""tfidf_normalize_numbers"": true}",2026-09-09T15:53:12,
E3_TSDAE_EP20,frozen,participant,03,no_augmentation,GAD7,45,test,confirmatory,5.006801,4.069685,0.009657,0.179371,0.067073,"[[1, 9, 2, 0], [0, 13, 4, 0], [0, 12, 1, 0], [0, 4, 2, 0]]",0.230769,0.529946,"[[25, 4], [16, 3]]",AdaBoost,{},models/tsdae_e5_small/ep20,defaults,"{""augmentation"": ""no_augmentation"", ""beto_model"": ""dccuchile/bert-base-spanish-wwm-cased"", ""chunk_stride"": 256, ""max_tokens"": 512, ""n_cv_splits"": 5, ""n_search_iter"": 0, ""seeds"": [42, 43, 44, 45, 46], ""sentence_transformer_model"": ""intfloat/multilingual-e5-small"", ""tfidf_lemmatize"": true, ""tfidf_max_df"": 0.9, ""tfidf_max_features"": 300, ""tfidf_min_df"": 3, ""tfidf_ngram_range"": [1, 2], ""tfidf_normalize_numbers"": true}",2026-09-09T15:53:48,
E3_TSDAE_EP20,frozen,participant,03,no_augmentation,PHQ9,46,test,confirmatory,5.285529,4.329534,0.074717,0.209875,0.095441,"[[1, 3, 5, 0], [0, 4, 8, 0], [0, 6, 8, 0], [0, 4, 9, 0]]",0.588235,0.56261,"[[12, 9], [12, 15]]",SVR,{},models/tsdae_e5_small/ep20,defaults,"{""augmentation"": ""no_augmentation"", ""beto_model"": ""dccuchile/bert-base-spanish-wwm-cased"", ""chunk_stride"": 256, ""max_tokens"": 512, ""n_cv_splits"": 5, ""n_search_iter"": 0, ""seeds"": [42, 43, 44, 45, 46], ""sentence_transformer_model"": ""intfloat/multilingual-e5-small"", ""tfidf_lemmatize"": true, ""tfidf_max_df"": 0.9, ""tfidf_max_features"": 300, ""tfidf_min_df"": 3, ""tfidf_ngram_range"": [1, 2], ""tfidf_normalize_numbers"": true}",2026-09-09T15:54:25,
E3_TSDAE_EP20,frozen,participant,03,no_augmentation,GAD7,46,test,confirmatory,4.902541,3.994617,0.050473,0.192308,0.09022,"[[0, 10, 2, 0], [0, 12, 5, 0], [0, 9, 4, 0], [0, 4, 2, 0]]",0.266667,0.565336,"[[22, 7], [15, 4]]",AdaBoost,{},models/tsdae_e5_small/ep20,defaults,"{""augmentation"": ""no_augmentation"", ""beto_model"": ""dccuchile/bert-base-spanish-wwm-cased"", ""chunk_stride"": 256, ""max_tokens"": 512, ""n_cv_splits"": 5, ""n_search_iter"": 0, ""seeds"": [42, 43, 44, 45, 46], ""sentence_transformer_model"": ""intfloat/multilingual-e5-small"", ""tfidf_lemmatize"": true, ""tfidf_max_df"": 0.9, ""tfidf_max_features"": 300, ""tfidf_min_df"": 3, ""tfidf_ngram_range"": [1, 2], ""tfidf_normalize_numbers"": true}",2026-09-09T15:55:02,
E3_TSDAE_EP30,frozen,participant,03,no_augmentation,PHQ9,42,test,confirmatory,5.54134,4.412837,-0.017015,0.22476,0.082803,"[[0, 6, 2, 1], [0, 3, 9, 0], [0, 5, 9, 0], [0, 6, 5, 2]]",0.538462,0.52381,"[[10, 11], [13, 14]]",GradientBoosting,{},models/tsdae_e5_small/ep30,defaults,"{""augmentation"": ""no_augmentation"", ""beto_model"": ""dccuchile/bert-base-spanish-wwm-cased"", ""chunk_stride"": 256, ""max_tokens"": 512, ""n_cv_splits"": 5, ""n_search_iter"": 0, ""seeds"": [42, 43, 44, 45, 46], ""sentence_transformer_model"": ""intfloat/multilingual-e5-small"", ""tfidf_lemmatize"": true, ""tfidf_max_df"": 0.9, ""tfidf_max_features"": 300, ""tfidf_min_df"": 3, ""tfidf_ngram_range"": [1, 2], ""tfidf_normalize_numbers"": true}",2026-09-09T15:55:40,
E3_TSDAE_EP30,frozen,participant,03,no_augmentation,GAD7,42,test,confirmatory,4.810407,4.066527,0.085827,0.181917,0.079699,"[[0, 10, 2, 0], [0, 11, 6, 0], [0, 9, 4, 0], [0, 4, 2, 0]]",0.214286,0.557169,"[[23, 6], [16, 3]]",RandomForest,{},models/tsdae_e5_small/ep30,defaults,"{""augmentation"": ""no_augmentation"", ""beto_model"": ""dccuchile/bert-base-spanish-wwm-cased"", ""chunk_stride"": 256, ""max_tokens"": 512, ""n_cv_splits"": 5, ""n_search_iter"": 0, ""seeds"": [42, 43, 44, 45, 46], ""sentence_transformer_model"": ""intfloat/multilingual-e5-small"", ""tfidf_lemmatize"": true, ""tfidf_max_df"": 0.9, ""tfidf_max_features"": 300, ""tfidf_min_df"": 3, ""tfidf_ngram_range"": [1, 2], ""tfidf_normalize_numbers"": true}",2026-09-09T15:56:17,
E3_TSDAE_EP30,frozen,participant,03,no_augmentation,PHQ9,43,test,confirmatory,5.386345,4.420139,0.039082,0.158385,0.13198,"[[0, 4, 5, 0], [0, 4, 8, 0], [0, 6, 8, 0], [0, 2, 11, 0]]",0.62069,0.52381,"[[8, 13], [9, 18]]",ExtraTrees,{},models/tsdae_e5_small/ep30,defaults,"{""augmentation"": ""no_augmentation"", ""beto_model"": ""dccuchile/bert-base-spanish-wwm-cased"", ""chunk_stride"": 256, ""max_tokens"": 512, ""n_cv_splits"": 5, ""n_search_iter"": 0, ""seeds"": [42, 43, 44, 45, 46], ""sentence_transformer_model"": ""intfloat/multilingual-e5-small"", ""tfidf_lemmatize"": true, ""tfidf_max_df"": 0.9, ""tfidf_max_features"": 300, ""tfidf_min_df"": 3, ""tfidf_ngram_range"": [1, 2], ""tfidf_normalize_numbers"": true}",2026-09-09T15:56:54,
E3_TSDAE_EP30,frozen,participant,03,no_augmentation,GAD7,43,test,confirmatory,4.91204,4.158282,0.046789,0.266331,0.117647,"[[2, 7, 3, 0], [0, 10, 6, 1], [0, 8, 5, 0], [0, 4, 2, 0]]",0.322581,0.552632,"[[22, 7], [14, 5]]",AdaBoost,{},models/tsdae_e5_small/ep30,defaults,"{""augmentation"": ""no_augmentation"", ""beto_model"": ""dccuchile/bert-base-spanish-wwm-cased"", ""chunk_stride"": 256, ""max_tokens"": 512, ""n_cv_splits"": 5, ""n_search_iter"": 0, ""seeds"": [42, 43, 44, 45, 46], ""sentence_transformer_model"": ""intfloat/multilingual-e5-small"", ""tfidf_lemmatize"": true, ""tfidf_max_df"": 0.9, ""tfidf_max_features"": 300, ""tfidf_min_df"": 3, ""tfidf_ngram_range"": [1, 2], ""tfidf_normalize_numbers"": true}",2026-09-09T15:57:32,
E3_TSDAE_EP30,frozen,participant,03,no_augmentation,PHQ9,44,test,confirmatory,5.723606,4.660443,-0.085019,0.18586,0.062608,"[[0, 5, 3, 1], [0, 5, 6, 1], [0, 8, 6, 0], [0, 4, 8, 1]]",0.458333,0.499118,"[[11, 10], [16, 11]]",GradientBoosting,{},models/tsdae_e5_small/ep30,defaults,"{""augmentation"": ""no_augmentation"", ""beto_model"": ""dccuchile/bert-base-spanish-wwm-cased"", ""chunk_stride"": 256, ""max_tokens"": 512, ""n_cv_splits"": 5, ""n_search_iter"": 0, ""seeds"": [42, 43, 44, 45, 46], ""sentence_transformer_model"": ""intfloat/multilingual-e5-small"", ""tfidf_lemmatize"": true, ""tfidf_max_df"": 0.9, ""tfidf_max_features"": 300, ""tfidf_min_df"": 3, ""tfidf_ngram_range"": [1, 2], ""tfidf_normalize_numbers"": true}",2026-09-09T15:58:10,
E3_TSDAE_EP30,frozen,participant,03,no_augmentation,GAD7,44,test,confirmatory,4.922574,3.985462,0.042697,0.257415,0.175316,"[[2, 7, 3, 0], [0, 11, 6, 0], [0, 9, 4, 0], [0, 3, 3, 0]]",0.451613,0.577132,"[[24, 5], [12, 7]]",GradientBoosting,{},models/tsdae_e5_small/ep30,defaults,"{""augmentation"": ""no_augmentation"", ""beto_model"": ""dccuchile/bert-base-spanish-wwm-cased"", ""chunk_stride"": 256, ""max_tokens"": 512, ""n_cv_splits"": 5, ""n_search_iter"": 0, ""seeds"": [42, 43, 44, 45, 46], ""sentence_transformer_model"": ""intfloat/multilingual-e5-small"", ""tfidf_lemmatize"": true, ""tfidf_max_df"": 0.9, ""tfidf_max_features"": 300, ""tfidf_min_df"": 3, ""tfidf_ngram_range"": [1, 2], ""tfidf_normalize_numbers"": true}",2026-09-09T15:58:46,
E3_TSDAE_EP30,frozen,participant,03,no_augmentation,PHQ9,45,test,confirmatory,5.516171,4.416469,-0.007798,0.208109,0.120778,"[[0, 5, 3, 1], [0, 3, 8, 1], [0, 6, 8, 0], [0, 3, 8, 2]]",0.592593,0.522046,"[[10, 11], [11, 16]]",GradientBoosting,{},models/tsdae_e5_small/ep30,defaults,"{""augmentation"": ""no_augmentation"", ""beto_model"": ""dccuchile/bert-base-spanish-wwm-cased"", ""chunk_stride"": 256, ""max_tokens"": 512, ""n_cv_splits"": 5, ""n_search_iter"": 0, ""seeds"": [42, 43, 44, 45, 46], ""sentence_transformer_model"": ""intfloat/multilingual-e5-small"", ""tfidf_lemmatize"": true, ""tfidf_max_df"": 0.9, ""tfidf_max_features"": 300, ""tfidf_min_df"": 3, ""tfidf_ngram_range"": [1, 2], ""tfidf_normalize_numbers"": true}",2026-09-09T15:59:23,
E3_TSDAE_EP30,frozen,participant,03,no_augmentation,GAD7,45,test,confirmatory,4.857612,4.104207,0.067797,0.181429,0.033557,"[[0, 9, 3, 0], [0, 11, 6, 0], [0, 9, 4, 0], [0, 4, 2, 0]]",0.275862,0.548094,"[[23, 6], [15, 4]]",RandomForest,{},models/tsdae_e5_small/ep30,defaults,"{""augmentation"": ""no_augmentation"", ""beto_model"": ""dccuchile/bert-base-spanish-wwm-cased"", ""chunk_stride"": 256, ""max_tokens"": 512, ""n_cv_splits"": 5, ""n_search_iter"": 0, ""seeds"": [42, 43, 44, 45, 46], ""sentence_transformer_model"": ""intfloat/multilingual-e5-small"", ""tfidf_lemmatize"": true, ""tfidf_max_df"": 0.9, ""tfidf_max_features"": 300, ""tfidf_min_df"": 3, ""tfidf_ngram_range"": [1, 2], ""tfidf_normalize_numbers"": true}",2026-09-09T15:59:59,
E3_TSDAE_EP30,frozen,participant,03,no_augmentation,PHQ9,46,test,confirmatory,5.349977,4.284256,0.052014,0.214744,0.13839,"[[0, 5, 4, 0], [0, 4, 7, 1], [0, 7, 7, 0], [0, 4, 7, 2]]",0.509804,0.539683,"[[10, 11], [14, 13]]",GradientBoosting,{},models/tsdae_e5_small/ep30,defaults,"{""augmentation"": ""no_augmentation"", ""beto_model"": ""dccuchile/bert-base-spanish-wwm-cased"", ""chunk_stride"": 256, ""max_tokens"": 512, ""n_cv_splits"": 5, ""n_search_iter"": 0, ""seeds"": [42, 43, 44, 45, 46], ""sentence_transformer_model"": ""intfloat/multilingual-e5-small"", ""tfidf_lemmatize"": true, ""tfidf_max_df"": 0.9, ""tfidf_max_features"": 300, ""tfidf_min_df"": 3, ""tfidf_ngram_range"": [1, 2], ""tfidf_normalize_numbers"": true}",2026-09-09T16:00:37,
E3_TSDAE_EP30,frozen,participant,03,no_augmentation,GAD7,46,test,confirmatory,4.797739,4.048544,0.090635,0.181917,0.079699,"[[0, 10, 2, 0], [0, 11, 6, 0], [0, 9, 4, 0], [0, 4, 2, 0]]",0.296296,0.566243,"[[25, 4], [15, 4]]",RandomForest,{},models/tsdae_e5_small/ep30,defaults,"{""augmentation"": ""no_augmentation"", ""beto_model"": ""dccuchile/bert-base-spanish-wwm-cased"", ""chunk_stride"": 256, ""max_tokens"": 512, ""n_cv_splits"": 5, ""n_search_iter"": 0, ""seeds"": [42, 43, 44, 45, 46], ""sentence_transformer_model"": ""intfloat/multilingual-e5-small"", ""tfidf_lemmatize"": true, ""tfidf_max_df"": 0.9, ""tfidf_max_features"": 300, ""tfidf_min_df"": 3, ""tfidf_ngram_range"": [1, 2], ""tfidf_normalize_numbers"": true}",2026-09-09T16:01:14,
