encoder,family,granularity,notebook,augmentation,target,seed,model_name,cv_rmse,is_selected,encoder_model,search,config_json,logged_at
E0_TFIDF,frozen,participant,01,no_augmentation,PHQ9,42,Ridge,5.835291,False,,random50,"{""augmentation"": ""no_augmentation"", ""beto_model"": ""dccuchile/bert-base-spanish-wwm-cased"", ""chunk_stride"": 256, ""max_tokens"": 512, ""n_cv_splits"": 5, ""n_search_iter"": 50, ""seeds"": [42, 43, 44, 45, 46], ""sentence_transformer_model"": ""intfloat/multilingual-e5-small"", ""tfidf_lemmatize"": true, ""tfidf_max_df"": 0.9, ""tfidf_max_features"": 300, ""tfidf_min_df"": 3, ""tfidf_ngram_range"": [1, 2], ""tfidf_normalize_numbers"": true}",2026-09-08T12:28:27
E0_TFIDF,frozen,participant,01,no_augmentation,PHQ9,42,SVR,5.782894,False,,random50,"{""augmentation"": ""no_augmentation"", ""beto_model"": ""dccuchile/bert-base-spanish-wwm-cased"", ""chunk_stride"": 256, ""max_tokens"": 512, ""n_cv_splits"": 5, ""n_search_iter"": 50, ""seeds"": [42, 43, 44, 45, 46], ""sentence_transformer_model"": ""intfloat/multilingual-e5-small"", ""tfidf_lemmatize"": true, ""tfidf_max_df"": 0.9, ""tfidf_max_features"": 300, ""tfidf_min_df"": 3, ""tfidf_ngram_range"": [1, 2], ""tfidf_normalize_numbers"": true}",2026-09-08T12:28:27
E0_TFIDF,frozen,participant,01,no_augmentation,PHQ9,42,RandomForest,5.773457,False,,random50,"{""augmentation"": ""no_augmentation"", ""beto_model"": ""dccuchile/bert-base-spanish-wwm-cased"", ""chunk_stride"": 256, ""max_tokens"": 512, ""n_cv_splits"": 5, ""n_search_iter"": 50, ""seeds"": [42, 43, 44, 45, 46], ""sentence_transformer_model"": ""intfloat/multilingual-e5-small"", ""tfidf_lemmatize"": true, ""tfidf_max_df"": 0.9, ""tfidf_max_features"": 300, ""tfidf_min_df"": 3, ""tfidf_ngram_range"": [1, 2], ""tfidf_normalize_numbers"": true}",2026-09-08T12:28:27
E0_TFIDF,frozen,participant,01,no_augmentation,PHQ9,42,ExtraTrees,5.763243,False,,random50,"{""augmentation"": ""no_augmentation"", ""beto_model"": ""dccuchile/bert-base-spanish-wwm-cased"", ""chunk_stride"": 256, ""max_tokens"": 512, ""n_cv_splits"": 5, ""n_search_iter"": 50, ""seeds"": [42, 43, 44, 45, 46], ""sentence_transformer_model"": ""intfloat/multilingual-e5-small"", ""tfidf_lemmatize"": true, ""tfidf_max_df"": 0.9, ""tfidf_max_features"": 300, ""tfidf_min_df"": 3, ""tfidf_ngram_range"": [1, 2], ""tfidf_normalize_numbers"": true}",2026-09-08T12:28:27
E0_TFIDF,frozen,participant,01,no_augmentation,PHQ9,42,GradientBoosting,5.851779,False,,random50,"{""augmentation"": ""no_augmentation"", ""beto_model"": ""dccuchile/bert-base-spanish-wwm-cased"", ""chunk_stride"": 256, ""max_tokens"": 512, ""n_cv_splits"": 5, ""n_search_iter"": 50, ""seeds"": [42, 43, 44, 45, 46], ""sentence_transformer_model"": ""intfloat/multilingual-e5-small"", ""tfidf_lemmatize"": true, ""tfidf_max_df"": 0.9, ""tfidf_max_features"": 300, ""tfidf_min_df"": 3, ""tfidf_ngram_range"": [1, 2], ""tfidf_normalize_numbers"": true}",2026-09-08T12:28:27
E0_TFIDF,frozen,participant,01,no_augmentation,PHQ9,42,LightGBM,5.680803,True,,random50,"{""augmentation"": ""no_augmentation"", ""beto_model"": ""dccuchile/bert-base-spanish-wwm-cased"", ""chunk_stride"": 256, ""max_tokens"": 512, ""n_cv_splits"": 5, ""n_search_iter"": 50, ""seeds"": [42, 43, 44, 45, 46], ""sentence_transformer_model"": ""intfloat/multilingual-e5-small"", ""tfidf_lemmatize"": true, ""tfidf_max_df"": 0.9, ""tfidf_max_features"": 300, ""tfidf_min_df"": 3, ""tfidf_ngram_range"": [1, 2], ""tfidf_normalize_numbers"": true}",2026-09-08T12:28:27
E0_TFIDF,frozen,participant,01,no_augmentation,PHQ9,42,KNN,6.002563,False,,random50,"{""augmentation"": ""no_augmentation"", ""beto_model"": ""dccuchile/bert-base-spanish-wwm-cased"", ""chunk_stride"": 256, ""max_tokens"": 512, ""n_cv_splits"": 5, ""n_search_iter"": 50, ""seeds"": [42, 43, 44, 45, 46], ""sentence_transformer_model"": ""intfloat/multilingual-e5-small"", ""tfidf_lemmatize"": true, ""tfidf_max_df"": 0.9, ""tfidf_max_features"": 300, ""tfidf_min_df"": 3, ""tfidf_ngram_range"": [1, 2], ""tfidf_normalize_numbers"": true}",2026-09-08T12:28:27
E0_TFIDF,frozen,participant,01,no_augmentation,PHQ9,42,DecisionTree,6.647017,False,,random50,"{""augmentation"": ""no_augmentation"", ""beto_model"": ""dccuchile/bert-base-spanish-wwm-cased"", ""chunk_stride"": 256, ""max_tokens"": 512, ""n_cv_splits"": 5, ""n_search_iter"": 50, ""seeds"": [42, 43, 44, 45, 46], ""sentence_transformer_model"": ""intfloat/multilingual-e5-small"", ""tfidf_lemmatize"": true, ""tfidf_max_df"": 0.9, ""tfidf_max_features"": 300, ""tfidf_min_df"": 3, ""tfidf_ngram_range"": [1, 2], ""tfidf_normalize_numbers"": true}",2026-09-08T12:28:27
E0_TFIDF,frozen,participant,01,no_augmentation,PHQ9,42,AdaBoost,5.719971,False,,random50,"{""augmentation"": ""no_augmentation"", ""beto_model"": ""dccuchile/bert-base-spanish-wwm-cased"", ""chunk_stride"": 256, ""max_tokens"": 512, ""n_cv_splits"": 5, ""n_search_iter"": 50, ""seeds"": [42, 43, 44, 45, 46], ""sentence_transformer_model"": ""intfloat/multilingual-e5-small"", ""tfidf_lemmatize"": true, ""tfidf_max_df"": 0.9, ""tfidf_max_features"": 300, ""tfidf_min_df"": 3, ""tfidf_ngram_range"": [1, 2], ""tfidf_normalize_numbers"": true}",2026-09-08T12:28:27
E0_TFIDF,frozen,participant,01,no_augmentation,GAD7,42,Ridge,4.861709,False,,random50,"{""augmentation"": ""no_augmentation"", ""beto_model"": ""dccuchile/bert-base-spanish-wwm-cased"", ""chunk_stride"": 256, ""max_tokens"": 512, ""n_cv_splits"": 5, ""n_search_iter"": 50, ""seeds"": [42, 43, 44, 45, 46], ""sentence_transformer_model"": ""intfloat/multilingual-e5-small"", ""tfidf_lemmatize"": true, ""tfidf_max_df"": 0.9, ""tfidf_max_features"": 300, ""tfidf_min_df"": 3, ""tfidf_ngram_range"": [1, 2], ""tfidf_normalize_numbers"": true}",2026-09-08T12:29:30
E0_TFIDF,frozen,participant,01,no_augmentation,GAD7,42,SVR,4.811268,False,,random50,"{""augmentation"": ""no_augmentation"", ""beto_model"": ""dccuchile/bert-base-spanish-wwm-cased"", ""chunk_stride"": 256, ""max_tokens"": 512, ""n_cv_splits"": 5, ""n_search_iter"": 50, ""seeds"": [42, 43, 44, 45, 46], ""sentence_transformer_model"": ""intfloat/multilingual-e5-small"", ""tfidf_lemmatize"": true, ""tfidf_max_df"": 0.9, ""tfidf_max_features"": 300, ""tfidf_min_df"": 3, ""tfidf_ngram_range"": [1, 2], ""tfidf_normalize_numbers"": true}",2026-09-08T12:29:30
E0_TFIDF,frozen,participant,01,no_augmentation,GAD7,42,RandomForest,4.713557,False,,random50,"{""augmentation"": ""no_augmentation"", ""beto_model"": ""dccuchile/bert-base-spanish-wwm-cased"", ""chunk_stride"": 256, ""max_tokens"": 512, ""n_cv_splits"": 5, ""n_search_iter"": 50, ""seeds"": [42, 43, 44, 45, 46], ""sentence_transformer_model"": ""intfloat/multilingual-e5-small"", ""tfidf_lemmatize"": true, ""tfidf_max_df"": 0.9, ""tfidf_max_features"": 300, ""tfidf_min_df"": 3, ""tfidf_ngram_range"": [1, 2], ""tfidf_normalize_numbers"": true}",2026-09-08T12:29:30
E0_TFIDF,frozen,participant,01,no_augmentation,GAD7,42,ExtraTrees,4.774528,False,,random50,"{""augmentation"": ""no_augmentation"", ""beto_model"": ""dccuchile/bert-base-spanish-wwm-cased"", ""chunk_stride"": 256, ""max_tokens"": 512, ""n_cv_splits"": 5, ""n_search_iter"": 50, ""seeds"": [42, 43, 44, 45, 46], ""sentence_transformer_model"": ""intfloat/multilingual-e5-small"", ""tfidf_lemmatize"": true, ""tfidf_max_df"": 0.9, ""tfidf_max_features"": 300, ""tfidf_min_df"": 3, ""tfidf_ngram_range"": [1, 2], ""tfidf_normalize_numbers"": true}",2026-09-08T12:29:30
E0_TFIDF,frozen,participant,01,no_augmentation,GAD7,42,GradientBoosting,4.734027,False,,random50,"{""augmentation"": ""no_augmentation"", ""beto_model"": ""dccuchile/bert-base-spanish-wwm-cased"", ""chunk_stride"": 256, ""max_tokens"": 512, ""n_cv_splits"": 5, ""n_search_iter"": 50, ""seeds"": [42, 43, 44, 45, 46], ""sentence_transformer_model"": ""intfloat/multilingual-e5-small"", ""tfidf_lemmatize"": true, ""tfidf_max_df"": 0.9, ""tfidf_max_features"": 300, ""tfidf_min_df"": 3, ""tfidf_ngram_range"": [1, 2], ""tfidf_normalize_numbers"": true}",2026-09-08T12:29:30
E0_TFIDF,frozen,participant,01,no_augmentation,GAD7,42,LightGBM,4.653548,True,,random50,"{""augmentation"": ""no_augmentation"", ""beto_model"": ""dccuchile/bert-base-spanish-wwm-cased"", ""chunk_stride"": 256, ""max_tokens"": 512, ""n_cv_splits"": 5, ""n_search_iter"": 50, ""seeds"": [42, 43, 44, 45, 46], ""sentence_transformer_model"": ""intfloat/multilingual-e5-small"", ""tfidf_lemmatize"": true, ""tfidf_max_df"": 0.9, ""tfidf_max_features"": 300, ""tfidf_min_df"": 3, ""tfidf_ngram_range"": [1, 2], ""tfidf_normalize_numbers"": true}",2026-09-08T12:29:30
E0_TFIDF,frozen,participant,01,no_augmentation,GAD7,42,KNN,5.021353,False,,random50,"{""augmentation"": ""no_augmentation"", ""beto_model"": ""dccuchile/bert-base-spanish-wwm-cased"", ""chunk_stride"": 256, ""max_tokens"": 512, ""n_cv_splits"": 5, ""n_search_iter"": 50, ""seeds"": [42, 43, 44, 45, 46], ""sentence_transformer_model"": ""intfloat/multilingual-e5-small"", ""tfidf_lemmatize"": true, ""tfidf_max_df"": 0.9, ""tfidf_max_features"": 300, ""tfidf_min_df"": 3, ""tfidf_ngram_range"": [1, 2], ""tfidf_normalize_numbers"": true}",2026-09-08T12:29:30
E0_TFIDF,frozen,participant,01,no_augmentation,GAD7,42,DecisionTree,5.14445,False,,random50,"{""augmentation"": ""no_augmentation"", ""beto_model"": ""dccuchile/bert-base-spanish-wwm-cased"", ""chunk_stride"": 256, ""max_tokens"": 512, ""n_cv_splits"": 5, ""n_search_iter"": 50, ""seeds"": [42, 43, 44, 45, 46], ""sentence_transformer_model"": ""intfloat/multilingual-e5-small"", ""tfidf_lemmatize"": true, ""tfidf_max_df"": 0.9, ""tfidf_max_features"": 300, ""tfidf_min_df"": 3, ""tfidf_ngram_range"": [1, 2], ""tfidf_normalize_numbers"": true}",2026-09-08T12:29:30
E0_TFIDF,frozen,participant,01,no_augmentation,GAD7,42,AdaBoost,4.717961,False,,random50,"{""augmentation"": ""no_augmentation"", ""beto_model"": ""dccuchile/bert-base-spanish-wwm-cased"", ""chunk_stride"": 256, ""max_tokens"": 512, ""n_cv_splits"": 5, ""n_search_iter"": 50, ""seeds"": [42, 43, 44, 45, 46], ""sentence_transformer_model"": ""intfloat/multilingual-e5-small"", ""tfidf_lemmatize"": true, ""tfidf_max_df"": 0.9, ""tfidf_max_features"": 300, ""tfidf_min_df"": 3, ""tfidf_ngram_range"": [1, 2], ""tfidf_normalize_numbers"": true}",2026-09-08T12:29:30
E0_TFIDF,frozen,participant,01,no_augmentation,PHQ9,43,Ridge,5.735656,False,,random50,"{""augmentation"": ""no_augmentation"", ""beto_model"": ""dccuchile/bert-base-spanish-wwm-cased"", ""chunk_stride"": 256, ""max_tokens"": 512, ""n_cv_splits"": 5, ""n_search_iter"": 50, ""seeds"": [42, 43, 44, 45, 46], ""sentence_transformer_model"": ""intfloat/multilingual-e5-small"", ""tfidf_lemmatize"": true, ""tfidf_max_df"": 0.9, ""tfidf_max_features"": 300, ""tfidf_min_df"": 3, ""tfidf_ngram_range"": [1, 2], ""tfidf_normalize_numbers"": true}",2026-09-08T12:30:35
E0_TFIDF,frozen,participant,01,no_augmentation,PHQ9,43,SVR,5.704928,False,,random50,"{""augmentation"": ""no_augmentation"", ""beto_model"": ""dccuchile/bert-base-spanish-wwm-cased"", ""chunk_stride"": 256, ""max_tokens"": 512, ""n_cv_splits"": 5, ""n_search_iter"": 50, ""seeds"": [42, 43, 44, 45, 46], ""sentence_transformer_model"": ""intfloat/multilingual-e5-small"", ""tfidf_lemmatize"": true, ""tfidf_max_df"": 0.9, ""tfidf_max_features"": 300, ""tfidf_min_df"": 3, ""tfidf_ngram_range"": [1, 2], ""tfidf_normalize_numbers"": true}",2026-09-08T12:30:35
E0_TFIDF,frozen,participant,01,no_augmentation,PHQ9,43,RandomForest,5.687296,False,,random50,"{""augmentation"": ""no_augmentation"", ""beto_model"": ""dccuchile/bert-base-spanish-wwm-cased"", ""chunk_stride"": 256, ""max_tokens"": 512, ""n_cv_splits"": 5, ""n_search_iter"": 50, ""seeds"": [42, 43, 44, 45, 46], ""sentence_transformer_model"": ""intfloat/multilingual-e5-small"", ""tfidf_lemmatize"": true, ""tfidf_max_df"": 0.9, ""tfidf_max_features"": 300, ""tfidf_min_df"": 3, ""tfidf_ngram_range"": [1, 2], ""tfidf_normalize_numbers"": true}",2026-09-08T12:30:35
E0_TFIDF,frozen,participant,01,no_augmentation,PHQ9,43,ExtraTrees,5.702882,False,,random50,"{""augmentation"": ""no_augmentation"", ""beto_model"": ""dccuchile/bert-base-spanish-wwm-cased"", ""chunk_stride"": 256, ""max_tokens"": 512, ""n_cv_splits"": 5, ""n_search_iter"": 50, ""seeds"": [42, 43, 44, 45, 46], ""sentence_transformer_model"": ""intfloat/multilingual-e5-small"", ""tfidf_lemmatize"": true, ""tfidf_max_df"": 0.9, ""tfidf_max_features"": 300, ""tfidf_min_df"": 3, ""tfidf_ngram_range"": [1, 2], ""tfidf_normalize_numbers"": true}",2026-09-08T12:30:35
E0_TFIDF,frozen,participant,01,no_augmentation,PHQ9,43,GradientBoosting,5.632681,False,,random50,"{""augmentation"": ""no_augmentation"", ""beto_model"": ""dccuchile/bert-base-spanish-wwm-cased"", ""chunk_stride"": 256, ""max_tokens"": 512, ""n_cv_splits"": 5, ""n_search_iter"": 50, ""seeds"": [42, 43, 44, 45, 46], ""sentence_transformer_model"": ""intfloat/multilingual-e5-small"", ""tfidf_lemmatize"": true, ""tfidf_max_df"": 0.9, ""tfidf_max_features"": 300, ""tfidf_min_df"": 3, ""tfidf_ngram_range"": [1, 2], ""tfidf_normalize_numbers"": true}",2026-09-08T12:30:35
E0_TFIDF,frozen,participant,01,no_augmentation,PHQ9,43,LightGBM,5.885647,False,,random50,"{""augmentation"": ""no_augmentation"", ""beto_model"": ""dccuchile/bert-base-spanish-wwm-cased"", ""chunk_stride"": 256, ""max_tokens"": 512, ""n_cv_splits"": 5, ""n_search_iter"": 50, ""seeds"": [42, 43, 44, 45, 46], ""sentence_transformer_model"": ""intfloat/multilingual-e5-small"", ""tfidf_lemmatize"": true, ""tfidf_max_df"": 0.9, ""tfidf_max_features"": 300, ""tfidf_min_df"": 3, ""tfidf_ngram_range"": [1, 2], ""tfidf_normalize_numbers"": true}",2026-09-08T12:30:35
E0_TFIDF,frozen,participant,01,no_augmentation,PHQ9,43,KNN,5.919098,False,,random50,"{""augmentation"": ""no_augmentation"", ""beto_model"": ""dccuchile/bert-base-spanish-wwm-cased"", ""chunk_stride"": 256, ""max_tokens"": 512, ""n_cv_splits"": 5, ""n_search_iter"": 50, ""seeds"": [42, 43, 44, 45, 46], ""sentence_transformer_model"": ""intfloat/multilingual-e5-small"", ""tfidf_lemmatize"": true, ""tfidf_max_df"": 0.9, ""tfidf_max_features"": 300, ""tfidf_min_df"": 3, ""tfidf_ngram_range"": [1, 2], ""tfidf_normalize_numbers"": true}",2026-09-08T12:30:35
E0_TFIDF,frozen,participant,01,no_augmentation,PHQ9,43,DecisionTree,5.994932,False,,random50,"{""augmentation"": ""no_augmentation"", ""beto_model"": ""dccuchile/bert-base-spanish-wwm-cased"", ""chunk_stride"": 256, ""max_tokens"": 512, ""n_cv_splits"": 5, ""n_search_iter"": 50, ""seeds"": [42, 43, 44, 45, 46], ""sentence_transformer_model"": ""intfloat/multilingual-e5-small"", ""tfidf_lemmatize"": true, ""tfidf_max_df"": 0.9, ""tfidf_max_features"": 300, ""tfidf_min_df"": 3, ""tfidf_ngram_range"": [1, 2], ""tfidf_normalize_numbers"": true}",2026-09-08T12:30:35
E0_TFIDF,frozen,participant,01,no_augmentation,PHQ9,43,AdaBoost,5.521376,True,,random50,"{""augmentation"": ""no_augmentation"", ""beto_model"": ""dccuchile/bert-base-spanish-wwm-cased"", ""chunk_stride"": 256, ""max_tokens"": 512, ""n_cv_splits"": 5, ""n_search_iter"": 50, ""seeds"": [42, 43, 44, 45, 46], ""sentence_transformer_model"": ""intfloat/multilingual-e5-small"", ""tfidf_lemmatize"": true, ""tfidf_max_df"": 0.9, ""tfidf_max_features"": 300, ""tfidf_min_df"": 3, ""tfidf_ngram_range"": [1, 2], ""tfidf_normalize_numbers"": true}",2026-09-08T12:30:35
E0_TFIDF,frozen,participant,01,no_augmentation,GAD7,43,Ridge,4.864241,False,,random50,"{""augmentation"": ""no_augmentation"", ""beto_model"": ""dccuchile/bert-base-spanish-wwm-cased"", ""chunk_stride"": 256, ""max_tokens"": 512, ""n_cv_splits"": 5, ""n_search_iter"": 50, ""seeds"": [42, 43, 44, 45, 46], ""sentence_transformer_model"": ""intfloat/multilingual-e5-small"", ""tfidf_lemmatize"": true, ""tfidf_max_df"": 0.9, ""tfidf_max_features"": 300, ""tfidf_min_df"": 3, ""tfidf_ngram_range"": [1, 2], ""tfidf_normalize_numbers"": true}",2026-09-08T12:31:40
E0_TFIDF,frozen,participant,01,no_augmentation,GAD7,43,SVR,4.805195,False,,random50,"{""augmentation"": ""no_augmentation"", ""beto_model"": ""dccuchile/bert-base-spanish-wwm-cased"", ""chunk_stride"": 256, ""max_tokens"": 512, ""n_cv_splits"": 5, ""n_search_iter"": 50, ""seeds"": [42, 43, 44, 45, 46], ""sentence_transformer_model"": ""intfloat/multilingual-e5-small"", ""tfidf_lemmatize"": true, ""tfidf_max_df"": 0.9, ""tfidf_max_features"": 300, ""tfidf_min_df"": 3, ""tfidf_ngram_range"": [1, 2], ""tfidf_normalize_numbers"": true}",2026-09-08T12:31:40
E0_TFIDF,frozen,participant,01,no_augmentation,GAD7,43,RandomForest,4.740022,False,,random50,"{""augmentation"": ""no_augmentation"", ""beto_model"": ""dccuchile/bert-base-spanish-wwm-cased"", ""chunk_stride"": 256, ""max_tokens"": 512, ""n_cv_splits"": 5, ""n_search_iter"": 50, ""seeds"": [42, 43, 44, 45, 46], ""sentence_transformer_model"": ""intfloat/multilingual-e5-small"", ""tfidf_lemmatize"": true, ""tfidf_max_df"": 0.9, ""tfidf_max_features"": 300, ""tfidf_min_df"": 3, ""tfidf_ngram_range"": [1, 2], ""tfidf_normalize_numbers"": true}",2026-09-08T12:31:40
E0_TFIDF,frozen,participant,01,no_augmentation,GAD7,43,ExtraTrees,4.764946,False,,random50,"{""augmentation"": ""no_augmentation"", ""beto_model"": ""dccuchile/bert-base-spanish-wwm-cased"", ""chunk_stride"": 256, ""max_tokens"": 512, ""n_cv_splits"": 5, ""n_search_iter"": 50, ""seeds"": [42, 43, 44, 45, 46], ""sentence_transformer_model"": ""intfloat/multilingual-e5-small"", ""tfidf_lemmatize"": true, ""tfidf_max_df"": 0.9, ""tfidf_max_features"": 300, ""tfidf_min_df"": 3, ""tfidf_ngram_range"": [1, 2], ""tfidf_normalize_numbers"": true}",2026-09-08T12:31:40
E0_TFIDF,frozen,participant,01,no_augmentation,GAD7,43,GradientBoosting,4.743588,False,,random50,"{""augmentation"": ""no_augmentation"", ""beto_model"": ""dccuchile/bert-base-spanish-wwm-cased"", ""chunk_stride"": 256, ""max_tokens"": 512, ""n_cv_splits"": 5, ""n_search_iter"": 50, ""seeds"": [42, 43, 44, 45, 46], ""sentence_transformer_model"": ""intfloat/multilingual-e5-small"", ""tfidf_lemmatize"": true, ""tfidf_max_df"": 0.9, ""tfidf_max_features"": 300, ""tfidf_min_df"": 3, ""tfidf_ngram_range"": [1, 2], ""tfidf_normalize_numbers"": true}",2026-09-08T12:31:40
E0_TFIDF,frozen,participant,01,no_augmentation,GAD7,43,LightGBM,4.698577,True,,random50,"{""augmentation"": ""no_augmentation"", ""beto_model"": ""dccuchile/bert-base-spanish-wwm-cased"", ""chunk_stride"": 256, ""max_tokens"": 512, ""n_cv_splits"": 5, ""n_search_iter"": 50, ""seeds"": [42, 43, 44, 45, 46], ""sentence_transformer_model"": ""intfloat/multilingual-e5-small"", ""tfidf_lemmatize"": true, ""tfidf_max_df"": 0.9, ""tfidf_max_features"": 300, ""tfidf_min_df"": 3, ""tfidf_ngram_range"": [1, 2], ""tfidf_normalize_numbers"": true}",2026-09-08T12:31:40
E0_TFIDF,frozen,participant,01,no_augmentation,GAD7,43,KNN,5.028648,False,,random50,"{""augmentation"": ""no_augmentation"", ""beto_model"": ""dccuchile/bert-base-spanish-wwm-cased"", ""chunk_stride"": 256, ""max_tokens"": 512, ""n_cv_splits"": 5, ""n_search_iter"": 50, ""seeds"": [42, 43, 44, 45, 46], ""sentence_transformer_model"": ""intfloat/multilingual-e5-small"", ""tfidf_lemmatize"": true, ""tfidf_max_df"": 0.9, ""tfidf_max_features"": 300, ""tfidf_min_df"": 3, ""tfidf_ngram_range"": [1, 2], ""tfidf_normalize_numbers"": true}",2026-09-08T12:31:40
E0_TFIDF,frozen,participant,01,no_augmentation,GAD7,43,DecisionTree,5.179844,False,,random50,"{""augmentation"": ""no_augmentation"", ""beto_model"": ""dccuchile/bert-base-spanish-wwm-cased"", ""chunk_stride"": 256, ""max_tokens"": 512, ""n_cv_splits"": 5, ""n_search_iter"": 50, ""seeds"": [42, 43, 44, 45, 46], ""sentence_transformer_model"": ""intfloat/multilingual-e5-small"", ""tfidf_lemmatize"": true, ""tfidf_max_df"": 0.9, ""tfidf_max_features"": 300, ""tfidf_min_df"": 3, ""tfidf_ngram_range"": [1, 2], ""tfidf_normalize_numbers"": true}",2026-09-08T12:31:40
E0_TFIDF,frozen,participant,01,no_augmentation,GAD7,43,AdaBoost,4.700532,False,,random50,"{""augmentation"": ""no_augmentation"", ""beto_model"": ""dccuchile/bert-base-spanish-wwm-cased"", ""chunk_stride"": 256, ""max_tokens"": 512, ""n_cv_splits"": 5, ""n_search_iter"": 50, ""seeds"": [42, 43, 44, 45, 46], ""sentence_transformer_model"": ""intfloat/multilingual-e5-small"", ""tfidf_lemmatize"": true, ""tfidf_max_df"": 0.9, ""tfidf_max_features"": 300, ""tfidf_min_df"": 3, ""tfidf_ngram_range"": [1, 2], ""tfidf_normalize_numbers"": true}",2026-09-08T12:31:40
E0_TFIDF,frozen,participant,01,no_augmentation,PHQ9,44,Ridge,5.726252,False,,random50,"{""augmentation"": ""no_augmentation"", ""beto_model"": ""dccuchile/bert-base-spanish-wwm-cased"", ""chunk_stride"": 256, ""max_tokens"": 512, ""n_cv_splits"": 5, ""n_search_iter"": 50, ""seeds"": [42, 43, 44, 45, 46], ""sentence_transformer_model"": ""intfloat/multilingual-e5-small"", ""tfidf_lemmatize"": true, ""tfidf_max_df"": 0.9, ""tfidf_max_features"": 300, ""tfidf_min_df"": 3, ""tfidf_ngram_range"": [1, 2], ""tfidf_normalize_numbers"": true}",2026-09-08T12:32:42
E0_TFIDF,frozen,participant,01,no_augmentation,PHQ9,44,SVR,5.678243,False,,random50,"{""augmentation"": ""no_augmentation"", ""beto_model"": ""dccuchile/bert-base-spanish-wwm-cased"", ""chunk_stride"": 256, ""max_tokens"": 512, ""n_cv_splits"": 5, ""n_search_iter"": 50, ""seeds"": [42, 43, 44, 45, 46], ""sentence_transformer_model"": ""intfloat/multilingual-e5-small"", ""tfidf_lemmatize"": true, ""tfidf_max_df"": 0.9, ""tfidf_max_features"": 300, ""tfidf_min_df"": 3, ""tfidf_ngram_range"": [1, 2], ""tfidf_normalize_numbers"": true}",2026-09-08T12:32:42
E0_TFIDF,frozen,participant,01,no_augmentation,PHQ9,44,RandomForest,5.605806,False,,random50,"{""augmentation"": ""no_augmentation"", ""beto_model"": ""dccuchile/bert-base-spanish-wwm-cased"", ""chunk_stride"": 256, ""max_tokens"": 512, ""n_cv_splits"": 5, ""n_search_iter"": 50, ""seeds"": [42, 43, 44, 45, 46], ""sentence_transformer_model"": ""intfloat/multilingual-e5-small"", ""tfidf_lemmatize"": true, ""tfidf_max_df"": 0.9, ""tfidf_max_features"": 300, ""tfidf_min_df"": 3, ""tfidf_ngram_range"": [1, 2], ""tfidf_normalize_numbers"": true}",2026-09-08T12:32:42
E0_TFIDF,frozen,participant,01,no_augmentation,PHQ9,44,ExtraTrees,5.588227,False,,random50,"{""augmentation"": ""no_augmentation"", ""beto_model"": ""dccuchile/bert-base-spanish-wwm-cased"", ""chunk_stride"": 256, ""max_tokens"": 512, ""n_cv_splits"": 5, ""n_search_iter"": 50, ""seeds"": [42, 43, 44, 45, 46], ""sentence_transformer_model"": ""intfloat/multilingual-e5-small"", ""tfidf_lemmatize"": true, ""tfidf_max_df"": 0.9, ""tfidf_max_features"": 300, ""tfidf_min_df"": 3, ""tfidf_ngram_range"": [1, 2], ""tfidf_normalize_numbers"": true}",2026-09-08T12:32:42
E0_TFIDF,frozen,participant,01,no_augmentation,PHQ9,44,GradientBoosting,5.353359,True,,random50,"{""augmentation"": ""no_augmentation"", ""beto_model"": ""dccuchile/bert-base-spanish-wwm-cased"", ""chunk_stride"": 256, ""max_tokens"": 512, ""n_cv_splits"": 5, ""n_search_iter"": 50, ""seeds"": [42, 43, 44, 45, 46], ""sentence_transformer_model"": ""intfloat/multilingual-e5-small"", ""tfidf_lemmatize"": true, ""tfidf_max_df"": 0.9, ""tfidf_max_features"": 300, ""tfidf_min_df"": 3, ""tfidf_ngram_range"": [1, 2], ""tfidf_normalize_numbers"": true}",2026-09-08T12:32:42
E0_TFIDF,frozen,participant,01,no_augmentation,PHQ9,44,LightGBM,5.636284,False,,random50,"{""augmentation"": ""no_augmentation"", ""beto_model"": ""dccuchile/bert-base-spanish-wwm-cased"", ""chunk_stride"": 256, ""max_tokens"": 512, ""n_cv_splits"": 5, ""n_search_iter"": 50, ""seeds"": [42, 43, 44, 45, 46], ""sentence_transformer_model"": ""intfloat/multilingual-e5-small"", ""tfidf_lemmatize"": true, ""tfidf_max_df"": 0.9, ""tfidf_max_features"": 300, ""tfidf_min_df"": 3, ""tfidf_ngram_range"": [1, 2], ""tfidf_normalize_numbers"": true}",2026-09-08T12:32:42
E0_TFIDF,frozen,participant,01,no_augmentation,PHQ9,44,KNN,5.971482,False,,random50,"{""augmentation"": ""no_augmentation"", ""beto_model"": ""dccuchile/bert-base-spanish-wwm-cased"", ""chunk_stride"": 256, ""max_tokens"": 512, ""n_cv_splits"": 5, ""n_search_iter"": 50, ""seeds"": [42, 43, 44, 45, 46], ""sentence_transformer_model"": ""intfloat/multilingual-e5-small"", ""tfidf_lemmatize"": true, ""tfidf_max_df"": 0.9, ""tfidf_max_features"": 300, ""tfidf_min_df"": 3, ""tfidf_ngram_range"": [1, 2], ""tfidf_normalize_numbers"": true}",2026-09-08T12:32:42
E0_TFIDF,frozen,participant,01,no_augmentation,PHQ9,44,DecisionTree,6.175041,False,,random50,"{""augmentation"": ""no_augmentation"", ""beto_model"": ""dccuchile/bert-base-spanish-wwm-cased"", ""chunk_stride"": 256, ""max_tokens"": 512, ""n_cv_splits"": 5, ""n_search_iter"": 50, ""seeds"": [42, 43, 44, 45, 46], ""sentence_transformer_model"": ""intfloat/multilingual-e5-small"", ""tfidf_lemmatize"": true, ""tfidf_max_df"": 0.9, ""tfidf_max_features"": 300, ""tfidf_min_df"": 3, ""tfidf_ngram_range"": [1, 2], ""tfidf_normalize_numbers"": true}",2026-09-08T12:32:42
E0_TFIDF,frozen,participant,01,no_augmentation,PHQ9,44,AdaBoost,5.442446,False,,random50,"{""augmentation"": ""no_augmentation"", ""beto_model"": ""dccuchile/bert-base-spanish-wwm-cased"", ""chunk_stride"": 256, ""max_tokens"": 512, ""n_cv_splits"": 5, ""n_search_iter"": 50, ""seeds"": [42, 43, 44, 45, 46], ""sentence_transformer_model"": ""intfloat/multilingual-e5-small"", ""tfidf_lemmatize"": true, ""tfidf_max_df"": 0.9, ""tfidf_max_features"": 300, ""tfidf_min_df"": 3, ""tfidf_ngram_range"": [1, 2], ""tfidf_normalize_numbers"": true}",2026-09-08T12:32:42
E0_TFIDF,frozen,participant,01,no_augmentation,GAD7,44,Ridge,4.862685,False,,random50,"{""augmentation"": ""no_augmentation"", ""beto_model"": ""dccuchile/bert-base-spanish-wwm-cased"", ""chunk_stride"": 256, ""max_tokens"": 512, ""n_cv_splits"": 5, ""n_search_iter"": 50, ""seeds"": [42, 43, 44, 45, 46], ""sentence_transformer_model"": ""intfloat/multilingual-e5-small"", ""tfidf_lemmatize"": true, ""tfidf_max_df"": 0.9, ""tfidf_max_features"": 300, ""tfidf_min_df"": 3, ""tfidf_ngram_range"": [1, 2], ""tfidf_normalize_numbers"": true}",2026-09-08T12:33:44
E0_TFIDF,frozen,participant,01,no_augmentation,GAD7,44,SVR,4.814484,False,,random50,"{""augmentation"": ""no_augmentation"", ""beto_model"": ""dccuchile/bert-base-spanish-wwm-cased"", ""chunk_stride"": 256, ""max_tokens"": 512, ""n_cv_splits"": 5, ""n_search_iter"": 50, ""seeds"": [42, 43, 44, 45, 46], ""sentence_transformer_model"": ""intfloat/multilingual-e5-small"", ""tfidf_lemmatize"": true, ""tfidf_max_df"": 0.9, ""tfidf_max_features"": 300, ""tfidf_min_df"": 3, ""tfidf_ngram_range"": [1, 2], ""tfidf_normalize_numbers"": true}",2026-09-08T12:33:44
E0_TFIDF,frozen,participant,01,no_augmentation,GAD7,44,RandomForest,4.689547,False,,random50,"{""augmentation"": ""no_augmentation"", ""beto_model"": ""dccuchile/bert-base-spanish-wwm-cased"", ""chunk_stride"": 256, ""max_tokens"": 512, ""n_cv_splits"": 5, ""n_search_iter"": 50, ""seeds"": [42, 43, 44, 45, 46], ""sentence_transformer_model"": ""intfloat/multilingual-e5-small"", ""tfidf_lemmatize"": true, ""tfidf_max_df"": 0.9, ""tfidf_max_features"": 300, ""tfidf_min_df"": 3, ""tfidf_ngram_range"": [1, 2], ""tfidf_normalize_numbers"": true}",2026-09-08T12:33:44
E0_TFIDF,frozen,participant,01,no_augmentation,GAD7,44,ExtraTrees,4.709219,False,,random50,"{""augmentation"": ""no_augmentation"", ""beto_model"": ""dccuchile/bert-base-spanish-wwm-cased"", ""chunk_stride"": 256, ""max_tokens"": 512, ""n_cv_splits"": 5, ""n_search_iter"": 50, ""seeds"": [42, 43, 44, 45, 46], ""sentence_transformer_model"": ""intfloat/multilingual-e5-small"", ""tfidf_lemmatize"": true, ""tfidf_max_df"": 0.9, ""tfidf_max_features"": 300, ""tfidf_min_df"": 3, ""tfidf_ngram_range"": [1, 2], ""tfidf_normalize_numbers"": true}",2026-09-08T12:33:44
E0_TFIDF,frozen,participant,01,no_augmentation,GAD7,44,GradientBoosting,4.68543,False,,random50,"{""augmentation"": ""no_augmentation"", ""beto_model"": ""dccuchile/bert-base-spanish-wwm-cased"", ""chunk_stride"": 256, ""max_tokens"": 512, ""n_cv_splits"": 5, ""n_search_iter"": 50, ""seeds"": [42, 43, 44, 45, 46], ""sentence_transformer_model"": ""intfloat/multilingual-e5-small"", ""tfidf_lemmatize"": true, ""tfidf_max_df"": 0.9, ""tfidf_max_features"": 300, ""tfidf_min_df"": 3, ""tfidf_ngram_range"": [1, 2], ""tfidf_normalize_numbers"": true}",2026-09-08T12:33:44
E0_TFIDF,frozen,participant,01,no_augmentation,GAD7,44,LightGBM,4.671115,True,,random50,"{""augmentation"": ""no_augmentation"", ""beto_model"": ""dccuchile/bert-base-spanish-wwm-cased"", ""chunk_stride"": 256, ""max_tokens"": 512, ""n_cv_splits"": 5, ""n_search_iter"": 50, ""seeds"": [42, 43, 44, 45, 46], ""sentence_transformer_model"": ""intfloat/multilingual-e5-small"", ""tfidf_lemmatize"": true, ""tfidf_max_df"": 0.9, ""tfidf_max_features"": 300, ""tfidf_min_df"": 3, ""tfidf_ngram_range"": [1, 2], ""tfidf_normalize_numbers"": true}",2026-09-08T12:33:44
E0_TFIDF,frozen,participant,01,no_augmentation,GAD7,44,KNN,5.09368,False,,random50,"{""augmentation"": ""no_augmentation"", ""beto_model"": ""dccuchile/bert-base-spanish-wwm-cased"", ""chunk_stride"": 256, ""max_tokens"": 512, ""n_cv_splits"": 5, ""n_search_iter"": 50, ""seeds"": [42, 43, 44, 45, 46], ""sentence_transformer_model"": ""intfloat/multilingual-e5-small"", ""tfidf_lemmatize"": true, ""tfidf_max_df"": 0.9, ""tfidf_max_features"": 300, ""tfidf_min_df"": 3, ""tfidf_ngram_range"": [1, 2], ""tfidf_normalize_numbers"": true}",2026-09-08T12:33:44
E0_TFIDF,frozen,participant,01,no_augmentation,GAD7,44,DecisionTree,5.092287,False,,random50,"{""augmentation"": ""no_augmentation"", ""beto_model"": ""dccuchile/bert-base-spanish-wwm-cased"", ""chunk_stride"": 256, ""max_tokens"": 512, ""n_cv_splits"": 5, ""n_search_iter"": 50, ""seeds"": [42, 43, 44, 45, 46], ""sentence_transformer_model"": ""intfloat/multilingual-e5-small"", ""tfidf_lemmatize"": true, ""tfidf_max_df"": 0.9, ""tfidf_max_features"": 300, ""tfidf_min_df"": 3, ""tfidf_ngram_range"": [1, 2], ""tfidf_normalize_numbers"": true}",2026-09-08T12:33:44
E0_TFIDF,frozen,participant,01,no_augmentation,GAD7,44,AdaBoost,4.677507,False,,random50,"{""augmentation"": ""no_augmentation"", ""beto_model"": ""dccuchile/bert-base-spanish-wwm-cased"", ""chunk_stride"": 256, ""max_tokens"": 512, ""n_cv_splits"": 5, ""n_search_iter"": 50, ""seeds"": [42, 43, 44, 45, 46], ""sentence_transformer_model"": ""intfloat/multilingual-e5-small"", ""tfidf_lemmatize"": true, ""tfidf_max_df"": 0.9, ""tfidf_max_features"": 300, ""tfidf_min_df"": 3, ""tfidf_ngram_range"": [1, 2], ""tfidf_normalize_numbers"": true}",2026-09-08T12:33:44
E0_TFIDF,frozen,participant,01,no_augmentation,PHQ9,45,Ridge,5.768734,False,,random50,"{""augmentation"": ""no_augmentation"", ""beto_model"": ""dccuchile/bert-base-spanish-wwm-cased"", ""chunk_stride"": 256, ""max_tokens"": 512, ""n_cv_splits"": 5, ""n_search_iter"": 50, ""seeds"": [42, 43, 44, 45, 46], ""sentence_transformer_model"": ""intfloat/multilingual-e5-small"", ""tfidf_lemmatize"": true, ""tfidf_max_df"": 0.9, ""tfidf_max_features"": 300, ""tfidf_min_df"": 3, ""tfidf_ngram_range"": [1, 2], ""tfidf_normalize_numbers"": true}",2026-09-08T12:34:46
E0_TFIDF,frozen,participant,01,no_augmentation,PHQ9,45,SVR,5.775764,False,,random50,"{""augmentation"": ""no_augmentation"", ""beto_model"": ""dccuchile/bert-base-spanish-wwm-cased"", ""chunk_stride"": 256, ""max_tokens"": 512, ""n_cv_splits"": 5, ""n_search_iter"": 50, ""seeds"": [42, 43, 44, 45, 46], ""sentence_transformer_model"": ""intfloat/multilingual-e5-small"", ""tfidf_lemmatize"": true, ""tfidf_max_df"": 0.9, ""tfidf_max_features"": 300, ""tfidf_min_df"": 3, ""tfidf_ngram_range"": [1, 2], ""tfidf_normalize_numbers"": true}",2026-09-08T12:34:46
E0_TFIDF,frozen,participant,01,no_augmentation,PHQ9,45,RandomForest,5.57991,False,,random50,"{""augmentation"": ""no_augmentation"", ""beto_model"": ""dccuchile/bert-base-spanish-wwm-cased"", ""chunk_stride"": 256, ""max_tokens"": 512, ""n_cv_splits"": 5, ""n_search_iter"": 50, ""seeds"": [42, 43, 44, 45, 46], ""sentence_transformer_model"": ""intfloat/multilingual-e5-small"", ""tfidf_lemmatize"": true, ""tfidf_max_df"": 0.9, ""tfidf_max_features"": 300, ""tfidf_min_df"": 3, ""tfidf_ngram_range"": [1, 2], ""tfidf_normalize_numbers"": true}",2026-09-08T12:34:46
E0_TFIDF,frozen,participant,01,no_augmentation,PHQ9,45,ExtraTrees,5.641991,False,,random50,"{""augmentation"": ""no_augmentation"", ""beto_model"": ""dccuchile/bert-base-spanish-wwm-cased"", ""chunk_stride"": 256, ""max_tokens"": 512, ""n_cv_splits"": 5, ""n_search_iter"": 50, ""seeds"": [42, 43, 44, 45, 46], ""sentence_transformer_model"": ""intfloat/multilingual-e5-small"", ""tfidf_lemmatize"": true, ""tfidf_max_df"": 0.9, ""tfidf_max_features"": 300, ""tfidf_min_df"": 3, ""tfidf_ngram_range"": [1, 2], ""tfidf_normalize_numbers"": true}",2026-09-08T12:34:46
E0_TFIDF,frozen,participant,01,no_augmentation,PHQ9,45,GradientBoosting,5.443291,True,,random50,"{""augmentation"": ""no_augmentation"", ""beto_model"": ""dccuchile/bert-base-spanish-wwm-cased"", ""chunk_stride"": 256, ""max_tokens"": 512, ""n_cv_splits"": 5, ""n_search_iter"": 50, ""seeds"": [42, 43, 44, 45, 46], ""sentence_transformer_model"": ""intfloat/multilingual-e5-small"", ""tfidf_lemmatize"": true, ""tfidf_max_df"": 0.9, ""tfidf_max_features"": 300, ""tfidf_min_df"": 3, ""tfidf_ngram_range"": [1, 2], ""tfidf_normalize_numbers"": true}",2026-09-08T12:34:46
E0_TFIDF,frozen,participant,01,no_augmentation,PHQ9,45,LightGBM,5.792936,False,,random50,"{""augmentation"": ""no_augmentation"", ""beto_model"": ""dccuchile/bert-base-spanish-wwm-cased"", ""chunk_stride"": 256, ""max_tokens"": 512, ""n_cv_splits"": 5, ""n_search_iter"": 50, ""seeds"": [42, 43, 44, 45, 46], ""sentence_transformer_model"": ""intfloat/multilingual-e5-small"", ""tfidf_lemmatize"": true, ""tfidf_max_df"": 0.9, ""tfidf_max_features"": 300, ""tfidf_min_df"": 3, ""tfidf_ngram_range"": [1, 2], ""tfidf_normalize_numbers"": true}",2026-09-08T12:34:46
E0_TFIDF,frozen,participant,01,no_augmentation,PHQ9,45,KNN,5.963309,False,,random50,"{""augmentation"": ""no_augmentation"", ""beto_model"": ""dccuchile/bert-base-spanish-wwm-cased"", ""chunk_stride"": 256, ""max_tokens"": 512, ""n_cv_splits"": 5, ""n_search_iter"": 50, ""seeds"": [42, 43, 44, 45, 46], ""sentence_transformer_model"": ""intfloat/multilingual-e5-small"", ""tfidf_lemmatize"": true, ""tfidf_max_df"": 0.9, ""tfidf_max_features"": 300, ""tfidf_min_df"": 3, ""tfidf_ngram_range"": [1, 2], ""tfidf_normalize_numbers"": true}",2026-09-08T12:34:46
E0_TFIDF,frozen,participant,01,no_augmentation,PHQ9,45,DecisionTree,5.550355,False,,random50,"{""augmentation"": ""no_augmentation"", ""beto_model"": ""dccuchile/bert-base-spanish-wwm-cased"", ""chunk_stride"": 256, ""max_tokens"": 512, ""n_cv_splits"": 5, ""n_search_iter"": 50, ""seeds"": [42, 43, 44, 45, 46], ""sentence_transformer_model"": ""intfloat/multilingual-e5-small"", ""tfidf_lemmatize"": true, ""tfidf_max_df"": 0.9, ""tfidf_max_features"": 300, ""tfidf_min_df"": 3, ""tfidf_ngram_range"": [1, 2], ""tfidf_normalize_numbers"": true}",2026-09-08T12:34:46
E0_TFIDF,frozen,participant,01,no_augmentation,PHQ9,45,AdaBoost,5.581509,False,,random50,"{""augmentation"": ""no_augmentation"", ""beto_model"": ""dccuchile/bert-base-spanish-wwm-cased"", ""chunk_stride"": 256, ""max_tokens"": 512, ""n_cv_splits"": 5, ""n_search_iter"": 50, ""seeds"": [42, 43, 44, 45, 46], ""sentence_transformer_model"": ""intfloat/multilingual-e5-small"", ""tfidf_lemmatize"": true, ""tfidf_max_df"": 0.9, ""tfidf_max_features"": 300, ""tfidf_min_df"": 3, ""tfidf_ngram_range"": [1, 2], ""tfidf_normalize_numbers"": true}",2026-09-08T12:34:46
E0_TFIDF,frozen,participant,01,no_augmentation,GAD7,45,Ridge,4.885363,False,,random50,"{""augmentation"": ""no_augmentation"", ""beto_model"": ""dccuchile/bert-base-spanish-wwm-cased"", ""chunk_stride"": 256, ""max_tokens"": 512, ""n_cv_splits"": 5, ""n_search_iter"": 50, ""seeds"": [42, 43, 44, 45, 46], ""sentence_transformer_model"": ""intfloat/multilingual-e5-small"", ""tfidf_lemmatize"": true, ""tfidf_max_df"": 0.9, ""tfidf_max_features"": 300, ""tfidf_min_df"": 3, ""tfidf_ngram_range"": [1, 2], ""tfidf_normalize_numbers"": true}",2026-09-08T12:35:46
E0_TFIDF,frozen,participant,01,no_augmentation,GAD7,45,SVR,4.848978,False,,random50,"{""augmentation"": ""no_augmentation"", ""beto_model"": ""dccuchile/bert-base-spanish-wwm-cased"", ""chunk_stride"": 256, ""max_tokens"": 512, ""n_cv_splits"": 5, ""n_search_iter"": 50, ""seeds"": [42, 43, 44, 45, 46], ""sentence_transformer_model"": ""intfloat/multilingual-e5-small"", ""tfidf_lemmatize"": true, ""tfidf_max_df"": 0.9, ""tfidf_max_features"": 300, ""tfidf_min_df"": 3, ""tfidf_ngram_range"": [1, 2], ""tfidf_normalize_numbers"": true}",2026-09-08T12:35:46
E0_TFIDF,frozen,participant,01,no_augmentation,GAD7,45,RandomForest,4.711828,False,,random50,"{""augmentation"": ""no_augmentation"", ""beto_model"": ""dccuchile/bert-base-spanish-wwm-cased"", ""chunk_stride"": 256, ""max_tokens"": 512, ""n_cv_splits"": 5, ""n_search_iter"": 50, ""seeds"": [42, 43, 44, 45, 46], ""sentence_transformer_model"": ""intfloat/multilingual-e5-small"", ""tfidf_lemmatize"": true, ""tfidf_max_df"": 0.9, ""tfidf_max_features"": 300, ""tfidf_min_df"": 3, ""tfidf_ngram_range"": [1, 2], ""tfidf_normalize_numbers"": true}",2026-09-08T12:35:46
E0_TFIDF,frozen,participant,01,no_augmentation,GAD7,45,ExtraTrees,4.731937,False,,random50,"{""augmentation"": ""no_augmentation"", ""beto_model"": ""dccuchile/bert-base-spanish-wwm-cased"", ""chunk_stride"": 256, ""max_tokens"": 512, ""n_cv_splits"": 5, ""n_search_iter"": 50, ""seeds"": [42, 43, 44, 45, 46], ""sentence_transformer_model"": ""intfloat/multilingual-e5-small"", ""tfidf_lemmatize"": true, ""tfidf_max_df"": 0.9, ""tfidf_max_features"": 300, ""tfidf_min_df"": 3, ""tfidf_ngram_range"": [1, 2], ""tfidf_normalize_numbers"": true}",2026-09-08T12:35:46
E0_TFIDF,frozen,participant,01,no_augmentation,GAD7,45,GradientBoosting,4.732412,False,,random50,"{""augmentation"": ""no_augmentation"", ""beto_model"": ""dccuchile/bert-base-spanish-wwm-cased"", ""chunk_stride"": 256, ""max_tokens"": 512, ""n_cv_splits"": 5, ""n_search_iter"": 50, ""seeds"": [42, 43, 44, 45, 46], ""sentence_transformer_model"": ""intfloat/multilingual-e5-small"", ""tfidf_lemmatize"": true, ""tfidf_max_df"": 0.9, ""tfidf_max_features"": 300, ""tfidf_min_df"": 3, ""tfidf_ngram_range"": [1, 2], ""tfidf_normalize_numbers"": true}",2026-09-08T12:35:46
E0_TFIDF,frozen,participant,01,no_augmentation,GAD7,45,LightGBM,4.67917,False,,random50,"{""augmentation"": ""no_augmentation"", ""beto_model"": ""dccuchile/bert-base-spanish-wwm-cased"", ""chunk_stride"": 256, ""max_tokens"": 512, ""n_cv_splits"": 5, ""n_search_iter"": 50, ""seeds"": [42, 43, 44, 45, 46], ""sentence_transformer_model"": ""intfloat/multilingual-e5-small"", ""tfidf_lemmatize"": true, ""tfidf_max_df"": 0.9, ""tfidf_max_features"": 300, ""tfidf_min_df"": 3, ""tfidf_ngram_range"": [1, 2], ""tfidf_normalize_numbers"": true}",2026-09-08T12:35:46
E0_TFIDF,frozen,participant,01,no_augmentation,GAD7,45,KNN,5.039059,False,,random50,"{""augmentation"": ""no_augmentation"", ""beto_model"": ""dccuchile/bert-base-spanish-wwm-cased"", ""chunk_stride"": 256, ""max_tokens"": 512, ""n_cv_splits"": 5, ""n_search_iter"": 50, ""seeds"": [42, 43, 44, 45, 46], ""sentence_transformer_model"": ""intfloat/multilingual-e5-small"", ""tfidf_lemmatize"": true, ""tfidf_max_df"": 0.9, ""tfidf_max_features"": 300, ""tfidf_min_df"": 3, ""tfidf_ngram_range"": [1, 2], ""tfidf_normalize_numbers"": true}",2026-09-08T12:35:46
E0_TFIDF,frozen,participant,01,no_augmentation,GAD7,45,DecisionTree,4.883527,False,,random50,"{""augmentation"": ""no_augmentation"", ""beto_model"": ""dccuchile/bert-base-spanish-wwm-cased"", ""chunk_stride"": 256, ""max_tokens"": 512, ""n_cv_splits"": 5, ""n_search_iter"": 50, ""seeds"": [42, 43, 44, 45, 46], ""sentence_transformer_model"": ""intfloat/multilingual-e5-small"", ""tfidf_lemmatize"": true, ""tfidf_max_df"": 0.9, ""tfidf_max_features"": 300, ""tfidf_min_df"": 3, ""tfidf_ngram_range"": [1, 2], ""tfidf_normalize_numbers"": true}",2026-09-08T12:35:46
E0_TFIDF,frozen,participant,01,no_augmentation,GAD7,45,AdaBoost,4.674383,True,,random50,"{""augmentation"": ""no_augmentation"", ""beto_model"": ""dccuchile/bert-base-spanish-wwm-cased"", ""chunk_stride"": 256, ""max_tokens"": 512, ""n_cv_splits"": 5, ""n_search_iter"": 50, ""seeds"": [42, 43, 44, 45, 46], ""sentence_transformer_model"": ""intfloat/multilingual-e5-small"", ""tfidf_lemmatize"": true, ""tfidf_max_df"": 0.9, ""tfidf_max_features"": 300, ""tfidf_min_df"": 3, ""tfidf_ngram_range"": [1, 2], ""tfidf_normalize_numbers"": true}",2026-09-08T12:35:46
E0_TFIDF,frozen,participant,01,no_augmentation,PHQ9,46,Ridge,5.6688,False,,random50,"{""augmentation"": ""no_augmentation"", ""beto_model"": ""dccuchile/bert-base-spanish-wwm-cased"", ""chunk_stride"": 256, ""max_tokens"": 512, ""n_cv_splits"": 5, ""n_search_iter"": 50, ""seeds"": [42, 43, 44, 45, 46], ""sentence_transformer_model"": ""intfloat/multilingual-e5-small"", ""tfidf_lemmatize"": true, ""tfidf_max_df"": 0.9, ""tfidf_max_features"": 300, ""tfidf_min_df"": 3, ""tfidf_ngram_range"": [1, 2], ""tfidf_normalize_numbers"": true}",2026-09-08T12:36:44
E0_TFIDF,frozen,participant,01,no_augmentation,PHQ9,46,SVR,5.631034,False,,random50,"{""augmentation"": ""no_augmentation"", ""beto_model"": ""dccuchile/bert-base-spanish-wwm-cased"", ""chunk_stride"": 256, ""max_tokens"": 512, ""n_cv_splits"": 5, ""n_search_iter"": 50, ""seeds"": [42, 43, 44, 45, 46], ""sentence_transformer_model"": ""intfloat/multilingual-e5-small"", ""tfidf_lemmatize"": true, ""tfidf_max_df"": 0.9, ""tfidf_max_features"": 300, ""tfidf_min_df"": 3, ""tfidf_ngram_range"": [1, 2], ""tfidf_normalize_numbers"": true}",2026-09-08T12:36:44
E0_TFIDF,frozen,participant,01,no_augmentation,PHQ9,46,RandomForest,5.636311,False,,random50,"{""augmentation"": ""no_augmentation"", ""beto_model"": ""dccuchile/bert-base-spanish-wwm-cased"", ""chunk_stride"": 256, ""max_tokens"": 512, ""n_cv_splits"": 5, ""n_search_iter"": 50, ""seeds"": [42, 43, 44, 45, 46], ""sentence_transformer_model"": ""intfloat/multilingual-e5-small"", ""tfidf_lemmatize"": true, ""tfidf_max_df"": 0.9, ""tfidf_max_features"": 300, ""tfidf_min_df"": 3, ""tfidf_ngram_range"": [1, 2], ""tfidf_normalize_numbers"": true}",2026-09-08T12:36:44
E0_TFIDF,frozen,participant,01,no_augmentation,PHQ9,46,ExtraTrees,5.603952,False,,random50,"{""augmentation"": ""no_augmentation"", ""beto_model"": ""dccuchile/bert-base-spanish-wwm-cased"", ""chunk_stride"": 256, ""max_tokens"": 512, ""n_cv_splits"": 5, ""n_search_iter"": 50, ""seeds"": [42, 43, 44, 45, 46], ""sentence_transformer_model"": ""intfloat/multilingual-e5-small"", ""tfidf_lemmatize"": true, ""tfidf_max_df"": 0.9, ""tfidf_max_features"": 300, ""tfidf_min_df"": 3, ""tfidf_ngram_range"": [1, 2], ""tfidf_normalize_numbers"": true}",2026-09-08T12:36:44
E0_TFIDF,frozen,participant,01,no_augmentation,PHQ9,46,GradientBoosting,5.305388,True,,random50,"{""augmentation"": ""no_augmentation"", ""beto_model"": ""dccuchile/bert-base-spanish-wwm-cased"", ""chunk_stride"": 256, ""max_tokens"": 512, ""n_cv_splits"": 5, ""n_search_iter"": 50, ""seeds"": [42, 43, 44, 45, 46], ""sentence_transformer_model"": ""intfloat/multilingual-e5-small"", ""tfidf_lemmatize"": true, ""tfidf_max_df"": 0.9, ""tfidf_max_features"": 300, ""tfidf_min_df"": 3, ""tfidf_ngram_range"": [1, 2], ""tfidf_normalize_numbers"": true}",2026-09-08T12:36:44
E0_TFIDF,frozen,participant,01,no_augmentation,PHQ9,46,LightGBM,5.793413,False,,random50,"{""augmentation"": ""no_augmentation"", ""beto_model"": ""dccuchile/bert-base-spanish-wwm-cased"", ""chunk_stride"": 256, ""max_tokens"": 512, ""n_cv_splits"": 5, ""n_search_iter"": 50, ""seeds"": [42, 43, 44, 45, 46], ""sentence_transformer_model"": ""intfloat/multilingual-e5-small"", ""tfidf_lemmatize"": true, ""tfidf_max_df"": 0.9, ""tfidf_max_features"": 300, ""tfidf_min_df"": 3, ""tfidf_ngram_range"": [1, 2], ""tfidf_normalize_numbers"": true}",2026-09-08T12:36:44
E0_TFIDF,frozen,participant,01,no_augmentation,PHQ9,46,KNN,5.78421,False,,random50,"{""augmentation"": ""no_augmentation"", ""beto_model"": ""dccuchile/bert-base-spanish-wwm-cased"", ""chunk_stride"": 256, ""max_tokens"": 512, ""n_cv_splits"": 5, ""n_search_iter"": 50, ""seeds"": [42, 43, 44, 45, 46], ""sentence_transformer_model"": ""intfloat/multilingual-e5-small"", ""tfidf_lemmatize"": true, ""tfidf_max_df"": 0.9, ""tfidf_max_features"": 300, ""tfidf_min_df"": 3, ""tfidf_ngram_range"": [1, 2], ""tfidf_normalize_numbers"": true}",2026-09-08T12:36:44
E0_TFIDF,frozen,participant,01,no_augmentation,PHQ9,46,DecisionTree,6.369651,False,,random50,"{""augmentation"": ""no_augmentation"", ""beto_model"": ""dccuchile/bert-base-spanish-wwm-cased"", ""chunk_stride"": 256, ""max_tokens"": 512, ""n_cv_splits"": 5, ""n_search_iter"": 50, ""seeds"": [42, 43, 44, 45, 46], ""sentence_transformer_model"": ""intfloat/multilingual-e5-small"", ""tfidf_lemmatize"": true, ""tfidf_max_df"": 0.9, ""tfidf_max_features"": 300, ""tfidf_min_df"": 3, ""tfidf_ngram_range"": [1, 2], ""tfidf_normalize_numbers"": true}",2026-09-08T12:36:44
E0_TFIDF,frozen,participant,01,no_augmentation,PHQ9,46,AdaBoost,5.381142,False,,random50,"{""augmentation"": ""no_augmentation"", ""beto_model"": ""dccuchile/bert-base-spanish-wwm-cased"", ""chunk_stride"": 256, ""max_tokens"": 512, ""n_cv_splits"": 5, ""n_search_iter"": 50, ""seeds"": [42, 43, 44, 45, 46], ""sentence_transformer_model"": ""intfloat/multilingual-e5-small"", ""tfidf_lemmatize"": true, ""tfidf_max_df"": 0.9, ""tfidf_max_features"": 300, ""tfidf_min_df"": 3, ""tfidf_ngram_range"": [1, 2], ""tfidf_normalize_numbers"": true}",2026-09-08T12:36:44
E0_TFIDF,frozen,participant,01,no_augmentation,GAD7,46,Ridge,4.87427,False,,random50,"{""augmentation"": ""no_augmentation"", ""beto_model"": ""dccuchile/bert-base-spanish-wwm-cased"", ""chunk_stride"": 256, ""max_tokens"": 512, ""n_cv_splits"": 5, ""n_search_iter"": 50, ""seeds"": [42, 43, 44, 45, 46], ""sentence_transformer_model"": ""intfloat/multilingual-e5-small"", ""tfidf_lemmatize"": true, ""tfidf_max_df"": 0.9, ""tfidf_max_features"": 300, ""tfidf_min_df"": 3, ""tfidf_ngram_range"": [1, 2], ""tfidf_normalize_numbers"": true}",2026-09-08T12:37:42
E0_TFIDF,frozen,participant,01,no_augmentation,GAD7,46,SVR,4.827076,False,,random50,"{""augmentation"": ""no_augmentation"", ""beto_model"": ""dccuchile/bert-base-spanish-wwm-cased"", ""chunk_stride"": 256, ""max_tokens"": 512, ""n_cv_splits"": 5, ""n_search_iter"": 50, ""seeds"": [42, 43, 44, 45, 46], ""sentence_transformer_model"": ""intfloat/multilingual-e5-small"", ""tfidf_lemmatize"": true, ""tfidf_max_df"": 0.9, ""tfidf_max_features"": 300, ""tfidf_min_df"": 3, ""tfidf_ngram_range"": [1, 2], ""tfidf_normalize_numbers"": true}",2026-09-08T12:37:42
E0_TFIDF,frozen,participant,01,no_augmentation,GAD7,46,RandomForest,4.754926,False,,random50,"{""augmentation"": ""no_augmentation"", ""beto_model"": ""dccuchile/bert-base-spanish-wwm-cased"", ""chunk_stride"": 256, ""max_tokens"": 512, ""n_cv_splits"": 5, ""n_search_iter"": 50, ""seeds"": [42, 43, 44, 45, 46], ""sentence_transformer_model"": ""intfloat/multilingual-e5-small"", ""tfidf_lemmatize"": true, ""tfidf_max_df"": 0.9, ""tfidf_max_features"": 300, ""tfidf_min_df"": 3, ""tfidf_ngram_range"": [1, 2], ""tfidf_normalize_numbers"": true}",2026-09-08T12:37:42
E0_TFIDF,frozen,participant,01,no_augmentation,GAD7,46,ExtraTrees,4.759587,False,,random50,"{""augmentation"": ""no_augmentation"", ""beto_model"": ""dccuchile/bert-base-spanish-wwm-cased"", ""chunk_stride"": 256, ""max_tokens"": 512, ""n_cv_splits"": 5, ""n_search_iter"": 50, ""seeds"": [42, 43, 44, 45, 46], ""sentence_transformer_model"": ""intfloat/multilingual-e5-small"", ""tfidf_lemmatize"": true, ""tfidf_max_df"": 0.9, ""tfidf_max_features"": 300, ""tfidf_min_df"": 3, ""tfidf_ngram_range"": [1, 2], ""tfidf_normalize_numbers"": true}",2026-09-08T12:37:42
E0_TFIDF,frozen,participant,01,no_augmentation,GAD7,46,GradientBoosting,4.772815,False,,random50,"{""augmentation"": ""no_augmentation"", ""beto_model"": ""dccuchile/bert-base-spanish-wwm-cased"", ""chunk_stride"": 256, ""max_tokens"": 512, ""n_cv_splits"": 5, ""n_search_iter"": 50, ""seeds"": [42, 43, 44, 45, 46], ""sentence_transformer_model"": ""intfloat/multilingual-e5-small"", ""tfidf_lemmatize"": true, ""tfidf_max_df"": 0.9, ""tfidf_max_features"": 300, ""tfidf_min_df"": 3, ""tfidf_ngram_range"": [1, 2], ""tfidf_normalize_numbers"": true}",2026-09-08T12:37:42
E0_TFIDF,frozen,participant,01,no_augmentation,GAD7,46,LightGBM,4.786293,False,,random50,"{""augmentation"": ""no_augmentation"", ""beto_model"": ""dccuchile/bert-base-spanish-wwm-cased"", ""chunk_stride"": 256, ""max_tokens"": 512, ""n_cv_splits"": 5, ""n_search_iter"": 50, ""seeds"": [42, 43, 44, 45, 46], ""sentence_transformer_model"": ""intfloat/multilingual-e5-small"", ""tfidf_lemmatize"": true, ""tfidf_max_df"": 0.9, ""tfidf_max_features"": 300, ""tfidf_min_df"": 3, ""tfidf_ngram_range"": [1, 2], ""tfidf_normalize_numbers"": true}",2026-09-08T12:37:42
E0_TFIDF,frozen,participant,01,no_augmentation,GAD7,46,KNN,4.97274,False,,random50,"{""augmentation"": ""no_augmentation"", ""beto_model"": ""dccuchile/bert-base-spanish-wwm-cased"", ""chunk_stride"": 256, ""max_tokens"": 512, ""n_cv_splits"": 5, ""n_search_iter"": 50, ""seeds"": [42, 43, 44, 45, 46], ""sentence_transformer_model"": ""intfloat/multilingual-e5-small"", ""tfidf_lemmatize"": true, ""tfidf_max_df"": 0.9, ""tfidf_max_features"": 300, ""tfidf_min_df"": 3, ""tfidf_ngram_range"": [1, 2], ""tfidf_normalize_numbers"": true}",2026-09-08T12:37:42
E0_TFIDF,frozen,participant,01,no_augmentation,GAD7,46,DecisionTree,5.017546,False,,random50,"{""augmentation"": ""no_augmentation"", ""beto_model"": ""dccuchile/bert-base-spanish-wwm-cased"", ""chunk_stride"": 256, ""max_tokens"": 512, ""n_cv_splits"": 5, ""n_search_iter"": 50, ""seeds"": [42, 43, 44, 45, 46], ""sentence_transformer_model"": ""intfloat/multilingual-e5-small"", ""tfidf_lemmatize"": true, ""tfidf_max_df"": 0.9, ""tfidf_max_features"": 300, ""tfidf_min_df"": 3, ""tfidf_ngram_range"": [1, 2], ""tfidf_normalize_numbers"": true}",2026-09-08T12:37:42
E0_TFIDF,frozen,participant,01,no_augmentation,GAD7,46,AdaBoost,4.732081,True,,random50,"{""augmentation"": ""no_augmentation"", ""beto_model"": ""dccuchile/bert-base-spanish-wwm-cased"", ""chunk_stride"": 256, ""max_tokens"": 512, ""n_cv_splits"": 5, ""n_search_iter"": 50, ""seeds"": [42, 43, 44, 45, 46], ""sentence_transformer_model"": ""intfloat/multilingual-e5-small"", ""tfidf_lemmatize"": true, ""tfidf_max_df"": 0.9, ""tfidf_max_features"": 300, ""tfidf_min_df"": 3, ""tfidf_ngram_range"": [1, 2], ""tfidf_normalize_numbers"": true}",2026-09-08T12:37:42
E1_BETO,frozen,participant,01,no_augmentation,PHQ9,42,Ridge,5.813312,False,,random50,"{""augmentation"": ""no_augmentation"", ""beto_model"": ""dccuchile/bert-base-spanish-wwm-cased"", ""chunk_stride"": 256, ""max_tokens"": 512, ""n_cv_splits"": 5, ""n_search_iter"": 50, ""seeds"": [42, 43, 44, 45, 46], ""sentence_transformer_model"": ""intfloat/multilingual-e5-small"", ""tfidf_lemmatize"": true, ""tfidf_max_df"": 0.9, ""tfidf_max_features"": 300, ""tfidf_min_df"": 3, ""tfidf_ngram_range"": [1, 2], ""tfidf_normalize_numbers"": true}",2026-09-08T12:39:54
E1_BETO,frozen,participant,01,no_augmentation,PHQ9,42,SVR,5.249434,True,,random50,"{""augmentation"": ""no_augmentation"", ""beto_model"": ""dccuchile/bert-base-spanish-wwm-cased"", ""chunk_stride"": 256, ""max_tokens"": 512, ""n_cv_splits"": 5, ""n_search_iter"": 50, ""seeds"": [42, 43, 44, 45, 46], ""sentence_transformer_model"": ""intfloat/multilingual-e5-small"", ""tfidf_lemmatize"": true, ""tfidf_max_df"": 0.9, ""tfidf_max_features"": 300, ""tfidf_min_df"": 3, ""tfidf_ngram_range"": [1, 2], ""tfidf_normalize_numbers"": true}",2026-09-08T12:39:54
E1_BETO,frozen,participant,01,no_augmentation,PHQ9,42,RandomForest,5.477429,False,,random50,"{""augmentation"": ""no_augmentation"", ""beto_model"": ""dccuchile/bert-base-spanish-wwm-cased"", ""chunk_stride"": 256, ""max_tokens"": 512, ""n_cv_splits"": 5, ""n_search_iter"": 50, ""seeds"": [42, 43, 44, 45, 46], ""sentence_transformer_model"": ""intfloat/multilingual-e5-small"", ""tfidf_lemmatize"": true, ""tfidf_max_df"": 0.9, ""tfidf_max_features"": 300, ""tfidf_min_df"": 3, ""tfidf_ngram_range"": [1, 2], ""tfidf_normalize_numbers"": true}",2026-09-08T12:39:54
E1_BETO,frozen,participant,01,no_augmentation,PHQ9,42,ExtraTrees,5.516791,False,,random50,"{""augmentation"": ""no_augmentation"", ""beto_model"": ""dccuchile/bert-base-spanish-wwm-cased"", ""chunk_stride"": 256, ""max_tokens"": 512, ""n_cv_splits"": 5, ""n_search_iter"": 50, ""seeds"": [42, 43, 44, 45, 46], ""sentence_transformer_model"": ""intfloat/multilingual-e5-small"", ""tfidf_lemmatize"": true, ""tfidf_max_df"": 0.9, ""tfidf_max_features"": 300, ""tfidf_min_df"": 3, ""tfidf_ngram_range"": [1, 2], ""tfidf_normalize_numbers"": true}",2026-09-08T12:39:54
E1_BETO,frozen,participant,01,no_augmentation,PHQ9,42,GradientBoosting,5.317745,False,,random50,"{""augmentation"": ""no_augmentation"", ""beto_model"": ""dccuchile/bert-base-spanish-wwm-cased"", ""chunk_stride"": 256, ""max_tokens"": 512, ""n_cv_splits"": 5, ""n_search_iter"": 50, ""seeds"": [42, 43, 44, 45, 46], ""sentence_transformer_model"": ""intfloat/multilingual-e5-small"", ""tfidf_lemmatize"": true, ""tfidf_max_df"": 0.9, ""tfidf_max_features"": 300, ""tfidf_min_df"": 3, ""tfidf_ngram_range"": [1, 2], ""tfidf_normalize_numbers"": true}",2026-09-08T12:39:54
E1_BETO,frozen,participant,01,no_augmentation,PHQ9,42,LightGBM,5.90742,False,,random50,"{""augmentation"": ""no_augmentation"", ""beto_model"": ""dccuchile/bert-base-spanish-wwm-cased"", ""chunk_stride"": 256, ""max_tokens"": 512, ""n_cv_splits"": 5, ""n_search_iter"": 50, ""seeds"": [42, 43, 44, 45, 46], ""sentence_transformer_model"": ""intfloat/multilingual-e5-small"", ""tfidf_lemmatize"": true, ""tfidf_max_df"": 0.9, ""tfidf_max_features"": 300, ""tfidf_min_df"": 3, ""tfidf_ngram_range"": [1, 2], ""tfidf_normalize_numbers"": true}",2026-09-08T12:39:54
E1_BETO,frozen,participant,01,no_augmentation,PHQ9,42,KNN,5.38935,False,,random50,"{""augmentation"": ""no_augmentation"", ""beto_model"": ""dccuchile/bert-base-spanish-wwm-cased"", ""chunk_stride"": 256, ""max_tokens"": 512, ""n_cv_splits"": 5, ""n_search_iter"": 50, ""seeds"": [42, 43, 44, 45, 46], ""sentence_transformer_model"": ""intfloat/multilingual-e5-small"", ""tfidf_lemmatize"": true, ""tfidf_max_df"": 0.9, ""tfidf_max_features"": 300, ""tfidf_min_df"": 3, ""tfidf_ngram_range"": [1, 2], ""tfidf_normalize_numbers"": true}",2026-09-08T12:39:54
E1_BETO,frozen,participant,01,no_augmentation,PHQ9,42,DecisionTree,5.683471,False,,random50,"{""augmentation"": ""no_augmentation"", ""beto_model"": ""dccuchile/bert-base-spanish-wwm-cased"", ""chunk_stride"": 256, ""max_tokens"": 512, ""n_cv_splits"": 5, ""n_search_iter"": 50, ""seeds"": [42, 43, 44, 45, 46], ""sentence_transformer_model"": ""intfloat/multilingual-e5-small"", ""tfidf_lemmatize"": true, ""tfidf_max_df"": 0.9, ""tfidf_max_features"": 300, ""tfidf_min_df"": 3, ""tfidf_ngram_range"": [1, 2], ""tfidf_normalize_numbers"": true}",2026-09-08T12:39:54
E1_BETO,frozen,participant,01,no_augmentation,PHQ9,42,AdaBoost,5.340328,False,,random50,"{""augmentation"": ""no_augmentation"", ""beto_model"": ""dccuchile/bert-base-spanish-wwm-cased"", ""chunk_stride"": 256, ""max_tokens"": 512, ""n_cv_splits"": 5, ""n_search_iter"": 50, ""seeds"": [42, 43, 44, 45, 46], ""sentence_transformer_model"": ""intfloat/multilingual-e5-small"", ""tfidf_lemmatize"": true, ""tfidf_max_df"": 0.9, ""tfidf_max_features"": 300, ""tfidf_min_df"": 3, ""tfidf_ngram_range"": [1, 2], ""tfidf_normalize_numbers"": true}",2026-09-08T12:39:54
E1_BETO,frozen,participant,01,no_augmentation,GAD7,42,Ridge,5.485334,False,,random50,"{""augmentation"": ""no_augmentation"", ""beto_model"": ""dccuchile/bert-base-spanish-wwm-cased"", ""chunk_stride"": 256, ""max_tokens"": 512, ""n_cv_splits"": 5, ""n_search_iter"": 50, ""seeds"": [42, 43, 44, 45, 46], ""sentence_transformer_model"": ""intfloat/multilingual-e5-small"", ""tfidf_lemmatize"": true, ""tfidf_max_df"": 0.9, ""tfidf_max_features"": 300, ""tfidf_min_df"": 3, ""tfidf_ngram_range"": [1, 2], ""tfidf_normalize_numbers"": true}",2026-09-08T12:42:00
E1_BETO,frozen,participant,01,no_augmentation,GAD7,42,SVR,4.50949,True,,random50,"{""augmentation"": ""no_augmentation"", ""beto_model"": ""dccuchile/bert-base-spanish-wwm-cased"", ""chunk_stride"": 256, ""max_tokens"": 512, ""n_cv_splits"": 5, ""n_search_iter"": 50, ""seeds"": [42, 43, 44, 45, 46], ""sentence_transformer_model"": ""intfloat/multilingual-e5-small"", ""tfidf_lemmatize"": true, ""tfidf_max_df"": 0.9, ""tfidf_max_features"": 300, ""tfidf_min_df"": 3, ""tfidf_ngram_range"": [1, 2], ""tfidf_normalize_numbers"": true}",2026-09-08T12:42:00
E1_BETO,frozen,participant,01,no_augmentation,GAD7,42,RandomForest,4.564707,False,,random50,"{""augmentation"": ""no_augmentation"", ""beto_model"": ""dccuchile/bert-base-spanish-wwm-cased"", ""chunk_stride"": 256, ""max_tokens"": 512, ""n_cv_splits"": 5, ""n_search_iter"": 50, ""seeds"": [42, 43, 44, 45, 46], ""sentence_transformer_model"": ""intfloat/multilingual-e5-small"", ""tfidf_lemmatize"": true, ""tfidf_max_df"": 0.9, ""tfidf_max_features"": 300, ""tfidf_min_df"": 3, ""tfidf_ngram_range"": [1, 2], ""tfidf_normalize_numbers"": true}",2026-09-08T12:42:00
E1_BETO,frozen,participant,01,no_augmentation,GAD7,42,ExtraTrees,4.57479,False,,random50,"{""augmentation"": ""no_augmentation"", ""beto_model"": ""dccuchile/bert-base-spanish-wwm-cased"", ""chunk_stride"": 256, ""max_tokens"": 512, ""n_cv_splits"": 5, ""n_search_iter"": 50, ""seeds"": [42, 43, 44, 45, 46], ""sentence_transformer_model"": ""intfloat/multilingual-e5-small"", ""tfidf_lemmatize"": true, ""tfidf_max_df"": 0.9, ""tfidf_max_features"": 300, ""tfidf_min_df"": 3, ""tfidf_ngram_range"": [1, 2], ""tfidf_normalize_numbers"": true}",2026-09-08T12:42:00
E1_BETO,frozen,participant,01,no_augmentation,GAD7,42,GradientBoosting,4.651958,False,,random50,"{""augmentation"": ""no_augmentation"", ""beto_model"": ""dccuchile/bert-base-spanish-wwm-cased"", ""chunk_stride"": 256, ""max_tokens"": 512, ""n_cv_splits"": 5, ""n_search_iter"": 50, ""seeds"": [42, 43, 44, 45, 46], ""sentence_transformer_model"": ""intfloat/multilingual-e5-small"", ""tfidf_lemmatize"": true, ""tfidf_max_df"": 0.9, ""tfidf_max_features"": 300, ""tfidf_min_df"": 3, ""tfidf_ngram_range"": [1, 2], ""tfidf_normalize_numbers"": true}",2026-09-08T12:42:00
E1_BETO,frozen,participant,01,no_augmentation,GAD7,42,LightGBM,4.86043,False,,random50,"{""augmentation"": ""no_augmentation"", ""beto_model"": ""dccuchile/bert-base-spanish-wwm-cased"", ""chunk_stride"": 256, ""max_tokens"": 512, ""n_cv_splits"": 5, ""n_search_iter"": 50, ""seeds"": [42, 43, 44, 45, 46], ""sentence_transformer_model"": ""intfloat/multilingual-e5-small"", ""tfidf_lemmatize"": true, ""tfidf_max_df"": 0.9, ""tfidf_max_features"": 300, ""tfidf_min_df"": 3, ""tfidf_ngram_range"": [1, 2], ""tfidf_normalize_numbers"": true}",2026-09-08T12:42:00
E1_BETO,frozen,participant,01,no_augmentation,GAD7,42,KNN,4.63198,False,,random50,"{""augmentation"": ""no_augmentation"", ""beto_model"": ""dccuchile/bert-base-spanish-wwm-cased"", ""chunk_stride"": 256, ""max_tokens"": 512, ""n_cv_splits"": 5, ""n_search_iter"": 50, ""seeds"": [42, 43, 44, 45, 46], ""sentence_transformer_model"": ""intfloat/multilingual-e5-small"", ""tfidf_lemmatize"": true, ""tfidf_max_df"": 0.9, ""tfidf_max_features"": 300, ""tfidf_min_df"": 3, ""tfidf_ngram_range"": [1, 2], ""tfidf_normalize_numbers"": true}",2026-09-08T12:42:00
E1_BETO,frozen,participant,01,no_augmentation,GAD7,42,DecisionTree,5.032323,False,,random50,"{""augmentation"": ""no_augmentation"", ""beto_model"": ""dccuchile/bert-base-spanish-wwm-cased"", ""chunk_stride"": 256, ""max_tokens"": 512, ""n_cv_splits"": 5, ""n_search_iter"": 50, ""seeds"": [42, 43, 44, 45, 46], ""sentence_transformer_model"": ""intfloat/multilingual-e5-small"", ""tfidf_lemmatize"": true, ""tfidf_max_df"": 0.9, ""tfidf_max_features"": 300, ""tfidf_min_df"": 3, ""tfidf_ngram_range"": [1, 2], ""tfidf_normalize_numbers"": true}",2026-09-08T12:42:00
E1_BETO,frozen,participant,01,no_augmentation,GAD7,42,AdaBoost,4.559597,False,,random50,"{""augmentation"": ""no_augmentation"", ""beto_model"": ""dccuchile/bert-base-spanish-wwm-cased"", ""chunk_stride"": 256, ""max_tokens"": 512, ""n_cv_splits"": 5, ""n_search_iter"": 50, ""seeds"": [42, 43, 44, 45, 46], ""sentence_transformer_model"": ""intfloat/multilingual-e5-small"", ""tfidf_lemmatize"": true, ""tfidf_max_df"": 0.9, ""tfidf_max_features"": 300, ""tfidf_min_df"": 3, ""tfidf_ngram_range"": [1, 2], ""tfidf_normalize_numbers"": true}",2026-09-08T12:42:00
E1_BETO,frozen,participant,01,no_augmentation,PHQ9,43,Ridge,5.400652,False,,random50,"{""augmentation"": ""no_augmentation"", ""beto_model"": ""dccuchile/bert-base-spanish-wwm-cased"", ""chunk_stride"": 256, ""max_tokens"": 512, ""n_cv_splits"": 5, ""n_search_iter"": 50, ""seeds"": [42, 43, 44, 45, 46], ""sentence_transformer_model"": ""intfloat/multilingual-e5-small"", ""tfidf_lemmatize"": true, ""tfidf_max_df"": 0.9, ""tfidf_max_features"": 300, ""tfidf_min_df"": 3, ""tfidf_ngram_range"": [1, 2], ""tfidf_normalize_numbers"": true}",2026-09-08T12:44:11
E1_BETO,frozen,participant,01,no_augmentation,PHQ9,43,SVR,5.176684,False,,random50,"{""augmentation"": ""no_augmentation"", ""beto_model"": ""dccuchile/bert-base-spanish-wwm-cased"", ""chunk_stride"": 256, ""max_tokens"": 512, ""n_cv_splits"": 5, ""n_search_iter"": 50, ""seeds"": [42, 43, 44, 45, 46], ""sentence_transformer_model"": ""intfloat/multilingual-e5-small"", ""tfidf_lemmatize"": true, ""tfidf_max_df"": 0.9, ""tfidf_max_features"": 300, ""tfidf_min_df"": 3, ""tfidf_ngram_range"": [1, 2], ""tfidf_normalize_numbers"": true}",2026-09-08T12:44:11
E1_BETO,frozen,participant,01,no_augmentation,PHQ9,43,RandomForest,5.44448,False,,random50,"{""augmentation"": ""no_augmentation"", ""beto_model"": ""dccuchile/bert-base-spanish-wwm-cased"", ""chunk_stride"": 256, ""max_tokens"": 512, ""n_cv_splits"": 5, ""n_search_iter"": 50, ""seeds"": [42, 43, 44, 45, 46], ""sentence_transformer_model"": ""intfloat/multilingual-e5-small"", ""tfidf_lemmatize"": true, ""tfidf_max_df"": 0.9, ""tfidf_max_features"": 300, ""tfidf_min_df"": 3, ""tfidf_ngram_range"": [1, 2], ""tfidf_normalize_numbers"": true}",2026-09-08T12:44:11
E1_BETO,frozen,participant,01,no_augmentation,PHQ9,43,ExtraTrees,5.451904,False,,random50,"{""augmentation"": ""no_augmentation"", ""beto_model"": ""dccuchile/bert-base-spanish-wwm-cased"", ""chunk_stride"": 256, ""max_tokens"": 512, ""n_cv_splits"": 5, ""n_search_iter"": 50, ""seeds"": [42, 43, 44, 45, 46], ""sentence_transformer_model"": ""intfloat/multilingual-e5-small"", ""tfidf_lemmatize"": true, ""tfidf_max_df"": 0.9, ""tfidf_max_features"": 300, ""tfidf_min_df"": 3, ""tfidf_ngram_range"": [1, 2], ""tfidf_normalize_numbers"": true}",2026-09-08T12:44:11
E1_BETO,frozen,participant,01,no_augmentation,PHQ9,43,GradientBoosting,4.94822,True,,random50,"{""augmentation"": ""no_augmentation"", ""beto_model"": ""dccuchile/bert-base-spanish-wwm-cased"", ""chunk_stride"": 256, ""max_tokens"": 512, ""n_cv_splits"": 5, ""n_search_iter"": 50, ""seeds"": [42, 43, 44, 45, 46], ""sentence_transformer_model"": ""intfloat/multilingual-e5-small"", ""tfidf_lemmatize"": true, ""tfidf_max_df"": 0.9, ""tfidf_max_features"": 300, ""tfidf_min_df"": 3, ""tfidf_ngram_range"": [1, 2], ""tfidf_normalize_numbers"": true}",2026-09-08T12:44:11
E1_BETO,frozen,participant,01,no_augmentation,PHQ9,43,LightGBM,5.612767,False,,random50,"{""augmentation"": ""no_augmentation"", ""beto_model"": ""dccuchile/bert-base-spanish-wwm-cased"", ""chunk_stride"": 256, ""max_tokens"": 512, ""n_cv_splits"": 5, ""n_search_iter"": 50, ""seeds"": [42, 43, 44, 45, 46], ""sentence_transformer_model"": ""intfloat/multilingual-e5-small"", ""tfidf_lemmatize"": true, ""tfidf_max_df"": 0.9, ""tfidf_max_features"": 300, ""tfidf_min_df"": 3, ""tfidf_ngram_range"": [1, 2], ""tfidf_normalize_numbers"": true}",2026-09-08T12:44:11
E1_BETO,frozen,participant,01,no_augmentation,PHQ9,43,KNN,5.406282,False,,random50,"{""augmentation"": ""no_augmentation"", ""beto_model"": ""dccuchile/bert-base-spanish-wwm-cased"", ""chunk_stride"": 256, ""max_tokens"": 512, ""n_cv_splits"": 5, ""n_search_iter"": 50, ""seeds"": [42, 43, 44, 45, 46], ""sentence_transformer_model"": ""intfloat/multilingual-e5-small"", ""tfidf_lemmatize"": true, ""tfidf_max_df"": 0.9, ""tfidf_max_features"": 300, ""tfidf_min_df"": 3, ""tfidf_ngram_range"": [1, 2], ""tfidf_normalize_numbers"": true}",2026-09-08T12:44:11
E1_BETO,frozen,participant,01,no_augmentation,PHQ9,43,DecisionTree,6.583792,False,,random50,"{""augmentation"": ""no_augmentation"", ""beto_model"": ""dccuchile/bert-base-spanish-wwm-cased"", ""chunk_stride"": 256, ""max_tokens"": 512, ""n_cv_splits"": 5, ""n_search_iter"": 50, ""seeds"": [42, 43, 44, 45, 46], ""sentence_transformer_model"": ""intfloat/multilingual-e5-small"", ""tfidf_lemmatize"": true, ""tfidf_max_df"": 0.9, ""tfidf_max_features"": 300, ""tfidf_min_df"": 3, ""tfidf_ngram_range"": [1, 2], ""tfidf_normalize_numbers"": true}",2026-09-08T12:44:11
E1_BETO,frozen,participant,01,no_augmentation,PHQ9,43,AdaBoost,5.207471,False,,random50,"{""augmentation"": ""no_augmentation"", ""beto_model"": ""dccuchile/bert-base-spanish-wwm-cased"", ""chunk_stride"": 256, ""max_tokens"": 512, ""n_cv_splits"": 5, ""n_search_iter"": 50, ""seeds"": [42, 43, 44, 45, 46], ""sentence_transformer_model"": ""intfloat/multilingual-e5-small"", ""tfidf_lemmatize"": true, ""tfidf_max_df"": 0.9, ""tfidf_max_features"": 300, ""tfidf_min_df"": 3, ""tfidf_ngram_range"": [1, 2], ""tfidf_normalize_numbers"": true}",2026-09-08T12:44:11
E1_BETO,frozen,participant,01,no_augmentation,GAD7,43,Ridge,5.31781,False,,random50,"{""augmentation"": ""no_augmentation"", ""beto_model"": ""dccuchile/bert-base-spanish-wwm-cased"", ""chunk_stride"": 256, ""max_tokens"": 512, ""n_cv_splits"": 5, ""n_search_iter"": 50, ""seeds"": [42, 43, 44, 45, 46], ""sentence_transformer_model"": ""intfloat/multilingual-e5-small"", ""tfidf_lemmatize"": true, ""tfidf_max_df"": 0.9, ""tfidf_max_features"": 300, ""tfidf_min_df"": 3, ""tfidf_ngram_range"": [1, 2], ""tfidf_normalize_numbers"": true}",2026-09-08T12:46:27
E1_BETO,frozen,participant,01,no_augmentation,GAD7,43,SVR,4.575403,True,,random50,"{""augmentation"": ""no_augmentation"", ""beto_model"": ""dccuchile/bert-base-spanish-wwm-cased"", ""chunk_stride"": 256, ""max_tokens"": 512, ""n_cv_splits"": 5, ""n_search_iter"": 50, ""seeds"": [42, 43, 44, 45, 46], ""sentence_transformer_model"": ""intfloat/multilingual-e5-small"", ""tfidf_lemmatize"": true, ""tfidf_max_df"": 0.9, ""tfidf_max_features"": 300, ""tfidf_min_df"": 3, ""tfidf_ngram_range"": [1, 2], ""tfidf_normalize_numbers"": true}",2026-09-08T12:46:27
E1_BETO,frozen,participant,01,no_augmentation,GAD7,43,RandomForest,4.594369,False,,random50,"{""augmentation"": ""no_augmentation"", ""beto_model"": ""dccuchile/bert-base-spanish-wwm-cased"", ""chunk_stride"": 256, ""max_tokens"": 512, ""n_cv_splits"": 5, ""n_search_iter"": 50, ""seeds"": [42, 43, 44, 45, 46], ""sentence_transformer_model"": ""intfloat/multilingual-e5-small"", ""tfidf_lemmatize"": true, ""tfidf_max_df"": 0.9, ""tfidf_max_features"": 300, ""tfidf_min_df"": 3, ""tfidf_ngram_range"": [1, 2], ""tfidf_normalize_numbers"": true}",2026-09-08T12:46:27
E1_BETO,frozen,participant,01,no_augmentation,GAD7,43,ExtraTrees,4.600833,False,,random50,"{""augmentation"": ""no_augmentation"", ""beto_model"": ""dccuchile/bert-base-spanish-wwm-cased"", ""chunk_stride"": 256, ""max_tokens"": 512, ""n_cv_splits"": 5, ""n_search_iter"": 50, ""seeds"": [42, 43, 44, 45, 46], ""sentence_transformer_model"": ""intfloat/multilingual-e5-small"", ""tfidf_lemmatize"": true, ""tfidf_max_df"": 0.9, ""tfidf_max_features"": 300, ""tfidf_min_df"": 3, ""tfidf_ngram_range"": [1, 2], ""tfidf_normalize_numbers"": true}",2026-09-08T12:46:27
E1_BETO,frozen,participant,01,no_augmentation,GAD7,43,GradientBoosting,4.621551,False,,random50,"{""augmentation"": ""no_augmentation"", ""beto_model"": ""dccuchile/bert-base-spanish-wwm-cased"", ""chunk_stride"": 256, ""max_tokens"": 512, ""n_cv_splits"": 5, ""n_search_iter"": 50, ""seeds"": [42, 43, 44, 45, 46], ""sentence_transformer_model"": ""intfloat/multilingual-e5-small"", ""tfidf_lemmatize"": true, ""tfidf_max_df"": 0.9, ""tfidf_max_features"": 300, ""tfidf_min_df"": 3, ""tfidf_ngram_range"": [1, 2], ""tfidf_normalize_numbers"": true}",2026-09-08T12:46:27
E1_BETO,frozen,participant,01,no_augmentation,GAD7,43,LightGBM,4.832354,False,,random50,"{""augmentation"": ""no_augmentation"", ""beto_model"": ""dccuchile/bert-base-spanish-wwm-cased"", ""chunk_stride"": 256, ""max_tokens"": 512, ""n_cv_splits"": 5, ""n_search_iter"": 50, ""seeds"": [42, 43, 44, 45, 46], ""sentence_transformer_model"": ""intfloat/multilingual-e5-small"", ""tfidf_lemmatize"": true, ""tfidf_max_df"": 0.9, ""tfidf_max_features"": 300, ""tfidf_min_df"": 3, ""tfidf_ngram_range"": [1, 2], ""tfidf_normalize_numbers"": true}",2026-09-08T12:46:27
E1_BETO,frozen,participant,01,no_augmentation,GAD7,43,KNN,4.578258,False,,random50,"{""augmentation"": ""no_augmentation"", ""beto_model"": ""dccuchile/bert-base-spanish-wwm-cased"", ""chunk_stride"": 256, ""max_tokens"": 512, ""n_cv_splits"": 5, ""n_search_iter"": 50, ""seeds"": [42, 43, 44, 45, 46], ""sentence_transformer_model"": ""intfloat/multilingual-e5-small"", ""tfidf_lemmatize"": true, ""tfidf_max_df"": 0.9, ""tfidf_max_features"": 300, ""tfidf_min_df"": 3, ""tfidf_ngram_range"": [1, 2], ""tfidf_normalize_numbers"": true}",2026-09-08T12:46:27
E1_BETO,frozen,participant,01,no_augmentation,GAD7,43,DecisionTree,5.039951,False,,random50,"{""augmentation"": ""no_augmentation"", ""beto_model"": ""dccuchile/bert-base-spanish-wwm-cased"", ""chunk_stride"": 256, ""max_tokens"": 512, ""n_cv_splits"": 5, ""n_search_iter"": 50, ""seeds"": [42, 43, 44, 45, 46], ""sentence_transformer_model"": ""intfloat/multilingual-e5-small"", ""tfidf_lemmatize"": true, ""tfidf_max_df"": 0.9, ""tfidf_max_features"": 300, ""tfidf_min_df"": 3, ""tfidf_ngram_range"": [1, 2], ""tfidf_normalize_numbers"": true}",2026-09-08T12:46:27
E1_BETO,frozen,participant,01,no_augmentation,GAD7,43,AdaBoost,4.614232,False,,random50,"{""augmentation"": ""no_augmentation"", ""beto_model"": ""dccuchile/bert-base-spanish-wwm-cased"", ""chunk_stride"": 256, ""max_tokens"": 512, ""n_cv_splits"": 5, ""n_search_iter"": 50, ""seeds"": [42, 43, 44, 45, 46], ""sentence_transformer_model"": ""intfloat/multilingual-e5-small"", ""tfidf_lemmatize"": true, ""tfidf_max_df"": 0.9, ""tfidf_max_features"": 300, ""tfidf_min_df"": 3, ""tfidf_ngram_range"": [1, 2], ""tfidf_normalize_numbers"": true}",2026-09-08T12:46:27
E1_BETO,frozen,participant,01,no_augmentation,PHQ9,44,Ridge,5.383422,False,,random50,"{""augmentation"": ""no_augmentation"", ""beto_model"": ""dccuchile/bert-base-spanish-wwm-cased"", ""chunk_stride"": 256, ""max_tokens"": 512, ""n_cv_splits"": 5, ""n_search_iter"": 50, ""seeds"": [42, 43, 44, 45, 46], ""sentence_transformer_model"": ""intfloat/multilingual-e5-small"", ""tfidf_lemmatize"": true, ""tfidf_max_df"": 0.9, ""tfidf_max_features"": 300, ""tfidf_min_df"": 3, ""tfidf_ngram_range"": [1, 2], ""tfidf_normalize_numbers"": true}",2026-09-08T12:48:33
E1_BETO,frozen,participant,01,no_augmentation,PHQ9,44,SVR,5.047061,True,,random50,"{""augmentation"": ""no_augmentation"", ""beto_model"": ""dccuchile/bert-base-spanish-wwm-cased"", ""chunk_stride"": 256, ""max_tokens"": 512, ""n_cv_splits"": 5, ""n_search_iter"": 50, ""seeds"": [42, 43, 44, 45, 46], ""sentence_transformer_model"": ""intfloat/multilingual-e5-small"", ""tfidf_lemmatize"": true, ""tfidf_max_df"": 0.9, ""tfidf_max_features"": 300, ""tfidf_min_df"": 3, ""tfidf_ngram_range"": [1, 2], ""tfidf_normalize_numbers"": true}",2026-09-08T12:48:33
E1_BETO,frozen,participant,01,no_augmentation,PHQ9,44,RandomForest,5.350463,False,,random50,"{""augmentation"": ""no_augmentation"", ""beto_model"": ""dccuchile/bert-base-spanish-wwm-cased"", ""chunk_stride"": 256, ""max_tokens"": 512, ""n_cv_splits"": 5, ""n_search_iter"": 50, ""seeds"": [42, 43, 44, 45, 46], ""sentence_transformer_model"": ""intfloat/multilingual-e5-small"", ""tfidf_lemmatize"": true, ""tfidf_max_df"": 0.9, ""tfidf_max_features"": 300, ""tfidf_min_df"": 3, ""tfidf_ngram_range"": [1, 2], ""tfidf_normalize_numbers"": true}",2026-09-08T12:48:33
E1_BETO,frozen,participant,01,no_augmentation,PHQ9,44,ExtraTrees,5.341813,False,,random50,"{""augmentation"": ""no_augmentation"", ""beto_model"": ""dccuchile/bert-base-spanish-wwm-cased"", ""chunk_stride"": 256, ""max_tokens"": 512, ""n_cv_splits"": 5, ""n_search_iter"": 50, ""seeds"": [42, 43, 44, 45, 46], ""sentence_transformer_model"": ""intfloat/multilingual-e5-small"", ""tfidf_lemmatize"": true, ""tfidf_max_df"": 0.9, ""tfidf_max_features"": 300, ""tfidf_min_df"": 3, ""tfidf_ngram_range"": [1, 2], ""tfidf_normalize_numbers"": true}",2026-09-08T12:48:33
E1_BETO,frozen,participant,01,no_augmentation,PHQ9,44,GradientBoosting,5.13474,False,,random50,"{""augmentation"": ""no_augmentation"", ""beto_model"": ""dccuchile/bert-base-spanish-wwm-cased"", ""chunk_stride"": 256, ""max_tokens"": 512, ""n_cv_splits"": 5, ""n_search_iter"": 50, ""seeds"": [42, 43, 44, 45, 46], ""sentence_transformer_model"": ""intfloat/multilingual-e5-small"", ""tfidf_lemmatize"": true, ""tfidf_max_df"": 0.9, ""tfidf_max_features"": 300, ""tfidf_min_df"": 3, ""tfidf_ngram_range"": [1, 2], ""tfidf_normalize_numbers"": true}",2026-09-08T12:48:33
E1_BETO,frozen,participant,01,no_augmentation,PHQ9,44,LightGBM,5.622181,False,,random50,"{""augmentation"": ""no_augmentation"", ""beto_model"": ""dccuchile/bert-base-spanish-wwm-cased"", ""chunk_stride"": 256, ""max_tokens"": 512, ""n_cv_splits"": 5, ""n_search_iter"": 50, ""seeds"": [42, 43, 44, 45, 46], ""sentence_transformer_model"": ""intfloat/multilingual-e5-small"", ""tfidf_lemmatize"": true, ""tfidf_max_df"": 0.9, ""tfidf_max_features"": 300, ""tfidf_min_df"": 3, ""tfidf_ngram_range"": [1, 2], ""tfidf_normalize_numbers"": true}",2026-09-08T12:48:33
E1_BETO,frozen,participant,01,no_augmentation,PHQ9,44,KNN,5.287264,False,,random50,"{""augmentation"": ""no_augmentation"", ""beto_model"": ""dccuchile/bert-base-spanish-wwm-cased"", ""chunk_stride"": 256, ""max_tokens"": 512, ""n_cv_splits"": 5, ""n_search_iter"": 50, ""seeds"": [42, 43, 44, 45, 46], ""sentence_transformer_model"": ""intfloat/multilingual-e5-small"", ""tfidf_lemmatize"": true, ""tfidf_max_df"": 0.9, ""tfidf_max_features"": 300, ""tfidf_min_df"": 3, ""tfidf_ngram_range"": [1, 2], ""tfidf_normalize_numbers"": true}",2026-09-08T12:48:33
E1_BETO,frozen,participant,01,no_augmentation,PHQ9,44,DecisionTree,5.890036,False,,random50,"{""augmentation"": ""no_augmentation"", ""beto_model"": ""dccuchile/bert-base-spanish-wwm-cased"", ""chunk_stride"": 256, ""max_tokens"": 512, ""n_cv_splits"": 5, ""n_search_iter"": 50, ""seeds"": [42, 43, 44, 45, 46], ""sentence_transformer_model"": ""intfloat/multilingual-e5-small"", ""tfidf_lemmatize"": true, ""tfidf_max_df"": 0.9, ""tfidf_max_features"": 300, ""tfidf_min_df"": 3, ""tfidf_ngram_range"": [1, 2], ""tfidf_normalize_numbers"": true}",2026-09-08T12:48:33
E1_BETO,frozen,participant,01,no_augmentation,PHQ9,44,AdaBoost,5.220615,False,,random50,"{""augmentation"": ""no_augmentation"", ""beto_model"": ""dccuchile/bert-base-spanish-wwm-cased"", ""chunk_stride"": 256, ""max_tokens"": 512, ""n_cv_splits"": 5, ""n_search_iter"": 50, ""seeds"": [42, 43, 44, 45, 46], ""sentence_transformer_model"": ""intfloat/multilingual-e5-small"", ""tfidf_lemmatize"": true, ""tfidf_max_df"": 0.9, ""tfidf_max_features"": 300, ""tfidf_min_df"": 3, ""tfidf_ngram_range"": [1, 2], ""tfidf_normalize_numbers"": true}",2026-09-08T12:48:33
E1_BETO,frozen,participant,01,no_augmentation,GAD7,44,Ridge,4.957216,False,,random50,"{""augmentation"": ""no_augmentation"", ""beto_model"": ""dccuchile/bert-base-spanish-wwm-cased"", ""chunk_stride"": 256, ""max_tokens"": 512, ""n_cv_splits"": 5, ""n_search_iter"": 50, ""seeds"": [42, 43, 44, 45, 46], ""sentence_transformer_model"": ""intfloat/multilingual-e5-small"", ""tfidf_lemmatize"": true, ""tfidf_max_df"": 0.9, ""tfidf_max_features"": 300, ""tfidf_min_df"": 3, ""tfidf_ngram_range"": [1, 2], ""tfidf_normalize_numbers"": true}",2026-09-08T12:50:34
E1_BETO,frozen,participant,01,no_augmentation,GAD7,44,SVR,4.31979,True,,random50,"{""augmentation"": ""no_augmentation"", ""beto_model"": ""dccuchile/bert-base-spanish-wwm-cased"", ""chunk_stride"": 256, ""max_tokens"": 512, ""n_cv_splits"": 5, ""n_search_iter"": 50, ""seeds"": [42, 43, 44, 45, 46], ""sentence_transformer_model"": ""intfloat/multilingual-e5-small"", ""tfidf_lemmatize"": true, ""tfidf_max_df"": 0.9, ""tfidf_max_features"": 300, ""tfidf_min_df"": 3, ""tfidf_ngram_range"": [1, 2], ""tfidf_normalize_numbers"": true}",2026-09-08T12:50:34
E1_BETO,frozen,participant,01,no_augmentation,GAD7,44,RandomForest,4.460965,False,,random50,"{""augmentation"": ""no_augmentation"", ""beto_model"": ""dccuchile/bert-base-spanish-wwm-cased"", ""chunk_stride"": 256, ""max_tokens"": 512, ""n_cv_splits"": 5, ""n_search_iter"": 50, ""seeds"": [42, 43, 44, 45, 46], ""sentence_transformer_model"": ""intfloat/multilingual-e5-small"", ""tfidf_lemmatize"": true, ""tfidf_max_df"": 0.9, ""tfidf_max_features"": 300, ""tfidf_min_df"": 3, ""tfidf_ngram_range"": [1, 2], ""tfidf_normalize_numbers"": true}",2026-09-08T12:50:34
E1_BETO,frozen,participant,01,no_augmentation,GAD7,44,ExtraTrees,4.450441,False,,random50,"{""augmentation"": ""no_augmentation"", ""beto_model"": ""dccuchile/bert-base-spanish-wwm-cased"", ""chunk_stride"": 256, ""max_tokens"": 512, ""n_cv_splits"": 5, ""n_search_iter"": 50, ""seeds"": [42, 43, 44, 45, 46], ""sentence_transformer_model"": ""intfloat/multilingual-e5-small"", ""tfidf_lemmatize"": true, ""tfidf_max_df"": 0.9, ""tfidf_max_features"": 300, ""tfidf_min_df"": 3, ""tfidf_ngram_range"": [1, 2], ""tfidf_normalize_numbers"": true}",2026-09-08T12:50:34
E1_BETO,frozen,participant,01,no_augmentation,GAD7,44,GradientBoosting,4.447924,False,,random50,"{""augmentation"": ""no_augmentation"", ""beto_model"": ""dccuchile/bert-base-spanish-wwm-cased"", ""chunk_stride"": 256, ""max_tokens"": 512, ""n_cv_splits"": 5, ""n_search_iter"": 50, ""seeds"": [42, 43, 44, 45, 46], ""sentence_transformer_model"": ""intfloat/multilingual-e5-small"", ""tfidf_lemmatize"": true, ""tfidf_max_df"": 0.9, ""tfidf_max_features"": 300, ""tfidf_min_df"": 3, ""tfidf_ngram_range"": [1, 2], ""tfidf_normalize_numbers"": true}",2026-09-08T12:50:34
E1_BETO,frozen,participant,01,no_augmentation,GAD7,44,LightGBM,4.681175,False,,random50,"{""augmentation"": ""no_augmentation"", ""beto_model"": ""dccuchile/bert-base-spanish-wwm-cased"", ""chunk_stride"": 256, ""max_tokens"": 512, ""n_cv_splits"": 5, ""n_search_iter"": 50, ""seeds"": [42, 43, 44, 45, 46], ""sentence_transformer_model"": ""intfloat/multilingual-e5-small"", ""tfidf_lemmatize"": true, ""tfidf_max_df"": 0.9, ""tfidf_max_features"": 300, ""tfidf_min_df"": 3, ""tfidf_ngram_range"": [1, 2], ""tfidf_normalize_numbers"": true}",2026-09-08T12:50:34
E1_BETO,frozen,participant,01,no_augmentation,GAD7,44,KNN,4.473014,False,,random50,"{""augmentation"": ""no_augmentation"", ""beto_model"": ""dccuchile/bert-base-spanish-wwm-cased"", ""chunk_stride"": 256, ""max_tokens"": 512, ""n_cv_splits"": 5, ""n_search_iter"": 50, ""seeds"": [42, 43, 44, 45, 46], ""sentence_transformer_model"": ""intfloat/multilingual-e5-small"", ""tfidf_lemmatize"": true, ""tfidf_max_df"": 0.9, ""tfidf_max_features"": 300, ""tfidf_min_df"": 3, ""tfidf_ngram_range"": [1, 2], ""tfidf_normalize_numbers"": true}",2026-09-08T12:50:34
E1_BETO,frozen,participant,01,no_augmentation,GAD7,44,DecisionTree,4.786309,False,,random50,"{""augmentation"": ""no_augmentation"", ""beto_model"": ""dccuchile/bert-base-spanish-wwm-cased"", ""chunk_stride"": 256, ""max_tokens"": 512, ""n_cv_splits"": 5, ""n_search_iter"": 50, ""seeds"": [42, 43, 44, 45, 46], ""sentence_transformer_model"": ""intfloat/multilingual-e5-small"", ""tfidf_lemmatize"": true, ""tfidf_max_df"": 0.9, ""tfidf_max_features"": 300, ""tfidf_min_df"": 3, ""tfidf_ngram_range"": [1, 2], ""tfidf_normalize_numbers"": true}",2026-09-08T12:50:34
E1_BETO,frozen,participant,01,no_augmentation,GAD7,44,AdaBoost,4.462634,False,,random50,"{""augmentation"": ""no_augmentation"", ""beto_model"": ""dccuchile/bert-base-spanish-wwm-cased"", ""chunk_stride"": 256, ""max_tokens"": 512, ""n_cv_splits"": 5, ""n_search_iter"": 50, ""seeds"": [42, 43, 44, 45, 46], ""sentence_transformer_model"": ""intfloat/multilingual-e5-small"", ""tfidf_lemmatize"": true, ""tfidf_max_df"": 0.9, ""tfidf_max_features"": 300, ""tfidf_min_df"": 3, ""tfidf_ngram_range"": [1, 2], ""tfidf_normalize_numbers"": true}",2026-09-08T12:50:34
E1_BETO,frozen,participant,01,no_augmentation,PHQ9,45,Ridge,5.416563,False,,random50,"{""augmentation"": ""no_augmentation"", ""beto_model"": ""dccuchile/bert-base-spanish-wwm-cased"", ""chunk_stride"": 256, ""max_tokens"": 512, ""n_cv_splits"": 5, ""n_search_iter"": 50, ""seeds"": [42, 43, 44, 45, 46], ""sentence_transformer_model"": ""intfloat/multilingual-e5-small"", ""tfidf_lemmatize"": true, ""tfidf_max_df"": 0.9, ""tfidf_max_features"": 300, ""tfidf_min_df"": 3, ""tfidf_ngram_range"": [1, 2], ""tfidf_normalize_numbers"": true}",2026-09-08T12:52:39
E1_BETO,frozen,participant,01,no_augmentation,PHQ9,45,SVR,5.185111,False,,random50,"{""augmentation"": ""no_augmentation"", ""beto_model"": ""dccuchile/bert-base-spanish-wwm-cased"", ""chunk_stride"": 256, ""max_tokens"": 512, ""n_cv_splits"": 5, ""n_search_iter"": 50, ""seeds"": [42, 43, 44, 45, 46], ""sentence_transformer_model"": ""intfloat/multilingual-e5-small"", ""tfidf_lemmatize"": true, ""tfidf_max_df"": 0.9, ""tfidf_max_features"": 300, ""tfidf_min_df"": 3, ""tfidf_ngram_range"": [1, 2], ""tfidf_normalize_numbers"": true}",2026-09-08T12:52:39
E1_BETO,frozen,participant,01,no_augmentation,PHQ9,45,RandomForest,5.340247,False,,random50,"{""augmentation"": ""no_augmentation"", ""beto_model"": ""dccuchile/bert-base-spanish-wwm-cased"", ""chunk_stride"": 256, ""max_tokens"": 512, ""n_cv_splits"": 5, ""n_search_iter"": 50, ""seeds"": [42, 43, 44, 45, 46], ""sentence_transformer_model"": ""intfloat/multilingual-e5-small"", ""tfidf_lemmatize"": true, ""tfidf_max_df"": 0.9, ""tfidf_max_features"": 300, ""tfidf_min_df"": 3, ""tfidf_ngram_range"": [1, 2], ""tfidf_normalize_numbers"": true}",2026-09-08T12:52:39
E1_BETO,frozen,participant,01,no_augmentation,PHQ9,45,ExtraTrees,5.382928,False,,random50,"{""augmentation"": ""no_augmentation"", ""beto_model"": ""dccuchile/bert-base-spanish-wwm-cased"", ""chunk_stride"": 256, ""max_tokens"": 512, ""n_cv_splits"": 5, ""n_search_iter"": 50, ""seeds"": [42, 43, 44, 45, 46], ""sentence_transformer_model"": ""intfloat/multilingual-e5-small"", ""tfidf_lemmatize"": true, ""tfidf_max_df"": 0.9, ""tfidf_max_features"": 300, ""tfidf_min_df"": 3, ""tfidf_ngram_range"": [1, 2], ""tfidf_normalize_numbers"": true}",2026-09-08T12:52:39
E1_BETO,frozen,participant,01,no_augmentation,PHQ9,45,GradientBoosting,4.922792,True,,random50,"{""augmentation"": ""no_augmentation"", ""beto_model"": ""dccuchile/bert-base-spanish-wwm-cased"", ""chunk_stride"": 256, ""max_tokens"": 512, ""n_cv_splits"": 5, ""n_search_iter"": 50, ""seeds"": [42, 43, 44, 45, 46], ""sentence_transformer_model"": ""intfloat/multilingual-e5-small"", ""tfidf_lemmatize"": true, ""tfidf_max_df"": 0.9, ""tfidf_max_features"": 300, ""tfidf_min_df"": 3, ""tfidf_ngram_range"": [1, 2], ""tfidf_normalize_numbers"": true}",2026-09-08T12:52:39
E1_BETO,frozen,participant,01,no_augmentation,PHQ9,45,LightGBM,5.634063,False,,random50,"{""augmentation"": ""no_augmentation"", ""beto_model"": ""dccuchile/bert-base-spanish-wwm-cased"", ""chunk_stride"": 256, ""max_tokens"": 512, ""n_cv_splits"": 5, ""n_search_iter"": 50, ""seeds"": [42, 43, 44, 45, 46], ""sentence_transformer_model"": ""intfloat/multilingual-e5-small"", ""tfidf_lemmatize"": true, ""tfidf_max_df"": 0.9, ""tfidf_max_features"": 300, ""tfidf_min_df"": 3, ""tfidf_ngram_range"": [1, 2], ""tfidf_normalize_numbers"": true}",2026-09-08T12:52:39
E1_BETO,frozen,participant,01,no_augmentation,PHQ9,45,KNN,5.434146,False,,random50,"{""augmentation"": ""no_augmentation"", ""beto_model"": ""dccuchile/bert-base-spanish-wwm-cased"", ""chunk_stride"": 256, ""max_tokens"": 512, ""n_cv_splits"": 5, ""n_search_iter"": 50, ""seeds"": [42, 43, 44, 45, 46], ""sentence_transformer_model"": ""intfloat/multilingual-e5-small"", ""tfidf_lemmatize"": true, ""tfidf_max_df"": 0.9, ""tfidf_max_features"": 300, ""tfidf_min_df"": 3, ""tfidf_ngram_range"": [1, 2], ""tfidf_normalize_numbers"": true}",2026-09-08T12:52:39
E1_BETO,frozen,participant,01,no_augmentation,PHQ9,45,DecisionTree,6.148445,False,,random50,"{""augmentation"": ""no_augmentation"", ""beto_model"": ""dccuchile/bert-base-spanish-wwm-cased"", ""chunk_stride"": 256, ""max_tokens"": 512, ""n_cv_splits"": 5, ""n_search_iter"": 50, ""seeds"": [42, 43, 44, 45, 46], ""sentence_transformer_model"": ""intfloat/multilingual-e5-small"", ""tfidf_lemmatize"": true, ""tfidf_max_df"": 0.9, ""tfidf_max_features"": 300, ""tfidf_min_df"": 3, ""tfidf_ngram_range"": [1, 2], ""tfidf_normalize_numbers"": true}",2026-09-08T12:52:39
E1_BETO,frozen,participant,01,no_augmentation,PHQ9,45,AdaBoost,5.082203,False,,random50,"{""augmentation"": ""no_augmentation"", ""beto_model"": ""dccuchile/bert-base-spanish-wwm-cased"", ""chunk_stride"": 256, ""max_tokens"": 512, ""n_cv_splits"": 5, ""n_search_iter"": 50, ""seeds"": [42, 43, 44, 45, 46], ""sentence_transformer_model"": ""intfloat/multilingual-e5-small"", ""tfidf_lemmatize"": true, ""tfidf_max_df"": 0.9, ""tfidf_max_features"": 300, ""tfidf_min_df"": 3, ""tfidf_ngram_range"": [1, 2], ""tfidf_normalize_numbers"": true}",2026-09-08T12:52:39
E1_BETO,frozen,participant,01,no_augmentation,GAD7,45,Ridge,5.290891,False,,random50,"{""augmentation"": ""no_augmentation"", ""beto_model"": ""dccuchile/bert-base-spanish-wwm-cased"", ""chunk_stride"": 256, ""max_tokens"": 512, ""n_cv_splits"": 5, ""n_search_iter"": 50, ""seeds"": [42, 43, 44, 45, 46], ""sentence_transformer_model"": ""intfloat/multilingual-e5-small"", ""tfidf_lemmatize"": true, ""tfidf_max_df"": 0.9, ""tfidf_max_features"": 300, ""tfidf_min_df"": 3, ""tfidf_ngram_range"": [1, 2], ""tfidf_normalize_numbers"": true}",2026-09-08T12:54:38
E1_BETO,frozen,participant,01,no_augmentation,GAD7,45,SVR,4.508396,True,,random50,"{""augmentation"": ""no_augmentation"", ""beto_model"": ""dccuchile/bert-base-spanish-wwm-cased"", ""chunk_stride"": 256, ""max_tokens"": 512, ""n_cv_splits"": 5, ""n_search_iter"": 50, ""seeds"": [42, 43, 44, 45, 46], ""sentence_transformer_model"": ""intfloat/multilingual-e5-small"", ""tfidf_lemmatize"": true, ""tfidf_max_df"": 0.9, ""tfidf_max_features"": 300, ""tfidf_min_df"": 3, ""tfidf_ngram_range"": [1, 2], ""tfidf_normalize_numbers"": true}",2026-09-08T12:54:38
E1_BETO,frozen,participant,01,no_augmentation,GAD7,45,RandomForest,4.604779,False,,random50,"{""augmentation"": ""no_augmentation"", ""beto_model"": ""dccuchile/bert-base-spanish-wwm-cased"", ""chunk_stride"": 256, ""max_tokens"": 512, ""n_cv_splits"": 5, ""n_search_iter"": 50, ""seeds"": [42, 43, 44, 45, 46], ""sentence_transformer_model"": ""intfloat/multilingual-e5-small"", ""tfidf_lemmatize"": true, ""tfidf_max_df"": 0.9, ""tfidf_max_features"": 300, ""tfidf_min_df"": 3, ""tfidf_ngram_range"": [1, 2], ""tfidf_normalize_numbers"": true}",2026-09-08T12:54:38
E1_BETO,frozen,participant,01,no_augmentation,GAD7,45,ExtraTrees,4.582744,False,,random50,"{""augmentation"": ""no_augmentation"", ""beto_model"": ""dccuchile/bert-base-spanish-wwm-cased"", ""chunk_stride"": 256, ""max_tokens"": 512, ""n_cv_splits"": 5, ""n_search_iter"": 50, ""seeds"": [42, 43, 44, 45, 46], ""sentence_transformer_model"": ""intfloat/multilingual-e5-small"", ""tfidf_lemmatize"": true, ""tfidf_max_df"": 0.9, ""tfidf_max_features"": 300, ""tfidf_min_df"": 3, ""tfidf_ngram_range"": [1, 2], ""tfidf_normalize_numbers"": true}",2026-09-08T12:54:38
E1_BETO,frozen,participant,01,no_augmentation,GAD7,45,GradientBoosting,4.720721,False,,random50,"{""augmentation"": ""no_augmentation"", ""beto_model"": ""dccuchile/bert-base-spanish-wwm-cased"", ""chunk_stride"": 256, ""max_tokens"": 512, ""n_cv_splits"": 5, ""n_search_iter"": 50, ""seeds"": [42, 43, 44, 45, 46], ""sentence_transformer_model"": ""intfloat/multilingual-e5-small"", ""tfidf_lemmatize"": true, ""tfidf_max_df"": 0.9, ""tfidf_max_features"": 300, ""tfidf_min_df"": 3, ""tfidf_ngram_range"": [1, 2], ""tfidf_normalize_numbers"": true}",2026-09-08T12:54:38
E1_BETO,frozen,participant,01,no_augmentation,GAD7,45,LightGBM,4.894926,False,,random50,"{""augmentation"": ""no_augmentation"", ""beto_model"": ""dccuchile/bert-base-spanish-wwm-cased"", ""chunk_stride"": 256, ""max_tokens"": 512, ""n_cv_splits"": 5, ""n_search_iter"": 50, ""seeds"": [42, 43, 44, 45, 46], ""sentence_transformer_model"": ""intfloat/multilingual-e5-small"", ""tfidf_lemmatize"": true, ""tfidf_max_df"": 0.9, ""tfidf_max_features"": 300, ""tfidf_min_df"": 3, ""tfidf_ngram_range"": [1, 2], ""tfidf_normalize_numbers"": true}",2026-09-08T12:54:38
E1_BETO,frozen,participant,01,no_augmentation,GAD7,45,KNN,4.574324,False,,random50,"{""augmentation"": ""no_augmentation"", ""beto_model"": ""dccuchile/bert-base-spanish-wwm-cased"", ""chunk_stride"": 256, ""max_tokens"": 512, ""n_cv_splits"": 5, ""n_search_iter"": 50, ""seeds"": [42, 43, 44, 45, 46], ""sentence_transformer_model"": ""intfloat/multilingual-e5-small"", ""tfidf_lemmatize"": true, ""tfidf_max_df"": 0.9, ""tfidf_max_features"": 300, ""tfidf_min_df"": 3, ""tfidf_ngram_range"": [1, 2], ""tfidf_normalize_numbers"": true}",2026-09-08T12:54:38
E1_BETO,frozen,participant,01,no_augmentation,GAD7,45,DecisionTree,5.16701,False,,random50,"{""augmentation"": ""no_augmentation"", ""beto_model"": ""dccuchile/bert-base-spanish-wwm-cased"", ""chunk_stride"": 256, ""max_tokens"": 512, ""n_cv_splits"": 5, ""n_search_iter"": 50, ""seeds"": [42, 43, 44, 45, 46], ""sentence_transformer_model"": ""intfloat/multilingual-e5-small"", ""tfidf_lemmatize"": true, ""tfidf_max_df"": 0.9, ""tfidf_max_features"": 300, ""tfidf_min_df"": 3, ""tfidf_ngram_range"": [1, 2], ""tfidf_normalize_numbers"": true}",2026-09-08T12:54:38
E1_BETO,frozen,participant,01,no_augmentation,GAD7,45,AdaBoost,4.59169,False,,random50,"{""augmentation"": ""no_augmentation"", ""beto_model"": ""dccuchile/bert-base-spanish-wwm-cased"", ""chunk_stride"": 256, ""max_tokens"": 512, ""n_cv_splits"": 5, ""n_search_iter"": 50, ""seeds"": [42, 43, 44, 45, 46], ""sentence_transformer_model"": ""intfloat/multilingual-e5-small"", ""tfidf_lemmatize"": true, ""tfidf_max_df"": 0.9, ""tfidf_max_features"": 300, ""tfidf_min_df"": 3, ""tfidf_ngram_range"": [1, 2], ""tfidf_normalize_numbers"": true}",2026-09-08T12:54:38
E1_BETO,frozen,participant,01,no_augmentation,PHQ9,46,Ridge,5.421875,False,,random50,"{""augmentation"": ""no_augmentation"", ""beto_model"": ""dccuchile/bert-base-spanish-wwm-cased"", ""chunk_stride"": 256, ""max_tokens"": 512, ""n_cv_splits"": 5, ""n_search_iter"": 50, ""seeds"": [42, 43, 44, 45, 46], ""sentence_transformer_model"": ""intfloat/multilingual-e5-small"", ""tfidf_lemmatize"": true, ""tfidf_max_df"": 0.9, ""tfidf_max_features"": 300, ""tfidf_min_df"": 3, ""tfidf_ngram_range"": [1, 2], ""tfidf_normalize_numbers"": true}",2026-09-08T12:56:31
E1_BETO,frozen,participant,01,no_augmentation,PHQ9,46,SVR,5.160751,True,,random50,"{""augmentation"": ""no_augmentation"", ""beto_model"": ""dccuchile/bert-base-spanish-wwm-cased"", ""chunk_stride"": 256, ""max_tokens"": 512, ""n_cv_splits"": 5, ""n_search_iter"": 50, ""seeds"": [42, 43, 44, 45, 46], ""sentence_transformer_model"": ""intfloat/multilingual-e5-small"", ""tfidf_lemmatize"": true, ""tfidf_max_df"": 0.9, ""tfidf_max_features"": 300, ""tfidf_min_df"": 3, ""tfidf_ngram_range"": [1, 2], ""tfidf_normalize_numbers"": true}",2026-09-08T12:56:31
E1_BETO,frozen,participant,01,no_augmentation,PHQ9,46,RandomForest,5.348865,False,,random50,"{""augmentation"": ""no_augmentation"", ""beto_model"": ""dccuchile/bert-base-spanish-wwm-cased"", ""chunk_stride"": 256, ""max_tokens"": 512, ""n_cv_splits"": 5, ""n_search_iter"": 50, ""seeds"": [42, 43, 44, 45, 46], ""sentence_transformer_model"": ""intfloat/multilingual-e5-small"", ""tfidf_lemmatize"": true, ""tfidf_max_df"": 0.9, ""tfidf_max_features"": 300, ""tfidf_min_df"": 3, ""tfidf_ngram_range"": [1, 2], ""tfidf_normalize_numbers"": true}",2026-09-08T12:56:31
E1_BETO,frozen,participant,01,no_augmentation,PHQ9,46,ExtraTrees,5.408849,False,,random50,"{""augmentation"": ""no_augmentation"", ""beto_model"": ""dccuchile/bert-base-spanish-wwm-cased"", ""chunk_stride"": 256, ""max_tokens"": 512, ""n_cv_splits"": 5, ""n_search_iter"": 50, ""seeds"": [42, 43, 44, 45, 46], ""sentence_transformer_model"": ""intfloat/multilingual-e5-small"", ""tfidf_lemmatize"": true, ""tfidf_max_df"": 0.9, ""tfidf_max_features"": 300, ""tfidf_min_df"": 3, ""tfidf_ngram_range"": [1, 2], ""tfidf_normalize_numbers"": true}",2026-09-08T12:56:31
E1_BETO,frozen,participant,01,no_augmentation,PHQ9,46,GradientBoosting,5.257172,False,,random50,"{""augmentation"": ""no_augmentation"", ""beto_model"": ""dccuchile/bert-base-spanish-wwm-cased"", ""chunk_stride"": 256, ""max_tokens"": 512, ""n_cv_splits"": 5, ""n_search_iter"": 50, ""seeds"": [42, 43, 44, 45, 46], ""sentence_transformer_model"": ""intfloat/multilingual-e5-small"", ""tfidf_lemmatize"": true, ""tfidf_max_df"": 0.9, ""tfidf_max_features"": 300, ""tfidf_min_df"": 3, ""tfidf_ngram_range"": [1, 2], ""tfidf_normalize_numbers"": true}",2026-09-08T12:56:31
E1_BETO,frozen,participant,01,no_augmentation,PHQ9,46,LightGBM,5.796109,False,,random50,"{""augmentation"": ""no_augmentation"", ""beto_model"": ""dccuchile/bert-base-spanish-wwm-cased"", ""chunk_stride"": 256, ""max_tokens"": 512, ""n_cv_splits"": 5, ""n_search_iter"": 50, ""seeds"": [42, 43, 44, 45, 46], ""sentence_transformer_model"": ""intfloat/multilingual-e5-small"", ""tfidf_lemmatize"": true, ""tfidf_max_df"": 0.9, ""tfidf_max_features"": 300, ""tfidf_min_df"": 3, ""tfidf_ngram_range"": [1, 2], ""tfidf_normalize_numbers"": true}",2026-09-08T12:56:31
E1_BETO,frozen,participant,01,no_augmentation,PHQ9,46,KNN,5.329505,False,,random50,"{""augmentation"": ""no_augmentation"", ""beto_model"": ""dccuchile/bert-base-spanish-wwm-cased"", ""chunk_stride"": 256, ""max_tokens"": 512, ""n_cv_splits"": 5, ""n_search_iter"": 50, ""seeds"": [42, 43, 44, 45, 46], ""sentence_transformer_model"": ""intfloat/multilingual-e5-small"", ""tfidf_lemmatize"": true, ""tfidf_max_df"": 0.9, ""tfidf_max_features"": 300, ""tfidf_min_df"": 3, ""tfidf_ngram_range"": [1, 2], ""tfidf_normalize_numbers"": true}",2026-09-08T12:56:31
E1_BETO,frozen,participant,01,no_augmentation,PHQ9,46,DecisionTree,5.944179,False,,random50,"{""augmentation"": ""no_augmentation"", ""beto_model"": ""dccuchile/bert-base-spanish-wwm-cased"", ""chunk_stride"": 256, ""max_tokens"": 512, ""n_cv_splits"": 5, ""n_search_iter"": 50, ""seeds"": [42, 43, 44, 45, 46], ""sentence_transformer_model"": ""intfloat/multilingual-e5-small"", ""tfidf_lemmatize"": true, ""tfidf_max_df"": 0.9, ""tfidf_max_features"": 300, ""tfidf_min_df"": 3, ""tfidf_ngram_range"": [1, 2], ""tfidf_normalize_numbers"": true}",2026-09-08T12:56:31
E1_BETO,frozen,participant,01,no_augmentation,PHQ9,46,AdaBoost,5.254274,False,,random50,"{""augmentation"": ""no_augmentation"", ""beto_model"": ""dccuchile/bert-base-spanish-wwm-cased"", ""chunk_stride"": 256, ""max_tokens"": 512, ""n_cv_splits"": 5, ""n_search_iter"": 50, ""seeds"": [42, 43, 44, 45, 46], ""sentence_transformer_model"": ""intfloat/multilingual-e5-small"", ""tfidf_lemmatize"": true, ""tfidf_max_df"": 0.9, ""tfidf_max_features"": 300, ""tfidf_min_df"": 3, ""tfidf_ngram_range"": [1, 2], ""tfidf_normalize_numbers"": true}",2026-09-08T12:56:31
E1_BETO,frozen,participant,01,no_augmentation,GAD7,46,Ridge,5.10771,False,,random50,"{""augmentation"": ""no_augmentation"", ""beto_model"": ""dccuchile/bert-base-spanish-wwm-cased"", ""chunk_stride"": 256, ""max_tokens"": 512, ""n_cv_splits"": 5, ""n_search_iter"": 50, ""seeds"": [42, 43, 44, 45, 46], ""sentence_transformer_model"": ""intfloat/multilingual-e5-small"", ""tfidf_lemmatize"": true, ""tfidf_max_df"": 0.9, ""tfidf_max_features"": 300, ""tfidf_min_df"": 3, ""tfidf_ngram_range"": [1, 2], ""tfidf_normalize_numbers"": true}",2026-09-08T12:58:27
E1_BETO,frozen,participant,01,no_augmentation,GAD7,46,SVR,4.471408,True,,random50,"{""augmentation"": ""no_augmentation"", ""beto_model"": ""dccuchile/bert-base-spanish-wwm-cased"", ""chunk_stride"": 256, ""max_tokens"": 512, ""n_cv_splits"": 5, ""n_search_iter"": 50, ""seeds"": [42, 43, 44, 45, 46], ""sentence_transformer_model"": ""intfloat/multilingual-e5-small"", ""tfidf_lemmatize"": true, ""tfidf_max_df"": 0.9, ""tfidf_max_features"": 300, ""tfidf_min_df"": 3, ""tfidf_ngram_range"": [1, 2], ""tfidf_normalize_numbers"": true}",2026-09-08T12:58:27
E1_BETO,frozen,participant,01,no_augmentation,GAD7,46,RandomForest,4.596263,False,,random50,"{""augmentation"": ""no_augmentation"", ""beto_model"": ""dccuchile/bert-base-spanish-wwm-cased"", ""chunk_stride"": 256, ""max_tokens"": 512, ""n_cv_splits"": 5, ""n_search_iter"": 50, ""seeds"": [42, 43, 44, 45, 46], ""sentence_transformer_model"": ""intfloat/multilingual-e5-small"", ""tfidf_lemmatize"": true, ""tfidf_max_df"": 0.9, ""tfidf_max_features"": 300, ""tfidf_min_df"": 3, ""tfidf_ngram_range"": [1, 2], ""tfidf_normalize_numbers"": true}",2026-09-08T12:58:27
E1_BETO,frozen,participant,01,no_augmentation,GAD7,46,ExtraTrees,4.616907,False,,random50,"{""augmentation"": ""no_augmentation"", ""beto_model"": ""dccuchile/bert-base-spanish-wwm-cased"", ""chunk_stride"": 256, ""max_tokens"": 512, ""n_cv_splits"": 5, ""n_search_iter"": 50, ""seeds"": [42, 43, 44, 45, 46], ""sentence_transformer_model"": ""intfloat/multilingual-e5-small"", ""tfidf_lemmatize"": true, ""tfidf_max_df"": 0.9, ""tfidf_max_features"": 300, ""tfidf_min_df"": 3, ""tfidf_ngram_range"": [1, 2], ""tfidf_normalize_numbers"": true}",2026-09-08T12:58:27
E1_BETO,frozen,participant,01,no_augmentation,GAD7,46,GradientBoosting,4.661634,False,,random50,"{""augmentation"": ""no_augmentation"", ""beto_model"": ""dccuchile/bert-base-spanish-wwm-cased"", ""chunk_stride"": 256, ""max_tokens"": 512, ""n_cv_splits"": 5, ""n_search_iter"": 50, ""seeds"": [42, 43, 44, 45, 46], ""sentence_transformer_model"": ""intfloat/multilingual-e5-small"", ""tfidf_lemmatize"": true, ""tfidf_max_df"": 0.9, ""tfidf_max_features"": 300, ""tfidf_min_df"": 3, ""tfidf_ngram_range"": [1, 2], ""tfidf_normalize_numbers"": true}",2026-09-08T12:58:27
E1_BETO,frozen,participant,01,no_augmentation,GAD7,46,LightGBM,4.824709,False,,random50,"{""augmentation"": ""no_augmentation"", ""beto_model"": ""dccuchile/bert-base-spanish-wwm-cased"", ""chunk_stride"": 256, ""max_tokens"": 512, ""n_cv_splits"": 5, ""n_search_iter"": 50, ""seeds"": [42, 43, 44, 45, 46], ""sentence_transformer_model"": ""intfloat/multilingual-e5-small"", ""tfidf_lemmatize"": true, ""tfidf_max_df"": 0.9, ""tfidf_max_features"": 300, ""tfidf_min_df"": 3, ""tfidf_ngram_range"": [1, 2], ""tfidf_normalize_numbers"": true}",2026-09-08T12:58:27
E1_BETO,frozen,participant,01,no_augmentation,GAD7,46,KNN,4.516039,False,,random50,"{""augmentation"": ""no_augmentation"", ""beto_model"": ""dccuchile/bert-base-spanish-wwm-cased"", ""chunk_stride"": 256, ""max_tokens"": 512, ""n_cv_splits"": 5, ""n_search_iter"": 50, ""seeds"": [42, 43, 44, 45, 46], ""sentence_transformer_model"": ""intfloat/multilingual-e5-small"", ""tfidf_lemmatize"": true, ""tfidf_max_df"": 0.9, ""tfidf_max_features"": 300, ""tfidf_min_df"": 3, ""tfidf_ngram_range"": [1, 2], ""tfidf_normalize_numbers"": true}",2026-09-08T12:58:27
E1_BETO,frozen,participant,01,no_augmentation,GAD7,46,DecisionTree,4.882404,False,,random50,"{""augmentation"": ""no_augmentation"", ""beto_model"": ""dccuchile/bert-base-spanish-wwm-cased"", ""chunk_stride"": 256, ""max_tokens"": 512, ""n_cv_splits"": 5, ""n_search_iter"": 50, ""seeds"": [42, 43, 44, 45, 46], ""sentence_transformer_model"": ""intfloat/multilingual-e5-small"", ""tfidf_lemmatize"": true, ""tfidf_max_df"": 0.9, ""tfidf_max_features"": 300, ""tfidf_min_df"": 3, ""tfidf_ngram_range"": [1, 2], ""tfidf_normalize_numbers"": true}",2026-09-08T12:58:27
E1_BETO,frozen,participant,01,no_augmentation,GAD7,46,AdaBoost,4.638037,False,,random50,"{""augmentation"": ""no_augmentation"", ""beto_model"": ""dccuchile/bert-base-spanish-wwm-cased"", ""chunk_stride"": 256, ""max_tokens"": 512, ""n_cv_splits"": 5, ""n_search_iter"": 50, ""seeds"": [42, 43, 44, 45, 46], ""sentence_transformer_model"": ""intfloat/multilingual-e5-small"", ""tfidf_lemmatize"": true, ""tfidf_max_df"": 0.9, ""tfidf_max_features"": 300, ""tfidf_min_df"": 3, ""tfidf_ngram_range"": [1, 2], ""tfidf_normalize_numbers"": true}",2026-09-08T12:58:27
E2_E5SMALL,frozen,participant,01,no_augmentation,PHQ9,42,Ridge,6.050961,False,,random50,"{""augmentation"": ""no_augmentation"", ""beto_model"": ""dccuchile/bert-base-spanish-wwm-cased"", ""chunk_stride"": 256, ""max_tokens"": 512, ""n_cv_splits"": 5, ""n_search_iter"": 50, ""seeds"": [42, 43, 44, 45, 46], ""sentence_transformer_model"": ""intfloat/multilingual-e5-small"", ""tfidf_lemmatize"": true, ""tfidf_max_df"": 0.9, ""tfidf_max_features"": 300, ""tfidf_min_df"": 3, ""tfidf_ngram_range"": [1, 2], ""tfidf_normalize_numbers"": true}",2026-09-08T12:59:42
E2_E5SMALL,frozen,participant,01,no_augmentation,PHQ9,42,SVR,5.532488,False,,random50,"{""augmentation"": ""no_augmentation"", ""beto_model"": ""dccuchile/bert-base-spanish-wwm-cased"", ""chunk_stride"": 256, ""max_tokens"": 512, ""n_cv_splits"": 5, ""n_search_iter"": 50, ""seeds"": [42, 43, 44, 45, 46], ""sentence_transformer_model"": ""intfloat/multilingual-e5-small"", ""tfidf_lemmatize"": true, ""tfidf_max_df"": 0.9, ""tfidf_max_features"": 300, ""tfidf_min_df"": 3, ""tfidf_ngram_range"": [1, 2], ""tfidf_normalize_numbers"": true}",2026-09-08T12:59:42
E2_E5SMALL,frozen,participant,01,no_augmentation,PHQ9,42,RandomForest,5.514501,False,,random50,"{""augmentation"": ""no_augmentation"", ""beto_model"": ""dccuchile/bert-base-spanish-wwm-cased"", ""chunk_stride"": 256, ""max_tokens"": 512, ""n_cv_splits"": 5, ""n_search_iter"": 50, ""seeds"": [42, 43, 44, 45, 46], ""sentence_transformer_model"": ""intfloat/multilingual-e5-small"", ""tfidf_lemmatize"": true, ""tfidf_max_df"": 0.9, ""tfidf_max_features"": 300, ""tfidf_min_df"": 3, ""tfidf_ngram_range"": [1, 2], ""tfidf_normalize_numbers"": true}",2026-09-08T12:59:42
E2_E5SMALL,frozen,participant,01,no_augmentation,PHQ9,42,ExtraTrees,5.526625,False,,random50,"{""augmentation"": ""no_augmentation"", ""beto_model"": ""dccuchile/bert-base-spanish-wwm-cased"", ""chunk_stride"": 256, ""max_tokens"": 512, ""n_cv_splits"": 5, ""n_search_iter"": 50, ""seeds"": [42, 43, 44, 45, 46], ""sentence_transformer_model"": ""intfloat/multilingual-e5-small"", ""tfidf_lemmatize"": true, ""tfidf_max_df"": 0.9, ""tfidf_max_features"": 300, ""tfidf_min_df"": 3, ""tfidf_ngram_range"": [1, 2], ""tfidf_normalize_numbers"": true}",2026-09-08T12:59:42
E2_E5SMALL,frozen,participant,01,no_augmentation,PHQ9,42,GradientBoosting,5.571731,False,,random50,"{""augmentation"": ""no_augmentation"", ""beto_model"": ""dccuchile/bert-base-spanish-wwm-cased"", ""chunk_stride"": 256, ""max_tokens"": 512, ""n_cv_splits"": 5, ""n_search_iter"": 50, ""seeds"": [42, 43, 44, 45, 46], ""sentence_transformer_model"": ""intfloat/multilingual-e5-small"", ""tfidf_lemmatize"": true, ""tfidf_max_df"": 0.9, ""tfidf_max_features"": 300, ""tfidf_min_df"": 3, ""tfidf_ngram_range"": [1, 2], ""tfidf_normalize_numbers"": true}",2026-09-08T12:59:42
E2_E5SMALL,frozen,participant,01,no_augmentation,PHQ9,42,LightGBM,5.718349,False,,random50,"{""augmentation"": ""no_augmentation"", ""beto_model"": ""dccuchile/bert-base-spanish-wwm-cased"", ""chunk_stride"": 256, ""max_tokens"": 512, ""n_cv_splits"": 5, ""n_search_iter"": 50, ""seeds"": [42, 43, 44, 45, 46], ""sentence_transformer_model"": ""intfloat/multilingual-e5-small"", ""tfidf_lemmatize"": true, ""tfidf_max_df"": 0.9, ""tfidf_max_features"": 300, ""tfidf_min_df"": 3, ""tfidf_ngram_range"": [1, 2], ""tfidf_normalize_numbers"": true}",2026-09-08T12:59:42
E2_E5SMALL,frozen,participant,01,no_augmentation,PHQ9,42,KNN,5.465351,True,,random50,"{""augmentation"": ""no_augmentation"", ""beto_model"": ""dccuchile/bert-base-spanish-wwm-cased"", ""chunk_stride"": 256, ""max_tokens"": 512, ""n_cv_splits"": 5, ""n_search_iter"": 50, ""seeds"": [42, 43, 44, 45, 46], ""sentence_transformer_model"": ""intfloat/multilingual-e5-small"", ""tfidf_lemmatize"": true, ""tfidf_max_df"": 0.9, ""tfidf_max_features"": 300, ""tfidf_min_df"": 3, ""tfidf_ngram_range"": [1, 2], ""tfidf_normalize_numbers"": true}",2026-09-08T12:59:42
E2_E5SMALL,frozen,participant,01,no_augmentation,PHQ9,42,DecisionTree,6.32087,False,,random50,"{""augmentation"": ""no_augmentation"", ""beto_model"": ""dccuchile/bert-base-spanish-wwm-cased"", ""chunk_stride"": 256, ""max_tokens"": 512, ""n_cv_splits"": 5, ""n_search_iter"": 50, ""seeds"": [42, 43, 44, 45, 46], ""sentence_transformer_model"": ""intfloat/multilingual-e5-small"", ""tfidf_lemmatize"": true, ""tfidf_max_df"": 0.9, ""tfidf_max_features"": 300, ""tfidf_min_df"": 3, ""tfidf_ngram_range"": [1, 2], ""tfidf_normalize_numbers"": true}",2026-09-08T12:59:42
E2_E5SMALL,frozen,participant,01,no_augmentation,PHQ9,42,AdaBoost,5.57118,False,,random50,"{""augmentation"": ""no_augmentation"", ""beto_model"": ""dccuchile/bert-base-spanish-wwm-cased"", ""chunk_stride"": 256, ""max_tokens"": 512, ""n_cv_splits"": 5, ""n_search_iter"": 50, ""seeds"": [42, 43, 44, 45, 46], ""sentence_transformer_model"": ""intfloat/multilingual-e5-small"", ""tfidf_lemmatize"": true, ""tfidf_max_df"": 0.9, ""tfidf_max_features"": 300, ""tfidf_min_df"": 3, ""tfidf_ngram_range"": [1, 2], ""tfidf_normalize_numbers"": true}",2026-09-08T12:59:42
E2_E5SMALL,frozen,participant,01,no_augmentation,GAD7,42,Ridge,4.987914,False,,random50,"{""augmentation"": ""no_augmentation"", ""beto_model"": ""dccuchile/bert-base-spanish-wwm-cased"", ""chunk_stride"": 256, ""max_tokens"": 512, ""n_cv_splits"": 5, ""n_search_iter"": 50, ""seeds"": [42, 43, 44, 45, 46], ""sentence_transformer_model"": ""intfloat/multilingual-e5-small"", ""tfidf_lemmatize"": true, ""tfidf_max_df"": 0.9, ""tfidf_max_features"": 300, ""tfidf_min_df"": 3, ""tfidf_ngram_range"": [1, 2], ""tfidf_normalize_numbers"": true}",2026-09-08T13:01:00
E2_E5SMALL,frozen,participant,01,no_augmentation,GAD7,42,SVR,4.56324,False,,random50,"{""augmentation"": ""no_augmentation"", ""beto_model"": ""dccuchile/bert-base-spanish-wwm-cased"", ""chunk_stride"": 256, ""max_tokens"": 512, ""n_cv_splits"": 5, ""n_search_iter"": 50, ""seeds"": [42, 43, 44, 45, 46], ""sentence_transformer_model"": ""intfloat/multilingual-e5-small"", ""tfidf_lemmatize"": true, ""tfidf_max_df"": 0.9, ""tfidf_max_features"": 300, ""tfidf_min_df"": 3, ""tfidf_ngram_range"": [1, 2], ""tfidf_normalize_numbers"": true}",2026-09-08T13:01:00
E2_E5SMALL,frozen,participant,01,no_augmentation,GAD7,42,RandomForest,4.531907,False,,random50,"{""augmentation"": ""no_augmentation"", ""beto_model"": ""dccuchile/bert-base-spanish-wwm-cased"", ""chunk_stride"": 256, ""max_tokens"": 512, ""n_cv_splits"": 5, ""n_search_iter"": 50, ""seeds"": [42, 43, 44, 45, 46], ""sentence_transformer_model"": ""intfloat/multilingual-e5-small"", ""tfidf_lemmatize"": true, ""tfidf_max_df"": 0.9, ""tfidf_max_features"": 300, ""tfidf_min_df"": 3, ""tfidf_ngram_range"": [1, 2], ""tfidf_normalize_numbers"": true}",2026-09-08T13:01:00
E2_E5SMALL,frozen,participant,01,no_augmentation,GAD7,42,ExtraTrees,4.569766,False,,random50,"{""augmentation"": ""no_augmentation"", ""beto_model"": ""dccuchile/bert-base-spanish-wwm-cased"", ""chunk_stride"": 256, ""max_tokens"": 512, ""n_cv_splits"": 5, ""n_search_iter"": 50, ""seeds"": [42, 43, 44, 45, 46], ""sentence_transformer_model"": ""intfloat/multilingual-e5-small"", ""tfidf_lemmatize"": true, ""tfidf_max_df"": 0.9, ""tfidf_max_features"": 300, ""tfidf_min_df"": 3, ""tfidf_ngram_range"": [1, 2], ""tfidf_normalize_numbers"": true}",2026-09-08T13:01:00
E2_E5SMALL,frozen,participant,01,no_augmentation,GAD7,42,GradientBoosting,4.52844,False,,random50,"{""augmentation"": ""no_augmentation"", ""beto_model"": ""dccuchile/bert-base-spanish-wwm-cased"", ""chunk_stride"": 256, ""max_tokens"": 512, ""n_cv_splits"": 5, ""n_search_iter"": 50, ""seeds"": [42, 43, 44, 45, 46], ""sentence_transformer_model"": ""intfloat/multilingual-e5-small"", ""tfidf_lemmatize"": true, ""tfidf_max_df"": 0.9, ""tfidf_max_features"": 300, ""tfidf_min_df"": 3, ""tfidf_ngram_range"": [1, 2], ""tfidf_normalize_numbers"": true}",2026-09-08T13:01:00
E2_E5SMALL,frozen,participant,01,no_augmentation,GAD7,42,LightGBM,4.623049,False,,random50,"{""augmentation"": ""no_augmentation"", ""beto_model"": ""dccuchile/bert-base-spanish-wwm-cased"", ""chunk_stride"": 256, ""max_tokens"": 512, ""n_cv_splits"": 5, ""n_search_iter"": 50, ""seeds"": [42, 43, 44, 45, 46], ""sentence_transformer_model"": ""intfloat/multilingual-e5-small"", ""tfidf_lemmatize"": true, ""tfidf_max_df"": 0.9, ""tfidf_max_features"": 300, ""tfidf_min_df"": 3, ""tfidf_ngram_range"": [1, 2], ""tfidf_normalize_numbers"": true}",2026-09-08T13:01:00
E2_E5SMALL,frozen,participant,01,no_augmentation,GAD7,42,KNN,4.51574,False,,random50,"{""augmentation"": ""no_augmentation"", ""beto_model"": ""dccuchile/bert-base-spanish-wwm-cased"", ""chunk_stride"": 256, ""max_tokens"": 512, ""n_cv_splits"": 5, ""n_search_iter"": 50, ""seeds"": [42, 43, 44, 45, 46], ""sentence_transformer_model"": ""intfloat/multilingual-e5-small"", ""tfidf_lemmatize"": true, ""tfidf_max_df"": 0.9, ""tfidf_max_features"": 300, ""tfidf_min_df"": 3, ""tfidf_ngram_range"": [1, 2], ""tfidf_normalize_numbers"": true}",2026-09-08T13:01:00
E2_E5SMALL,frozen,participant,01,no_augmentation,GAD7,42,DecisionTree,4.897439,False,,random50,"{""augmentation"": ""no_augmentation"", ""beto_model"": ""dccuchile/bert-base-spanish-wwm-cased"", ""chunk_stride"": 256, ""max_tokens"": 512, ""n_cv_splits"": 5, ""n_search_iter"": 50, ""seeds"": [42, 43, 44, 45, 46], ""sentence_transformer_model"": ""intfloat/multilingual-e5-small"", ""tfidf_lemmatize"": true, ""tfidf_max_df"": 0.9, ""tfidf_max_features"": 300, ""tfidf_min_df"": 3, ""tfidf_ngram_range"": [1, 2], ""tfidf_normalize_numbers"": true}",2026-09-08T13:01:00
E2_E5SMALL,frozen,participant,01,no_augmentation,GAD7,42,AdaBoost,4.477262,True,,random50,"{""augmentation"": ""no_augmentation"", ""beto_model"": ""dccuchile/bert-base-spanish-wwm-cased"", ""chunk_stride"": 256, ""max_tokens"": 512, ""n_cv_splits"": 5, ""n_search_iter"": 50, ""seeds"": [42, 43, 44, 45, 46], ""sentence_transformer_model"": ""intfloat/multilingual-e5-small"", ""tfidf_lemmatize"": true, ""tfidf_max_df"": 0.9, ""tfidf_max_features"": 300, ""tfidf_min_df"": 3, ""tfidf_ngram_range"": [1, 2], ""tfidf_normalize_numbers"": true}",2026-09-08T13:01:00
E2_E5SMALL,frozen,participant,01,no_augmentation,PHQ9,43,Ridge,5.349876,False,,random50,"{""augmentation"": ""no_augmentation"", ""beto_model"": ""dccuchile/bert-base-spanish-wwm-cased"", ""chunk_stride"": 256, ""max_tokens"": 512, ""n_cv_splits"": 5, ""n_search_iter"": 50, ""seeds"": [42, 43, 44, 45, 46], ""sentence_transformer_model"": ""intfloat/multilingual-e5-small"", ""tfidf_lemmatize"": true, ""tfidf_max_df"": 0.9, ""tfidf_max_features"": 300, ""tfidf_min_df"": 3, ""tfidf_ngram_range"": [1, 2], ""tfidf_normalize_numbers"": true}",2026-09-08T13:02:15
E2_E5SMALL,frozen,participant,01,no_augmentation,PHQ9,43,SVR,5.242497,False,,random50,"{""augmentation"": ""no_augmentation"", ""beto_model"": ""dccuchile/bert-base-spanish-wwm-cased"", ""chunk_stride"": 256, ""max_tokens"": 512, ""n_cv_splits"": 5, ""n_search_iter"": 50, ""seeds"": [42, 43, 44, 45, 46], ""sentence_transformer_model"": ""intfloat/multilingual-e5-small"", ""tfidf_lemmatize"": true, ""tfidf_max_df"": 0.9, ""tfidf_max_features"": 300, ""tfidf_min_df"": 3, ""tfidf_ngram_range"": [1, 2], ""tfidf_normalize_numbers"": true}",2026-09-08T13:02:15
E2_E5SMALL,frozen,participant,01,no_augmentation,PHQ9,43,RandomForest,5.407895,False,,random50,"{""augmentation"": ""no_augmentation"", ""beto_model"": ""dccuchile/bert-base-spanish-wwm-cased"", ""chunk_stride"": 256, ""max_tokens"": 512, ""n_cv_splits"": 5, ""n_search_iter"": 50, ""seeds"": [42, 43, 44, 45, 46], ""sentence_transformer_model"": ""intfloat/multilingual-e5-small"", ""tfidf_lemmatize"": true, ""tfidf_max_df"": 0.9, ""tfidf_max_features"": 300, ""tfidf_min_df"": 3, ""tfidf_ngram_range"": [1, 2], ""tfidf_normalize_numbers"": true}",2026-09-08T13:02:15
E2_E5SMALL,frozen,participant,01,no_augmentation,PHQ9,43,ExtraTrees,5.358842,False,,random50,"{""augmentation"": ""no_augmentation"", ""beto_model"": ""dccuchile/bert-base-spanish-wwm-cased"", ""chunk_stride"": 256, ""max_tokens"": 512, ""n_cv_splits"": 5, ""n_search_iter"": 50, ""seeds"": [42, 43, 44, 45, 46], ""sentence_transformer_model"": ""intfloat/multilingual-e5-small"", ""tfidf_lemmatize"": true, ""tfidf_max_df"": 0.9, ""tfidf_max_features"": 300, ""tfidf_min_df"": 3, ""tfidf_ngram_range"": [1, 2], ""tfidf_normalize_numbers"": true}",2026-09-08T13:02:15
E2_E5SMALL,frozen,participant,01,no_augmentation,PHQ9,43,GradientBoosting,5.272586,False,,random50,"{""augmentation"": ""no_augmentation"", ""beto_model"": ""dccuchile/bert-base-spanish-wwm-cased"", ""chunk_stride"": 256, ""max_tokens"": 512, ""n_cv_splits"": 5, ""n_search_iter"": 50, ""seeds"": [42, 43, 44, 45, 46], ""sentence_transformer_model"": ""intfloat/multilingual-e5-small"", ""tfidf_lemmatize"": true, ""tfidf_max_df"": 0.9, ""tfidf_max_features"": 300, ""tfidf_min_df"": 3, ""tfidf_ngram_range"": [1, 2], ""tfidf_normalize_numbers"": true}",2026-09-08T13:02:15
E2_E5SMALL,frozen,participant,01,no_augmentation,PHQ9,43,LightGBM,5.015333,True,,random50,"{""augmentation"": ""no_augmentation"", ""beto_model"": ""dccuchile/bert-base-spanish-wwm-cased"", ""chunk_stride"": 256, ""max_tokens"": 512, ""n_cv_splits"": 5, ""n_search_iter"": 50, ""seeds"": [42, 43, 44, 45, 46], ""sentence_transformer_model"": ""intfloat/multilingual-e5-small"", ""tfidf_lemmatize"": true, ""tfidf_max_df"": 0.9, ""tfidf_max_features"": 300, ""tfidf_min_df"": 3, ""tfidf_ngram_range"": [1, 2], ""tfidf_normalize_numbers"": true}",2026-09-08T13:02:15
E2_E5SMALL,frozen,participant,01,no_augmentation,PHQ9,43,KNN,5.302592,False,,random50,"{""augmentation"": ""no_augmentation"", ""beto_model"": ""dccuchile/bert-base-spanish-wwm-cased"", ""chunk_stride"": 256, ""max_tokens"": 512, ""n_cv_splits"": 5, ""n_search_iter"": 50, ""seeds"": [42, 43, 44, 45, 46], ""sentence_transformer_model"": ""intfloat/multilingual-e5-small"", ""tfidf_lemmatize"": true, ""tfidf_max_df"": 0.9, ""tfidf_max_features"": 300, ""tfidf_min_df"": 3, ""tfidf_ngram_range"": [1, 2], ""tfidf_normalize_numbers"": true}",2026-09-08T13:02:15
E2_E5SMALL,frozen,participant,01,no_augmentation,PHQ9,43,DecisionTree,6.08162,False,,random50,"{""augmentation"": ""no_augmentation"", ""beto_model"": ""dccuchile/bert-base-spanish-wwm-cased"", ""chunk_stride"": 256, ""max_tokens"": 512, ""n_cv_splits"": 5, ""n_search_iter"": 50, ""seeds"": [42, 43, 44, 45, 46], ""sentence_transformer_model"": ""intfloat/multilingual-e5-small"", ""tfidf_lemmatize"": true, ""tfidf_max_df"": 0.9, ""tfidf_max_features"": 300, ""tfidf_min_df"": 3, ""tfidf_ngram_range"": [1, 2], ""tfidf_normalize_numbers"": true}",2026-09-08T13:02:15
E2_E5SMALL,frozen,participant,01,no_augmentation,PHQ9,43,AdaBoost,5.254724,False,,random50,"{""augmentation"": ""no_augmentation"", ""beto_model"": ""dccuchile/bert-base-spanish-wwm-cased"", ""chunk_stride"": 256, ""max_tokens"": 512, ""n_cv_splits"": 5, ""n_search_iter"": 50, ""seeds"": [42, 43, 44, 45, 46], ""sentence_transformer_model"": ""intfloat/multilingual-e5-small"", ""tfidf_lemmatize"": true, ""tfidf_max_df"": 0.9, ""tfidf_max_features"": 300, ""tfidf_min_df"": 3, ""tfidf_ngram_range"": [1, 2], ""tfidf_normalize_numbers"": true}",2026-09-08T13:02:15
E2_E5SMALL,frozen,participant,01,no_augmentation,GAD7,43,Ridge,4.734692,False,,random50,"{""augmentation"": ""no_augmentation"", ""beto_model"": ""dccuchile/bert-base-spanish-wwm-cased"", ""chunk_stride"": 256, ""max_tokens"": 512, ""n_cv_splits"": 5, ""n_search_iter"": 50, ""seeds"": [42, 43, 44, 45, 46], ""sentence_transformer_model"": ""intfloat/multilingual-e5-small"", ""tfidf_lemmatize"": true, ""tfidf_max_df"": 0.9, ""tfidf_max_features"": 300, ""tfidf_min_df"": 3, ""tfidf_ngram_range"": [1, 2], ""tfidf_normalize_numbers"": true}",2026-09-08T13:03:29
E2_E5SMALL,frozen,participant,01,no_augmentation,GAD7,43,SVR,4.442051,False,,random50,"{""augmentation"": ""no_augmentation"", ""beto_model"": ""dccuchile/bert-base-spanish-wwm-cased"", ""chunk_stride"": 256, ""max_tokens"": 512, ""n_cv_splits"": 5, ""n_search_iter"": 50, ""seeds"": [42, 43, 44, 45, 46], ""sentence_transformer_model"": ""intfloat/multilingual-e5-small"", ""tfidf_lemmatize"": true, ""tfidf_max_df"": 0.9, ""tfidf_max_features"": 300, ""tfidf_min_df"": 3, ""tfidf_ngram_range"": [1, 2], ""tfidf_normalize_numbers"": true}",2026-09-08T13:03:29
E2_E5SMALL,frozen,participant,01,no_augmentation,GAD7,43,RandomForest,4.451897,False,,random50,"{""augmentation"": ""no_augmentation"", ""beto_model"": ""dccuchile/bert-base-spanish-wwm-cased"", ""chunk_stride"": 256, ""max_tokens"": 512, ""n_cv_splits"": 5, ""n_search_iter"": 50, ""seeds"": [42, 43, 44, 45, 46], ""sentence_transformer_model"": ""intfloat/multilingual-e5-small"", ""tfidf_lemmatize"": true, ""tfidf_max_df"": 0.9, ""tfidf_max_features"": 300, ""tfidf_min_df"": 3, ""tfidf_ngram_range"": [1, 2], ""tfidf_normalize_numbers"": true}",2026-09-08T13:03:29
E2_E5SMALL,frozen,participant,01,no_augmentation,GAD7,43,ExtraTrees,4.452237,False,,random50,"{""augmentation"": ""no_augmentation"", ""beto_model"": ""dccuchile/bert-base-spanish-wwm-cased"", ""chunk_stride"": 256, ""max_tokens"": 512, ""n_cv_splits"": 5, ""n_search_iter"": 50, ""seeds"": [42, 43, 44, 45, 46], ""sentence_transformer_model"": ""intfloat/multilingual-e5-small"", ""tfidf_lemmatize"": true, ""tfidf_max_df"": 0.9, ""tfidf_max_features"": 300, ""tfidf_min_df"": 3, ""tfidf_ngram_range"": [1, 2], ""tfidf_normalize_numbers"": true}",2026-09-08T13:03:29
E2_E5SMALL,frozen,participant,01,no_augmentation,GAD7,43,GradientBoosting,4.328152,False,,random50,"{""augmentation"": ""no_augmentation"", ""beto_model"": ""dccuchile/bert-base-spanish-wwm-cased"", ""chunk_stride"": 256, ""max_tokens"": 512, ""n_cv_splits"": 5, ""n_search_iter"": 50, ""seeds"": [42, 43, 44, 45, 46], ""sentence_transformer_model"": ""intfloat/multilingual-e5-small"", ""tfidf_lemmatize"": true, ""tfidf_max_df"": 0.9, ""tfidf_max_features"": 300, ""tfidf_min_df"": 3, ""tfidf_ngram_range"": [1, 2], ""tfidf_normalize_numbers"": true}",2026-09-08T13:03:29
E2_E5SMALL,frozen,participant,01,no_augmentation,GAD7,43,LightGBM,4.516641,False,,random50,"{""augmentation"": ""no_augmentation"", ""beto_model"": ""dccuchile/bert-base-spanish-wwm-cased"", ""chunk_stride"": 256, ""max_tokens"": 512, ""n_cv_splits"": 5, ""n_search_iter"": 50, ""seeds"": [42, 43, 44, 45, 46], ""sentence_transformer_model"": ""intfloat/multilingual-e5-small"", ""tfidf_lemmatize"": true, ""tfidf_max_df"": 0.9, ""tfidf_max_features"": 300, ""tfidf_min_df"": 3, ""tfidf_ngram_range"": [1, 2], ""tfidf_normalize_numbers"": true}",2026-09-08T13:03:29
E2_E5SMALL,frozen,participant,01,no_augmentation,GAD7,43,KNN,4.457532,False,,random50,"{""augmentation"": ""no_augmentation"", ""beto_model"": ""dccuchile/bert-base-spanish-wwm-cased"", ""chunk_stride"": 256, ""max_tokens"": 512, ""n_cv_splits"": 5, ""n_search_iter"": 50, ""seeds"": [42, 43, 44, 45, 46], ""sentence_transformer_model"": ""intfloat/multilingual-e5-small"", ""tfidf_lemmatize"": true, ""tfidf_max_df"": 0.9, ""tfidf_max_features"": 300, ""tfidf_min_df"": 3, ""tfidf_ngram_range"": [1, 2], ""tfidf_normalize_numbers"": true}",2026-09-08T13:03:29
E2_E5SMALL,frozen,participant,01,no_augmentation,GAD7,43,DecisionTree,5.050591,False,,random50,"{""augmentation"": ""no_augmentation"", ""beto_model"": ""dccuchile/bert-base-spanish-wwm-cased"", ""chunk_stride"": 256, ""max_tokens"": 512, ""n_cv_splits"": 5, ""n_search_iter"": 50, ""seeds"": [42, 43, 44, 45, 46], ""sentence_transformer_model"": ""intfloat/multilingual-e5-small"", ""tfidf_lemmatize"": true, ""tfidf_max_df"": 0.9, ""tfidf_max_features"": 300, ""tfidf_min_df"": 3, ""tfidf_ngram_range"": [1, 2], ""tfidf_normalize_numbers"": true}",2026-09-08T13:03:29
E2_E5SMALL,frozen,participant,01,no_augmentation,GAD7,43,AdaBoost,4.289331,True,,random50,"{""augmentation"": ""no_augmentation"", ""beto_model"": ""dccuchile/bert-base-spanish-wwm-cased"", ""chunk_stride"": 256, ""max_tokens"": 512, ""n_cv_splits"": 5, ""n_search_iter"": 50, ""seeds"": [42, 43, 44, 45, 46], ""sentence_transformer_model"": ""intfloat/multilingual-e5-small"", ""tfidf_lemmatize"": true, ""tfidf_max_df"": 0.9, ""tfidf_max_features"": 300, ""tfidf_min_df"": 3, ""tfidf_ngram_range"": [1, 2], ""tfidf_normalize_numbers"": true}",2026-09-08T13:03:29
E2_E5SMALL,frozen,participant,01,no_augmentation,PHQ9,44,Ridge,5.707962,False,,random50,"{""augmentation"": ""no_augmentation"", ""beto_model"": ""dccuchile/bert-base-spanish-wwm-cased"", ""chunk_stride"": 256, ""max_tokens"": 512, ""n_cv_splits"": 5, ""n_search_iter"": 50, ""seeds"": [42, 43, 44, 45, 46], ""sentence_transformer_model"": ""intfloat/multilingual-e5-small"", ""tfidf_lemmatize"": true, ""tfidf_max_df"": 0.9, ""tfidf_max_features"": 300, ""tfidf_min_df"": 3, ""tfidf_ngram_range"": [1, 2], ""tfidf_normalize_numbers"": true}",2026-09-08T13:04:39
E2_E5SMALL,frozen,participant,01,no_augmentation,PHQ9,44,SVR,5.301758,False,,random50,"{""augmentation"": ""no_augmentation"", ""beto_model"": ""dccuchile/bert-base-spanish-wwm-cased"", ""chunk_stride"": 256, ""max_tokens"": 512, ""n_cv_splits"": 5, ""n_search_iter"": 50, ""seeds"": [42, 43, 44, 45, 46], ""sentence_transformer_model"": ""intfloat/multilingual-e5-small"", ""tfidf_lemmatize"": true, ""tfidf_max_df"": 0.9, ""tfidf_max_features"": 300, ""tfidf_min_df"": 3, ""tfidf_ngram_range"": [1, 2], ""tfidf_normalize_numbers"": true}",2026-09-08T13:04:39
E2_E5SMALL,frozen,participant,01,no_augmentation,PHQ9,44,RandomForest,5.439893,False,,random50,"{""augmentation"": ""no_augmentation"", ""beto_model"": ""dccuchile/bert-base-spanish-wwm-cased"", ""chunk_stride"": 256, ""max_tokens"": 512, ""n_cv_splits"": 5, ""n_search_iter"": 50, ""seeds"": [42, 43, 44, 45, 46], ""sentence_transformer_model"": ""intfloat/multilingual-e5-small"", ""tfidf_lemmatize"": true, ""tfidf_max_df"": 0.9, ""tfidf_max_features"": 300, ""tfidf_min_df"": 3, ""tfidf_ngram_range"": [1, 2], ""tfidf_normalize_numbers"": true}",2026-09-08T13:04:39
E2_E5SMALL,frozen,participant,01,no_augmentation,PHQ9,44,ExtraTrees,5.411992,False,,random50,"{""augmentation"": ""no_augmentation"", ""beto_model"": ""dccuchile/bert-base-spanish-wwm-cased"", ""chunk_stride"": 256, ""max_tokens"": 512, ""n_cv_splits"": 5, ""n_search_iter"": 50, ""seeds"": [42, 43, 44, 45, 46], ""sentence_transformer_model"": ""intfloat/multilingual-e5-small"", ""tfidf_lemmatize"": true, ""tfidf_max_df"": 0.9, ""tfidf_max_features"": 300, ""tfidf_min_df"": 3, ""tfidf_ngram_range"": [1, 2], ""tfidf_normalize_numbers"": true}",2026-09-08T13:04:39
E2_E5SMALL,frozen,participant,01,no_augmentation,PHQ9,44,GradientBoosting,5.399379,False,,random50,"{""augmentation"": ""no_augmentation"", ""beto_model"": ""dccuchile/bert-base-spanish-wwm-cased"", ""chunk_stride"": 256, ""max_tokens"": 512, ""n_cv_splits"": 5, ""n_search_iter"": 50, ""seeds"": [42, 43, 44, 45, 46], ""sentence_transformer_model"": ""intfloat/multilingual-e5-small"", ""tfidf_lemmatize"": true, ""tfidf_max_df"": 0.9, ""tfidf_max_features"": 300, ""tfidf_min_df"": 3, ""tfidf_ngram_range"": [1, 2], ""tfidf_normalize_numbers"": true}",2026-09-08T13:04:39
E2_E5SMALL,frozen,participant,01,no_augmentation,PHQ9,44,LightGBM,5.087818,True,,random50,"{""augmentation"": ""no_augmentation"", ""beto_model"": ""dccuchile/bert-base-spanish-wwm-cased"", ""chunk_stride"": 256, ""max_tokens"": 512, ""n_cv_splits"": 5, ""n_search_iter"": 50, ""seeds"": [42, 43, 44, 45, 46], ""sentence_transformer_model"": ""intfloat/multilingual-e5-small"", ""tfidf_lemmatize"": true, ""tfidf_max_df"": 0.9, ""tfidf_max_features"": 300, ""tfidf_min_df"": 3, ""tfidf_ngram_range"": [1, 2], ""tfidf_normalize_numbers"": true}",2026-09-08T13:04:39
E2_E5SMALL,frozen,participant,01,no_augmentation,PHQ9,44,KNN,5.321068,False,,random50,"{""augmentation"": ""no_augmentation"", ""beto_model"": ""dccuchile/bert-base-spanish-wwm-cased"", ""chunk_stride"": 256, ""max_tokens"": 512, ""n_cv_splits"": 5, ""n_search_iter"": 50, ""seeds"": [42, 43, 44, 45, 46], ""sentence_transformer_model"": ""intfloat/multilingual-e5-small"", ""tfidf_lemmatize"": true, ""tfidf_max_df"": 0.9, ""tfidf_max_features"": 300, ""tfidf_min_df"": 3, ""tfidf_ngram_range"": [1, 2], ""tfidf_normalize_numbers"": true}",2026-09-08T13:04:39
E2_E5SMALL,frozen,participant,01,no_augmentation,PHQ9,44,DecisionTree,6.041726,False,,random50,"{""augmentation"": ""no_augmentation"", ""beto_model"": ""dccuchile/bert-base-spanish-wwm-cased"", ""chunk_stride"": 256, ""max_tokens"": 512, ""n_cv_splits"": 5, ""n_search_iter"": 50, ""seeds"": [42, 43, 44, 45, 46], ""sentence_transformer_model"": ""intfloat/multilingual-e5-small"", ""tfidf_lemmatize"": true, ""tfidf_max_df"": 0.9, ""tfidf_max_features"": 300, ""tfidf_min_df"": 3, ""tfidf_ngram_range"": [1, 2], ""tfidf_normalize_numbers"": true}",2026-09-08T13:04:39
E2_E5SMALL,frozen,participant,01,no_augmentation,PHQ9,44,AdaBoost,5.351022,False,,random50,"{""augmentation"": ""no_augmentation"", ""beto_model"": ""dccuchile/bert-base-spanish-wwm-cased"", ""chunk_stride"": 256, ""max_tokens"": 512, ""n_cv_splits"": 5, ""n_search_iter"": 50, ""seeds"": [42, 43, 44, 45, 46], ""sentence_transformer_model"": ""intfloat/multilingual-e5-small"", ""tfidf_lemmatize"": true, ""tfidf_max_df"": 0.9, ""tfidf_max_features"": 300, ""tfidf_min_df"": 3, ""tfidf_ngram_range"": [1, 2], ""tfidf_normalize_numbers"": true}",2026-09-08T13:04:39
E2_E5SMALL,frozen,participant,01,no_augmentation,GAD7,44,Ridge,4.665422,False,,random50,"{""augmentation"": ""no_augmentation"", ""beto_model"": ""dccuchile/bert-base-spanish-wwm-cased"", ""chunk_stride"": 256, ""max_tokens"": 512, ""n_cv_splits"": 5, ""n_search_iter"": 50, ""seeds"": [42, 43, 44, 45, 46], ""sentence_transformer_model"": ""intfloat/multilingual-e5-small"", ""tfidf_lemmatize"": true, ""tfidf_max_df"": 0.9, ""tfidf_max_features"": 300, ""tfidf_min_df"": 3, ""tfidf_ngram_range"": [1, 2], ""tfidf_normalize_numbers"": true}",2026-09-08T13:05:50
E2_E5SMALL,frozen,participant,01,no_augmentation,GAD7,44,SVR,4.43358,True,,random50,"{""augmentation"": ""no_augmentation"", ""beto_model"": ""dccuchile/bert-base-spanish-wwm-cased"", ""chunk_stride"": 256, ""max_tokens"": 512, ""n_cv_splits"": 5, ""n_search_iter"": 50, ""seeds"": [42, 43, 44, 45, 46], ""sentence_transformer_model"": ""intfloat/multilingual-e5-small"", ""tfidf_lemmatize"": true, ""tfidf_max_df"": 0.9, ""tfidf_max_features"": 300, ""tfidf_min_df"": 3, ""tfidf_ngram_range"": [1, 2], ""tfidf_normalize_numbers"": true}",2026-09-08T13:05:50
E2_E5SMALL,frozen,participant,01,no_augmentation,GAD7,44,RandomForest,4.462016,False,,random50,"{""augmentation"": ""no_augmentation"", ""beto_model"": ""dccuchile/bert-base-spanish-wwm-cased"", ""chunk_stride"": 256, ""max_tokens"": 512, ""n_cv_splits"": 5, ""n_search_iter"": 50, ""seeds"": [42, 43, 44, 45, 46], ""sentence_transformer_model"": ""intfloat/multilingual-e5-small"", ""tfidf_lemmatize"": true, ""tfidf_max_df"": 0.9, ""tfidf_max_features"": 300, ""tfidf_min_df"": 3, ""tfidf_ngram_range"": [1, 2], ""tfidf_normalize_numbers"": true}",2026-09-08T13:05:50
E2_E5SMALL,frozen,participant,01,no_augmentation,GAD7,44,ExtraTrees,4.52023,False,,random50,"{""augmentation"": ""no_augmentation"", ""beto_model"": ""dccuchile/bert-base-spanish-wwm-cased"", ""chunk_stride"": 256, ""max_tokens"": 512, ""n_cv_splits"": 5, ""n_search_iter"": 50, ""seeds"": [42, 43, 44, 45, 46], ""sentence_transformer_model"": ""intfloat/multilingual-e5-small"", ""tfidf_lemmatize"": true, ""tfidf_max_df"": 0.9, ""tfidf_max_features"": 300, ""tfidf_min_df"": 3, ""tfidf_ngram_range"": [1, 2], ""tfidf_normalize_numbers"": true}",2026-09-08T13:05:50
E2_E5SMALL,frozen,participant,01,no_augmentation,GAD7,44,GradientBoosting,4.602125,False,,random50,"{""augmentation"": ""no_augmentation"", ""beto_model"": ""dccuchile/bert-base-spanish-wwm-cased"", ""chunk_stride"": 256, ""max_tokens"": 512, ""n_cv_splits"": 5, ""n_search_iter"": 50, ""seeds"": [42, 43, 44, 45, 46], ""sentence_transformer_model"": ""intfloat/multilingual-e5-small"", ""tfidf_lemmatize"": true, ""tfidf_max_df"": 0.9, ""tfidf_max_features"": 300, ""tfidf_min_df"": 3, ""tfidf_ngram_range"": [1, 2], ""tfidf_normalize_numbers"": true}",2026-09-08T13:05:50
E2_E5SMALL,frozen,participant,01,no_augmentation,GAD7,44,LightGBM,4.580878,False,,random50,"{""augmentation"": ""no_augmentation"", ""beto_model"": ""dccuchile/bert-base-spanish-wwm-cased"", ""chunk_stride"": 256, ""max_tokens"": 512, ""n_cv_splits"": 5, ""n_search_iter"": 50, ""seeds"": [42, 43, 44, 45, 46], ""sentence_transformer_model"": ""intfloat/multilingual-e5-small"", ""tfidf_lemmatize"": true, ""tfidf_max_df"": 0.9, ""tfidf_max_features"": 300, ""tfidf_min_df"": 3, ""tfidf_ngram_range"": [1, 2], ""tfidf_normalize_numbers"": true}",2026-09-08T13:05:50
E2_E5SMALL,frozen,participant,01,no_augmentation,GAD7,44,KNN,4.456099,False,,random50,"{""augmentation"": ""no_augmentation"", ""beto_model"": ""dccuchile/bert-base-spanish-wwm-cased"", ""chunk_stride"": 256, ""max_tokens"": 512, ""n_cv_splits"": 5, ""n_search_iter"": 50, ""seeds"": [42, 43, 44, 45, 46], ""sentence_transformer_model"": ""intfloat/multilingual-e5-small"", ""tfidf_lemmatize"": true, ""tfidf_max_df"": 0.9, ""tfidf_max_features"": 300, ""tfidf_min_df"": 3, ""tfidf_ngram_range"": [1, 2], ""tfidf_normalize_numbers"": true}",2026-09-08T13:05:50
E2_E5SMALL,frozen,participant,01,no_augmentation,GAD7,44,DecisionTree,5.339523,False,,random50,"{""augmentation"": ""no_augmentation"", ""beto_model"": ""dccuchile/bert-base-spanish-wwm-cased"", ""chunk_stride"": 256, ""max_tokens"": 512, ""n_cv_splits"": 5, ""n_search_iter"": 50, ""seeds"": [42, 43, 44, 45, 46], ""sentence_transformer_model"": ""intfloat/multilingual-e5-small"", ""tfidf_lemmatize"": true, ""tfidf_max_df"": 0.9, ""tfidf_max_features"": 300, ""tfidf_min_df"": 3, ""tfidf_ngram_range"": [1, 2], ""tfidf_normalize_numbers"": true}",2026-09-08T13:05:50
E2_E5SMALL,frozen,participant,01,no_augmentation,GAD7,44,AdaBoost,4.46378,False,,random50,"{""augmentation"": ""no_augmentation"", ""beto_model"": ""dccuchile/bert-base-spanish-wwm-cased"", ""chunk_stride"": 256, ""max_tokens"": 512, ""n_cv_splits"": 5, ""n_search_iter"": 50, ""seeds"": [42, 43, 44, 45, 46], ""sentence_transformer_model"": ""intfloat/multilingual-e5-small"", ""tfidf_lemmatize"": true, ""tfidf_max_df"": 0.9, ""tfidf_max_features"": 300, ""tfidf_min_df"": 3, ""tfidf_ngram_range"": [1, 2], ""tfidf_normalize_numbers"": true}",2026-09-08T13:05:50
E2_E5SMALL,frozen,participant,01,no_augmentation,PHQ9,45,Ridge,5.982549,False,,random50,"{""augmentation"": ""no_augmentation"", ""beto_model"": ""dccuchile/bert-base-spanish-wwm-cased"", ""chunk_stride"": 256, ""max_tokens"": 512, ""n_cv_splits"": 5, ""n_search_iter"": 50, ""seeds"": [42, 43, 44, 45, 46], ""sentence_transformer_model"": ""intfloat/multilingual-e5-small"", ""tfidf_lemmatize"": true, ""tfidf_max_df"": 0.9, ""tfidf_max_features"": 300, ""tfidf_min_df"": 3, ""tfidf_ngram_range"": [1, 2], ""tfidf_normalize_numbers"": true}",2026-09-08T13:07:00
E2_E5SMALL,frozen,participant,01,no_augmentation,PHQ9,45,SVR,5.463743,False,,random50,"{""augmentation"": ""no_augmentation"", ""beto_model"": ""dccuchile/bert-base-spanish-wwm-cased"", ""chunk_stride"": 256, ""max_tokens"": 512, ""n_cv_splits"": 5, ""n_search_iter"": 50, ""seeds"": [42, 43, 44, 45, 46], ""sentence_transformer_model"": ""intfloat/multilingual-e5-small"", ""tfidf_lemmatize"": true, ""tfidf_max_df"": 0.9, ""tfidf_max_features"": 300, ""tfidf_min_df"": 3, ""tfidf_ngram_range"": [1, 2], ""tfidf_normalize_numbers"": true}",2026-09-08T13:07:00
E2_E5SMALL,frozen,participant,01,no_augmentation,PHQ9,45,RandomForest,5.479507,False,,random50,"{""augmentation"": ""no_augmentation"", ""beto_model"": ""dccuchile/bert-base-spanish-wwm-cased"", ""chunk_stride"": 256, ""max_tokens"": 512, ""n_cv_splits"": 5, ""n_search_iter"": 50, ""seeds"": [42, 43, 44, 45, 46], ""sentence_transformer_model"": ""intfloat/multilingual-e5-small"", ""tfidf_lemmatize"": true, ""tfidf_max_df"": 0.9, ""tfidf_max_features"": 300, ""tfidf_min_df"": 3, ""tfidf_ngram_range"": [1, 2], ""tfidf_normalize_numbers"": true}",2026-09-08T13:07:00
E2_E5SMALL,frozen,participant,01,no_augmentation,PHQ9,45,ExtraTrees,5.480905,False,,random50,"{""augmentation"": ""no_augmentation"", ""beto_model"": ""dccuchile/bert-base-spanish-wwm-cased"", ""chunk_stride"": 256, ""max_tokens"": 512, ""n_cv_splits"": 5, ""n_search_iter"": 50, ""seeds"": [42, 43, 44, 45, 46], ""sentence_transformer_model"": ""intfloat/multilingual-e5-small"", ""tfidf_lemmatize"": true, ""tfidf_max_df"": 0.9, ""tfidf_max_features"": 300, ""tfidf_min_df"": 3, ""tfidf_ngram_range"": [1, 2], ""tfidf_normalize_numbers"": true}",2026-09-08T13:07:00
E2_E5SMALL,frozen,participant,01,no_augmentation,PHQ9,45,GradientBoosting,5.472927,False,,random50,"{""augmentation"": ""no_augmentation"", ""beto_model"": ""dccuchile/bert-base-spanish-wwm-cased"", ""chunk_stride"": 256, ""max_tokens"": 512, ""n_cv_splits"": 5, ""n_search_iter"": 50, ""seeds"": [42, 43, 44, 45, 46], ""sentence_transformer_model"": ""intfloat/multilingual-e5-small"", ""tfidf_lemmatize"": true, ""tfidf_max_df"": 0.9, ""tfidf_max_features"": 300, ""tfidf_min_df"": 3, ""tfidf_ngram_range"": [1, 2], ""tfidf_normalize_numbers"": true}",2026-09-08T13:07:00
E2_E5SMALL,frozen,participant,01,no_augmentation,PHQ9,45,LightGBM,5.35342,True,,random50,"{""augmentation"": ""no_augmentation"", ""beto_model"": ""dccuchile/bert-base-spanish-wwm-cased"", ""chunk_stride"": 256, ""max_tokens"": 512, ""n_cv_splits"": 5, ""n_search_iter"": 50, ""seeds"": [42, 43, 44, 45, 46], ""sentence_transformer_model"": ""intfloat/multilingual-e5-small"", ""tfidf_lemmatize"": true, ""tfidf_max_df"": 0.9, ""tfidf_max_features"": 300, ""tfidf_min_df"": 3, ""tfidf_ngram_range"": [1, 2], ""tfidf_normalize_numbers"": true}",2026-09-08T13:07:00
E2_E5SMALL,frozen,participant,01,no_augmentation,PHQ9,45,KNN,5.478499,False,,random50,"{""augmentation"": ""no_augmentation"", ""beto_model"": ""dccuchile/bert-base-spanish-wwm-cased"", ""chunk_stride"": 256, ""max_tokens"": 512, ""n_cv_splits"": 5, ""n_search_iter"": 50, ""seeds"": [42, 43, 44, 45, 46], ""sentence_transformer_model"": ""intfloat/multilingual-e5-small"", ""tfidf_lemmatize"": true, ""tfidf_max_df"": 0.9, ""tfidf_max_features"": 300, ""tfidf_min_df"": 3, ""tfidf_ngram_range"": [1, 2], ""tfidf_normalize_numbers"": true}",2026-09-08T13:07:00
E2_E5SMALL,frozen,participant,01,no_augmentation,PHQ9,45,DecisionTree,6.925087,False,,random50,"{""augmentation"": ""no_augmentation"", ""beto_model"": ""dccuchile/bert-base-spanish-wwm-cased"", ""chunk_stride"": 256, ""max_tokens"": 512, ""n_cv_splits"": 5, ""n_search_iter"": 50, ""seeds"": [42, 43, 44, 45, 46], ""sentence_transformer_model"": ""intfloat/multilingual-e5-small"", ""tfidf_lemmatize"": true, ""tfidf_max_df"": 0.9, ""tfidf_max_features"": 300, ""tfidf_min_df"": 3, ""tfidf_ngram_range"": [1, 2], ""tfidf_normalize_numbers"": true}",2026-09-08T13:07:00
E2_E5SMALL,frozen,participant,01,no_augmentation,PHQ9,45,AdaBoost,5.529195,False,,random50,"{""augmentation"": ""no_augmentation"", ""beto_model"": ""dccuchile/bert-base-spanish-wwm-cased"", ""chunk_stride"": 256, ""max_tokens"": 512, ""n_cv_splits"": 5, ""n_search_iter"": 50, ""seeds"": [42, 43, 44, 45, 46], ""sentence_transformer_model"": ""intfloat/multilingual-e5-small"", ""tfidf_lemmatize"": true, ""tfidf_max_df"": 0.9, ""tfidf_max_features"": 300, ""tfidf_min_df"": 3, ""tfidf_ngram_range"": [1, 2], ""tfidf_normalize_numbers"": true}",2026-09-08T13:07:00
E2_E5SMALL,frozen,participant,01,no_augmentation,GAD7,45,Ridge,5.225601,False,,random50,"{""augmentation"": ""no_augmentation"", ""beto_model"": ""dccuchile/bert-base-spanish-wwm-cased"", ""chunk_stride"": 256, ""max_tokens"": 512, ""n_cv_splits"": 5, ""n_search_iter"": 50, ""seeds"": [42, 43, 44, 45, 46], ""sentence_transformer_model"": ""intfloat/multilingual-e5-small"", ""tfidf_lemmatize"": true, ""tfidf_max_df"": 0.9, ""tfidf_max_features"": 300, ""tfidf_min_df"": 3, ""tfidf_ngram_range"": [1, 2], ""tfidf_normalize_numbers"": true}",2026-09-08T13:08:12
E2_E5SMALL,frozen,participant,01,no_augmentation,GAD7,45,SVR,4.582478,False,,random50,"{""augmentation"": ""no_augmentation"", ""beto_model"": ""dccuchile/bert-base-spanish-wwm-cased"", ""chunk_stride"": 256, ""max_tokens"": 512, ""n_cv_splits"": 5, ""n_search_iter"": 50, ""seeds"": [42, 43, 44, 45, 46], ""sentence_transformer_model"": ""intfloat/multilingual-e5-small"", ""tfidf_lemmatize"": true, ""tfidf_max_df"": 0.9, ""tfidf_max_features"": 300, ""tfidf_min_df"": 3, ""tfidf_ngram_range"": [1, 2], ""tfidf_normalize_numbers"": true}",2026-09-08T13:08:12
E2_E5SMALL,frozen,participant,01,no_augmentation,GAD7,45,RandomForest,4.538872,False,,random50,"{""augmentation"": ""no_augmentation"", ""beto_model"": ""dccuchile/bert-base-spanish-wwm-cased"", ""chunk_stride"": 256, ""max_tokens"": 512, ""n_cv_splits"": 5, ""n_search_iter"": 50, ""seeds"": [42, 43, 44, 45, 46], ""sentence_transformer_model"": ""intfloat/multilingual-e5-small"", ""tfidf_lemmatize"": true, ""tfidf_max_df"": 0.9, ""tfidf_max_features"": 300, ""tfidf_min_df"": 3, ""tfidf_ngram_range"": [1, 2], ""tfidf_normalize_numbers"": true}",2026-09-08T13:08:12
E2_E5SMALL,frozen,participant,01,no_augmentation,GAD7,45,ExtraTrees,4.519385,False,,random50,"{""augmentation"": ""no_augmentation"", ""beto_model"": ""dccuchile/bert-base-spanish-wwm-cased"", ""chunk_stride"": 256, ""max_tokens"": 512, ""n_cv_splits"": 5, ""n_search_iter"": 50, ""seeds"": [42, 43, 44, 45, 46], ""sentence_transformer_model"": ""intfloat/multilingual-e5-small"", ""tfidf_lemmatize"": true, ""tfidf_max_df"": 0.9, ""tfidf_max_features"": 300, ""tfidf_min_df"": 3, ""tfidf_ngram_range"": [1, 2], ""tfidf_normalize_numbers"": true}",2026-09-08T13:08:12
E2_E5SMALL,frozen,participant,01,no_augmentation,GAD7,45,GradientBoosting,4.564138,False,,random50,"{""augmentation"": ""no_augmentation"", ""beto_model"": ""dccuchile/bert-base-spanish-wwm-cased"", ""chunk_stride"": 256, ""max_tokens"": 512, ""n_cv_splits"": 5, ""n_search_iter"": 50, ""seeds"": [42, 43, 44, 45, 46], ""sentence_transformer_model"": ""intfloat/multilingual-e5-small"", ""tfidf_lemmatize"": true, ""tfidf_max_df"": 0.9, ""tfidf_max_features"": 300, ""tfidf_min_df"": 3, ""tfidf_ngram_range"": [1, 2], ""tfidf_normalize_numbers"": true}",2026-09-08T13:08:12
E2_E5SMALL,frozen,participant,01,no_augmentation,GAD7,45,LightGBM,4.58024,False,,random50,"{""augmentation"": ""no_augmentation"", ""beto_model"": ""dccuchile/bert-base-spanish-wwm-cased"", ""chunk_stride"": 256, ""max_tokens"": 512, ""n_cv_splits"": 5, ""n_search_iter"": 50, ""seeds"": [42, 43, 44, 45, 46], ""sentence_transformer_model"": ""intfloat/multilingual-e5-small"", ""tfidf_lemmatize"": true, ""tfidf_max_df"": 0.9, ""tfidf_max_features"": 300, ""tfidf_min_df"": 3, ""tfidf_ngram_range"": [1, 2], ""tfidf_normalize_numbers"": true}",2026-09-08T13:08:12
E2_E5SMALL,frozen,participant,01,no_augmentation,GAD7,45,KNN,4.546327,False,,random50,"{""augmentation"": ""no_augmentation"", ""beto_model"": ""dccuchile/bert-base-spanish-wwm-cased"", ""chunk_stride"": 256, ""max_tokens"": 512, ""n_cv_splits"": 5, ""n_search_iter"": 50, ""seeds"": [42, 43, 44, 45, 46], ""sentence_transformer_model"": ""intfloat/multilingual-e5-small"", ""tfidf_lemmatize"": true, ""tfidf_max_df"": 0.9, ""tfidf_max_features"": 300, ""tfidf_min_df"": 3, ""tfidf_ngram_range"": [1, 2], ""tfidf_normalize_numbers"": true}",2026-09-08T13:08:12
E2_E5SMALL,frozen,participant,01,no_augmentation,GAD7,45,DecisionTree,5.586536,False,,random50,"{""augmentation"": ""no_augmentation"", ""beto_model"": ""dccuchile/bert-base-spanish-wwm-cased"", ""chunk_stride"": 256, ""max_tokens"": 512, ""n_cv_splits"": 5, ""n_search_iter"": 50, ""seeds"": [42, 43, 44, 45, 46], ""sentence_transformer_model"": ""intfloat/multilingual-e5-small"", ""tfidf_lemmatize"": true, ""tfidf_max_df"": 0.9, ""tfidf_max_features"": 300, ""tfidf_min_df"": 3, ""tfidf_ngram_range"": [1, 2], ""tfidf_normalize_numbers"": true}",2026-09-08T13:08:12
E2_E5SMALL,frozen,participant,01,no_augmentation,GAD7,45,AdaBoost,4.478967,True,,random50,"{""augmentation"": ""no_augmentation"", ""beto_model"": ""dccuchile/bert-base-spanish-wwm-cased"", ""chunk_stride"": 256, ""max_tokens"": 512, ""n_cv_splits"": 5, ""n_search_iter"": 50, ""seeds"": [42, 43, 44, 45, 46], ""sentence_transformer_model"": ""intfloat/multilingual-e5-small"", ""tfidf_lemmatize"": true, ""tfidf_max_df"": 0.9, ""tfidf_max_features"": 300, ""tfidf_min_df"": 3, ""tfidf_ngram_range"": [1, 2], ""tfidf_normalize_numbers"": true}",2026-09-08T13:08:12
E2_E5SMALL,frozen,participant,01,no_augmentation,PHQ9,46,Ridge,5.646766,False,,random50,"{""augmentation"": ""no_augmentation"", ""beto_model"": ""dccuchile/bert-base-spanish-wwm-cased"", ""chunk_stride"": 256, ""max_tokens"": 512, ""n_cv_splits"": 5, ""n_search_iter"": 50, ""seeds"": [42, 43, 44, 45, 46], ""sentence_transformer_model"": ""intfloat/multilingual-e5-small"", ""tfidf_lemmatize"": true, ""tfidf_max_df"": 0.9, ""tfidf_max_features"": 300, ""tfidf_min_df"": 3, ""tfidf_ngram_range"": [1, 2], ""tfidf_normalize_numbers"": true}",2026-09-08T13:09:20
E2_E5SMALL,frozen,participant,01,no_augmentation,PHQ9,46,SVR,5.351929,False,,random50,"{""augmentation"": ""no_augmentation"", ""beto_model"": ""dccuchile/bert-base-spanish-wwm-cased"", ""chunk_stride"": 256, ""max_tokens"": 512, ""n_cv_splits"": 5, ""n_search_iter"": 50, ""seeds"": [42, 43, 44, 45, 46], ""sentence_transformer_model"": ""intfloat/multilingual-e5-small"", ""tfidf_lemmatize"": true, ""tfidf_max_df"": 0.9, ""tfidf_max_features"": 300, ""tfidf_min_df"": 3, ""tfidf_ngram_range"": [1, 2], ""tfidf_normalize_numbers"": true}",2026-09-08T13:09:20
E2_E5SMALL,frozen,participant,01,no_augmentation,PHQ9,46,RandomForest,5.405274,False,,random50,"{""augmentation"": ""no_augmentation"", ""beto_model"": ""dccuchile/bert-base-spanish-wwm-cased"", ""chunk_stride"": 256, ""max_tokens"": 512, ""n_cv_splits"": 5, ""n_search_iter"": 50, ""seeds"": [42, 43, 44, 45, 46], ""sentence_transformer_model"": ""intfloat/multilingual-e5-small"", ""tfidf_lemmatize"": true, ""tfidf_max_df"": 0.9, ""tfidf_max_features"": 300, ""tfidf_min_df"": 3, ""tfidf_ngram_range"": [1, 2], ""tfidf_normalize_numbers"": true}",2026-09-08T13:09:20
E2_E5SMALL,frozen,participant,01,no_augmentation,PHQ9,46,ExtraTrees,5.45017,False,,random50,"{""augmentation"": ""no_augmentation"", ""beto_model"": ""dccuchile/bert-base-spanish-wwm-cased"", ""chunk_stride"": 256, ""max_tokens"": 512, ""n_cv_splits"": 5, ""n_search_iter"": 50, ""seeds"": [42, 43, 44, 45, 46], ""sentence_transformer_model"": ""intfloat/multilingual-e5-small"", ""tfidf_lemmatize"": true, ""tfidf_max_df"": 0.9, ""tfidf_max_features"": 300, ""tfidf_min_df"": 3, ""tfidf_ngram_range"": [1, 2], ""tfidf_normalize_numbers"": true}",2026-09-08T13:09:20
E2_E5SMALL,frozen,participant,01,no_augmentation,PHQ9,46,GradientBoosting,5.169339,False,,random50,"{""augmentation"": ""no_augmentation"", ""beto_model"": ""dccuchile/bert-base-spanish-wwm-cased"", ""chunk_stride"": 256, ""max_tokens"": 512, ""n_cv_splits"": 5, ""n_search_iter"": 50, ""seeds"": [42, 43, 44, 45, 46], ""sentence_transformer_model"": ""intfloat/multilingual-e5-small"", ""tfidf_lemmatize"": true, ""tfidf_max_df"": 0.9, ""tfidf_max_features"": 300, ""tfidf_min_df"": 3, ""tfidf_ngram_range"": [1, 2], ""tfidf_normalize_numbers"": true}",2026-09-08T13:09:20
E2_E5SMALL,frozen,participant,01,no_augmentation,PHQ9,46,LightGBM,5.007266,True,,random50,"{""augmentation"": ""no_augmentation"", ""beto_model"": ""dccuchile/bert-base-spanish-wwm-cased"", ""chunk_stride"": 256, ""max_tokens"": 512, ""n_cv_splits"": 5, ""n_search_iter"": 50, ""seeds"": [42, 43, 44, 45, 46], ""sentence_transformer_model"": ""intfloat/multilingual-e5-small"", ""tfidf_lemmatize"": true, ""tfidf_max_df"": 0.9, ""tfidf_max_features"": 300, ""tfidf_min_df"": 3, ""tfidf_ngram_range"": [1, 2], ""tfidf_normalize_numbers"": true}",2026-09-08T13:09:20
E2_E5SMALL,frozen,participant,01,no_augmentation,PHQ9,46,KNN,5.3457,False,,random50,"{""augmentation"": ""no_augmentation"", ""beto_model"": ""dccuchile/bert-base-spanish-wwm-cased"", ""chunk_stride"": 256, ""max_tokens"": 512, ""n_cv_splits"": 5, ""n_search_iter"": 50, ""seeds"": [42, 43, 44, 45, 46], ""sentence_transformer_model"": ""intfloat/multilingual-e5-small"", ""tfidf_lemmatize"": true, ""tfidf_max_df"": 0.9, ""tfidf_max_features"": 300, ""tfidf_min_df"": 3, ""tfidf_ngram_range"": [1, 2], ""tfidf_normalize_numbers"": true}",2026-09-08T13:09:20
E2_E5SMALL,frozen,participant,01,no_augmentation,PHQ9,46,DecisionTree,6.577421,False,,random50,"{""augmentation"": ""no_augmentation"", ""beto_model"": ""dccuchile/bert-base-spanish-wwm-cased"", ""chunk_stride"": 256, ""max_tokens"": 512, ""n_cv_splits"": 5, ""n_search_iter"": 50, ""seeds"": [42, 43, 44, 45, 46], ""sentence_transformer_model"": ""intfloat/multilingual-e5-small"", ""tfidf_lemmatize"": true, ""tfidf_max_df"": 0.9, ""tfidf_max_features"": 300, ""tfidf_min_df"": 3, ""tfidf_ngram_range"": [1, 2], ""tfidf_normalize_numbers"": true}",2026-09-08T13:09:20
E2_E5SMALL,frozen,participant,01,no_augmentation,PHQ9,46,AdaBoost,5.309122,False,,random50,"{""augmentation"": ""no_augmentation"", ""beto_model"": ""dccuchile/bert-base-spanish-wwm-cased"", ""chunk_stride"": 256, ""max_tokens"": 512, ""n_cv_splits"": 5, ""n_search_iter"": 50, ""seeds"": [42, 43, 44, 45, 46], ""sentence_transformer_model"": ""intfloat/multilingual-e5-small"", ""tfidf_lemmatize"": true, ""tfidf_max_df"": 0.9, ""tfidf_max_features"": 300, ""tfidf_min_df"": 3, ""tfidf_ngram_range"": [1, 2], ""tfidf_normalize_numbers"": true}",2026-09-08T13:09:20
E2_E5SMALL,frozen,participant,01,no_augmentation,GAD7,46,Ridge,5.012997,False,,random50,"{""augmentation"": ""no_augmentation"", ""beto_model"": ""dccuchile/bert-base-spanish-wwm-cased"", ""chunk_stride"": 256, ""max_tokens"": 512, ""n_cv_splits"": 5, ""n_search_iter"": 50, ""seeds"": [42, 43, 44, 45, 46], ""sentence_transformer_model"": ""intfloat/multilingual-e5-small"", ""tfidf_lemmatize"": true, ""tfidf_max_df"": 0.9, ""tfidf_max_features"": 300, ""tfidf_min_df"": 3, ""tfidf_ngram_range"": [1, 2], ""tfidf_normalize_numbers"": true}",2026-09-08T13:10:30
E2_E5SMALL,frozen,participant,01,no_augmentation,GAD7,46,SVR,4.512581,False,,random50,"{""augmentation"": ""no_augmentation"", ""beto_model"": ""dccuchile/bert-base-spanish-wwm-cased"", ""chunk_stride"": 256, ""max_tokens"": 512, ""n_cv_splits"": 5, ""n_search_iter"": 50, ""seeds"": [42, 43, 44, 45, 46], ""sentence_transformer_model"": ""intfloat/multilingual-e5-small"", ""tfidf_lemmatize"": true, ""tfidf_max_df"": 0.9, ""tfidf_max_features"": 300, ""tfidf_min_df"": 3, ""tfidf_ngram_range"": [1, 2], ""tfidf_normalize_numbers"": true}",2026-09-08T13:10:30
E2_E5SMALL,frozen,participant,01,no_augmentation,GAD7,46,RandomForest,4.551685,False,,random50,"{""augmentation"": ""no_augmentation"", ""beto_model"": ""dccuchile/bert-base-spanish-wwm-cased"", ""chunk_stride"": 256, ""max_tokens"": 512, ""n_cv_splits"": 5, ""n_search_iter"": 50, ""seeds"": [42, 43, 44, 45, 46], ""sentence_transformer_model"": ""intfloat/multilingual-e5-small"", ""tfidf_lemmatize"": true, ""tfidf_max_df"": 0.9, ""tfidf_max_features"": 300, ""tfidf_min_df"": 3, ""tfidf_ngram_range"": [1, 2], ""tfidf_normalize_numbers"": true}",2026-09-08T13:10:30
E2_E5SMALL,frozen,participant,01,no_augmentation,GAD7,46,ExtraTrees,4.521325,False,,random50,"{""augmentation"": ""no_augmentation"", ""beto_model"": ""dccuchile/bert-base-spanish-wwm-cased"", ""chunk_stride"": 256, ""max_tokens"": 512, ""n_cv_splits"": 5, ""n_search_iter"": 50, ""seeds"": [42, 43, 44, 45, 46], ""sentence_transformer_model"": ""intfloat/multilingual-e5-small"", ""tfidf_lemmatize"": true, ""tfidf_max_df"": 0.9, ""tfidf_max_features"": 300, ""tfidf_min_df"": 3, ""tfidf_ngram_range"": [1, 2], ""tfidf_normalize_numbers"": true}",2026-09-08T13:10:30
E2_E5SMALL,frozen,participant,01,no_augmentation,GAD7,46,GradientBoosting,4.579069,False,,random50,"{""augmentation"": ""no_augmentation"", ""beto_model"": ""dccuchile/bert-base-spanish-wwm-cased"", ""chunk_stride"": 256, ""max_tokens"": 512, ""n_cv_splits"": 5, ""n_search_iter"": 50, ""seeds"": [42, 43, 44, 45, 46], ""sentence_transformer_model"": ""intfloat/multilingual-e5-small"", ""tfidf_lemmatize"": true, ""tfidf_max_df"": 0.9, ""tfidf_max_features"": 300, ""tfidf_min_df"": 3, ""tfidf_ngram_range"": [1, 2], ""tfidf_normalize_numbers"": true}",2026-09-08T13:10:30
E2_E5SMALL,frozen,participant,01,no_augmentation,GAD7,46,LightGBM,4.457002,False,,random50,"{""augmentation"": ""no_augmentation"", ""beto_model"": ""dccuchile/bert-base-spanish-wwm-cased"", ""chunk_stride"": 256, ""max_tokens"": 512, ""n_cv_splits"": 5, ""n_search_iter"": 50, ""seeds"": [42, 43, 44, 45, 46], ""sentence_transformer_model"": ""intfloat/multilingual-e5-small"", ""tfidf_lemmatize"": true, ""tfidf_max_df"": 0.9, ""tfidf_max_features"": 300, ""tfidf_min_df"": 3, ""tfidf_ngram_range"": [1, 2], ""tfidf_normalize_numbers"": true}",2026-09-08T13:10:30
E2_E5SMALL,frozen,participant,01,no_augmentation,GAD7,46,KNN,4.435517,True,,random50,"{""augmentation"": ""no_augmentation"", ""beto_model"": ""dccuchile/bert-base-spanish-wwm-cased"", ""chunk_stride"": 256, ""max_tokens"": 512, ""n_cv_splits"": 5, ""n_search_iter"": 50, ""seeds"": [42, 43, 44, 45, 46], ""sentence_transformer_model"": ""intfloat/multilingual-e5-small"", ""tfidf_lemmatize"": true, ""tfidf_max_df"": 0.9, ""tfidf_max_features"": 300, ""tfidf_min_df"": 3, ""tfidf_ngram_range"": [1, 2], ""tfidf_normalize_numbers"": true}",2026-09-08T13:10:30
E2_E5SMALL,frozen,participant,01,no_augmentation,GAD7,46,DecisionTree,5.189063,False,,random50,"{""augmentation"": ""no_augmentation"", ""beto_model"": ""dccuchile/bert-base-spanish-wwm-cased"", ""chunk_stride"": 256, ""max_tokens"": 512, ""n_cv_splits"": 5, ""n_search_iter"": 50, ""seeds"": [42, 43, 44, 45, 46], ""sentence_transformer_model"": ""intfloat/multilingual-e5-small"", ""tfidf_lemmatize"": true, ""tfidf_max_df"": 0.9, ""tfidf_max_features"": 300, ""tfidf_min_df"": 3, ""tfidf_ngram_range"": [1, 2], ""tfidf_normalize_numbers"": true}",2026-09-08T13:10:30
E2_E5SMALL,frozen,participant,01,no_augmentation,GAD7,46,AdaBoost,4.44693,False,,random50,"{""augmentation"": ""no_augmentation"", ""beto_model"": ""dccuchile/bert-base-spanish-wwm-cased"", ""chunk_stride"": 256, ""max_tokens"": 512, ""n_cv_splits"": 5, ""n_search_iter"": 50, ""seeds"": [42, 43, 44, 45, 46], ""sentence_transformer_model"": ""intfloat/multilingual-e5-small"", ""tfidf_lemmatize"": true, ""tfidf_max_df"": 0.9, ""tfidf_max_features"": 300, ""tfidf_min_df"": 3, ""tfidf_ngram_range"": [1, 2], ""tfidf_normalize_numbers"": true}",2026-09-08T13:10:30
E2_E5BASE,frozen,participant,01,no_augmentation,PHQ9,42,Ridge,5.791066,False,,random50,"{""augmentation"": ""no_augmentation"", ""beto_model"": ""dccuchile/bert-base-spanish-wwm-cased"", ""chunk_stride"": 256, ""max_tokens"": 512, ""n_cv_splits"": 5, ""n_search_iter"": 50, ""seeds"": [42, 43, 44, 45, 46], ""sentence_transformer_model"": ""intfloat/multilingual-e5-small"", ""tfidf_lemmatize"": true, ""tfidf_max_df"": 0.9, ""tfidf_max_features"": 300, ""tfidf_min_df"": 3, ""tfidf_ngram_range"": [1, 2], ""tfidf_normalize_numbers"": true}",2026-09-08T13:12:41
E2_E5BASE,frozen,participant,01,no_augmentation,PHQ9,42,SVR,5.153083,False,,random50,"{""augmentation"": ""no_augmentation"", ""beto_model"": ""dccuchile/bert-base-spanish-wwm-cased"", ""chunk_stride"": 256, ""max_tokens"": 512, ""n_cv_splits"": 5, ""n_search_iter"": 50, ""seeds"": [42, 43, 44, 45, 46], ""sentence_transformer_model"": ""intfloat/multilingual-e5-small"", ""tfidf_lemmatize"": true, ""tfidf_max_df"": 0.9, ""tfidf_max_features"": 300, ""tfidf_min_df"": 3, ""tfidf_ngram_range"": [1, 2], ""tfidf_normalize_numbers"": true}",2026-09-08T13:12:41
E2_E5BASE,frozen,participant,01,no_augmentation,PHQ9,42,RandomForest,5.10594,False,,random50,"{""augmentation"": ""no_augmentation"", ""beto_model"": ""dccuchile/bert-base-spanish-wwm-cased"", ""chunk_stride"": 256, ""max_tokens"": 512, ""n_cv_splits"": 5, ""n_search_iter"": 50, ""seeds"": [42, 43, 44, 45, 46], ""sentence_transformer_model"": ""intfloat/multilingual-e5-small"", ""tfidf_lemmatize"": true, ""tfidf_max_df"": 0.9, ""tfidf_max_features"": 300, ""tfidf_min_df"": 3, ""tfidf_ngram_range"": [1, 2], ""tfidf_normalize_numbers"": true}",2026-09-08T13:12:41
E2_E5BASE,frozen,participant,01,no_augmentation,PHQ9,42,ExtraTrees,5.065783,False,,random50,"{""augmentation"": ""no_augmentation"", ""beto_model"": ""dccuchile/bert-base-spanish-wwm-cased"", ""chunk_stride"": 256, ""max_tokens"": 512, ""n_cv_splits"": 5, ""n_search_iter"": 50, ""seeds"": [42, 43, 44, 45, 46], ""sentence_transformer_model"": ""intfloat/multilingual-e5-small"", ""tfidf_lemmatize"": true, ""tfidf_max_df"": 0.9, ""tfidf_max_features"": 300, ""tfidf_min_df"": 3, ""tfidf_ngram_range"": [1, 2], ""tfidf_normalize_numbers"": true}",2026-09-08T13:12:41
E2_E5BASE,frozen,participant,01,no_augmentation,PHQ9,42,GradientBoosting,5.140524,False,,random50,"{""augmentation"": ""no_augmentation"", ""beto_model"": ""dccuchile/bert-base-spanish-wwm-cased"", ""chunk_stride"": 256, ""max_tokens"": 512, ""n_cv_splits"": 5, ""n_search_iter"": 50, ""seeds"": [42, 43, 44, 45, 46], ""sentence_transformer_model"": ""intfloat/multilingual-e5-small"", ""tfidf_lemmatize"": true, ""tfidf_max_df"": 0.9, ""tfidf_max_features"": 300, ""tfidf_min_df"": 3, ""tfidf_ngram_range"": [1, 2], ""tfidf_normalize_numbers"": true}",2026-09-08T13:12:41
E2_E5BASE,frozen,participant,01,no_augmentation,PHQ9,42,LightGBM,5.15002,False,,random50,"{""augmentation"": ""no_augmentation"", ""beto_model"": ""dccuchile/bert-base-spanish-wwm-cased"", ""chunk_stride"": 256, ""max_tokens"": 512, ""n_cv_splits"": 5, ""n_search_iter"": 50, ""seeds"": [42, 43, 44, 45, 46], ""sentence_transformer_model"": ""intfloat/multilingual-e5-small"", ""tfidf_lemmatize"": true, ""tfidf_max_df"": 0.9, ""tfidf_max_features"": 300, ""tfidf_min_df"": 3, ""tfidf_ngram_range"": [1, 2], ""tfidf_normalize_numbers"": true}",2026-09-08T13:12:41
E2_E5BASE,frozen,participant,01,no_augmentation,PHQ9,42,KNN,5.210288,False,,random50,"{""augmentation"": ""no_augmentation"", ""beto_model"": ""dccuchile/bert-base-spanish-wwm-cased"", ""chunk_stride"": 256, ""max_tokens"": 512, ""n_cv_splits"": 5, ""n_search_iter"": 50, ""seeds"": [42, 43, 44, 45, 46], ""sentence_transformer_model"": ""intfloat/multilingual-e5-small"", ""tfidf_lemmatize"": true, ""tfidf_max_df"": 0.9, ""tfidf_max_features"": 300, ""tfidf_min_df"": 3, ""tfidf_ngram_range"": [1, 2], ""tfidf_normalize_numbers"": true}",2026-09-08T13:12:41
E2_E5BASE,frozen,participant,01,no_augmentation,PHQ9,42,DecisionTree,6.031846,False,,random50,"{""augmentation"": ""no_augmentation"", ""beto_model"": ""dccuchile/bert-base-spanish-wwm-cased"", ""chunk_stride"": 256, ""max_tokens"": 512, ""n_cv_splits"": 5, ""n_search_iter"": 50, ""seeds"": [42, 43, 44, 45, 46], ""sentence_transformer_model"": ""intfloat/multilingual-e5-small"", ""tfidf_lemmatize"": true, ""tfidf_max_df"": 0.9, ""tfidf_max_features"": 300, ""tfidf_min_df"": 3, ""tfidf_ngram_range"": [1, 2], ""tfidf_normalize_numbers"": true}",2026-09-08T13:12:41
E2_E5BASE,frozen,participant,01,no_augmentation,PHQ9,42,AdaBoost,5.020867,True,,random50,"{""augmentation"": ""no_augmentation"", ""beto_model"": ""dccuchile/bert-base-spanish-wwm-cased"", ""chunk_stride"": 256, ""max_tokens"": 512, ""n_cv_splits"": 5, ""n_search_iter"": 50, ""seeds"": [42, 43, 44, 45, 46], ""sentence_transformer_model"": ""intfloat/multilingual-e5-small"", ""tfidf_lemmatize"": true, ""tfidf_max_df"": 0.9, ""tfidf_max_features"": 300, ""tfidf_min_df"": 3, ""tfidf_ngram_range"": [1, 2], ""tfidf_normalize_numbers"": true}",2026-09-08T13:12:41
E2_E5BASE,frozen,participant,01,no_augmentation,GAD7,42,Ridge,4.761759,False,,random50,"{""augmentation"": ""no_augmentation"", ""beto_model"": ""dccuchile/bert-base-spanish-wwm-cased"", ""chunk_stride"": 256, ""max_tokens"": 512, ""n_cv_splits"": 5, ""n_search_iter"": 50, ""seeds"": [42, 43, 44, 45, 46], ""sentence_transformer_model"": ""intfloat/multilingual-e5-small"", ""tfidf_lemmatize"": true, ""tfidf_max_df"": 0.9, ""tfidf_max_features"": 300, ""tfidf_min_df"": 3, ""tfidf_ngram_range"": [1, 2], ""tfidf_normalize_numbers"": true}",2026-09-08T13:14:48
E2_E5BASE,frozen,participant,01,no_augmentation,GAD7,42,SVR,4.372166,True,,random50,"{""augmentation"": ""no_augmentation"", ""beto_model"": ""dccuchile/bert-base-spanish-wwm-cased"", ""chunk_stride"": 256, ""max_tokens"": 512, ""n_cv_splits"": 5, ""n_search_iter"": 50, ""seeds"": [42, 43, 44, 45, 46], ""sentence_transformer_model"": ""intfloat/multilingual-e5-small"", ""tfidf_lemmatize"": true, ""tfidf_max_df"": 0.9, ""tfidf_max_features"": 300, ""tfidf_min_df"": 3, ""tfidf_ngram_range"": [1, 2], ""tfidf_normalize_numbers"": true}",2026-09-08T13:14:48
E2_E5BASE,frozen,participant,01,no_augmentation,GAD7,42,RandomForest,4.449457,False,,random50,"{""augmentation"": ""no_augmentation"", ""beto_model"": ""dccuchile/bert-base-spanish-wwm-cased"", ""chunk_stride"": 256, ""max_tokens"": 512, ""n_cv_splits"": 5, ""n_search_iter"": 50, ""seeds"": [42, 43, 44, 45, 46], ""sentence_transformer_model"": ""intfloat/multilingual-e5-small"", ""tfidf_lemmatize"": true, ""tfidf_max_df"": 0.9, ""tfidf_max_features"": 300, ""tfidf_min_df"": 3, ""tfidf_ngram_range"": [1, 2], ""tfidf_normalize_numbers"": true}",2026-09-08T13:14:48
E2_E5BASE,frozen,participant,01,no_augmentation,GAD7,42,ExtraTrees,4.433895,False,,random50,"{""augmentation"": ""no_augmentation"", ""beto_model"": ""dccuchile/bert-base-spanish-wwm-cased"", ""chunk_stride"": 256, ""max_tokens"": 512, ""n_cv_splits"": 5, ""n_search_iter"": 50, ""seeds"": [42, 43, 44, 45, 46], ""sentence_transformer_model"": ""intfloat/multilingual-e5-small"", ""tfidf_lemmatize"": true, ""tfidf_max_df"": 0.9, ""tfidf_max_features"": 300, ""tfidf_min_df"": 3, ""tfidf_ngram_range"": [1, 2], ""tfidf_normalize_numbers"": true}",2026-09-08T13:14:48
E2_E5BASE,frozen,participant,01,no_augmentation,GAD7,42,GradientBoosting,4.412537,False,,random50,"{""augmentation"": ""no_augmentation"", ""beto_model"": ""dccuchile/bert-base-spanish-wwm-cased"", ""chunk_stride"": 256, ""max_tokens"": 512, ""n_cv_splits"": 5, ""n_search_iter"": 50, ""seeds"": [42, 43, 44, 45, 46], ""sentence_transformer_model"": ""intfloat/multilingual-e5-small"", ""tfidf_lemmatize"": true, ""tfidf_max_df"": 0.9, ""tfidf_max_features"": 300, ""tfidf_min_df"": 3, ""tfidf_ngram_range"": [1, 2], ""tfidf_normalize_numbers"": true}",2026-09-08T13:14:48
E2_E5BASE,frozen,participant,01,no_augmentation,GAD7,42,LightGBM,4.497135,False,,random50,"{""augmentation"": ""no_augmentation"", ""beto_model"": ""dccuchile/bert-base-spanish-wwm-cased"", ""chunk_stride"": 256, ""max_tokens"": 512, ""n_cv_splits"": 5, ""n_search_iter"": 50, ""seeds"": [42, 43, 44, 45, 46], ""sentence_transformer_model"": ""intfloat/multilingual-e5-small"", ""tfidf_lemmatize"": true, ""tfidf_max_df"": 0.9, ""tfidf_max_features"": 300, ""tfidf_min_df"": 3, ""tfidf_ngram_range"": [1, 2], ""tfidf_normalize_numbers"": true}",2026-09-08T13:14:48
E2_E5BASE,frozen,participant,01,no_augmentation,GAD7,42,KNN,4.456928,False,,random50,"{""augmentation"": ""no_augmentation"", ""beto_model"": ""dccuchile/bert-base-spanish-wwm-cased"", ""chunk_stride"": 256, ""max_tokens"": 512, ""n_cv_splits"": 5, ""n_search_iter"": 50, ""seeds"": [42, 43, 44, 45, 46], ""sentence_transformer_model"": ""intfloat/multilingual-e5-small"", ""tfidf_lemmatize"": true, ""tfidf_max_df"": 0.9, ""tfidf_max_features"": 300, ""tfidf_min_df"": 3, ""tfidf_ngram_range"": [1, 2], ""tfidf_normalize_numbers"": true}",2026-09-08T13:14:48
E2_E5BASE,frozen,participant,01,no_augmentation,GAD7,42,DecisionTree,5.503569,False,,random50,"{""augmentation"": ""no_augmentation"", ""beto_model"": ""dccuchile/bert-base-spanish-wwm-cased"", ""chunk_stride"": 256, ""max_tokens"": 512, ""n_cv_splits"": 5, ""n_search_iter"": 50, ""seeds"": [42, 43, 44, 45, 46], ""sentence_transformer_model"": ""intfloat/multilingual-e5-small"", ""tfidf_lemmatize"": true, ""tfidf_max_df"": 0.9, ""tfidf_max_features"": 300, ""tfidf_min_df"": 3, ""tfidf_ngram_range"": [1, 2], ""tfidf_normalize_numbers"": true}",2026-09-08T13:14:48
E2_E5BASE,frozen,participant,01,no_augmentation,GAD7,42,AdaBoost,4.411261,False,,random50,"{""augmentation"": ""no_augmentation"", ""beto_model"": ""dccuchile/bert-base-spanish-wwm-cased"", ""chunk_stride"": 256, ""max_tokens"": 512, ""n_cv_splits"": 5, ""n_search_iter"": 50, ""seeds"": [42, 43, 44, 45, 46], ""sentence_transformer_model"": ""intfloat/multilingual-e5-small"", ""tfidf_lemmatize"": true, ""tfidf_max_df"": 0.9, ""tfidf_max_features"": 300, ""tfidf_min_df"": 3, ""tfidf_ngram_range"": [1, 2], ""tfidf_normalize_numbers"": true}",2026-09-08T13:14:48
E2_E5BASE,frozen,participant,01,no_augmentation,PHQ9,43,Ridge,5.611664,False,,random50,"{""augmentation"": ""no_augmentation"", ""beto_model"": ""dccuchile/bert-base-spanish-wwm-cased"", ""chunk_stride"": 256, ""max_tokens"": 512, ""n_cv_splits"": 5, ""n_search_iter"": 50, ""seeds"": [42, 43, 44, 45, 46], ""sentence_transformer_model"": ""intfloat/multilingual-e5-small"", ""tfidf_lemmatize"": true, ""tfidf_max_df"": 0.9, ""tfidf_max_features"": 300, ""tfidf_min_df"": 3, ""tfidf_ngram_range"": [1, 2], ""tfidf_normalize_numbers"": true}",2026-09-08T13:16:55
E2_E5BASE,frozen,participant,01,no_augmentation,PHQ9,43,SVR,5.038852,False,,random50,"{""augmentation"": ""no_augmentation"", ""beto_model"": ""dccuchile/bert-base-spanish-wwm-cased"", ""chunk_stride"": 256, ""max_tokens"": 512, ""n_cv_splits"": 5, ""n_search_iter"": 50, ""seeds"": [42, 43, 44, 45, 46], ""sentence_transformer_model"": ""intfloat/multilingual-e5-small"", ""tfidf_lemmatize"": true, ""tfidf_max_df"": 0.9, ""tfidf_max_features"": 300, ""tfidf_min_df"": 3, ""tfidf_ngram_range"": [1, 2], ""tfidf_normalize_numbers"": true}",2026-09-08T13:16:55
E2_E5BASE,frozen,participant,01,no_augmentation,PHQ9,43,RandomForest,5.06751,False,,random50,"{""augmentation"": ""no_augmentation"", ""beto_model"": ""dccuchile/bert-base-spanish-wwm-cased"", ""chunk_stride"": 256, ""max_tokens"": 512, ""n_cv_splits"": 5, ""n_search_iter"": 50, ""seeds"": [42, 43, 44, 45, 46], ""sentence_transformer_model"": ""intfloat/multilingual-e5-small"", ""tfidf_lemmatize"": true, ""tfidf_max_df"": 0.9, ""tfidf_max_features"": 300, ""tfidf_min_df"": 3, ""tfidf_ngram_range"": [1, 2], ""tfidf_normalize_numbers"": true}",2026-09-08T13:16:55
E2_E5BASE,frozen,participant,01,no_augmentation,PHQ9,43,ExtraTrees,5.068453,False,,random50,"{""augmentation"": ""no_augmentation"", ""beto_model"": ""dccuchile/bert-base-spanish-wwm-cased"", ""chunk_stride"": 256, ""max_tokens"": 512, ""n_cv_splits"": 5, ""n_search_iter"": 50, ""seeds"": [42, 43, 44, 45, 46], ""sentence_transformer_model"": ""intfloat/multilingual-e5-small"", ""tfidf_lemmatize"": true, ""tfidf_max_df"": 0.9, ""tfidf_max_features"": 300, ""tfidf_min_df"": 3, ""tfidf_ngram_range"": [1, 2], ""tfidf_normalize_numbers"": true}",2026-09-08T13:16:55
E2_E5BASE,frozen,participant,01,no_augmentation,PHQ9,43,GradientBoosting,5.04777,False,,random50,"{""augmentation"": ""no_augmentation"", ""beto_model"": ""dccuchile/bert-base-spanish-wwm-cased"", ""chunk_stride"": 256, ""max_tokens"": 512, ""n_cv_splits"": 5, ""n_search_iter"": 50, ""seeds"": [42, 43, 44, 45, 46], ""sentence_transformer_model"": ""intfloat/multilingual-e5-small"", ""tfidf_lemmatize"": true, ""tfidf_max_df"": 0.9, ""tfidf_max_features"": 300, ""tfidf_min_df"": 3, ""tfidf_ngram_range"": [1, 2], ""tfidf_normalize_numbers"": true}",2026-09-08T13:16:55
E2_E5BASE,frozen,participant,01,no_augmentation,PHQ9,43,LightGBM,5.181178,False,,random50,"{""augmentation"": ""no_augmentation"", ""beto_model"": ""dccuchile/bert-base-spanish-wwm-cased"", ""chunk_stride"": 256, ""max_tokens"": 512, ""n_cv_splits"": 5, ""n_search_iter"": 50, ""seeds"": [42, 43, 44, 45, 46], ""sentence_transformer_model"": ""intfloat/multilingual-e5-small"", ""tfidf_lemmatize"": true, ""tfidf_max_df"": 0.9, ""tfidf_max_features"": 300, ""tfidf_min_df"": 3, ""tfidf_ngram_range"": [1, 2], ""tfidf_normalize_numbers"": true}",2026-09-08T13:16:55
E2_E5BASE,frozen,participant,01,no_augmentation,PHQ9,43,KNN,5.14916,False,,random50,"{""augmentation"": ""no_augmentation"", ""beto_model"": ""dccuchile/bert-base-spanish-wwm-cased"", ""chunk_stride"": 256, ""max_tokens"": 512, ""n_cv_splits"": 5, ""n_search_iter"": 50, ""seeds"": [42, 43, 44, 45, 46], ""sentence_transformer_model"": ""intfloat/multilingual-e5-small"", ""tfidf_lemmatize"": true, ""tfidf_max_df"": 0.9, ""tfidf_max_features"": 300, ""tfidf_min_df"": 3, ""tfidf_ngram_range"": [1, 2], ""tfidf_normalize_numbers"": true}",2026-09-08T13:16:55
E2_E5BASE,frozen,participant,01,no_augmentation,PHQ9,43,DecisionTree,6.037953,False,,random50,"{""augmentation"": ""no_augmentation"", ""beto_model"": ""dccuchile/bert-base-spanish-wwm-cased"", ""chunk_stride"": 256, ""max_tokens"": 512, ""n_cv_splits"": 5, ""n_search_iter"": 50, ""seeds"": [42, 43, 44, 45, 46], ""sentence_transformer_model"": ""intfloat/multilingual-e5-small"", ""tfidf_lemmatize"": true, ""tfidf_max_df"": 0.9, ""tfidf_max_features"": 300, ""tfidf_min_df"": 3, ""tfidf_ngram_range"": [1, 2], ""tfidf_normalize_numbers"": true}",2026-09-08T13:16:55
E2_E5BASE,frozen,participant,01,no_augmentation,PHQ9,43,AdaBoost,4.989441,True,,random50,"{""augmentation"": ""no_augmentation"", ""beto_model"": ""dccuchile/bert-base-spanish-wwm-cased"", ""chunk_stride"": 256, ""max_tokens"": 512, ""n_cv_splits"": 5, ""n_search_iter"": 50, ""seeds"": [42, 43, 44, 45, 46], ""sentence_transformer_model"": ""intfloat/multilingual-e5-small"", ""tfidf_lemmatize"": true, ""tfidf_max_df"": 0.9, ""tfidf_max_features"": 300, ""tfidf_min_df"": 3, ""tfidf_ngram_range"": [1, 2], ""tfidf_normalize_numbers"": true}",2026-09-08T13:16:55
E2_E5BASE,frozen,participant,01,no_augmentation,GAD7,43,Ridge,4.809501,False,,random50,"{""augmentation"": ""no_augmentation"", ""beto_model"": ""dccuchile/bert-base-spanish-wwm-cased"", ""chunk_stride"": 256, ""max_tokens"": 512, ""n_cv_splits"": 5, ""n_search_iter"": 50, ""seeds"": [42, 43, 44, 45, 46], ""sentence_transformer_model"": ""intfloat/multilingual-e5-small"", ""tfidf_lemmatize"": true, ""tfidf_max_df"": 0.9, ""tfidf_max_features"": 300, ""tfidf_min_df"": 3, ""tfidf_ngram_range"": [1, 2], ""tfidf_normalize_numbers"": true}",2026-09-08T13:19:02
E2_E5BASE,frozen,participant,01,no_augmentation,GAD7,43,SVR,4.386826,False,,random50,"{""augmentation"": ""no_augmentation"", ""beto_model"": ""dccuchile/bert-base-spanish-wwm-cased"", ""chunk_stride"": 256, ""max_tokens"": 512, ""n_cv_splits"": 5, ""n_search_iter"": 50, ""seeds"": [42, 43, 44, 45, 46], ""sentence_transformer_model"": ""intfloat/multilingual-e5-small"", ""tfidf_lemmatize"": true, ""tfidf_max_df"": 0.9, ""tfidf_max_features"": 300, ""tfidf_min_df"": 3, ""tfidf_ngram_range"": [1, 2], ""tfidf_normalize_numbers"": true}",2026-09-08T13:19:02
E2_E5BASE,frozen,participant,01,no_augmentation,GAD7,43,RandomForest,4.430151,False,,random50,"{""augmentation"": ""no_augmentation"", ""beto_model"": ""dccuchile/bert-base-spanish-wwm-cased"", ""chunk_stride"": 256, ""max_tokens"": 512, ""n_cv_splits"": 5, ""n_search_iter"": 50, ""seeds"": [42, 43, 44, 45, 46], ""sentence_transformer_model"": ""intfloat/multilingual-e5-small"", ""tfidf_lemmatize"": true, ""tfidf_max_df"": 0.9, ""tfidf_max_features"": 300, ""tfidf_min_df"": 3, ""tfidf_ngram_range"": [1, 2], ""tfidf_normalize_numbers"": true}",2026-09-08T13:19:02
E2_E5BASE,frozen,participant,01,no_augmentation,GAD7,43,ExtraTrees,4.411323,False,,random50,"{""augmentation"": ""no_augmentation"", ""beto_model"": ""dccuchile/bert-base-spanish-wwm-cased"", ""chunk_stride"": 256, ""max_tokens"": 512, ""n_cv_splits"": 5, ""n_search_iter"": 50, ""seeds"": [42, 43, 44, 45, 46], ""sentence_transformer_model"": ""intfloat/multilingual-e5-small"", ""tfidf_lemmatize"": true, ""tfidf_max_df"": 0.9, ""tfidf_max_features"": 300, ""tfidf_min_df"": 3, ""tfidf_ngram_range"": [1, 2], ""tfidf_normalize_numbers"": true}",2026-09-08T13:19:02
E2_E5BASE,frozen,participant,01,no_augmentation,GAD7,43,GradientBoosting,4.511203,False,,random50,"{""augmentation"": ""no_augmentation"", ""beto_model"": ""dccuchile/bert-base-spanish-wwm-cased"", ""chunk_stride"": 256, ""max_tokens"": 512, ""n_cv_splits"": 5, ""n_search_iter"": 50, ""seeds"": [42, 43, 44, 45, 46], ""sentence_transformer_model"": ""intfloat/multilingual-e5-small"", ""tfidf_lemmatize"": true, ""tfidf_max_df"": 0.9, ""tfidf_max_features"": 300, ""tfidf_min_df"": 3, ""tfidf_ngram_range"": [1, 2], ""tfidf_normalize_numbers"": true}",2026-09-08T13:19:02
E2_E5BASE,frozen,participant,01,no_augmentation,GAD7,43,LightGBM,4.632917,False,,random50,"{""augmentation"": ""no_augmentation"", ""beto_model"": ""dccuchile/bert-base-spanish-wwm-cased"", ""chunk_stride"": 256, ""max_tokens"": 512, ""n_cv_splits"": 5, ""n_search_iter"": 50, ""seeds"": [42, 43, 44, 45, 46], ""sentence_transformer_model"": ""intfloat/multilingual-e5-small"", ""tfidf_lemmatize"": true, ""tfidf_max_df"": 0.9, ""tfidf_max_features"": 300, ""tfidf_min_df"": 3, ""tfidf_ngram_range"": [1, 2], ""tfidf_normalize_numbers"": true}",2026-09-08T13:19:02
E2_E5BASE,frozen,participant,01,no_augmentation,GAD7,43,KNN,4.447151,False,,random50,"{""augmentation"": ""no_augmentation"", ""beto_model"": ""dccuchile/bert-base-spanish-wwm-cased"", ""chunk_stride"": 256, ""max_tokens"": 512, ""n_cv_splits"": 5, ""n_search_iter"": 50, ""seeds"": [42, 43, 44, 45, 46], ""sentence_transformer_model"": ""intfloat/multilingual-e5-small"", ""tfidf_lemmatize"": true, ""tfidf_max_df"": 0.9, ""tfidf_max_features"": 300, ""tfidf_min_df"": 3, ""tfidf_ngram_range"": [1, 2], ""tfidf_normalize_numbers"": true}",2026-09-08T13:19:02
E2_E5BASE,frozen,participant,01,no_augmentation,GAD7,43,DecisionTree,4.735714,False,,random50,"{""augmentation"": ""no_augmentation"", ""beto_model"": ""dccuchile/bert-base-spanish-wwm-cased"", ""chunk_stride"": 256, ""max_tokens"": 512, ""n_cv_splits"": 5, ""n_search_iter"": 50, ""seeds"": [42, 43, 44, 45, 46], ""sentence_transformer_model"": ""intfloat/multilingual-e5-small"", ""tfidf_lemmatize"": true, ""tfidf_max_df"": 0.9, ""tfidf_max_features"": 300, ""tfidf_min_df"": 3, ""tfidf_ngram_range"": [1, 2], ""tfidf_normalize_numbers"": true}",2026-09-08T13:19:02
E2_E5BASE,frozen,participant,01,no_augmentation,GAD7,43,AdaBoost,4.377125,True,,random50,"{""augmentation"": ""no_augmentation"", ""beto_model"": ""dccuchile/bert-base-spanish-wwm-cased"", ""chunk_stride"": 256, ""max_tokens"": 512, ""n_cv_splits"": 5, ""n_search_iter"": 50, ""seeds"": [42, 43, 44, 45, 46], ""sentence_transformer_model"": ""intfloat/multilingual-e5-small"", ""tfidf_lemmatize"": true, ""tfidf_max_df"": 0.9, ""tfidf_max_features"": 300, ""tfidf_min_df"": 3, ""tfidf_ngram_range"": [1, 2], ""tfidf_normalize_numbers"": true}",2026-09-08T13:19:02
E2_E5BASE,frozen,participant,01,no_augmentation,PHQ9,44,Ridge,5.599748,False,,random50,"{""augmentation"": ""no_augmentation"", ""beto_model"": ""dccuchile/bert-base-spanish-wwm-cased"", ""chunk_stride"": 256, ""max_tokens"": 512, ""n_cv_splits"": 5, ""n_search_iter"": 50, ""seeds"": [42, 43, 44, 45, 46], ""sentence_transformer_model"": ""intfloat/multilingual-e5-small"", ""tfidf_lemmatize"": true, ""tfidf_max_df"": 0.9, ""tfidf_max_features"": 300, ""tfidf_min_df"": 3, ""tfidf_ngram_range"": [1, 2], ""tfidf_normalize_numbers"": true}",2026-09-08T13:21:05
E2_E5BASE,frozen,participant,01,no_augmentation,PHQ9,44,SVR,4.950747,False,,random50,"{""augmentation"": ""no_augmentation"", ""beto_model"": ""dccuchile/bert-base-spanish-wwm-cased"", ""chunk_stride"": 256, ""max_tokens"": 512, ""n_cv_splits"": 5, ""n_search_iter"": 50, ""seeds"": [42, 43, 44, 45, 46], ""sentence_transformer_model"": ""intfloat/multilingual-e5-small"", ""tfidf_lemmatize"": true, ""tfidf_max_df"": 0.9, ""tfidf_max_features"": 300, ""tfidf_min_df"": 3, ""tfidf_ngram_range"": [1, 2], ""tfidf_normalize_numbers"": true}",2026-09-08T13:21:05
E2_E5BASE,frozen,participant,01,no_augmentation,PHQ9,44,RandomForest,4.964837,False,,random50,"{""augmentation"": ""no_augmentation"", ""beto_model"": ""dccuchile/bert-base-spanish-wwm-cased"", ""chunk_stride"": 256, ""max_tokens"": 512, ""n_cv_splits"": 5, ""n_search_iter"": 50, ""seeds"": [42, 43, 44, 45, 46], ""sentence_transformer_model"": ""intfloat/multilingual-e5-small"", ""tfidf_lemmatize"": true, ""tfidf_max_df"": 0.9, ""tfidf_max_features"": 300, ""tfidf_min_df"": 3, ""tfidf_ngram_range"": [1, 2], ""tfidf_normalize_numbers"": true}",2026-09-08T13:21:05
E2_E5BASE,frozen,participant,01,no_augmentation,PHQ9,44,ExtraTrees,4.930151,False,,random50,"{""augmentation"": ""no_augmentation"", ""beto_model"": ""dccuchile/bert-base-spanish-wwm-cased"", ""chunk_stride"": 256, ""max_tokens"": 512, ""n_cv_splits"": 5, ""n_search_iter"": 50, ""seeds"": [42, 43, 44, 45, 46], ""sentence_transformer_model"": ""intfloat/multilingual-e5-small"", ""tfidf_lemmatize"": true, ""tfidf_max_df"": 0.9, ""tfidf_max_features"": 300, ""tfidf_min_df"": 3, ""tfidf_ngram_range"": [1, 2], ""tfidf_normalize_numbers"": true}",2026-09-08T13:21:05
E2_E5BASE,frozen,participant,01,no_augmentation,PHQ9,44,GradientBoosting,4.833807,True,,random50,"{""augmentation"": ""no_augmentation"", ""beto_model"": ""dccuchile/bert-base-spanish-wwm-cased"", ""chunk_stride"": 256, ""max_tokens"": 512, ""n_cv_splits"": 5, ""n_search_iter"": 50, ""seeds"": [42, 43, 44, 45, 46], ""sentence_transformer_model"": ""intfloat/multilingual-e5-small"", ""tfidf_lemmatize"": true, ""tfidf_max_df"": 0.9, ""tfidf_max_features"": 300, ""tfidf_min_df"": 3, ""tfidf_ngram_range"": [1, 2], ""tfidf_normalize_numbers"": true}",2026-09-08T13:21:05
E2_E5BASE,frozen,participant,01,no_augmentation,PHQ9,44,LightGBM,4.849899,False,,random50,"{""augmentation"": ""no_augmentation"", ""beto_model"": ""dccuchile/bert-base-spanish-wwm-cased"", ""chunk_stride"": 256, ""max_tokens"": 512, ""n_cv_splits"": 5, ""n_search_iter"": 50, ""seeds"": [42, 43, 44, 45, 46], ""sentence_transformer_model"": ""intfloat/multilingual-e5-small"", ""tfidf_lemmatize"": true, ""tfidf_max_df"": 0.9, ""tfidf_max_features"": 300, ""tfidf_min_df"": 3, ""tfidf_ngram_range"": [1, 2], ""tfidf_normalize_numbers"": true}",2026-09-08T13:21:05
E2_E5BASE,frozen,participant,01,no_augmentation,PHQ9,44,KNN,5.015114,False,,random50,"{""augmentation"": ""no_augmentation"", ""beto_model"": ""dccuchile/bert-base-spanish-wwm-cased"", ""chunk_stride"": 256, ""max_tokens"": 512, ""n_cv_splits"": 5, ""n_search_iter"": 50, ""seeds"": [42, 43, 44, 45, 46], ""sentence_transformer_model"": ""intfloat/multilingual-e5-small"", ""tfidf_lemmatize"": true, ""tfidf_max_df"": 0.9, ""tfidf_max_features"": 300, ""tfidf_min_df"": 3, ""tfidf_ngram_range"": [1, 2], ""tfidf_normalize_numbers"": true}",2026-09-08T13:21:05
E2_E5BASE,frozen,participant,01,no_augmentation,PHQ9,44,DecisionTree,6.003432,False,,random50,"{""augmentation"": ""no_augmentation"", ""beto_model"": ""dccuchile/bert-base-spanish-wwm-cased"", ""chunk_stride"": 256, ""max_tokens"": 512, ""n_cv_splits"": 5, ""n_search_iter"": 50, ""seeds"": [42, 43, 44, 45, 46], ""sentence_transformer_model"": ""intfloat/multilingual-e5-small"", ""tfidf_lemmatize"": true, ""tfidf_max_df"": 0.9, ""tfidf_max_features"": 300, ""tfidf_min_df"": 3, ""tfidf_ngram_range"": [1, 2], ""tfidf_normalize_numbers"": true}",2026-09-08T13:21:05
E2_E5BASE,frozen,participant,01,no_augmentation,PHQ9,44,AdaBoost,4.857937,False,,random50,"{""augmentation"": ""no_augmentation"", ""beto_model"": ""dccuchile/bert-base-spanish-wwm-cased"", ""chunk_stride"": 256, ""max_tokens"": 512, ""n_cv_splits"": 5, ""n_search_iter"": 50, ""seeds"": [42, 43, 44, 45, 46], ""sentence_transformer_model"": ""intfloat/multilingual-e5-small"", ""tfidf_lemmatize"": true, ""tfidf_max_df"": 0.9, ""tfidf_max_features"": 300, ""tfidf_min_df"": 3, ""tfidf_ngram_range"": [1, 2], ""tfidf_normalize_numbers"": true}",2026-09-08T13:21:05
E2_E5BASE,frozen,participant,01,no_augmentation,GAD7,44,Ridge,4.587488,False,,random50,"{""augmentation"": ""no_augmentation"", ""beto_model"": ""dccuchile/bert-base-spanish-wwm-cased"", ""chunk_stride"": 256, ""max_tokens"": 512, ""n_cv_splits"": 5, ""n_search_iter"": 50, ""seeds"": [42, 43, 44, 45, 46], ""sentence_transformer_model"": ""intfloat/multilingual-e5-small"", ""tfidf_lemmatize"": true, ""tfidf_max_df"": 0.9, ""tfidf_max_features"": 300, ""tfidf_min_df"": 3, ""tfidf_ngram_range"": [1, 2], ""tfidf_normalize_numbers"": true}",2026-09-08T13:26:29
E2_E5BASE,frozen,participant,01,no_augmentation,GAD7,44,SVR,4.267907,False,,random50,"{""augmentation"": ""no_augmentation"", ""beto_model"": ""dccuchile/bert-base-spanish-wwm-cased"", ""chunk_stride"": 256, ""max_tokens"": 512, ""n_cv_splits"": 5, ""n_search_iter"": 50, ""seeds"": [42, 43, 44, 45, 46], ""sentence_transformer_model"": ""intfloat/multilingual-e5-small"", ""tfidf_lemmatize"": true, ""tfidf_max_df"": 0.9, ""tfidf_max_features"": 300, ""tfidf_min_df"": 3, ""tfidf_ngram_range"": [1, 2], ""tfidf_normalize_numbers"": true}",2026-09-08T13:26:29
E2_E5BASE,frozen,participant,01,no_augmentation,GAD7,44,RandomForest,4.332532,False,,random50,"{""augmentation"": ""no_augmentation"", ""beto_model"": ""dccuchile/bert-base-spanish-wwm-cased"", ""chunk_stride"": 256, ""max_tokens"": 512, ""n_cv_splits"": 5, ""n_search_iter"": 50, ""seeds"": [42, 43, 44, 45, 46], ""sentence_transformer_model"": ""intfloat/multilingual-e5-small"", ""tfidf_lemmatize"": true, ""tfidf_max_df"": 0.9, ""tfidf_max_features"": 300, ""tfidf_min_df"": 3, ""tfidf_ngram_range"": [1, 2], ""tfidf_normalize_numbers"": true}",2026-09-08T13:26:29
E2_E5BASE,frozen,participant,01,no_augmentation,GAD7,44,ExtraTrees,4.30937,False,,random50,"{""augmentation"": ""no_augmentation"", ""beto_model"": ""dccuchile/bert-base-spanish-wwm-cased"", ""chunk_stride"": 256, ""max_tokens"": 512, ""n_cv_splits"": 5, ""n_search_iter"": 50, ""seeds"": [42, 43, 44, 45, 46], ""sentence_transformer_model"": ""intfloat/multilingual-e5-small"", ""tfidf_lemmatize"": true, ""tfidf_max_df"": 0.9, ""tfidf_max_features"": 300, ""tfidf_min_df"": 3, ""tfidf_ngram_range"": [1, 2], ""tfidf_normalize_numbers"": true}",2026-09-08T13:26:29
E2_E5BASE,frozen,participant,01,no_augmentation,GAD7,44,GradientBoosting,4.233486,False,,random50,"{""augmentation"": ""no_augmentation"", ""beto_model"": ""dccuchile/bert-base-spanish-wwm-cased"", ""chunk_stride"": 256, ""max_tokens"": 512, ""n_cv_splits"": 5, ""n_search_iter"": 50, ""seeds"": [42, 43, 44, 45, 46], ""sentence_transformer_model"": ""intfloat/multilingual-e5-small"", ""tfidf_lemmatize"": true, ""tfidf_max_df"": 0.9, ""tfidf_max_features"": 300, ""tfidf_min_df"": 3, ""tfidf_ngram_range"": [1, 2], ""tfidf_normalize_numbers"": true}",2026-09-08T13:26:29
E2_E5BASE,frozen,participant,01,no_augmentation,GAD7,44,LightGBM,4.235646,False,,random50,"{""augmentation"": ""no_augmentation"", ""beto_model"": ""dccuchile/bert-base-spanish-wwm-cased"", ""chunk_stride"": 256, ""max_tokens"": 512, ""n_cv_splits"": 5, ""n_search_iter"": 50, ""seeds"": [42, 43, 44, 45, 46], ""sentence_transformer_model"": ""intfloat/multilingual-e5-small"", ""tfidf_lemmatize"": true, ""tfidf_max_df"": 0.9, ""tfidf_max_features"": 300, ""tfidf_min_df"": 3, ""tfidf_ngram_range"": [1, 2], ""tfidf_normalize_numbers"": true}",2026-09-08T13:26:29
E2_E5BASE,frozen,participant,01,no_augmentation,GAD7,44,KNN,4.386268,False,,random50,"{""augmentation"": ""no_augmentation"", ""beto_model"": ""dccuchile/bert-base-spanish-wwm-cased"", ""chunk_stride"": 256, ""max_tokens"": 512, ""n_cv_splits"": 5, ""n_search_iter"": 50, ""seeds"": [42, 43, 44, 45, 46], ""sentence_transformer_model"": ""intfloat/multilingual-e5-small"", ""tfidf_lemmatize"": true, ""tfidf_max_df"": 0.9, ""tfidf_max_features"": 300, ""tfidf_min_df"": 3, ""tfidf_ngram_range"": [1, 2], ""tfidf_normalize_numbers"": true}",2026-09-08T13:26:29
E2_E5BASE,frozen,participant,01,no_augmentation,GAD7,44,DecisionTree,5.233914,False,,random50,"{""augmentation"": ""no_augmentation"", ""beto_model"": ""dccuchile/bert-base-spanish-wwm-cased"", ""chunk_stride"": 256, ""max_tokens"": 512, ""n_cv_splits"": 5, ""n_search_iter"": 50, ""seeds"": [42, 43, 44, 45, 46], ""sentence_transformer_model"": ""intfloat/multilingual-e5-small"", ""tfidf_lemmatize"": true, ""tfidf_max_df"": 0.9, ""tfidf_max_features"": 300, ""tfidf_min_df"": 3, ""tfidf_ngram_range"": [1, 2], ""tfidf_normalize_numbers"": true}",2026-09-08T13:26:29
E2_E5BASE,frozen,participant,01,no_augmentation,GAD7,44,AdaBoost,4.167617,True,,random50,"{""augmentation"": ""no_augmentation"", ""beto_model"": ""dccuchile/bert-base-spanish-wwm-cased"", ""chunk_stride"": 256, ""max_tokens"": 512, ""n_cv_splits"": 5, ""n_search_iter"": 50, ""seeds"": [42, 43, 44, 45, 46], ""sentence_transformer_model"": ""intfloat/multilingual-e5-small"", ""tfidf_lemmatize"": true, ""tfidf_max_df"": 0.9, ""tfidf_max_features"": 300, ""tfidf_min_df"": 3, ""tfidf_ngram_range"": [1, 2], ""tfidf_normalize_numbers"": true}",2026-09-08T13:26:29
E2_E5BASE,frozen,participant,01,no_augmentation,PHQ9,45,Ridge,5.781627,False,,random50,"{""augmentation"": ""no_augmentation"", ""beto_model"": ""dccuchile/bert-base-spanish-wwm-cased"", ""chunk_stride"": 256, ""max_tokens"": 512, ""n_cv_splits"": 5, ""n_search_iter"": 50, ""seeds"": [42, 43, 44, 45, 46], ""sentence_transformer_model"": ""intfloat/multilingual-e5-small"", ""tfidf_lemmatize"": true, ""tfidf_max_df"": 0.9, ""tfidf_max_features"": 300, ""tfidf_min_df"": 3, ""tfidf_ngram_range"": [1, 2], ""tfidf_normalize_numbers"": true}",2026-09-08T13:37:11
E2_E5BASE,frozen,participant,01,no_augmentation,PHQ9,45,SVR,5.077654,False,,random50,"{""augmentation"": ""no_augmentation"", ""beto_model"": ""dccuchile/bert-base-spanish-wwm-cased"", ""chunk_stride"": 256, ""max_tokens"": 512, ""n_cv_splits"": 5, ""n_search_iter"": 50, ""seeds"": [42, 43, 44, 45, 46], ""sentence_transformer_model"": ""intfloat/multilingual-e5-small"", ""tfidf_lemmatize"": true, ""tfidf_max_df"": 0.9, ""tfidf_max_features"": 300, ""tfidf_min_df"": 3, ""tfidf_ngram_range"": [1, 2], ""tfidf_normalize_numbers"": true}",2026-09-08T13:37:11
E2_E5BASE,frozen,participant,01,no_augmentation,PHQ9,45,RandomForest,5.10787,False,,random50,"{""augmentation"": ""no_augmentation"", ""beto_model"": ""dccuchile/bert-base-spanish-wwm-cased"", ""chunk_stride"": 256, ""max_tokens"": 512, ""n_cv_splits"": 5, ""n_search_iter"": 50, ""seeds"": [42, 43, 44, 45, 46], ""sentence_transformer_model"": ""intfloat/multilingual-e5-small"", ""tfidf_lemmatize"": true, ""tfidf_max_df"": 0.9, ""tfidf_max_features"": 300, ""tfidf_min_df"": 3, ""tfidf_ngram_range"": [1, 2], ""tfidf_normalize_numbers"": true}",2026-09-08T13:37:11
E2_E5BASE,frozen,participant,01,no_augmentation,PHQ9,45,ExtraTrees,5.055694,True,,random50,"{""augmentation"": ""no_augmentation"", ""beto_model"": ""dccuchile/bert-base-spanish-wwm-cased"", ""chunk_stride"": 256, ""max_tokens"": 512, ""n_cv_splits"": 5, ""n_search_iter"": 50, ""seeds"": [42, 43, 44, 45, 46], ""sentence_transformer_model"": ""intfloat/multilingual-e5-small"", ""tfidf_lemmatize"": true, ""tfidf_max_df"": 0.9, ""tfidf_max_features"": 300, ""tfidf_min_df"": 3, ""tfidf_ngram_range"": [1, 2], ""tfidf_normalize_numbers"": true}",2026-09-08T13:37:11
E2_E5BASE,frozen,participant,01,no_augmentation,PHQ9,45,GradientBoosting,5.148149,False,,random50,"{""augmentation"": ""no_augmentation"", ""beto_model"": ""dccuchile/bert-base-spanish-wwm-cased"", ""chunk_stride"": 256, ""max_tokens"": 512, ""n_cv_splits"": 5, ""n_search_iter"": 50, ""seeds"": [42, 43, 44, 45, 46], ""sentence_transformer_model"": ""intfloat/multilingual-e5-small"", ""tfidf_lemmatize"": true, ""tfidf_max_df"": 0.9, ""tfidf_max_features"": 300, ""tfidf_min_df"": 3, ""tfidf_ngram_range"": [1, 2], ""tfidf_normalize_numbers"": true}",2026-09-08T13:37:11
E2_E5BASE,frozen,participant,01,no_augmentation,PHQ9,45,LightGBM,5.272902,False,,random50,"{""augmentation"": ""no_augmentation"", ""beto_model"": ""dccuchile/bert-base-spanish-wwm-cased"", ""chunk_stride"": 256, ""max_tokens"": 512, ""n_cv_splits"": 5, ""n_search_iter"": 50, ""seeds"": [42, 43, 44, 45, 46], ""sentence_transformer_model"": ""intfloat/multilingual-e5-small"", ""tfidf_lemmatize"": true, ""tfidf_max_df"": 0.9, ""tfidf_max_features"": 300, ""tfidf_min_df"": 3, ""tfidf_ngram_range"": [1, 2], ""tfidf_normalize_numbers"": true}",2026-09-08T13:37:11
E2_E5BASE,frozen,participant,01,no_augmentation,PHQ9,45,KNN,5.214241,False,,random50,"{""augmentation"": ""no_augmentation"", ""beto_model"": ""dccuchile/bert-base-spanish-wwm-cased"", ""chunk_stride"": 256, ""max_tokens"": 512, ""n_cv_splits"": 5, ""n_search_iter"": 50, ""seeds"": [42, 43, 44, 45, 46], ""sentence_transformer_model"": ""intfloat/multilingual-e5-small"", ""tfidf_lemmatize"": true, ""tfidf_max_df"": 0.9, ""tfidf_max_features"": 300, ""tfidf_min_df"": 3, ""tfidf_ngram_range"": [1, 2], ""tfidf_normalize_numbers"": true}",2026-09-08T13:37:11
E2_E5BASE,frozen,participant,01,no_augmentation,PHQ9,45,DecisionTree,6.269516,False,,random50,"{""augmentation"": ""no_augmentation"", ""beto_model"": ""dccuchile/bert-base-spanish-wwm-cased"", ""chunk_stride"": 256, ""max_tokens"": 512, ""n_cv_splits"": 5, ""n_search_iter"": 50, ""seeds"": [42, 43, 44, 45, 46], ""sentence_transformer_model"": ""intfloat/multilingual-e5-small"", ""tfidf_lemmatize"": true, ""tfidf_max_df"": 0.9, ""tfidf_max_features"": 300, ""tfidf_min_df"": 3, ""tfidf_ngram_range"": [1, 2], ""tfidf_normalize_numbers"": true}",2026-09-08T13:37:11
E2_E5BASE,frozen,participant,01,no_augmentation,PHQ9,45,AdaBoost,5.084991,False,,random50,"{""augmentation"": ""no_augmentation"", ""beto_model"": ""dccuchile/bert-base-spanish-wwm-cased"", ""chunk_stride"": 256, ""max_tokens"": 512, ""n_cv_splits"": 5, ""n_search_iter"": 50, ""seeds"": [42, 43, 44, 45, 46], ""sentence_transformer_model"": ""intfloat/multilingual-e5-small"", ""tfidf_lemmatize"": true, ""tfidf_max_df"": 0.9, ""tfidf_max_features"": 300, ""tfidf_min_df"": 3, ""tfidf_ngram_range"": [1, 2], ""tfidf_normalize_numbers"": true}",2026-09-08T13:37:11
E2_E5BASE,frozen,participant,01,no_augmentation,GAD7,45,Ridge,4.855662,False,,random50,"{""augmentation"": ""no_augmentation"", ""beto_model"": ""dccuchile/bert-base-spanish-wwm-cased"", ""chunk_stride"": 256, ""max_tokens"": 512, ""n_cv_splits"": 5, ""n_search_iter"": 50, ""seeds"": [42, 43, 44, 45, 46], ""sentence_transformer_model"": ""intfloat/multilingual-e5-small"", ""tfidf_lemmatize"": true, ""tfidf_max_df"": 0.9, ""tfidf_max_features"": 300, ""tfidf_min_df"": 3, ""tfidf_ngram_range"": [1, 2], ""tfidf_normalize_numbers"": true}",2026-09-08T13:45:05
E2_E5BASE,frozen,participant,01,no_augmentation,GAD7,45,SVR,4.454216,False,,random50,"{""augmentation"": ""no_augmentation"", ""beto_model"": ""dccuchile/bert-base-spanish-wwm-cased"", ""chunk_stride"": 256, ""max_tokens"": 512, ""n_cv_splits"": 5, ""n_search_iter"": 50, ""seeds"": [42, 43, 44, 45, 46], ""sentence_transformer_model"": ""intfloat/multilingual-e5-small"", ""tfidf_lemmatize"": true, ""tfidf_max_df"": 0.9, ""tfidf_max_features"": 300, ""tfidf_min_df"": 3, ""tfidf_ngram_range"": [1, 2], ""tfidf_normalize_numbers"": true}",2026-09-08T13:45:05
E2_E5BASE,frozen,participant,01,no_augmentation,GAD7,45,RandomForest,4.479422,False,,random50,"{""augmentation"": ""no_augmentation"", ""beto_model"": ""dccuchile/bert-base-spanish-wwm-cased"", ""chunk_stride"": 256, ""max_tokens"": 512, ""n_cv_splits"": 5, ""n_search_iter"": 50, ""seeds"": [42, 43, 44, 45, 46], ""sentence_transformer_model"": ""intfloat/multilingual-e5-small"", ""tfidf_lemmatize"": true, ""tfidf_max_df"": 0.9, ""tfidf_max_features"": 300, ""tfidf_min_df"": 3, ""tfidf_ngram_range"": [1, 2], ""tfidf_normalize_numbers"": true}",2026-09-08T13:45:05
E2_E5BASE,frozen,participant,01,no_augmentation,GAD7,45,ExtraTrees,4.455545,False,,random50,"{""augmentation"": ""no_augmentation"", ""beto_model"": ""dccuchile/bert-base-spanish-wwm-cased"", ""chunk_stride"": 256, ""max_tokens"": 512, ""n_cv_splits"": 5, ""n_search_iter"": 50, ""seeds"": [42, 43, 44, 45, 46], ""sentence_transformer_model"": ""intfloat/multilingual-e5-small"", ""tfidf_lemmatize"": true, ""tfidf_max_df"": 0.9, ""tfidf_max_features"": 300, ""tfidf_min_df"": 3, ""tfidf_ngram_range"": [1, 2], ""tfidf_normalize_numbers"": true}",2026-09-08T13:45:05
E2_E5BASE,frozen,participant,01,no_augmentation,GAD7,45,GradientBoosting,4.475205,False,,random50,"{""augmentation"": ""no_augmentation"", ""beto_model"": ""dccuchile/bert-base-spanish-wwm-cased"", ""chunk_stride"": 256, ""max_tokens"": 512, ""n_cv_splits"": 5, ""n_search_iter"": 50, ""seeds"": [42, 43, 44, 45, 46], ""sentence_transformer_model"": ""intfloat/multilingual-e5-small"", ""tfidf_lemmatize"": true, ""tfidf_max_df"": 0.9, ""tfidf_max_features"": 300, ""tfidf_min_df"": 3, ""tfidf_ngram_range"": [1, 2], ""tfidf_normalize_numbers"": true}",2026-09-08T13:45:05
E2_E5BASE,frozen,participant,01,no_augmentation,GAD7,45,LightGBM,4.521786,False,,random50,"{""augmentation"": ""no_augmentation"", ""beto_model"": ""dccuchile/bert-base-spanish-wwm-cased"", ""chunk_stride"": 256, ""max_tokens"": 512, ""n_cv_splits"": 5, ""n_search_iter"": 50, ""seeds"": [42, 43, 44, 45, 46], ""sentence_transformer_model"": ""intfloat/multilingual-e5-small"", ""tfidf_lemmatize"": true, ""tfidf_max_df"": 0.9, ""tfidf_max_features"": 300, ""tfidf_min_df"": 3, ""tfidf_ngram_range"": [1, 2], ""tfidf_normalize_numbers"": true}",2026-09-08T13:45:05
E2_E5BASE,frozen,participant,01,no_augmentation,GAD7,45,KNN,4.514143,False,,random50,"{""augmentation"": ""no_augmentation"", ""beto_model"": ""dccuchile/bert-base-spanish-wwm-cased"", ""chunk_stride"": 256, ""max_tokens"": 512, ""n_cv_splits"": 5, ""n_search_iter"": 50, ""seeds"": [42, 43, 44, 45, 46], ""sentence_transformer_model"": ""intfloat/multilingual-e5-small"", ""tfidf_lemmatize"": true, ""tfidf_max_df"": 0.9, ""tfidf_max_features"": 300, ""tfidf_min_df"": 3, ""tfidf_ngram_range"": [1, 2], ""tfidf_normalize_numbers"": true}",2026-09-08T13:45:05
E2_E5BASE,frozen,participant,01,no_augmentation,GAD7,45,DecisionTree,5.010046,False,,random50,"{""augmentation"": ""no_augmentation"", ""beto_model"": ""dccuchile/bert-base-spanish-wwm-cased"", ""chunk_stride"": 256, ""max_tokens"": 512, ""n_cv_splits"": 5, ""n_search_iter"": 50, ""seeds"": [42, 43, 44, 45, 46], ""sentence_transformer_model"": ""intfloat/multilingual-e5-small"", ""tfidf_lemmatize"": true, ""tfidf_max_df"": 0.9, ""tfidf_max_features"": 300, ""tfidf_min_df"": 3, ""tfidf_ngram_range"": [1, 2], ""tfidf_normalize_numbers"": true}",2026-09-08T13:45:05
E2_E5BASE,frozen,participant,01,no_augmentation,GAD7,45,AdaBoost,4.42544,True,,random50,"{""augmentation"": ""no_augmentation"", ""beto_model"": ""dccuchile/bert-base-spanish-wwm-cased"", ""chunk_stride"": 256, ""max_tokens"": 512, ""n_cv_splits"": 5, ""n_search_iter"": 50, ""seeds"": [42, 43, 44, 45, 46], ""sentence_transformer_model"": ""intfloat/multilingual-e5-small"", ""tfidf_lemmatize"": true, ""tfidf_max_df"": 0.9, ""tfidf_max_features"": 300, ""tfidf_min_df"": 3, ""tfidf_ngram_range"": [1, 2], ""tfidf_normalize_numbers"": true}",2026-09-08T13:45:05
E2_E5BASE,frozen,participant,01,no_augmentation,PHQ9,46,Ridge,5.595747,False,,random50,"{""augmentation"": ""no_augmentation"", ""beto_model"": ""dccuchile/bert-base-spanish-wwm-cased"", ""chunk_stride"": 256, ""max_tokens"": 512, ""n_cv_splits"": 5, ""n_search_iter"": 50, ""seeds"": [42, 43, 44, 45, 46], ""sentence_transformer_model"": ""intfloat/multilingual-e5-small"", ""tfidf_lemmatize"": true, ""tfidf_max_df"": 0.9, ""tfidf_max_features"": 300, ""tfidf_min_df"": 3, ""tfidf_ngram_range"": [1, 2], ""tfidf_normalize_numbers"": true}",2026-09-08T13:49:53
E2_E5BASE,frozen,participant,01,no_augmentation,PHQ9,46,SVR,4.952306,False,,random50,"{""augmentation"": ""no_augmentation"", ""beto_model"": ""dccuchile/bert-base-spanish-wwm-cased"", ""chunk_stride"": 256, ""max_tokens"": 512, ""n_cv_splits"": 5, ""n_search_iter"": 50, ""seeds"": [42, 43, 44, 45, 46], ""sentence_transformer_model"": ""intfloat/multilingual-e5-small"", ""tfidf_lemmatize"": true, ""tfidf_max_df"": 0.9, ""tfidf_max_features"": 300, ""tfidf_min_df"": 3, ""tfidf_ngram_range"": [1, 2], ""tfidf_normalize_numbers"": true}",2026-09-08T13:49:53
E2_E5BASE,frozen,participant,01,no_augmentation,PHQ9,46,RandomForest,4.94221,False,,random50,"{""augmentation"": ""no_augmentation"", ""beto_model"": ""dccuchile/bert-base-spanish-wwm-cased"", ""chunk_stride"": 256, ""max_tokens"": 512, ""n_cv_splits"": 5, ""n_search_iter"": 50, ""seeds"": [42, 43, 44, 45, 46], ""sentence_transformer_model"": ""intfloat/multilingual-e5-small"", ""tfidf_lemmatize"": true, ""tfidf_max_df"": 0.9, ""tfidf_max_features"": 300, ""tfidf_min_df"": 3, ""tfidf_ngram_range"": [1, 2], ""tfidf_normalize_numbers"": true}",2026-09-08T13:49:53
E2_E5BASE,frozen,participant,01,no_augmentation,PHQ9,46,ExtraTrees,4.910066,False,,random50,"{""augmentation"": ""no_augmentation"", ""beto_model"": ""dccuchile/bert-base-spanish-wwm-cased"", ""chunk_stride"": 256, ""max_tokens"": 512, ""n_cv_splits"": 5, ""n_search_iter"": 50, ""seeds"": [42, 43, 44, 45, 46], ""sentence_transformer_model"": ""intfloat/multilingual-e5-small"", ""tfidf_lemmatize"": true, ""tfidf_max_df"": 0.9, ""tfidf_max_features"": 300, ""tfidf_min_df"": 3, ""tfidf_ngram_range"": [1, 2], ""tfidf_normalize_numbers"": true}",2026-09-08T13:49:53
E2_E5BASE,frozen,participant,01,no_augmentation,PHQ9,46,GradientBoosting,4.751952,False,,random50,"{""augmentation"": ""no_augmentation"", ""beto_model"": ""dccuchile/bert-base-spanish-wwm-cased"", ""chunk_stride"": 256, ""max_tokens"": 512, ""n_cv_splits"": 5, ""n_search_iter"": 50, ""seeds"": [42, 43, 44, 45, 46], ""sentence_transformer_model"": ""intfloat/multilingual-e5-small"", ""tfidf_lemmatize"": true, ""tfidf_max_df"": 0.9, ""tfidf_max_features"": 300, ""tfidf_min_df"": 3, ""tfidf_ngram_range"": [1, 2], ""tfidf_normalize_numbers"": true}",2026-09-08T13:49:53
E2_E5BASE,frozen,participant,01,no_augmentation,PHQ9,46,LightGBM,4.561527,True,,random50,"{""augmentation"": ""no_augmentation"", ""beto_model"": ""dccuchile/bert-base-spanish-wwm-cased"", ""chunk_stride"": 256, ""max_tokens"": 512, ""n_cv_splits"": 5, ""n_search_iter"": 50, ""seeds"": [42, 43, 44, 45, 46], ""sentence_transformer_model"": ""intfloat/multilingual-e5-small"", ""tfidf_lemmatize"": true, ""tfidf_max_df"": 0.9, ""tfidf_max_features"": 300, ""tfidf_min_df"": 3, ""tfidf_ngram_range"": [1, 2], ""tfidf_normalize_numbers"": true}",2026-09-08T13:49:53
E2_E5BASE,frozen,participant,01,no_augmentation,PHQ9,46,KNN,5.018041,False,,random50,"{""augmentation"": ""no_augmentation"", ""beto_model"": ""dccuchile/bert-base-spanish-wwm-cased"", ""chunk_stride"": 256, ""max_tokens"": 512, ""n_cv_splits"": 5, ""n_search_iter"": 50, ""seeds"": [42, 43, 44, 45, 46], ""sentence_transformer_model"": ""intfloat/multilingual-e5-small"", ""tfidf_lemmatize"": true, ""tfidf_max_df"": 0.9, ""tfidf_max_features"": 300, ""tfidf_min_df"": 3, ""tfidf_ngram_range"": [1, 2], ""tfidf_normalize_numbers"": true}",2026-09-08T13:49:53
E2_E5BASE,frozen,participant,01,no_augmentation,PHQ9,46,DecisionTree,5.563795,False,,random50,"{""augmentation"": ""no_augmentation"", ""beto_model"": ""dccuchile/bert-base-spanish-wwm-cased"", ""chunk_stride"": 256, ""max_tokens"": 512, ""n_cv_splits"": 5, ""n_search_iter"": 50, ""seeds"": [42, 43, 44, 45, 46], ""sentence_transformer_model"": ""intfloat/multilingual-e5-small"", ""tfidf_lemmatize"": true, ""tfidf_max_df"": 0.9, ""tfidf_max_features"": 300, ""tfidf_min_df"": 3, ""tfidf_ngram_range"": [1, 2], ""tfidf_normalize_numbers"": true}",2026-09-08T13:49:53
E2_E5BASE,frozen,participant,01,no_augmentation,PHQ9,46,AdaBoost,4.715097,False,,random50,"{""augmentation"": ""no_augmentation"", ""beto_model"": ""dccuchile/bert-base-spanish-wwm-cased"", ""chunk_stride"": 256, ""max_tokens"": 512, ""n_cv_splits"": 5, ""n_search_iter"": 50, ""seeds"": [42, 43, 44, 45, 46], ""sentence_transformer_model"": ""intfloat/multilingual-e5-small"", ""tfidf_lemmatize"": true, ""tfidf_max_df"": 0.9, ""tfidf_max_features"": 300, ""tfidf_min_df"": 3, ""tfidf_ngram_range"": [1, 2], ""tfidf_normalize_numbers"": true}",2026-09-08T13:49:53
E2_E5BASE,frozen,participant,01,no_augmentation,GAD7,46,Ridge,5.038681,False,,random50,"{""augmentation"": ""no_augmentation"", ""beto_model"": ""dccuchile/bert-base-spanish-wwm-cased"", ""chunk_stride"": 256, ""max_tokens"": 512, ""n_cv_splits"": 5, ""n_search_iter"": 50, ""seeds"": [42, 43, 44, 45, 46], ""sentence_transformer_model"": ""intfloat/multilingual-e5-small"", ""tfidf_lemmatize"": true, ""tfidf_max_df"": 0.9, ""tfidf_max_features"": 300, ""tfidf_min_df"": 3, ""tfidf_ngram_range"": [1, 2], ""tfidf_normalize_numbers"": true}",2026-09-08T13:51:45
E2_E5BASE,frozen,participant,01,no_augmentation,GAD7,46,SVR,4.41203,False,,random50,"{""augmentation"": ""no_augmentation"", ""beto_model"": ""dccuchile/bert-base-spanish-wwm-cased"", ""chunk_stride"": 256, ""max_tokens"": 512, ""n_cv_splits"": 5, ""n_search_iter"": 50, ""seeds"": [42, 43, 44, 45, 46], ""sentence_transformer_model"": ""intfloat/multilingual-e5-small"", ""tfidf_lemmatize"": true, ""tfidf_max_df"": 0.9, ""tfidf_max_features"": 300, ""tfidf_min_df"": 3, ""tfidf_ngram_range"": [1, 2], ""tfidf_normalize_numbers"": true}",2026-09-08T13:51:45
E2_E5BASE,frozen,participant,01,no_augmentation,GAD7,46,RandomForest,4.409262,False,,random50,"{""augmentation"": ""no_augmentation"", ""beto_model"": ""dccuchile/bert-base-spanish-wwm-cased"", ""chunk_stride"": 256, ""max_tokens"": 512, ""n_cv_splits"": 5, ""n_search_iter"": 50, ""seeds"": [42, 43, 44, 45, 46], ""sentence_transformer_model"": ""intfloat/multilingual-e5-small"", ""tfidf_lemmatize"": true, ""tfidf_max_df"": 0.9, ""tfidf_max_features"": 300, ""tfidf_min_df"": 3, ""tfidf_ngram_range"": [1, 2], ""tfidf_normalize_numbers"": true}",2026-09-08T13:51:45
E2_E5BASE,frozen,participant,01,no_augmentation,GAD7,46,ExtraTrees,4.355775,False,,random50,"{""augmentation"": ""no_augmentation"", ""beto_model"": ""dccuchile/bert-base-spanish-wwm-cased"", ""chunk_stride"": 256, ""max_tokens"": 512, ""n_cv_splits"": 5, ""n_search_iter"": 50, ""seeds"": [42, 43, 44, 45, 46], ""sentence_transformer_model"": ""intfloat/multilingual-e5-small"", ""tfidf_lemmatize"": true, ""tfidf_max_df"": 0.9, ""tfidf_max_features"": 300, ""tfidf_min_df"": 3, ""tfidf_ngram_range"": [1, 2], ""tfidf_normalize_numbers"": true}",2026-09-08T13:51:45
E2_E5BASE,frozen,participant,01,no_augmentation,GAD7,46,GradientBoosting,4.315803,True,,random50,"{""augmentation"": ""no_augmentation"", ""beto_model"": ""dccuchile/bert-base-spanish-wwm-cased"", ""chunk_stride"": 256, ""max_tokens"": 512, ""n_cv_splits"": 5, ""n_search_iter"": 50, ""seeds"": [42, 43, 44, 45, 46], ""sentence_transformer_model"": ""intfloat/multilingual-e5-small"", ""tfidf_lemmatize"": true, ""tfidf_max_df"": 0.9, ""tfidf_max_features"": 300, ""tfidf_min_df"": 3, ""tfidf_ngram_range"": [1, 2], ""tfidf_normalize_numbers"": true}",2026-09-08T13:51:45
E2_E5BASE,frozen,participant,01,no_augmentation,GAD7,46,LightGBM,4.329235,False,,random50,"{""augmentation"": ""no_augmentation"", ""beto_model"": ""dccuchile/bert-base-spanish-wwm-cased"", ""chunk_stride"": 256, ""max_tokens"": 512, ""n_cv_splits"": 5, ""n_search_iter"": 50, ""seeds"": [42, 43, 44, 45, 46], ""sentence_transformer_model"": ""intfloat/multilingual-e5-small"", ""tfidf_lemmatize"": true, ""tfidf_max_df"": 0.9, ""tfidf_max_features"": 300, ""tfidf_min_df"": 3, ""tfidf_ngram_range"": [1, 2], ""tfidf_normalize_numbers"": true}",2026-09-08T13:51:45
E2_E5BASE,frozen,participant,01,no_augmentation,GAD7,46,KNN,4.477393,False,,random50,"{""augmentation"": ""no_augmentation"", ""beto_model"": ""dccuchile/bert-base-spanish-wwm-cased"", ""chunk_stride"": 256, ""max_tokens"": 512, ""n_cv_splits"": 5, ""n_search_iter"": 50, ""seeds"": [42, 43, 44, 45, 46], ""sentence_transformer_model"": ""intfloat/multilingual-e5-small"", ""tfidf_lemmatize"": true, ""tfidf_max_df"": 0.9, ""tfidf_max_features"": 300, ""tfidf_min_df"": 3, ""tfidf_ngram_range"": [1, 2], ""tfidf_normalize_numbers"": true}",2026-09-08T13:51:45
E2_E5BASE,frozen,participant,01,no_augmentation,GAD7,46,DecisionTree,4.484543,False,,random50,"{""augmentation"": ""no_augmentation"", ""beto_model"": ""dccuchile/bert-base-spanish-wwm-cased"", ""chunk_stride"": 256, ""max_tokens"": 512, ""n_cv_splits"": 5, ""n_search_iter"": 50, ""seeds"": [42, 43, 44, 45, 46], ""sentence_transformer_model"": ""intfloat/multilingual-e5-small"", ""tfidf_lemmatize"": true, ""tfidf_max_df"": 0.9, ""tfidf_max_features"": 300, ""tfidf_min_df"": 3, ""tfidf_ngram_range"": [1, 2], ""tfidf_normalize_numbers"": true}",2026-09-08T13:51:45
E2_E5BASE,frozen,participant,01,no_augmentation,GAD7,46,AdaBoost,4.339045,False,,random50,"{""augmentation"": ""no_augmentation"", ""beto_model"": ""dccuchile/bert-base-spanish-wwm-cased"", ""chunk_stride"": 256, ""max_tokens"": 512, ""n_cv_splits"": 5, ""n_search_iter"": 50, ""seeds"": [42, 43, 44, 45, 46], ""sentence_transformer_model"": ""intfloat/multilingual-e5-small"", ""tfidf_lemmatize"": true, ""tfidf_max_df"": 0.9, ""tfidf_max_features"": 300, ""tfidf_min_df"": 3, ""tfidf_ngram_range"": [1, 2], ""tfidf_normalize_numbers"": true}",2026-09-08T13:51:45
E2_E5LARGE,frozen,participant,01,no_augmentation,PHQ9,42,Ridge,5.876946,False,,random50,"{""augmentation"": ""no_augmentation"", ""beto_model"": ""dccuchile/bert-base-spanish-wwm-cased"", ""chunk_stride"": 256, ""max_tokens"": 512, ""n_cv_splits"": 5, ""n_search_iter"": 50, ""seeds"": [42, 43, 44, 45, 46], ""sentence_transformer_model"": ""intfloat/multilingual-e5-small"", ""tfidf_lemmatize"": true, ""tfidf_max_df"": 0.9, ""tfidf_max_features"": 300, ""tfidf_min_df"": 3, ""tfidf_ngram_range"": [1, 2], ""tfidf_normalize_numbers"": true}",2026-09-08T13:54:26
E2_E5LARGE,frozen,participant,01,no_augmentation,PHQ9,42,SVR,4.976045,True,,random50,"{""augmentation"": ""no_augmentation"", ""beto_model"": ""dccuchile/bert-base-spanish-wwm-cased"", ""chunk_stride"": 256, ""max_tokens"": 512, ""n_cv_splits"": 5, ""n_search_iter"": 50, ""seeds"": [42, 43, 44, 45, 46], ""sentence_transformer_model"": ""intfloat/multilingual-e5-small"", ""tfidf_lemmatize"": true, ""tfidf_max_df"": 0.9, ""tfidf_max_features"": 300, ""tfidf_min_df"": 3, ""tfidf_ngram_range"": [1, 2], ""tfidf_normalize_numbers"": true}",2026-09-08T13:54:26
E2_E5LARGE,frozen,participant,01,no_augmentation,PHQ9,42,RandomForest,5.086252,False,,random50,"{""augmentation"": ""no_augmentation"", ""beto_model"": ""dccuchile/bert-base-spanish-wwm-cased"", ""chunk_stride"": 256, ""max_tokens"": 512, ""n_cv_splits"": 5, ""n_search_iter"": 50, ""seeds"": [42, 43, 44, 45, 46], ""sentence_transformer_model"": ""intfloat/multilingual-e5-small"", ""tfidf_lemmatize"": true, ""tfidf_max_df"": 0.9, ""tfidf_max_features"": 300, ""tfidf_min_df"": 3, ""tfidf_ngram_range"": [1, 2], ""tfidf_normalize_numbers"": true}",2026-09-08T13:54:26
E2_E5LARGE,frozen,participant,01,no_augmentation,PHQ9,42,ExtraTrees,5.030323,False,,random50,"{""augmentation"": ""no_augmentation"", ""beto_model"": ""dccuchile/bert-base-spanish-wwm-cased"", ""chunk_stride"": 256, ""max_tokens"": 512, ""n_cv_splits"": 5, ""n_search_iter"": 50, ""seeds"": [42, 43, 44, 45, 46], ""sentence_transformer_model"": ""intfloat/multilingual-e5-small"", ""tfidf_lemmatize"": true, ""tfidf_max_df"": 0.9, ""tfidf_max_features"": 300, ""tfidf_min_df"": 3, ""tfidf_ngram_range"": [1, 2], ""tfidf_normalize_numbers"": true}",2026-09-08T13:54:26
E2_E5LARGE,frozen,participant,01,no_augmentation,PHQ9,42,GradientBoosting,5.128605,False,,random50,"{""augmentation"": ""no_augmentation"", ""beto_model"": ""dccuchile/bert-base-spanish-wwm-cased"", ""chunk_stride"": 256, ""max_tokens"": 512, ""n_cv_splits"": 5, ""n_search_iter"": 50, ""seeds"": [42, 43, 44, 45, 46], ""sentence_transformer_model"": ""intfloat/multilingual-e5-small"", ""tfidf_lemmatize"": true, ""tfidf_max_df"": 0.9, ""tfidf_max_features"": 300, ""tfidf_min_df"": 3, ""tfidf_ngram_range"": [1, 2], ""tfidf_normalize_numbers"": true}",2026-09-08T13:54:26
E2_E5LARGE,frozen,participant,01,no_augmentation,PHQ9,42,LightGBM,5.406805,False,,random50,"{""augmentation"": ""no_augmentation"", ""beto_model"": ""dccuchile/bert-base-spanish-wwm-cased"", ""chunk_stride"": 256, ""max_tokens"": 512, ""n_cv_splits"": 5, ""n_search_iter"": 50, ""seeds"": [42, 43, 44, 45, 46], ""sentence_transformer_model"": ""intfloat/multilingual-e5-small"", ""tfidf_lemmatize"": true, ""tfidf_max_df"": 0.9, ""tfidf_max_features"": 300, ""tfidf_min_df"": 3, ""tfidf_ngram_range"": [1, 2], ""tfidf_normalize_numbers"": true}",2026-09-08T13:54:26
E2_E5LARGE,frozen,participant,01,no_augmentation,PHQ9,42,KNN,5.261349,False,,random50,"{""augmentation"": ""no_augmentation"", ""beto_model"": ""dccuchile/bert-base-spanish-wwm-cased"", ""chunk_stride"": 256, ""max_tokens"": 512, ""n_cv_splits"": 5, ""n_search_iter"": 50, ""seeds"": [42, 43, 44, 45, 46], ""sentence_transformer_model"": ""intfloat/multilingual-e5-small"", ""tfidf_lemmatize"": true, ""tfidf_max_df"": 0.9, ""tfidf_max_features"": 300, ""tfidf_min_df"": 3, ""tfidf_ngram_range"": [1, 2], ""tfidf_normalize_numbers"": true}",2026-09-08T13:54:26
E2_E5LARGE,frozen,participant,01,no_augmentation,PHQ9,42,DecisionTree,5.774742,False,,random50,"{""augmentation"": ""no_augmentation"", ""beto_model"": ""dccuchile/bert-base-spanish-wwm-cased"", ""chunk_stride"": 256, ""max_tokens"": 512, ""n_cv_splits"": 5, ""n_search_iter"": 50, ""seeds"": [42, 43, 44, 45, 46], ""sentence_transformer_model"": ""intfloat/multilingual-e5-small"", ""tfidf_lemmatize"": true, ""tfidf_max_df"": 0.9, ""tfidf_max_features"": 300, ""tfidf_min_df"": 3, ""tfidf_ngram_range"": [1, 2], ""tfidf_normalize_numbers"": true}",2026-09-08T13:54:26
E2_E5LARGE,frozen,participant,01,no_augmentation,PHQ9,42,AdaBoost,5.076153,False,,random50,"{""augmentation"": ""no_augmentation"", ""beto_model"": ""dccuchile/bert-base-spanish-wwm-cased"", ""chunk_stride"": 256, ""max_tokens"": 512, ""n_cv_splits"": 5, ""n_search_iter"": 50, ""seeds"": [42, 43, 44, 45, 46], ""sentence_transformer_model"": ""intfloat/multilingual-e5-small"", ""tfidf_lemmatize"": true, ""tfidf_max_df"": 0.9, ""tfidf_max_features"": 300, ""tfidf_min_df"": 3, ""tfidf_ngram_range"": [1, 2], ""tfidf_normalize_numbers"": true}",2026-09-08T13:54:26
E2_E5LARGE,frozen,participant,01,no_augmentation,GAD7,42,Ridge,4.795038,False,,random50,"{""augmentation"": ""no_augmentation"", ""beto_model"": ""dccuchile/bert-base-spanish-wwm-cased"", ""chunk_stride"": 256, ""max_tokens"": 512, ""n_cv_splits"": 5, ""n_search_iter"": 50, ""seeds"": [42, 43, 44, 45, 46], ""sentence_transformer_model"": ""intfloat/multilingual-e5-small"", ""tfidf_lemmatize"": true, ""tfidf_max_df"": 0.9, ""tfidf_max_features"": 300, ""tfidf_min_df"": 3, ""tfidf_ngram_range"": [1, 2], ""tfidf_normalize_numbers"": true}",2026-09-08T13:58:44
E2_E5LARGE,frozen,participant,01,no_augmentation,GAD7,42,SVR,4.241158,True,,random50,"{""augmentation"": ""no_augmentation"", ""beto_model"": ""dccuchile/bert-base-spanish-wwm-cased"", ""chunk_stride"": 256, ""max_tokens"": 512, ""n_cv_splits"": 5, ""n_search_iter"": 50, ""seeds"": [42, 43, 44, 45, 46], ""sentence_transformer_model"": ""intfloat/multilingual-e5-small"", ""tfidf_lemmatize"": true, ""tfidf_max_df"": 0.9, ""tfidf_max_features"": 300, ""tfidf_min_df"": 3, ""tfidf_ngram_range"": [1, 2], ""tfidf_normalize_numbers"": true}",2026-09-08T13:58:44
E2_E5LARGE,frozen,participant,01,no_augmentation,GAD7,42,RandomForest,4.284608,False,,random50,"{""augmentation"": ""no_augmentation"", ""beto_model"": ""dccuchile/bert-base-spanish-wwm-cased"", ""chunk_stride"": 256, ""max_tokens"": 512, ""n_cv_splits"": 5, ""n_search_iter"": 50, ""seeds"": [42, 43, 44, 45, 46], ""sentence_transformer_model"": ""intfloat/multilingual-e5-small"", ""tfidf_lemmatize"": true, ""tfidf_max_df"": 0.9, ""tfidf_max_features"": 300, ""tfidf_min_df"": 3, ""tfidf_ngram_range"": [1, 2], ""tfidf_normalize_numbers"": true}",2026-09-08T13:58:44
E2_E5LARGE,frozen,participant,01,no_augmentation,GAD7,42,ExtraTrees,4.281594,False,,random50,"{""augmentation"": ""no_augmentation"", ""beto_model"": ""dccuchile/bert-base-spanish-wwm-cased"", ""chunk_stride"": 256, ""max_tokens"": 512, ""n_cv_splits"": 5, ""n_search_iter"": 50, ""seeds"": [42, 43, 44, 45, 46], ""sentence_transformer_model"": ""intfloat/multilingual-e5-small"", ""tfidf_lemmatize"": true, ""tfidf_max_df"": 0.9, ""tfidf_max_features"": 300, ""tfidf_min_df"": 3, ""tfidf_ngram_range"": [1, 2], ""tfidf_normalize_numbers"": true}",2026-09-08T13:58:44
E2_E5LARGE,frozen,participant,01,no_augmentation,GAD7,42,GradientBoosting,4.388741,False,,random50,"{""augmentation"": ""no_augmentation"", ""beto_model"": ""dccuchile/bert-base-spanish-wwm-cased"", ""chunk_stride"": 256, ""max_tokens"": 512, ""n_cv_splits"": 5, ""n_search_iter"": 50, ""seeds"": [42, 43, 44, 45, 46], ""sentence_transformer_model"": ""intfloat/multilingual-e5-small"", ""tfidf_lemmatize"": true, ""tfidf_max_df"": 0.9, ""tfidf_max_features"": 300, ""tfidf_min_df"": 3, ""tfidf_ngram_range"": [1, 2], ""tfidf_normalize_numbers"": true}",2026-09-08T13:58:44
E2_E5LARGE,frozen,participant,01,no_augmentation,GAD7,42,LightGBM,4.41393,False,,random50,"{""augmentation"": ""no_augmentation"", ""beto_model"": ""dccuchile/bert-base-spanish-wwm-cased"", ""chunk_stride"": 256, ""max_tokens"": 512, ""n_cv_splits"": 5, ""n_search_iter"": 50, ""seeds"": [42, 43, 44, 45, 46], ""sentence_transformer_model"": ""intfloat/multilingual-e5-small"", ""tfidf_lemmatize"": true, ""tfidf_max_df"": 0.9, ""tfidf_max_features"": 300, ""tfidf_min_df"": 3, ""tfidf_ngram_range"": [1, 2], ""tfidf_normalize_numbers"": true}",2026-09-08T13:58:44
E2_E5LARGE,frozen,participant,01,no_augmentation,GAD7,42,KNN,4.428802,False,,random50,"{""augmentation"": ""no_augmentation"", ""beto_model"": ""dccuchile/bert-base-spanish-wwm-cased"", ""chunk_stride"": 256, ""max_tokens"": 512, ""n_cv_splits"": 5, ""n_search_iter"": 50, ""seeds"": [42, 43, 44, 45, 46], ""sentence_transformer_model"": ""intfloat/multilingual-e5-small"", ""tfidf_lemmatize"": true, ""tfidf_max_df"": 0.9, ""tfidf_max_features"": 300, ""tfidf_min_df"": 3, ""tfidf_ngram_range"": [1, 2], ""tfidf_normalize_numbers"": true}",2026-09-08T13:58:44
E2_E5LARGE,frozen,participant,01,no_augmentation,GAD7,42,DecisionTree,5.105131,False,,random50,"{""augmentation"": ""no_augmentation"", ""beto_model"": ""dccuchile/bert-base-spanish-wwm-cased"", ""chunk_stride"": 256, ""max_tokens"": 512, ""n_cv_splits"": 5, ""n_search_iter"": 50, ""seeds"": [42, 43, 44, 45, 46], ""sentence_transformer_model"": ""intfloat/multilingual-e5-small"", ""tfidf_lemmatize"": true, ""tfidf_max_df"": 0.9, ""tfidf_max_features"": 300, ""tfidf_min_df"": 3, ""tfidf_ngram_range"": [1, 2], ""tfidf_normalize_numbers"": true}",2026-09-08T13:58:44
E2_E5LARGE,frozen,participant,01,no_augmentation,GAD7,42,AdaBoost,4.24644,False,,random50,"{""augmentation"": ""no_augmentation"", ""beto_model"": ""dccuchile/bert-base-spanish-wwm-cased"", ""chunk_stride"": 256, ""max_tokens"": 512, ""n_cv_splits"": 5, ""n_search_iter"": 50, ""seeds"": [42, 43, 44, 45, 46], ""sentence_transformer_model"": ""intfloat/multilingual-e5-small"", ""tfidf_lemmatize"": true, ""tfidf_max_df"": 0.9, ""tfidf_max_features"": 300, ""tfidf_min_df"": 3, ""tfidf_ngram_range"": [1, 2], ""tfidf_normalize_numbers"": true}",2026-09-08T13:58:44
E2_E5LARGE,frozen,participant,01,no_augmentation,PHQ9,43,Ridge,5.315873,False,,random50,"{""augmentation"": ""no_augmentation"", ""beto_model"": ""dccuchile/bert-base-spanish-wwm-cased"", ""chunk_stride"": 256, ""max_tokens"": 512, ""n_cv_splits"": 5, ""n_search_iter"": 50, ""seeds"": [42, 43, 44, 45, 46], ""sentence_transformer_model"": ""intfloat/multilingual-e5-small"", ""tfidf_lemmatize"": true, ""tfidf_max_df"": 0.9, ""tfidf_max_features"": 300, ""tfidf_min_df"": 3, ""tfidf_ngram_range"": [1, 2], ""tfidf_normalize_numbers"": true}",2026-09-08T14:07:28
E2_E5LARGE,frozen,participant,01,no_augmentation,PHQ9,43,SVR,4.752636,True,,random50,"{""augmentation"": ""no_augmentation"", ""beto_model"": ""dccuchile/bert-base-spanish-wwm-cased"", ""chunk_stride"": 256, ""max_tokens"": 512, ""n_cv_splits"": 5, ""n_search_iter"": 50, ""seeds"": [42, 43, 44, 45, 46], ""sentence_transformer_model"": ""intfloat/multilingual-e5-small"", ""tfidf_lemmatize"": true, ""tfidf_max_df"": 0.9, ""tfidf_max_features"": 300, ""tfidf_min_df"": 3, ""tfidf_ngram_range"": [1, 2], ""tfidf_normalize_numbers"": true}",2026-09-08T14:07:28
E2_E5LARGE,frozen,participant,01,no_augmentation,PHQ9,43,RandomForest,5.073882,False,,random50,"{""augmentation"": ""no_augmentation"", ""beto_model"": ""dccuchile/bert-base-spanish-wwm-cased"", ""chunk_stride"": 256, ""max_tokens"": 512, ""n_cv_splits"": 5, ""n_search_iter"": 50, ""seeds"": [42, 43, 44, 45, 46], ""sentence_transformer_model"": ""intfloat/multilingual-e5-small"", ""tfidf_lemmatize"": true, ""tfidf_max_df"": 0.9, ""tfidf_max_features"": 300, ""tfidf_min_df"": 3, ""tfidf_ngram_range"": [1, 2], ""tfidf_normalize_numbers"": true}",2026-09-08T14:07:28
E2_E5LARGE,frozen,participant,01,no_augmentation,PHQ9,43,ExtraTrees,4.973159,False,,random50,"{""augmentation"": ""no_augmentation"", ""beto_model"": ""dccuchile/bert-base-spanish-wwm-cased"", ""chunk_stride"": 256, ""max_tokens"": 512, ""n_cv_splits"": 5, ""n_search_iter"": 50, ""seeds"": [42, 43, 44, 45, 46], ""sentence_transformer_model"": ""intfloat/multilingual-e5-small"", ""tfidf_lemmatize"": true, ""tfidf_max_df"": 0.9, ""tfidf_max_features"": 300, ""tfidf_min_df"": 3, ""tfidf_ngram_range"": [1, 2], ""tfidf_normalize_numbers"": true}",2026-09-08T14:07:28
E2_E5LARGE,frozen,participant,01,no_augmentation,PHQ9,43,GradientBoosting,4.798728,False,,random50,"{""augmentation"": ""no_augmentation"", ""beto_model"": ""dccuchile/bert-base-spanish-wwm-cased"", ""chunk_stride"": 256, ""max_tokens"": 512, ""n_cv_splits"": 5, ""n_search_iter"": 50, ""seeds"": [42, 43, 44, 45, 46], ""sentence_transformer_model"": ""intfloat/multilingual-e5-small"", ""tfidf_lemmatize"": true, ""tfidf_max_df"": 0.9, ""tfidf_max_features"": 300, ""tfidf_min_df"": 3, ""tfidf_ngram_range"": [1, 2], ""tfidf_normalize_numbers"": true}",2026-09-08T14:07:28
E2_E5LARGE,frozen,participant,01,no_augmentation,PHQ9,43,LightGBM,5.18145,False,,random50,"{""augmentation"": ""no_augmentation"", ""beto_model"": ""dccuchile/bert-base-spanish-wwm-cased"", ""chunk_stride"": 256, ""max_tokens"": 512, ""n_cv_splits"": 5, ""n_search_iter"": 50, ""seeds"": [42, 43, 44, 45, 46], ""sentence_transformer_model"": ""intfloat/multilingual-e5-small"", ""tfidf_lemmatize"": true, ""tfidf_max_df"": 0.9, ""tfidf_max_features"": 300, ""tfidf_min_df"": 3, ""tfidf_ngram_range"": [1, 2], ""tfidf_normalize_numbers"": true}",2026-09-08T14:07:28
E2_E5LARGE,frozen,participant,01,no_augmentation,PHQ9,43,KNN,5.112755,False,,random50,"{""augmentation"": ""no_augmentation"", ""beto_model"": ""dccuchile/bert-base-spanish-wwm-cased"", ""chunk_stride"": 256, ""max_tokens"": 512, ""n_cv_splits"": 5, ""n_search_iter"": 50, ""seeds"": [42, 43, 44, 45, 46], ""sentence_transformer_model"": ""intfloat/multilingual-e5-small"", ""tfidf_lemmatize"": true, ""tfidf_max_df"": 0.9, ""tfidf_max_features"": 300, ""tfidf_min_df"": 3, ""tfidf_ngram_range"": [1, 2], ""tfidf_normalize_numbers"": true}",2026-09-08T14:07:28
E2_E5LARGE,frozen,participant,01,no_augmentation,PHQ9,43,DecisionTree,5.363129,False,,random50,"{""augmentation"": ""no_augmentation"", ""beto_model"": ""dccuchile/bert-base-spanish-wwm-cased"", ""chunk_stride"": 256, ""max_tokens"": 512, ""n_cv_splits"": 5, ""n_search_iter"": 50, ""seeds"": [42, 43, 44, 45, 46], ""sentence_transformer_model"": ""intfloat/multilingual-e5-small"", ""tfidf_lemmatize"": true, ""tfidf_max_df"": 0.9, ""tfidf_max_features"": 300, ""tfidf_min_df"": 3, ""tfidf_ngram_range"": [1, 2], ""tfidf_normalize_numbers"": true}",2026-09-08T14:07:28
E2_E5LARGE,frozen,participant,01,no_augmentation,PHQ9,43,AdaBoost,4.9308,False,,random50,"{""augmentation"": ""no_augmentation"", ""beto_model"": ""dccuchile/bert-base-spanish-wwm-cased"", ""chunk_stride"": 256, ""max_tokens"": 512, ""n_cv_splits"": 5, ""n_search_iter"": 50, ""seeds"": [42, 43, 44, 45, 46], ""sentence_transformer_model"": ""intfloat/multilingual-e5-small"", ""tfidf_lemmatize"": true, ""tfidf_max_df"": 0.9, ""tfidf_max_features"": 300, ""tfidf_min_df"": 3, ""tfidf_ngram_range"": [1, 2], ""tfidf_normalize_numbers"": true}",2026-09-08T14:07:28
E2_E5LARGE,frozen,participant,01,no_augmentation,GAD7,43,Ridge,4.660126,False,,random50,"{""augmentation"": ""no_augmentation"", ""beto_model"": ""dccuchile/bert-base-spanish-wwm-cased"", ""chunk_stride"": 256, ""max_tokens"": 512, ""n_cv_splits"": 5, ""n_search_iter"": 50, ""seeds"": [42, 43, 44, 45, 46], ""sentence_transformer_model"": ""intfloat/multilingual-e5-small"", ""tfidf_lemmatize"": true, ""tfidf_max_df"": 0.9, ""tfidf_max_features"": 300, ""tfidf_min_df"": 3, ""tfidf_ngram_range"": [1, 2], ""tfidf_normalize_numbers"": true}",2026-09-08T14:10:10
E2_E5LARGE,frozen,participant,01,no_augmentation,GAD7,43,SVR,4.202491,True,,random50,"{""augmentation"": ""no_augmentation"", ""beto_model"": ""dccuchile/bert-base-spanish-wwm-cased"", ""chunk_stride"": 256, ""max_tokens"": 512, ""n_cv_splits"": 5, ""n_search_iter"": 50, ""seeds"": [42, 43, 44, 45, 46], ""sentence_transformer_model"": ""intfloat/multilingual-e5-small"", ""tfidf_lemmatize"": true, ""tfidf_max_df"": 0.9, ""tfidf_max_features"": 300, ""tfidf_min_df"": 3, ""tfidf_ngram_range"": [1, 2], ""tfidf_normalize_numbers"": true}",2026-09-08T14:10:10
E2_E5LARGE,frozen,participant,01,no_augmentation,GAD7,43,RandomForest,4.312607,False,,random50,"{""augmentation"": ""no_augmentation"", ""beto_model"": ""dccuchile/bert-base-spanish-wwm-cased"", ""chunk_stride"": 256, ""max_tokens"": 512, ""n_cv_splits"": 5, ""n_search_iter"": 50, ""seeds"": [42, 43, 44, 45, 46], ""sentence_transformer_model"": ""intfloat/multilingual-e5-small"", ""tfidf_lemmatize"": true, ""tfidf_max_df"": 0.9, ""tfidf_max_features"": 300, ""tfidf_min_df"": 3, ""tfidf_ngram_range"": [1, 2], ""tfidf_normalize_numbers"": true}",2026-09-08T14:10:10
E2_E5LARGE,frozen,participant,01,no_augmentation,GAD7,43,ExtraTrees,4.25285,False,,random50,"{""augmentation"": ""no_augmentation"", ""beto_model"": ""dccuchile/bert-base-spanish-wwm-cased"", ""chunk_stride"": 256, ""max_tokens"": 512, ""n_cv_splits"": 5, ""n_search_iter"": 50, ""seeds"": [42, 43, 44, 45, 46], ""sentence_transformer_model"": ""intfloat/multilingual-e5-small"", ""tfidf_lemmatize"": true, ""tfidf_max_df"": 0.9, ""tfidf_max_features"": 300, ""tfidf_min_df"": 3, ""tfidf_ngram_range"": [1, 2], ""tfidf_normalize_numbers"": true}",2026-09-08T14:10:10
E2_E5LARGE,frozen,participant,01,no_augmentation,GAD7,43,GradientBoosting,4.447159,False,,random50,"{""augmentation"": ""no_augmentation"", ""beto_model"": ""dccuchile/bert-base-spanish-wwm-cased"", ""chunk_stride"": 256, ""max_tokens"": 512, ""n_cv_splits"": 5, ""n_search_iter"": 50, ""seeds"": [42, 43, 44, 45, 46], ""sentence_transformer_model"": ""intfloat/multilingual-e5-small"", ""tfidf_lemmatize"": true, ""tfidf_max_df"": 0.9, ""tfidf_max_features"": 300, ""tfidf_min_df"": 3, ""tfidf_ngram_range"": [1, 2], ""tfidf_normalize_numbers"": true}",2026-09-08T14:10:10
E2_E5LARGE,frozen,participant,01,no_augmentation,GAD7,43,LightGBM,4.562237,False,,random50,"{""augmentation"": ""no_augmentation"", ""beto_model"": ""dccuchile/bert-base-spanish-wwm-cased"", ""chunk_stride"": 256, ""max_tokens"": 512, ""n_cv_splits"": 5, ""n_search_iter"": 50, ""seeds"": [42, 43, 44, 45, 46], ""sentence_transformer_model"": ""intfloat/multilingual-e5-small"", ""tfidf_lemmatize"": true, ""tfidf_max_df"": 0.9, ""tfidf_max_features"": 300, ""tfidf_min_df"": 3, ""tfidf_ngram_range"": [1, 2], ""tfidf_normalize_numbers"": true}",2026-09-08T14:10:10
E2_E5LARGE,frozen,participant,01,no_augmentation,GAD7,43,KNN,4.38904,False,,random50,"{""augmentation"": ""no_augmentation"", ""beto_model"": ""dccuchile/bert-base-spanish-wwm-cased"", ""chunk_stride"": 256, ""max_tokens"": 512, ""n_cv_splits"": 5, ""n_search_iter"": 50, ""seeds"": [42, 43, 44, 45, 46], ""sentence_transformer_model"": ""intfloat/multilingual-e5-small"", ""tfidf_lemmatize"": true, ""tfidf_max_df"": 0.9, ""tfidf_max_features"": 300, ""tfidf_min_df"": 3, ""tfidf_ngram_range"": [1, 2], ""tfidf_normalize_numbers"": true}",2026-09-08T14:10:10
E2_E5LARGE,frozen,participant,01,no_augmentation,GAD7,43,DecisionTree,4.451256,False,,random50,"{""augmentation"": ""no_augmentation"", ""beto_model"": ""dccuchile/bert-base-spanish-wwm-cased"", ""chunk_stride"": 256, ""max_tokens"": 512, ""n_cv_splits"": 5, ""n_search_iter"": 50, ""seeds"": [42, 43, 44, 45, 46], ""sentence_transformer_model"": ""intfloat/multilingual-e5-small"", ""tfidf_lemmatize"": true, ""tfidf_max_df"": 0.9, ""tfidf_max_features"": 300, ""tfidf_min_df"": 3, ""tfidf_ngram_range"": [1, 2], ""tfidf_normalize_numbers"": true}",2026-09-08T14:10:10
E2_E5LARGE,frozen,participant,01,no_augmentation,GAD7,43,AdaBoost,4.305255,False,,random50,"{""augmentation"": ""no_augmentation"", ""beto_model"": ""dccuchile/bert-base-spanish-wwm-cased"", ""chunk_stride"": 256, ""max_tokens"": 512, ""n_cv_splits"": 5, ""n_search_iter"": 50, ""seeds"": [42, 43, 44, 45, 46], ""sentence_transformer_model"": ""intfloat/multilingual-e5-small"", ""tfidf_lemmatize"": true, ""tfidf_max_df"": 0.9, ""tfidf_max_features"": 300, ""tfidf_min_df"": 3, ""tfidf_ngram_range"": [1, 2], ""tfidf_normalize_numbers"": true}",2026-09-08T14:10:10
E2_E5LARGE,frozen,participant,01,no_augmentation,PHQ9,44,Ridge,5.328683,False,,random50,"{""augmentation"": ""no_augmentation"", ""beto_model"": ""dccuchile/bert-base-spanish-wwm-cased"", ""chunk_stride"": 256, ""max_tokens"": 512, ""n_cv_splits"": 5, ""n_search_iter"": 50, ""seeds"": [42, 43, 44, 45, 46], ""sentence_transformer_model"": ""intfloat/multilingual-e5-small"", ""tfidf_lemmatize"": true, ""tfidf_max_df"": 0.9, ""tfidf_max_features"": 300, ""tfidf_min_df"": 3, ""tfidf_ngram_range"": [1, 2], ""tfidf_normalize_numbers"": true}",2026-09-08T14:12:42
E2_E5LARGE,frozen,participant,01,no_augmentation,PHQ9,44,SVR,4.710751,True,,random50,"{""augmentation"": ""no_augmentation"", ""beto_model"": ""dccuchile/bert-base-spanish-wwm-cased"", ""chunk_stride"": 256, ""max_tokens"": 512, ""n_cv_splits"": 5, ""n_search_iter"": 50, ""seeds"": [42, 43, 44, 45, 46], ""sentence_transformer_model"": ""intfloat/multilingual-e5-small"", ""tfidf_lemmatize"": true, ""tfidf_max_df"": 0.9, ""tfidf_max_features"": 300, ""tfidf_min_df"": 3, ""tfidf_ngram_range"": [1, 2], ""tfidf_normalize_numbers"": true}",2026-09-08T14:12:42
E2_E5LARGE,frozen,participant,01,no_augmentation,PHQ9,44,RandomForest,4.906409,False,,random50,"{""augmentation"": ""no_augmentation"", ""beto_model"": ""dccuchile/bert-base-spanish-wwm-cased"", ""chunk_stride"": 256, ""max_tokens"": 512, ""n_cv_splits"": 5, ""n_search_iter"": 50, ""seeds"": [42, 43, 44, 45, 46], ""sentence_transformer_model"": ""intfloat/multilingual-e5-small"", ""tfidf_lemmatize"": true, ""tfidf_max_df"": 0.9, ""tfidf_max_features"": 300, ""tfidf_min_df"": 3, ""tfidf_ngram_range"": [1, 2], ""tfidf_normalize_numbers"": true}",2026-09-08T14:12:42
E2_E5LARGE,frozen,participant,01,no_augmentation,PHQ9,44,ExtraTrees,4.879545,False,,random50,"{""augmentation"": ""no_augmentation"", ""beto_model"": ""dccuchile/bert-base-spanish-wwm-cased"", ""chunk_stride"": 256, ""max_tokens"": 512, ""n_cv_splits"": 5, ""n_search_iter"": 50, ""seeds"": [42, 43, 44, 45, 46], ""sentence_transformer_model"": ""intfloat/multilingual-e5-small"", ""tfidf_lemmatize"": true, ""tfidf_max_df"": 0.9, ""tfidf_max_features"": 300, ""tfidf_min_df"": 3, ""tfidf_ngram_range"": [1, 2], ""tfidf_normalize_numbers"": true}",2026-09-08T14:12:42
E2_E5LARGE,frozen,participant,01,no_augmentation,PHQ9,44,GradientBoosting,4.784759,False,,random50,"{""augmentation"": ""no_augmentation"", ""beto_model"": ""dccuchile/bert-base-spanish-wwm-cased"", ""chunk_stride"": 256, ""max_tokens"": 512, ""n_cv_splits"": 5, ""n_search_iter"": 50, ""seeds"": [42, 43, 44, 45, 46], ""sentence_transformer_model"": ""intfloat/multilingual-e5-small"", ""tfidf_lemmatize"": true, ""tfidf_max_df"": 0.9, ""tfidf_max_features"": 300, ""tfidf_min_df"": 3, ""tfidf_ngram_range"": [1, 2], ""tfidf_normalize_numbers"": true}",2026-09-08T14:12:42
E2_E5LARGE,frozen,participant,01,no_augmentation,PHQ9,44,LightGBM,4.884524,False,,random50,"{""augmentation"": ""no_augmentation"", ""beto_model"": ""dccuchile/bert-base-spanish-wwm-cased"", ""chunk_stride"": 256, ""max_tokens"": 512, ""n_cv_splits"": 5, ""n_search_iter"": 50, ""seeds"": [42, 43, 44, 45, 46], ""sentence_transformer_model"": ""intfloat/multilingual-e5-small"", ""tfidf_lemmatize"": true, ""tfidf_max_df"": 0.9, ""tfidf_max_features"": 300, ""tfidf_min_df"": 3, ""tfidf_ngram_range"": [1, 2], ""tfidf_normalize_numbers"": true}",2026-09-08T14:12:42
E2_E5LARGE,frozen,participant,01,no_augmentation,PHQ9,44,KNN,4.986168,False,,random50,"{""augmentation"": ""no_augmentation"", ""beto_model"": ""dccuchile/bert-base-spanish-wwm-cased"", ""chunk_stride"": 256, ""max_tokens"": 512, ""n_cv_splits"": 5, ""n_search_iter"": 50, ""seeds"": [42, 43, 44, 45, 46], ""sentence_transformer_model"": ""intfloat/multilingual-e5-small"", ""tfidf_lemmatize"": true, ""tfidf_max_df"": 0.9, ""tfidf_max_features"": 300, ""tfidf_min_df"": 3, ""tfidf_ngram_range"": [1, 2], ""tfidf_normalize_numbers"": true}",2026-09-08T14:12:42
E2_E5LARGE,frozen,participant,01,no_augmentation,PHQ9,44,DecisionTree,6.123491,False,,random50,"{""augmentation"": ""no_augmentation"", ""beto_model"": ""dccuchile/bert-base-spanish-wwm-cased"", ""chunk_stride"": 256, ""max_tokens"": 512, ""n_cv_splits"": 5, ""n_search_iter"": 50, ""seeds"": [42, 43, 44, 45, 46], ""sentence_transformer_model"": ""intfloat/multilingual-e5-small"", ""tfidf_lemmatize"": true, ""tfidf_max_df"": 0.9, ""tfidf_max_features"": 300, ""tfidf_min_df"": 3, ""tfidf_ngram_range"": [1, 2], ""tfidf_normalize_numbers"": true}",2026-09-08T14:12:42
E2_E5LARGE,frozen,participant,01,no_augmentation,PHQ9,44,AdaBoost,4.714041,False,,random50,"{""augmentation"": ""no_augmentation"", ""beto_model"": ""dccuchile/bert-base-spanish-wwm-cased"", ""chunk_stride"": 256, ""max_tokens"": 512, ""n_cv_splits"": 5, ""n_search_iter"": 50, ""seeds"": [42, 43, 44, 45, 46], ""sentence_transformer_model"": ""intfloat/multilingual-e5-small"", ""tfidf_lemmatize"": true, ""tfidf_max_df"": 0.9, ""tfidf_max_features"": 300, ""tfidf_min_df"": 3, ""tfidf_ngram_range"": [1, 2], ""tfidf_normalize_numbers"": true}",2026-09-08T14:12:42
E2_E5LARGE,frozen,participant,01,no_augmentation,GAD7,44,Ridge,4.486435,False,,random50,"{""augmentation"": ""no_augmentation"", ""beto_model"": ""dccuchile/bert-base-spanish-wwm-cased"", ""chunk_stride"": 256, ""max_tokens"": 512, ""n_cv_splits"": 5, ""n_search_iter"": 50, ""seeds"": [42, 43, 44, 45, 46], ""sentence_transformer_model"": ""intfloat/multilingual-e5-small"", ""tfidf_lemmatize"": true, ""tfidf_max_df"": 0.9, ""tfidf_max_features"": 300, ""tfidf_min_df"": 3, ""tfidf_ngram_range"": [1, 2], ""tfidf_normalize_numbers"": true}",2026-09-08T14:15:15
E2_E5LARGE,frozen,participant,01,no_augmentation,GAD7,44,SVR,4.121504,False,,random50,"{""augmentation"": ""no_augmentation"", ""beto_model"": ""dccuchile/bert-base-spanish-wwm-cased"", ""chunk_stride"": 256, ""max_tokens"": 512, ""n_cv_splits"": 5, ""n_search_iter"": 50, ""seeds"": [42, 43, 44, 45, 46], ""sentence_transformer_model"": ""intfloat/multilingual-e5-small"", ""tfidf_lemmatize"": true, ""tfidf_max_df"": 0.9, ""tfidf_max_features"": 300, ""tfidf_min_df"": 3, ""tfidf_ngram_range"": [1, 2], ""tfidf_normalize_numbers"": true}",2026-09-08T14:15:15
E2_E5LARGE,frozen,participant,01,no_augmentation,GAD7,44,RandomForest,4.149784,False,,random50,"{""augmentation"": ""no_augmentation"", ""beto_model"": ""dccuchile/bert-base-spanish-wwm-cased"", ""chunk_stride"": 256, ""max_tokens"": 512, ""n_cv_splits"": 5, ""n_search_iter"": 50, ""seeds"": [42, 43, 44, 45, 46], ""sentence_transformer_model"": ""intfloat/multilingual-e5-small"", ""tfidf_lemmatize"": true, ""tfidf_max_df"": 0.9, ""tfidf_max_features"": 300, ""tfidf_min_df"": 3, ""tfidf_ngram_range"": [1, 2], ""tfidf_normalize_numbers"": true}",2026-09-08T14:15:15
E2_E5LARGE,frozen,participant,01,no_augmentation,GAD7,44,ExtraTrees,4.179449,False,,random50,"{""augmentation"": ""no_augmentation"", ""beto_model"": ""dccuchile/bert-base-spanish-wwm-cased"", ""chunk_stride"": 256, ""max_tokens"": 512, ""n_cv_splits"": 5, ""n_search_iter"": 50, ""seeds"": [42, 43, 44, 45, 46], ""sentence_transformer_model"": ""intfloat/multilingual-e5-small"", ""tfidf_lemmatize"": true, ""tfidf_max_df"": 0.9, ""tfidf_max_features"": 300, ""tfidf_min_df"": 3, ""tfidf_ngram_range"": [1, 2], ""tfidf_normalize_numbers"": true}",2026-09-08T14:15:15
E2_E5LARGE,frozen,participant,01,no_augmentation,GAD7,44,GradientBoosting,4.106692,False,,random50,"{""augmentation"": ""no_augmentation"", ""beto_model"": ""dccuchile/bert-base-spanish-wwm-cased"", ""chunk_stride"": 256, ""max_tokens"": 512, ""n_cv_splits"": 5, ""n_search_iter"": 50, ""seeds"": [42, 43, 44, 45, 46], ""sentence_transformer_model"": ""intfloat/multilingual-e5-small"", ""tfidf_lemmatize"": true, ""tfidf_max_df"": 0.9, ""tfidf_max_features"": 300, ""tfidf_min_df"": 3, ""tfidf_ngram_range"": [1, 2], ""tfidf_normalize_numbers"": true}",2026-09-08T14:15:15
E2_E5LARGE,frozen,participant,01,no_augmentation,GAD7,44,LightGBM,4.353592,False,,random50,"{""augmentation"": ""no_augmentation"", ""beto_model"": ""dccuchile/bert-base-spanish-wwm-cased"", ""chunk_stride"": 256, ""max_tokens"": 512, ""n_cv_splits"": 5, ""n_search_iter"": 50, ""seeds"": [42, 43, 44, 45, 46], ""sentence_transformer_model"": ""intfloat/multilingual-e5-small"", ""tfidf_lemmatize"": true, ""tfidf_max_df"": 0.9, ""tfidf_max_features"": 300, ""tfidf_min_df"": 3, ""tfidf_ngram_range"": [1, 2], ""tfidf_normalize_numbers"": true}",2026-09-08T14:15:15
E2_E5LARGE,frozen,participant,01,no_augmentation,GAD7,44,KNN,4.401126,False,,random50,"{""augmentation"": ""no_augmentation"", ""beto_model"": ""dccuchile/bert-base-spanish-wwm-cased"", ""chunk_stride"": 256, ""max_tokens"": 512, ""n_cv_splits"": 5, ""n_search_iter"": 50, ""seeds"": [42, 43, 44, 45, 46], ""sentence_transformer_model"": ""intfloat/multilingual-e5-small"", ""tfidf_lemmatize"": true, ""tfidf_max_df"": 0.9, ""tfidf_max_features"": 300, ""tfidf_min_df"": 3, ""tfidf_ngram_range"": [1, 2], ""tfidf_normalize_numbers"": true}",2026-09-08T14:15:15
E2_E5LARGE,frozen,participant,01,no_augmentation,GAD7,44,DecisionTree,5.371518,False,,random50,"{""augmentation"": ""no_augmentation"", ""beto_model"": ""dccuchile/bert-base-spanish-wwm-cased"", ""chunk_stride"": 256, ""max_tokens"": 512, ""n_cv_splits"": 5, ""n_search_iter"": 50, ""seeds"": [42, 43, 44, 45, 46], ""sentence_transformer_model"": ""intfloat/multilingual-e5-small"", ""tfidf_lemmatize"": true, ""tfidf_max_df"": 0.9, ""tfidf_max_features"": 300, ""tfidf_min_df"": 3, ""tfidf_ngram_range"": [1, 2], ""tfidf_normalize_numbers"": true}",2026-09-08T14:15:15
E2_E5LARGE,frozen,participant,01,no_augmentation,GAD7,44,AdaBoost,4.047992,True,,random50,"{""augmentation"": ""no_augmentation"", ""beto_model"": ""dccuchile/bert-base-spanish-wwm-cased"", ""chunk_stride"": 256, ""max_tokens"": 512, ""n_cv_splits"": 5, ""n_search_iter"": 50, ""seeds"": [42, 43, 44, 45, 46], ""sentence_transformer_model"": ""intfloat/multilingual-e5-small"", ""tfidf_lemmatize"": true, ""tfidf_max_df"": 0.9, ""tfidf_max_features"": 300, ""tfidf_min_df"": 3, ""tfidf_ngram_range"": [1, 2], ""tfidf_normalize_numbers"": true}",2026-09-08T14:15:15
E2_E5LARGE,frozen,participant,01,no_augmentation,PHQ9,45,Ridge,5.502203,False,,random50,"{""augmentation"": ""no_augmentation"", ""beto_model"": ""dccuchile/bert-base-spanish-wwm-cased"", ""chunk_stride"": 256, ""max_tokens"": 512, ""n_cv_splits"": 5, ""n_search_iter"": 50, ""seeds"": [42, 43, 44, 45, 46], ""sentence_transformer_model"": ""intfloat/multilingual-e5-small"", ""tfidf_lemmatize"": true, ""tfidf_max_df"": 0.9, ""tfidf_max_features"": 300, ""tfidf_min_df"": 3, ""tfidf_ngram_range"": [1, 2], ""tfidf_normalize_numbers"": true}",2026-09-08T14:27:08
E2_E5LARGE,frozen,participant,01,no_augmentation,PHQ9,45,SVR,4.833988,True,,random50,"{""augmentation"": ""no_augmentation"", ""beto_model"": ""dccuchile/bert-base-spanish-wwm-cased"", ""chunk_stride"": 256, ""max_tokens"": 512, ""n_cv_splits"": 5, ""n_search_iter"": 50, ""seeds"": [42, 43, 44, 45, 46], ""sentence_transformer_model"": ""intfloat/multilingual-e5-small"", ""tfidf_lemmatize"": true, ""tfidf_max_df"": 0.9, ""tfidf_max_features"": 300, ""tfidf_min_df"": 3, ""tfidf_ngram_range"": [1, 2], ""tfidf_normalize_numbers"": true}",2026-09-08T14:27:08
E2_E5LARGE,frozen,participant,01,no_augmentation,PHQ9,45,RandomForest,5.000355,False,,random50,"{""augmentation"": ""no_augmentation"", ""beto_model"": ""dccuchile/bert-base-spanish-wwm-cased"", ""chunk_stride"": 256, ""max_tokens"": 512, ""n_cv_splits"": 5, ""n_search_iter"": 50, ""seeds"": [42, 43, 44, 45, 46], ""sentence_transformer_model"": ""intfloat/multilingual-e5-small"", ""tfidf_lemmatize"": true, ""tfidf_max_df"": 0.9, ""tfidf_max_features"": 300, ""tfidf_min_df"": 3, ""tfidf_ngram_range"": [1, 2], ""tfidf_normalize_numbers"": true}",2026-09-08T14:27:08
E2_E5LARGE,frozen,participant,01,no_augmentation,PHQ9,45,ExtraTrees,4.953242,False,,random50,"{""augmentation"": ""no_augmentation"", ""beto_model"": ""dccuchile/bert-base-spanish-wwm-cased"", ""chunk_stride"": 256, ""max_tokens"": 512, ""n_cv_splits"": 5, ""n_search_iter"": 50, ""seeds"": [42, 43, 44, 45, 46], ""sentence_transformer_model"": ""intfloat/multilingual-e5-small"", ""tfidf_lemmatize"": true, ""tfidf_max_df"": 0.9, ""tfidf_max_features"": 300, ""tfidf_min_df"": 3, ""tfidf_ngram_range"": [1, 2], ""tfidf_normalize_numbers"": true}",2026-09-08T14:27:08
E2_E5LARGE,frozen,participant,01,no_augmentation,PHQ9,45,GradientBoosting,4.905476,False,,random50,"{""augmentation"": ""no_augmentation"", ""beto_model"": ""dccuchile/bert-base-spanish-wwm-cased"", ""chunk_stride"": 256, ""max_tokens"": 512, ""n_cv_splits"": 5, ""n_search_iter"": 50, ""seeds"": [42, 43, 44, 45, 46], ""sentence_transformer_model"": ""intfloat/multilingual-e5-small"", ""tfidf_lemmatize"": true, ""tfidf_max_df"": 0.9, ""tfidf_max_features"": 300, ""tfidf_min_df"": 3, ""tfidf_ngram_range"": [1, 2], ""tfidf_normalize_numbers"": true}",2026-09-08T14:27:08
E2_E5LARGE,frozen,participant,01,no_augmentation,PHQ9,45,LightGBM,5.202009,False,,random50,"{""augmentation"": ""no_augmentation"", ""beto_model"": ""dccuchile/bert-base-spanish-wwm-cased"", ""chunk_stride"": 256, ""max_tokens"": 512, ""n_cv_splits"": 5, ""n_search_iter"": 50, ""seeds"": [42, 43, 44, 45, 46], ""sentence_transformer_model"": ""intfloat/multilingual-e5-small"", ""tfidf_lemmatize"": true, ""tfidf_max_df"": 0.9, ""tfidf_max_features"": 300, ""tfidf_min_df"": 3, ""tfidf_ngram_range"": [1, 2], ""tfidf_normalize_numbers"": true}",2026-09-08T14:27:08
E2_E5LARGE,frozen,participant,01,no_augmentation,PHQ9,45,KNN,5.035201,False,,random50,"{""augmentation"": ""no_augmentation"", ""beto_model"": ""dccuchile/bert-base-spanish-wwm-cased"", ""chunk_stride"": 256, ""max_tokens"": 512, ""n_cv_splits"": 5, ""n_search_iter"": 50, ""seeds"": [42, 43, 44, 45, 46], ""sentence_transformer_model"": ""intfloat/multilingual-e5-small"", ""tfidf_lemmatize"": true, ""tfidf_max_df"": 0.9, ""tfidf_max_features"": 300, ""tfidf_min_df"": 3, ""tfidf_ngram_range"": [1, 2], ""tfidf_normalize_numbers"": true}",2026-09-08T14:27:08
E2_E5LARGE,frozen,participant,01,no_augmentation,PHQ9,45,DecisionTree,6.300526,False,,random50,"{""augmentation"": ""no_augmentation"", ""beto_model"": ""dccuchile/bert-base-spanish-wwm-cased"", ""chunk_stride"": 256, ""max_tokens"": 512, ""n_cv_splits"": 5, ""n_search_iter"": 50, ""seeds"": [42, 43, 44, 45, 46], ""sentence_transformer_model"": ""intfloat/multilingual-e5-small"", ""tfidf_lemmatize"": true, ""tfidf_max_df"": 0.9, ""tfidf_max_features"": 300, ""tfidf_min_df"": 3, ""tfidf_ngram_range"": [1, 2], ""tfidf_normalize_numbers"": true}",2026-09-08T14:27:08
E2_E5LARGE,frozen,participant,01,no_augmentation,PHQ9,45,AdaBoost,4.952912,False,,random50,"{""augmentation"": ""no_augmentation"", ""beto_model"": ""dccuchile/bert-base-spanish-wwm-cased"", ""chunk_stride"": 256, ""max_tokens"": 512, ""n_cv_splits"": 5, ""n_search_iter"": 50, ""seeds"": [42, 43, 44, 45, 46], ""sentence_transformer_model"": ""intfloat/multilingual-e5-small"", ""tfidf_lemmatize"": true, ""tfidf_max_df"": 0.9, ""tfidf_max_features"": 300, ""tfidf_min_df"": 3, ""tfidf_ngram_range"": [1, 2], ""tfidf_normalize_numbers"": true}",2026-09-08T14:27:08
E2_E5LARGE,frozen,participant,01,no_augmentation,GAD7,45,Ridge,4.909948,False,,random50,"{""augmentation"": ""no_augmentation"", ""beto_model"": ""dccuchile/bert-base-spanish-wwm-cased"", ""chunk_stride"": 256, ""max_tokens"": 512, ""n_cv_splits"": 5, ""n_search_iter"": 50, ""seeds"": [42, 43, 44, 45, 46], ""sentence_transformer_model"": ""intfloat/multilingual-e5-small"", ""tfidf_lemmatize"": true, ""tfidf_max_df"": 0.9, ""tfidf_max_features"": 300, ""tfidf_min_df"": 3, ""tfidf_ngram_range"": [1, 2], ""tfidf_normalize_numbers"": true}",2026-09-08T14:41:05
E2_E5LARGE,frozen,participant,01,no_augmentation,GAD7,45,SVR,4.254169,False,,random50,"{""augmentation"": ""no_augmentation"", ""beto_model"": ""dccuchile/bert-base-spanish-wwm-cased"", ""chunk_stride"": 256, ""max_tokens"": 512, ""n_cv_splits"": 5, ""n_search_iter"": 50, ""seeds"": [42, 43, 44, 45, 46], ""sentence_transformer_model"": ""intfloat/multilingual-e5-small"", ""tfidf_lemmatize"": true, ""tfidf_max_df"": 0.9, ""tfidf_max_features"": 300, ""tfidf_min_df"": 3, ""tfidf_ngram_range"": [1, 2], ""tfidf_normalize_numbers"": true}",2026-09-08T14:41:05
E2_E5LARGE,frozen,participant,01,no_augmentation,GAD7,45,RandomForest,4.209681,False,,random50,"{""augmentation"": ""no_augmentation"", ""beto_model"": ""dccuchile/bert-base-spanish-wwm-cased"", ""chunk_stride"": 256, ""max_tokens"": 512, ""n_cv_splits"": 5, ""n_search_iter"": 50, ""seeds"": [42, 43, 44, 45, 46], ""sentence_transformer_model"": ""intfloat/multilingual-e5-small"", ""tfidf_lemmatize"": true, ""tfidf_max_df"": 0.9, ""tfidf_max_features"": 300, ""tfidf_min_df"": 3, ""tfidf_ngram_range"": [1, 2], ""tfidf_normalize_numbers"": true}",2026-09-08T14:41:05
E2_E5LARGE,frozen,participant,01,no_augmentation,GAD7,45,ExtraTrees,4.235669,False,,random50,"{""augmentation"": ""no_augmentation"", ""beto_model"": ""dccuchile/bert-base-spanish-wwm-cased"", ""chunk_stride"": 256, ""max_tokens"": 512, ""n_cv_splits"": 5, ""n_search_iter"": 50, ""seeds"": [42, 43, 44, 45, 46], ""sentence_transformer_model"": ""intfloat/multilingual-e5-small"", ""tfidf_lemmatize"": true, ""tfidf_max_df"": 0.9, ""tfidf_max_features"": 300, ""tfidf_min_df"": 3, ""tfidf_ngram_range"": [1, 2], ""tfidf_normalize_numbers"": true}",2026-09-08T14:41:05
E2_E5LARGE,frozen,participant,01,no_augmentation,GAD7,45,GradientBoosting,4.199991,False,,random50,"{""augmentation"": ""no_augmentation"", ""beto_model"": ""dccuchile/bert-base-spanish-wwm-cased"", ""chunk_stride"": 256, ""max_tokens"": 512, ""n_cv_splits"": 5, ""n_search_iter"": 50, ""seeds"": [42, 43, 44, 45, 46], ""sentence_transformer_model"": ""intfloat/multilingual-e5-small"", ""tfidf_lemmatize"": true, ""tfidf_max_df"": 0.9, ""tfidf_max_features"": 300, ""tfidf_min_df"": 3, ""tfidf_ngram_range"": [1, 2], ""tfidf_normalize_numbers"": true}",2026-09-08T14:41:05
E2_E5LARGE,frozen,participant,01,no_augmentation,GAD7,45,LightGBM,4.359913,False,,random50,"{""augmentation"": ""no_augmentation"", ""beto_model"": ""dccuchile/bert-base-spanish-wwm-cased"", ""chunk_stride"": 256, ""max_tokens"": 512, ""n_cv_splits"": 5, ""n_search_iter"": 50, ""seeds"": [42, 43, 44, 45, 46], ""sentence_transformer_model"": ""intfloat/multilingual-e5-small"", ""tfidf_lemmatize"": true, ""tfidf_max_df"": 0.9, ""tfidf_max_features"": 300, ""tfidf_min_df"": 3, ""tfidf_ngram_range"": [1, 2], ""tfidf_normalize_numbers"": true}",2026-09-08T14:41:05
E2_E5LARGE,frozen,participant,01,no_augmentation,GAD7,45,KNN,4.401972,False,,random50,"{""augmentation"": ""no_augmentation"", ""beto_model"": ""dccuchile/bert-base-spanish-wwm-cased"", ""chunk_stride"": 256, ""max_tokens"": 512, ""n_cv_splits"": 5, ""n_search_iter"": 50, ""seeds"": [42, 43, 44, 45, 46], ""sentence_transformer_model"": ""intfloat/multilingual-e5-small"", ""tfidf_lemmatize"": true, ""tfidf_max_df"": 0.9, ""tfidf_max_features"": 300, ""tfidf_min_df"": 3, ""tfidf_ngram_range"": [1, 2], ""tfidf_normalize_numbers"": true}",2026-09-08T14:41:05
E2_E5LARGE,frozen,participant,01,no_augmentation,GAD7,45,DecisionTree,4.925646,False,,random50,"{""augmentation"": ""no_augmentation"", ""beto_model"": ""dccuchile/bert-base-spanish-wwm-cased"", ""chunk_stride"": 256, ""max_tokens"": 512, ""n_cv_splits"": 5, ""n_search_iter"": 50, ""seeds"": [42, 43, 44, 45, 46], ""sentence_transformer_model"": ""intfloat/multilingual-e5-small"", ""tfidf_lemmatize"": true, ""tfidf_max_df"": 0.9, ""tfidf_max_features"": 300, ""tfidf_min_df"": 3, ""tfidf_ngram_range"": [1, 2], ""tfidf_normalize_numbers"": true}",2026-09-08T14:41:05
E2_E5LARGE,frozen,participant,01,no_augmentation,GAD7,45,AdaBoost,4.174789,True,,random50,"{""augmentation"": ""no_augmentation"", ""beto_model"": ""dccuchile/bert-base-spanish-wwm-cased"", ""chunk_stride"": 256, ""max_tokens"": 512, ""n_cv_splits"": 5, ""n_search_iter"": 50, ""seeds"": [42, 43, 44, 45, 46], ""sentence_transformer_model"": ""intfloat/multilingual-e5-small"", ""tfidf_lemmatize"": true, ""tfidf_max_df"": 0.9, ""tfidf_max_features"": 300, ""tfidf_min_df"": 3, ""tfidf_ngram_range"": [1, 2], ""tfidf_normalize_numbers"": true}",2026-09-08T14:41:05
E2_E5LARGE,frozen,participant,01,no_augmentation,PHQ9,46,Ridge,5.405577,False,,random50,"{""augmentation"": ""no_augmentation"", ""beto_model"": ""dccuchile/bert-base-spanish-wwm-cased"", ""chunk_stride"": 256, ""max_tokens"": 512, ""n_cv_splits"": 5, ""n_search_iter"": 50, ""seeds"": [42, 43, 44, 45, 46], ""sentence_transformer_model"": ""intfloat/multilingual-e5-small"", ""tfidf_lemmatize"": true, ""tfidf_max_df"": 0.9, ""tfidf_max_features"": 300, ""tfidf_min_df"": 3, ""tfidf_ngram_range"": [1, 2], ""tfidf_normalize_numbers"": true}",2026-09-08T14:54:10
E2_E5LARGE,frozen,participant,01,no_augmentation,PHQ9,46,SVR,4.70179,True,,random50,"{""augmentation"": ""no_augmentation"", ""beto_model"": ""dccuchile/bert-base-spanish-wwm-cased"", ""chunk_stride"": 256, ""max_tokens"": 512, ""n_cv_splits"": 5, ""n_search_iter"": 50, ""seeds"": [42, 43, 44, 45, 46], ""sentence_transformer_model"": ""intfloat/multilingual-e5-small"", ""tfidf_lemmatize"": true, ""tfidf_max_df"": 0.9, ""tfidf_max_features"": 300, ""tfidf_min_df"": 3, ""tfidf_ngram_range"": [1, 2], ""tfidf_normalize_numbers"": true}",2026-09-08T14:54:10
E2_E5LARGE,frozen,participant,01,no_augmentation,PHQ9,46,RandomForest,4.940815,False,,random50,"{""augmentation"": ""no_augmentation"", ""beto_model"": ""dccuchile/bert-base-spanish-wwm-cased"", ""chunk_stride"": 256, ""max_tokens"": 512, ""n_cv_splits"": 5, ""n_search_iter"": 50, ""seeds"": [42, 43, 44, 45, 46], ""sentence_transformer_model"": ""intfloat/multilingual-e5-small"", ""tfidf_lemmatize"": true, ""tfidf_max_df"": 0.9, ""tfidf_max_features"": 300, ""tfidf_min_df"": 3, ""tfidf_ngram_range"": [1, 2], ""tfidf_normalize_numbers"": true}",2026-09-08T14:54:10
E2_E5LARGE,frozen,participant,01,no_augmentation,PHQ9,46,ExtraTrees,4.806469,False,,random50,"{""augmentation"": ""no_augmentation"", ""beto_model"": ""dccuchile/bert-base-spanish-wwm-cased"", ""chunk_stride"": 256, ""max_tokens"": 512, ""n_cv_splits"": 5, ""n_search_iter"": 50, ""seeds"": [42, 43, 44, 45, 46], ""sentence_transformer_model"": ""intfloat/multilingual-e5-small"", ""tfidf_lemmatize"": true, ""tfidf_max_df"": 0.9, ""tfidf_max_features"": 300, ""tfidf_min_df"": 3, ""tfidf_ngram_range"": [1, 2], ""tfidf_normalize_numbers"": true}",2026-09-08T14:54:10
E2_E5LARGE,frozen,participant,01,no_augmentation,PHQ9,46,GradientBoosting,4.733973,False,,random50,"{""augmentation"": ""no_augmentation"", ""beto_model"": ""dccuchile/bert-base-spanish-wwm-cased"", ""chunk_stride"": 256, ""max_tokens"": 512, ""n_cv_splits"": 5, ""n_search_iter"": 50, ""seeds"": [42, 43, 44, 45, 46], ""sentence_transformer_model"": ""intfloat/multilingual-e5-small"", ""tfidf_lemmatize"": true, ""tfidf_max_df"": 0.9, ""tfidf_max_features"": 300, ""tfidf_min_df"": 3, ""tfidf_ngram_range"": [1, 2], ""tfidf_normalize_numbers"": true}",2026-09-08T14:54:10
E2_E5LARGE,frozen,participant,01,no_augmentation,PHQ9,46,LightGBM,4.831957,False,,random50,"{""augmentation"": ""no_augmentation"", ""beto_model"": ""dccuchile/bert-base-spanish-wwm-cased"", ""chunk_stride"": 256, ""max_tokens"": 512, ""n_cv_splits"": 5, ""n_search_iter"": 50, ""seeds"": [42, 43, 44, 45, 46], ""sentence_transformer_model"": ""intfloat/multilingual-e5-small"", ""tfidf_lemmatize"": true, ""tfidf_max_df"": 0.9, ""tfidf_max_features"": 300, ""tfidf_min_df"": 3, ""tfidf_ngram_range"": [1, 2], ""tfidf_normalize_numbers"": true}",2026-09-08T14:54:10
E2_E5LARGE,frozen,participant,01,no_augmentation,PHQ9,46,KNN,4.948507,False,,random50,"{""augmentation"": ""no_augmentation"", ""beto_model"": ""dccuchile/bert-base-spanish-wwm-cased"", ""chunk_stride"": 256, ""max_tokens"": 512, ""n_cv_splits"": 5, ""n_search_iter"": 50, ""seeds"": [42, 43, 44, 45, 46], ""sentence_transformer_model"": ""intfloat/multilingual-e5-small"", ""tfidf_lemmatize"": true, ""tfidf_max_df"": 0.9, ""tfidf_max_features"": 300, ""tfidf_min_df"": 3, ""tfidf_ngram_range"": [1, 2], ""tfidf_normalize_numbers"": true}",2026-09-08T14:54:10
E2_E5LARGE,frozen,participant,01,no_augmentation,PHQ9,46,DecisionTree,5.81199,False,,random50,"{""augmentation"": ""no_augmentation"", ""beto_model"": ""dccuchile/bert-base-spanish-wwm-cased"", ""chunk_stride"": 256, ""max_tokens"": 512, ""n_cv_splits"": 5, ""n_search_iter"": 50, ""seeds"": [42, 43, 44, 45, 46], ""sentence_transformer_model"": ""intfloat/multilingual-e5-small"", ""tfidf_lemmatize"": true, ""tfidf_max_df"": 0.9, ""tfidf_max_features"": 300, ""tfidf_min_df"": 3, ""tfidf_ngram_range"": [1, 2], ""tfidf_normalize_numbers"": true}",2026-09-08T14:54:10
E2_E5LARGE,frozen,participant,01,no_augmentation,PHQ9,46,AdaBoost,4.813704,False,,random50,"{""augmentation"": ""no_augmentation"", ""beto_model"": ""dccuchile/bert-base-spanish-wwm-cased"", ""chunk_stride"": 256, ""max_tokens"": 512, ""n_cv_splits"": 5, ""n_search_iter"": 50, ""seeds"": [42, 43, 44, 45, 46], ""sentence_transformer_model"": ""intfloat/multilingual-e5-small"", ""tfidf_lemmatize"": true, ""tfidf_max_df"": 0.9, ""tfidf_max_features"": 300, ""tfidf_min_df"": 3, ""tfidf_ngram_range"": [1, 2], ""tfidf_normalize_numbers"": true}",2026-09-08T14:54:10
E2_E5LARGE,frozen,participant,01,no_augmentation,GAD7,46,Ridge,5.105717,False,,random50,"{""augmentation"": ""no_augmentation"", ""beto_model"": ""dccuchile/bert-base-spanish-wwm-cased"", ""chunk_stride"": 256, ""max_tokens"": 512, ""n_cv_splits"": 5, ""n_search_iter"": 50, ""seeds"": [42, 43, 44, 45, 46], ""sentence_transformer_model"": ""intfloat/multilingual-e5-small"", ""tfidf_lemmatize"": true, ""tfidf_max_df"": 0.9, ""tfidf_max_features"": 300, ""tfidf_min_df"": 3, ""tfidf_ngram_range"": [1, 2], ""tfidf_normalize_numbers"": true}",2026-09-08T15:07:17
E2_E5LARGE,frozen,participant,01,no_augmentation,GAD7,46,SVR,4.242208,False,,random50,"{""augmentation"": ""no_augmentation"", ""beto_model"": ""dccuchile/bert-base-spanish-wwm-cased"", ""chunk_stride"": 256, ""max_tokens"": 512, ""n_cv_splits"": 5, ""n_search_iter"": 50, ""seeds"": [42, 43, 44, 45, 46], ""sentence_transformer_model"": ""intfloat/multilingual-e5-small"", ""tfidf_lemmatize"": true, ""tfidf_max_df"": 0.9, ""tfidf_max_features"": 300, ""tfidf_min_df"": 3, ""tfidf_ngram_range"": [1, 2], ""tfidf_normalize_numbers"": true}",2026-09-08T15:07:17
E2_E5LARGE,frozen,participant,01,no_augmentation,GAD7,46,RandomForest,4.277088,False,,random50,"{""augmentation"": ""no_augmentation"", ""beto_model"": ""dccuchile/bert-base-spanish-wwm-cased"", ""chunk_stride"": 256, ""max_tokens"": 512, ""n_cv_splits"": 5, ""n_search_iter"": 50, ""seeds"": [42, 43, 44, 45, 46], ""sentence_transformer_model"": ""intfloat/multilingual-e5-small"", ""tfidf_lemmatize"": true, ""tfidf_max_df"": 0.9, ""tfidf_max_features"": 300, ""tfidf_min_df"": 3, ""tfidf_ngram_range"": [1, 2], ""tfidf_normalize_numbers"": true}",2026-09-08T15:07:17
E2_E5LARGE,frozen,participant,01,no_augmentation,GAD7,46,ExtraTrees,4.278021,False,,random50,"{""augmentation"": ""no_augmentation"", ""beto_model"": ""dccuchile/bert-base-spanish-wwm-cased"", ""chunk_stride"": 256, ""max_tokens"": 512, ""n_cv_splits"": 5, ""n_search_iter"": 50, ""seeds"": [42, 43, 44, 45, 46], ""sentence_transformer_model"": ""intfloat/multilingual-e5-small"", ""tfidf_lemmatize"": true, ""tfidf_max_df"": 0.9, ""tfidf_max_features"": 300, ""tfidf_min_df"": 3, ""tfidf_ngram_range"": [1, 2], ""tfidf_normalize_numbers"": true}",2026-09-08T15:07:17
E2_E5LARGE,frozen,participant,01,no_augmentation,GAD7,46,GradientBoosting,4.328883,False,,random50,"{""augmentation"": ""no_augmentation"", ""beto_model"": ""dccuchile/bert-base-spanish-wwm-cased"", ""chunk_stride"": 256, ""max_tokens"": 512, ""n_cv_splits"": 5, ""n_search_iter"": 50, ""seeds"": [42, 43, 44, 45, 46], ""sentence_transformer_model"": ""intfloat/multilingual-e5-small"", ""tfidf_lemmatize"": true, ""tfidf_max_df"": 0.9, ""tfidf_max_features"": 300, ""tfidf_min_df"": 3, ""tfidf_ngram_range"": [1, 2], ""tfidf_normalize_numbers"": true}",2026-09-08T15:07:17
E2_E5LARGE,frozen,participant,01,no_augmentation,GAD7,46,LightGBM,4.462153,False,,random50,"{""augmentation"": ""no_augmentation"", ""beto_model"": ""dccuchile/bert-base-spanish-wwm-cased"", ""chunk_stride"": 256, ""max_tokens"": 512, ""n_cv_splits"": 5, ""n_search_iter"": 50, ""seeds"": [42, 43, 44, 45, 46], ""sentence_transformer_model"": ""intfloat/multilingual-e5-small"", ""tfidf_lemmatize"": true, ""tfidf_max_df"": 0.9, ""tfidf_max_features"": 300, ""tfidf_min_df"": 3, ""tfidf_ngram_range"": [1, 2], ""tfidf_normalize_numbers"": true}",2026-09-08T15:07:17
E2_E5LARGE,frozen,participant,01,no_augmentation,GAD7,46,KNN,4.343594,False,,random50,"{""augmentation"": ""no_augmentation"", ""beto_model"": ""dccuchile/bert-base-spanish-wwm-cased"", ""chunk_stride"": 256, ""max_tokens"": 512, ""n_cv_splits"": 5, ""n_search_iter"": 50, ""seeds"": [42, 43, 44, 45, 46], ""sentence_transformer_model"": ""intfloat/multilingual-e5-small"", ""tfidf_lemmatize"": true, ""tfidf_max_df"": 0.9, ""tfidf_max_features"": 300, ""tfidf_min_df"": 3, ""tfidf_ngram_range"": [1, 2], ""tfidf_normalize_numbers"": true}",2026-09-08T15:07:17
E2_E5LARGE,frozen,participant,01,no_augmentation,GAD7,46,DecisionTree,5.126713,False,,random50,"{""augmentation"": ""no_augmentation"", ""beto_model"": ""dccuchile/bert-base-spanish-wwm-cased"", ""chunk_stride"": 256, ""max_tokens"": 512, ""n_cv_splits"": 5, ""n_search_iter"": 50, ""seeds"": [42, 43, 44, 45, 46], ""sentence_transformer_model"": ""intfloat/multilingual-e5-small"", ""tfidf_lemmatize"": true, ""tfidf_max_df"": 0.9, ""tfidf_max_features"": 300, ""tfidf_min_df"": 3, ""tfidf_ngram_range"": [1, 2], ""tfidf_normalize_numbers"": true}",2026-09-08T15:07:17
E2_E5LARGE,frozen,participant,01,no_augmentation,GAD7,46,AdaBoost,4.165449,True,,random50,"{""augmentation"": ""no_augmentation"", ""beto_model"": ""dccuchile/bert-base-spanish-wwm-cased"", ""chunk_stride"": 256, ""max_tokens"": 512, ""n_cv_splits"": 5, ""n_search_iter"": 50, ""seeds"": [42, 43, 44, 45, 46], ""sentence_transformer_model"": ""intfloat/multilingual-e5-small"", ""tfidf_lemmatize"": true, ""tfidf_max_df"": 0.9, ""tfidf_max_features"": 300, ""tfidf_min_df"": 3, ""tfidf_ngram_range"": [1, 2], ""tfidf_normalize_numbers"": true}",2026-09-08T15:07:17
E3_TSDAE_EP05,frozen,participant,03,no_augmentation,PHQ9,42,Ridge,6.413286,False,models/tsdae_e5_small/ep05,random50,"{""augmentation"": ""no_augmentation"", ""beto_model"": ""dccuchile/bert-base-spanish-wwm-cased"", ""chunk_stride"": 256, ""max_tokens"": 512, ""n_cv_splits"": 5, ""n_search_iter"": 50, ""seeds"": [42, 43, 44, 45, 46], ""sentence_transformer_model"": ""intfloat/multilingual-e5-small"", ""tfidf_lemmatize"": true, ""tfidf_max_df"": 0.9, ""tfidf_max_features"": 300, ""tfidf_min_df"": 3, ""tfidf_ngram_range"": [1, 2], ""tfidf_normalize_numbers"": true}",2026-09-08T23:51:15
E3_TSDAE_EP05,frozen,participant,03,no_augmentation,PHQ9,42,SVR,5.847695,False,models/tsdae_e5_small/ep05,random50,"{""augmentation"": ""no_augmentation"", ""beto_model"": ""dccuchile/bert-base-spanish-wwm-cased"", ""chunk_stride"": 256, ""max_tokens"": 512, ""n_cv_splits"": 5, ""n_search_iter"": 50, ""seeds"": [42, 43, 44, 45, 46], ""sentence_transformer_model"": ""intfloat/multilingual-e5-small"", ""tfidf_lemmatize"": true, ""tfidf_max_df"": 0.9, ""tfidf_max_features"": 300, ""tfidf_min_df"": 3, ""tfidf_ngram_range"": [1, 2], ""tfidf_normalize_numbers"": true}",2026-09-08T23:51:15
E3_TSDAE_EP05,frozen,participant,03,no_augmentation,PHQ9,42,RandomForest,5.829005,False,models/tsdae_e5_small/ep05,random50,"{""augmentation"": ""no_augmentation"", ""beto_model"": ""dccuchile/bert-base-spanish-wwm-cased"", ""chunk_stride"": 256, ""max_tokens"": 512, ""n_cv_splits"": 5, ""n_search_iter"": 50, ""seeds"": [42, 43, 44, 45, 46], ""sentence_transformer_model"": ""intfloat/multilingual-e5-small"", ""tfidf_lemmatize"": true, ""tfidf_max_df"": 0.9, ""tfidf_max_features"": 300, ""tfidf_min_df"": 3, ""tfidf_ngram_range"": [1, 2], ""tfidf_normalize_numbers"": true}",2026-09-08T23:51:15
E3_TSDAE_EP05,frozen,participant,03,no_augmentation,PHQ9,42,ExtraTrees,5.822636,False,models/tsdae_e5_small/ep05,random50,"{""augmentation"": ""no_augmentation"", ""beto_model"": ""dccuchile/bert-base-spanish-wwm-cased"", ""chunk_stride"": 256, ""max_tokens"": 512, ""n_cv_splits"": 5, ""n_search_iter"": 50, ""seeds"": [42, 43, 44, 45, 46], ""sentence_transformer_model"": ""intfloat/multilingual-e5-small"", ""tfidf_lemmatize"": true, ""tfidf_max_df"": 0.9, ""tfidf_max_features"": 300, ""tfidf_min_df"": 3, ""tfidf_ngram_range"": [1, 2], ""tfidf_normalize_numbers"": true}",2026-09-08T23:51:15
E3_TSDAE_EP05,frozen,participant,03,no_augmentation,PHQ9,42,GradientBoosting,5.731762,True,models/tsdae_e5_small/ep05,random50,"{""augmentation"": ""no_augmentation"", ""beto_model"": ""dccuchile/bert-base-spanish-wwm-cased"", ""chunk_stride"": 256, ""max_tokens"": 512, ""n_cv_splits"": 5, ""n_search_iter"": 50, ""seeds"": [42, 43, 44, 45, 46], ""sentence_transformer_model"": ""intfloat/multilingual-e5-small"", ""tfidf_lemmatize"": true, ""tfidf_max_df"": 0.9, ""tfidf_max_features"": 300, ""tfidf_min_df"": 3, ""tfidf_ngram_range"": [1, 2], ""tfidf_normalize_numbers"": true}",2026-09-08T23:51:15
E3_TSDAE_EP05,frozen,participant,03,no_augmentation,PHQ9,42,LightGBM,6.007316,False,models/tsdae_e5_small/ep05,random50,"{""augmentation"": ""no_augmentation"", ""beto_model"": ""dccuchile/bert-base-spanish-wwm-cased"", ""chunk_stride"": 256, ""max_tokens"": 512, ""n_cv_splits"": 5, ""n_search_iter"": 50, ""seeds"": [42, 43, 44, 45, 46], ""sentence_transformer_model"": ""intfloat/multilingual-e5-small"", ""tfidf_lemmatize"": true, ""tfidf_max_df"": 0.9, ""tfidf_max_features"": 300, ""tfidf_min_df"": 3, ""tfidf_ngram_range"": [1, 2], ""tfidf_normalize_numbers"": true}",2026-09-08T23:51:15
E3_TSDAE_EP05,frozen,participant,03,no_augmentation,PHQ9,42,KNN,5.843207,False,models/tsdae_e5_small/ep05,random50,"{""augmentation"": ""no_augmentation"", ""beto_model"": ""dccuchile/bert-base-spanish-wwm-cased"", ""chunk_stride"": 256, ""max_tokens"": 512, ""n_cv_splits"": 5, ""n_search_iter"": 50, ""seeds"": [42, 43, 44, 45, 46], ""sentence_transformer_model"": ""intfloat/multilingual-e5-small"", ""tfidf_lemmatize"": true, ""tfidf_max_df"": 0.9, ""tfidf_max_features"": 300, ""tfidf_min_df"": 3, ""tfidf_ngram_range"": [1, 2], ""tfidf_normalize_numbers"": true}",2026-09-08T23:51:15
E3_TSDAE_EP05,frozen,participant,03,no_augmentation,PHQ9,42,DecisionTree,6.219546,False,models/tsdae_e5_small/ep05,random50,"{""augmentation"": ""no_augmentation"", ""beto_model"": ""dccuchile/bert-base-spanish-wwm-cased"", ""chunk_stride"": 256, ""max_tokens"": 512, ""n_cv_splits"": 5, ""n_search_iter"": 50, ""seeds"": [42, 43, 44, 45, 46], ""sentence_transformer_model"": ""intfloat/multilingual-e5-small"", ""tfidf_lemmatize"": true, ""tfidf_max_df"": 0.9, ""tfidf_max_features"": 300, ""tfidf_min_df"": 3, ""tfidf_ngram_range"": [1, 2], ""tfidf_normalize_numbers"": true}",2026-09-08T23:51:15
E3_TSDAE_EP05,frozen,participant,03,no_augmentation,PHQ9,42,AdaBoost,5.948216,False,models/tsdae_e5_small/ep05,random50,"{""augmentation"": ""no_augmentation"", ""beto_model"": ""dccuchile/bert-base-spanish-wwm-cased"", ""chunk_stride"": 256, ""max_tokens"": 512, ""n_cv_splits"": 5, ""n_search_iter"": 50, ""seeds"": [42, 43, 44, 45, 46], ""sentence_transformer_model"": ""intfloat/multilingual-e5-small"", ""tfidf_lemmatize"": true, ""tfidf_max_df"": 0.9, ""tfidf_max_features"": 300, ""tfidf_min_df"": 3, ""tfidf_ngram_range"": [1, 2], ""tfidf_normalize_numbers"": true}",2026-09-08T23:51:15
E3_TSDAE_EP05,frozen,participant,03,no_augmentation,GAD7,42,Ridge,4.918902,False,models/tsdae_e5_small/ep05,random50,"{""augmentation"": ""no_augmentation"", ""beto_model"": ""dccuchile/bert-base-spanish-wwm-cased"", ""chunk_stride"": 256, ""max_tokens"": 512, ""n_cv_splits"": 5, ""n_search_iter"": 50, ""seeds"": [42, 43, 44, 45, 46], ""sentence_transformer_model"": ""intfloat/multilingual-e5-small"", ""tfidf_lemmatize"": true, ""tfidf_max_df"": 0.9, ""tfidf_max_features"": 300, ""tfidf_min_df"": 3, ""tfidf_ngram_range"": [1, 2], ""tfidf_normalize_numbers"": true}",2026-09-08T23:52:29
E3_TSDAE_EP05,frozen,participant,03,no_augmentation,GAD7,42,SVR,4.595046,True,models/tsdae_e5_small/ep05,random50,"{""augmentation"": ""no_augmentation"", ""beto_model"": ""dccuchile/bert-base-spanish-wwm-cased"", ""chunk_stride"": 256, ""max_tokens"": 512, ""n_cv_splits"": 5, ""n_search_iter"": 50, ""seeds"": [42, 43, 44, 45, 46], ""sentence_transformer_model"": ""intfloat/multilingual-e5-small"", ""tfidf_lemmatize"": true, ""tfidf_max_df"": 0.9, ""tfidf_max_features"": 300, ""tfidf_min_df"": 3, ""tfidf_ngram_range"": [1, 2], ""tfidf_normalize_numbers"": true}",2026-09-08T23:52:29
E3_TSDAE_EP05,frozen,participant,03,no_augmentation,GAD7,42,RandomForest,4.657779,False,models/tsdae_e5_small/ep05,random50,"{""augmentation"": ""no_augmentation"", ""beto_model"": ""dccuchile/bert-base-spanish-wwm-cased"", ""chunk_stride"": 256, ""max_tokens"": 512, ""n_cv_splits"": 5, ""n_search_iter"": 50, ""seeds"": [42, 43, 44, 45, 46], ""sentence_transformer_model"": ""intfloat/multilingual-e5-small"", ""tfidf_lemmatize"": true, ""tfidf_max_df"": 0.9, ""tfidf_max_features"": 300, ""tfidf_min_df"": 3, ""tfidf_ngram_range"": [1, 2], ""tfidf_normalize_numbers"": true}",2026-09-08T23:52:29
E3_TSDAE_EP05,frozen,participant,03,no_augmentation,GAD7,42,ExtraTrees,4.602798,False,models/tsdae_e5_small/ep05,random50,"{""augmentation"": ""no_augmentation"", ""beto_model"": ""dccuchile/bert-base-spanish-wwm-cased"", ""chunk_stride"": 256, ""max_tokens"": 512, ""n_cv_splits"": 5, ""n_search_iter"": 50, ""seeds"": [42, 43, 44, 45, 46], ""sentence_transformer_model"": ""intfloat/multilingual-e5-small"", ""tfidf_lemmatize"": true, ""tfidf_max_df"": 0.9, ""tfidf_max_features"": 300, ""tfidf_min_df"": 3, ""tfidf_ngram_range"": [1, 2], ""tfidf_normalize_numbers"": true}",2026-09-08T23:52:29
E3_TSDAE_EP05,frozen,participant,03,no_augmentation,GAD7,42,GradientBoosting,4.794923,False,models/tsdae_e5_small/ep05,random50,"{""augmentation"": ""no_augmentation"", ""beto_model"": ""dccuchile/bert-base-spanish-wwm-cased"", ""chunk_stride"": 256, ""max_tokens"": 512, ""n_cv_splits"": 5, ""n_search_iter"": 50, ""seeds"": [42, 43, 44, 45, 46], ""sentence_transformer_model"": ""intfloat/multilingual-e5-small"", ""tfidf_lemmatize"": true, ""tfidf_max_df"": 0.9, ""tfidf_max_features"": 300, ""tfidf_min_df"": 3, ""tfidf_ngram_range"": [1, 2], ""tfidf_normalize_numbers"": true}",2026-09-08T23:52:29
E3_TSDAE_EP05,frozen,participant,03,no_augmentation,GAD7,42,LightGBM,4.702901,False,models/tsdae_e5_small/ep05,random50,"{""augmentation"": ""no_augmentation"", ""beto_model"": ""dccuchile/bert-base-spanish-wwm-cased"", ""chunk_stride"": 256, ""max_tokens"": 512, ""n_cv_splits"": 5, ""n_search_iter"": 50, ""seeds"": [42, 43, 44, 45, 46], ""sentence_transformer_model"": ""intfloat/multilingual-e5-small"", ""tfidf_lemmatize"": true, ""tfidf_max_df"": 0.9, ""tfidf_max_features"": 300, ""tfidf_min_df"": 3, ""tfidf_ngram_range"": [1, 2], ""tfidf_normalize_numbers"": true}",2026-09-08T23:52:29
E3_TSDAE_EP05,frozen,participant,03,no_augmentation,GAD7,42,KNN,4.606631,False,models/tsdae_e5_small/ep05,random50,"{""augmentation"": ""no_augmentation"", ""beto_model"": ""dccuchile/bert-base-spanish-wwm-cased"", ""chunk_stride"": 256, ""max_tokens"": 512, ""n_cv_splits"": 5, ""n_search_iter"": 50, ""seeds"": [42, 43, 44, 45, 46], ""sentence_transformer_model"": ""intfloat/multilingual-e5-small"", ""tfidf_lemmatize"": true, ""tfidf_max_df"": 0.9, ""tfidf_max_features"": 300, ""tfidf_min_df"": 3, ""tfidf_ngram_range"": [1, 2], ""tfidf_normalize_numbers"": true}",2026-09-08T23:52:29
E3_TSDAE_EP05,frozen,participant,03,no_augmentation,GAD7,42,DecisionTree,5.343218,False,models/tsdae_e5_small/ep05,random50,"{""augmentation"": ""no_augmentation"", ""beto_model"": ""dccuchile/bert-base-spanish-wwm-cased"", ""chunk_stride"": 256, ""max_tokens"": 512, ""n_cv_splits"": 5, ""n_search_iter"": 50, ""seeds"": [42, 43, 44, 45, 46], ""sentence_transformer_model"": ""intfloat/multilingual-e5-small"", ""tfidf_lemmatize"": true, ""tfidf_max_df"": 0.9, ""tfidf_max_features"": 300, ""tfidf_min_df"": 3, ""tfidf_ngram_range"": [1, 2], ""tfidf_normalize_numbers"": true}",2026-09-08T23:52:29
E3_TSDAE_EP05,frozen,participant,03,no_augmentation,GAD7,42,AdaBoost,4.679612,False,models/tsdae_e5_small/ep05,random50,"{""augmentation"": ""no_augmentation"", ""beto_model"": ""dccuchile/bert-base-spanish-wwm-cased"", ""chunk_stride"": 256, ""max_tokens"": 512, ""n_cv_splits"": 5, ""n_search_iter"": 50, ""seeds"": [42, 43, 44, 45, 46], ""sentence_transformer_model"": ""intfloat/multilingual-e5-small"", ""tfidf_lemmatize"": true, ""tfidf_max_df"": 0.9, ""tfidf_max_features"": 300, ""tfidf_min_df"": 3, ""tfidf_ngram_range"": [1, 2], ""tfidf_normalize_numbers"": true}",2026-09-08T23:52:29
E3_TSDAE_EP05,frozen,participant,03,no_augmentation,PHQ9,43,Ridge,6.473206,False,models/tsdae_e5_small/ep05,random50,"{""augmentation"": ""no_augmentation"", ""beto_model"": ""dccuchile/bert-base-spanish-wwm-cased"", ""chunk_stride"": 256, ""max_tokens"": 512, ""n_cv_splits"": 5, ""n_search_iter"": 50, ""seeds"": [42, 43, 44, 45, 46], ""sentence_transformer_model"": ""intfloat/multilingual-e5-small"", ""tfidf_lemmatize"": true, ""tfidf_max_df"": 0.9, ""tfidf_max_features"": 300, ""tfidf_min_df"": 3, ""tfidf_ngram_range"": [1, 2], ""tfidf_normalize_numbers"": true}",2026-09-08T23:53:43
E3_TSDAE_EP05,frozen,participant,03,no_augmentation,PHQ9,43,SVR,5.659501,False,models/tsdae_e5_small/ep05,random50,"{""augmentation"": ""no_augmentation"", ""beto_model"": ""dccuchile/bert-base-spanish-wwm-cased"", ""chunk_stride"": 256, ""max_tokens"": 512, ""n_cv_splits"": 5, ""n_search_iter"": 50, ""seeds"": [42, 43, 44, 45, 46], ""sentence_transformer_model"": ""intfloat/multilingual-e5-small"", ""tfidf_lemmatize"": true, ""tfidf_max_df"": 0.9, ""tfidf_max_features"": 300, ""tfidf_min_df"": 3, ""tfidf_ngram_range"": [1, 2], ""tfidf_normalize_numbers"": true}",2026-09-08T23:53:43
E3_TSDAE_EP05,frozen,participant,03,no_augmentation,PHQ9,43,RandomForest,5.632071,False,models/tsdae_e5_small/ep05,random50,"{""augmentation"": ""no_augmentation"", ""beto_model"": ""dccuchile/bert-base-spanish-wwm-cased"", ""chunk_stride"": 256, ""max_tokens"": 512, ""n_cv_splits"": 5, ""n_search_iter"": 50, ""seeds"": [42, 43, 44, 45, 46], ""sentence_transformer_model"": ""intfloat/multilingual-e5-small"", ""tfidf_lemmatize"": true, ""tfidf_max_df"": 0.9, ""tfidf_max_features"": 300, ""tfidf_min_df"": 3, ""tfidf_ngram_range"": [1, 2], ""tfidf_normalize_numbers"": true}",2026-09-08T23:53:43
E3_TSDAE_EP05,frozen,participant,03,no_augmentation,PHQ9,43,ExtraTrees,5.515987,False,models/tsdae_e5_small/ep05,random50,"{""augmentation"": ""no_augmentation"", ""beto_model"": ""dccuchile/bert-base-spanish-wwm-cased"", ""chunk_stride"": 256, ""max_tokens"": 512, ""n_cv_splits"": 5, ""n_search_iter"": 50, ""seeds"": [42, 43, 44, 45, 46], ""sentence_transformer_model"": ""intfloat/multilingual-e5-small"", ""tfidf_lemmatize"": true, ""tfidf_max_df"": 0.9, ""tfidf_max_features"": 300, ""tfidf_min_df"": 3, ""tfidf_ngram_range"": [1, 2], ""tfidf_normalize_numbers"": true}",2026-09-08T23:53:43
E3_TSDAE_EP05,frozen,participant,03,no_augmentation,PHQ9,43,GradientBoosting,5.494888,True,models/tsdae_e5_small/ep05,random50,"{""augmentation"": ""no_augmentation"", ""beto_model"": ""dccuchile/bert-base-spanish-wwm-cased"", ""chunk_stride"": 256, ""max_tokens"": 512, ""n_cv_splits"": 5, ""n_search_iter"": 50, ""seeds"": [42, 43, 44, 45, 46], ""sentence_transformer_model"": ""intfloat/multilingual-e5-small"", ""tfidf_lemmatize"": true, ""tfidf_max_df"": 0.9, ""tfidf_max_features"": 300, ""tfidf_min_df"": 3, ""tfidf_ngram_range"": [1, 2], ""tfidf_normalize_numbers"": true}",2026-09-08T23:53:43
E3_TSDAE_EP05,frozen,participant,03,no_augmentation,PHQ9,43,LightGBM,5.894172,False,models/tsdae_e5_small/ep05,random50,"{""augmentation"": ""no_augmentation"", ""beto_model"": ""dccuchile/bert-base-spanish-wwm-cased"", ""chunk_stride"": 256, ""max_tokens"": 512, ""n_cv_splits"": 5, ""n_search_iter"": 50, ""seeds"": [42, 43, 44, 45, 46], ""sentence_transformer_model"": ""intfloat/multilingual-e5-small"", ""tfidf_lemmatize"": true, ""tfidf_max_df"": 0.9, ""tfidf_max_features"": 300, ""tfidf_min_df"": 3, ""tfidf_ngram_range"": [1, 2], ""tfidf_normalize_numbers"": true}",2026-09-08T23:53:43
E3_TSDAE_EP05,frozen,participant,03,no_augmentation,PHQ9,43,KNN,5.523814,False,models/tsdae_e5_small/ep05,random50,"{""augmentation"": ""no_augmentation"", ""beto_model"": ""dccuchile/bert-base-spanish-wwm-cased"", ""chunk_stride"": 256, ""max_tokens"": 512, ""n_cv_splits"": 5, ""n_search_iter"": 50, ""seeds"": [42, 43, 44, 45, 46], ""sentence_transformer_model"": ""intfloat/multilingual-e5-small"", ""tfidf_lemmatize"": true, ""tfidf_max_df"": 0.9, ""tfidf_max_features"": 300, ""tfidf_min_df"": 3, ""tfidf_ngram_range"": [1, 2], ""tfidf_normalize_numbers"": true}",2026-09-08T23:53:43
E3_TSDAE_EP05,frozen,participant,03,no_augmentation,PHQ9,43,DecisionTree,5.797021,False,models/tsdae_e5_small/ep05,random50,"{""augmentation"": ""no_augmentation"", ""beto_model"": ""dccuchile/bert-base-spanish-wwm-cased"", ""chunk_stride"": 256, ""max_tokens"": 512, ""n_cv_splits"": 5, ""n_search_iter"": 50, ""seeds"": [42, 43, 44, 45, 46], ""sentence_transformer_model"": ""intfloat/multilingual-e5-small"", ""tfidf_lemmatize"": true, ""tfidf_max_df"": 0.9, ""tfidf_max_features"": 300, ""tfidf_min_df"": 3, ""tfidf_ngram_range"": [1, 2], ""tfidf_normalize_numbers"": true}",2026-09-08T23:53:43
E3_TSDAE_EP05,frozen,participant,03,no_augmentation,PHQ9,43,AdaBoost,5.557432,False,models/tsdae_e5_small/ep05,random50,"{""augmentation"": ""no_augmentation"", ""beto_model"": ""dccuchile/bert-base-spanish-wwm-cased"", ""chunk_stride"": 256, ""max_tokens"": 512, ""n_cv_splits"": 5, ""n_search_iter"": 50, ""seeds"": [42, 43, 44, 45, 46], ""sentence_transformer_model"": ""intfloat/multilingual-e5-small"", ""tfidf_lemmatize"": true, ""tfidf_max_df"": 0.9, ""tfidf_max_features"": 300, ""tfidf_min_df"": 3, ""tfidf_ngram_range"": [1, 2], ""tfidf_normalize_numbers"": true}",2026-09-08T23:53:43
E3_TSDAE_EP05,frozen,participant,03,no_augmentation,GAD7,43,Ridge,5.166394,False,models/tsdae_e5_small/ep05,random50,"{""augmentation"": ""no_augmentation"", ""beto_model"": ""dccuchile/bert-base-spanish-wwm-cased"", ""chunk_stride"": 256, ""max_tokens"": 512, ""n_cv_splits"": 5, ""n_search_iter"": 50, ""seeds"": [42, 43, 44, 45, 46], ""sentence_transformer_model"": ""intfloat/multilingual-e5-small"", ""tfidf_lemmatize"": true, ""tfidf_max_df"": 0.9, ""tfidf_max_features"": 300, ""tfidf_min_df"": 3, ""tfidf_ngram_range"": [1, 2], ""tfidf_normalize_numbers"": true}",2026-09-08T23:54:57
E3_TSDAE_EP05,frozen,participant,03,no_augmentation,GAD7,43,SVR,4.567943,True,models/tsdae_e5_small/ep05,random50,"{""augmentation"": ""no_augmentation"", ""beto_model"": ""dccuchile/bert-base-spanish-wwm-cased"", ""chunk_stride"": 256, ""max_tokens"": 512, ""n_cv_splits"": 5, ""n_search_iter"": 50, ""seeds"": [42, 43, 44, 45, 46], ""sentence_transformer_model"": ""intfloat/multilingual-e5-small"", ""tfidf_lemmatize"": true, ""tfidf_max_df"": 0.9, ""tfidf_max_features"": 300, ""tfidf_min_df"": 3, ""tfidf_ngram_range"": [1, 2], ""tfidf_normalize_numbers"": true}",2026-09-08T23:54:57
E3_TSDAE_EP05,frozen,participant,03,no_augmentation,GAD7,43,RandomForest,4.587237,False,models/tsdae_e5_small/ep05,random50,"{""augmentation"": ""no_augmentation"", ""beto_model"": ""dccuchile/bert-base-spanish-wwm-cased"", ""chunk_stride"": 256, ""max_tokens"": 512, ""n_cv_splits"": 5, ""n_search_iter"": 50, ""seeds"": [42, 43, 44, 45, 46], ""sentence_transformer_model"": ""intfloat/multilingual-e5-small"", ""tfidf_lemmatize"": true, ""tfidf_max_df"": 0.9, ""tfidf_max_features"": 300, ""tfidf_min_df"": 3, ""tfidf_ngram_range"": [1, 2], ""tfidf_normalize_numbers"": true}",2026-09-08T23:54:57
E3_TSDAE_EP05,frozen,participant,03,no_augmentation,GAD7,43,ExtraTrees,4.574679,False,models/tsdae_e5_small/ep05,random50,"{""augmentation"": ""no_augmentation"", ""beto_model"": ""dccuchile/bert-base-spanish-wwm-cased"", ""chunk_stride"": 256, ""max_tokens"": 512, ""n_cv_splits"": 5, ""n_search_iter"": 50, ""seeds"": [42, 43, 44, 45, 46], ""sentence_transformer_model"": ""intfloat/multilingual-e5-small"", ""tfidf_lemmatize"": true, ""tfidf_max_df"": 0.9, ""tfidf_max_features"": 300, ""tfidf_min_df"": 3, ""tfidf_ngram_range"": [1, 2], ""tfidf_normalize_numbers"": true}",2026-09-08T23:54:57
E3_TSDAE_EP05,frozen,participant,03,no_augmentation,GAD7,43,GradientBoosting,4.696515,False,models/tsdae_e5_small/ep05,random50,"{""augmentation"": ""no_augmentation"", ""beto_model"": ""dccuchile/bert-base-spanish-wwm-cased"", ""chunk_stride"": 256, ""max_tokens"": 512, ""n_cv_splits"": 5, ""n_search_iter"": 50, ""seeds"": [42, 43, 44, 45, 46], ""sentence_transformer_model"": ""intfloat/multilingual-e5-small"", ""tfidf_lemmatize"": true, ""tfidf_max_df"": 0.9, ""tfidf_max_features"": 300, ""tfidf_min_df"": 3, ""tfidf_ngram_range"": [1, 2], ""tfidf_normalize_numbers"": true}",2026-09-08T23:54:57
E3_TSDAE_EP05,frozen,participant,03,no_augmentation,GAD7,43,LightGBM,4.682506,False,models/tsdae_e5_small/ep05,random50,"{""augmentation"": ""no_augmentation"", ""beto_model"": ""dccuchile/bert-base-spanish-wwm-cased"", ""chunk_stride"": 256, ""max_tokens"": 512, ""n_cv_splits"": 5, ""n_search_iter"": 50, ""seeds"": [42, 43, 44, 45, 46], ""sentence_transformer_model"": ""intfloat/multilingual-e5-small"", ""tfidf_lemmatize"": true, ""tfidf_max_df"": 0.9, ""tfidf_max_features"": 300, ""tfidf_min_df"": 3, ""tfidf_ngram_range"": [1, 2], ""tfidf_normalize_numbers"": true}",2026-09-08T23:54:57
E3_TSDAE_EP05,frozen,participant,03,no_augmentation,GAD7,43,KNN,4.614886,False,models/tsdae_e5_small/ep05,random50,"{""augmentation"": ""no_augmentation"", ""beto_model"": ""dccuchile/bert-base-spanish-wwm-cased"", ""chunk_stride"": 256, ""max_tokens"": 512, ""n_cv_splits"": 5, ""n_search_iter"": 50, ""seeds"": [42, 43, 44, 45, 46], ""sentence_transformer_model"": ""intfloat/multilingual-e5-small"", ""tfidf_lemmatize"": true, ""tfidf_max_df"": 0.9, ""tfidf_max_features"": 300, ""tfidf_min_df"": 3, ""tfidf_ngram_range"": [1, 2], ""tfidf_normalize_numbers"": true}",2026-09-08T23:54:57
E3_TSDAE_EP05,frozen,participant,03,no_augmentation,GAD7,43,DecisionTree,5.419043,False,models/tsdae_e5_small/ep05,random50,"{""augmentation"": ""no_augmentation"", ""beto_model"": ""dccuchile/bert-base-spanish-wwm-cased"", ""chunk_stride"": 256, ""max_tokens"": 512, ""n_cv_splits"": 5, ""n_search_iter"": 50, ""seeds"": [42, 43, 44, 45, 46], ""sentence_transformer_model"": ""intfloat/multilingual-e5-small"", ""tfidf_lemmatize"": true, ""tfidf_max_df"": 0.9, ""tfidf_max_features"": 300, ""tfidf_min_df"": 3, ""tfidf_ngram_range"": [1, 2], ""tfidf_normalize_numbers"": true}",2026-09-08T23:54:57
E3_TSDAE_EP05,frozen,participant,03,no_augmentation,GAD7,43,AdaBoost,4.593765,False,models/tsdae_e5_small/ep05,random50,"{""augmentation"": ""no_augmentation"", ""beto_model"": ""dccuchile/bert-base-spanish-wwm-cased"", ""chunk_stride"": 256, ""max_tokens"": 512, ""n_cv_splits"": 5, ""n_search_iter"": 50, ""seeds"": [42, 43, 44, 45, 46], ""sentence_transformer_model"": ""intfloat/multilingual-e5-small"", ""tfidf_lemmatize"": true, ""tfidf_max_df"": 0.9, ""tfidf_max_features"": 300, ""tfidf_min_df"": 3, ""tfidf_ngram_range"": [1, 2], ""tfidf_normalize_numbers"": true}",2026-09-08T23:54:57
E3_TSDAE_EP05,frozen,participant,03,no_augmentation,PHQ9,44,Ridge,6.391612,False,models/tsdae_e5_small/ep05,random50,"{""augmentation"": ""no_augmentation"", ""beto_model"": ""dccuchile/bert-base-spanish-wwm-cased"", ""chunk_stride"": 256, ""max_tokens"": 512, ""n_cv_splits"": 5, ""n_search_iter"": 50, ""seeds"": [42, 43, 44, 45, 46], ""sentence_transformer_model"": ""intfloat/multilingual-e5-small"", ""tfidf_lemmatize"": true, ""tfidf_max_df"": 0.9, ""tfidf_max_features"": 300, ""tfidf_min_df"": 3, ""tfidf_ngram_range"": [1, 2], ""tfidf_normalize_numbers"": true}",2026-09-08T23:56:07
E3_TSDAE_EP05,frozen,participant,03,no_augmentation,PHQ9,44,SVR,5.813927,False,models/tsdae_e5_small/ep05,random50,"{""augmentation"": ""no_augmentation"", ""beto_model"": ""dccuchile/bert-base-spanish-wwm-cased"", ""chunk_stride"": 256, ""max_tokens"": 512, ""n_cv_splits"": 5, ""n_search_iter"": 50, ""seeds"": [42, 43, 44, 45, 46], ""sentence_transformer_model"": ""intfloat/multilingual-e5-small"", ""tfidf_lemmatize"": true, ""tfidf_max_df"": 0.9, ""tfidf_max_features"": 300, ""tfidf_min_df"": 3, ""tfidf_ngram_range"": [1, 2], ""tfidf_normalize_numbers"": true}",2026-09-08T23:56:07
E3_TSDAE_EP05,frozen,participant,03,no_augmentation,PHQ9,44,RandomForest,5.668016,False,models/tsdae_e5_small/ep05,random50,"{""augmentation"": ""no_augmentation"", ""beto_model"": ""dccuchile/bert-base-spanish-wwm-cased"", ""chunk_stride"": 256, ""max_tokens"": 512, ""n_cv_splits"": 5, ""n_search_iter"": 50, ""seeds"": [42, 43, 44, 45, 46], ""sentence_transformer_model"": ""intfloat/multilingual-e5-small"", ""tfidf_lemmatize"": true, ""tfidf_max_df"": 0.9, ""tfidf_max_features"": 300, ""tfidf_min_df"": 3, ""tfidf_ngram_range"": [1, 2], ""tfidf_normalize_numbers"": true}",2026-09-08T23:56:07
E3_TSDAE_EP05,frozen,participant,03,no_augmentation,PHQ9,44,ExtraTrees,5.655761,True,models/tsdae_e5_small/ep05,random50,"{""augmentation"": ""no_augmentation"", ""beto_model"": ""dccuchile/bert-base-spanish-wwm-cased"", ""chunk_stride"": 256, ""max_tokens"": 512, ""n_cv_splits"": 5, ""n_search_iter"": 50, ""seeds"": [42, 43, 44, 45, 46], ""sentence_transformer_model"": ""intfloat/multilingual-e5-small"", ""tfidf_lemmatize"": true, ""tfidf_max_df"": 0.9, ""tfidf_max_features"": 300, ""tfidf_min_df"": 3, ""tfidf_ngram_range"": [1, 2], ""tfidf_normalize_numbers"": true}",2026-09-08T23:56:07
E3_TSDAE_EP05,frozen,participant,03,no_augmentation,PHQ9,44,GradientBoosting,5.736271,False,models/tsdae_e5_small/ep05,random50,"{""augmentation"": ""no_augmentation"", ""beto_model"": ""dccuchile/bert-base-spanish-wwm-cased"", ""chunk_stride"": 256, ""max_tokens"": 512, ""n_cv_splits"": 5, ""n_search_iter"": 50, ""seeds"": [42, 43, 44, 45, 46], ""sentence_transformer_model"": ""intfloat/multilingual-e5-small"", ""tfidf_lemmatize"": true, ""tfidf_max_df"": 0.9, ""tfidf_max_features"": 300, ""tfidf_min_df"": 3, ""tfidf_ngram_range"": [1, 2], ""tfidf_normalize_numbers"": true}",2026-09-08T23:56:07
E3_TSDAE_EP05,frozen,participant,03,no_augmentation,PHQ9,44,LightGBM,6.1145,False,models/tsdae_e5_small/ep05,random50,"{""augmentation"": ""no_augmentation"", ""beto_model"": ""dccuchile/bert-base-spanish-wwm-cased"", ""chunk_stride"": 256, ""max_tokens"": 512, ""n_cv_splits"": 5, ""n_search_iter"": 50, ""seeds"": [42, 43, 44, 45, 46], ""sentence_transformer_model"": ""intfloat/multilingual-e5-small"", ""tfidf_lemmatize"": true, ""tfidf_max_df"": 0.9, ""tfidf_max_features"": 300, ""tfidf_min_df"": 3, ""tfidf_ngram_range"": [1, 2], ""tfidf_normalize_numbers"": true}",2026-09-08T23:56:07
E3_TSDAE_EP05,frozen,participant,03,no_augmentation,PHQ9,44,KNN,5.664699,False,models/tsdae_e5_small/ep05,random50,"{""augmentation"": ""no_augmentation"", ""beto_model"": ""dccuchile/bert-base-spanish-wwm-cased"", ""chunk_stride"": 256, ""max_tokens"": 512, ""n_cv_splits"": 5, ""n_search_iter"": 50, ""seeds"": [42, 43, 44, 45, 46], ""sentence_transformer_model"": ""intfloat/multilingual-e5-small"", ""tfidf_lemmatize"": true, ""tfidf_max_df"": 0.9, ""tfidf_max_features"": 300, ""tfidf_min_df"": 3, ""tfidf_ngram_range"": [1, 2], ""tfidf_normalize_numbers"": true}",2026-09-08T23:56:07
E3_TSDAE_EP05,frozen,participant,03,no_augmentation,PHQ9,44,DecisionTree,5.799068,False,models/tsdae_e5_small/ep05,random50,"{""augmentation"": ""no_augmentation"", ""beto_model"": ""dccuchile/bert-base-spanish-wwm-cased"", ""chunk_stride"": 256, ""max_tokens"": 512, ""n_cv_splits"": 5, ""n_search_iter"": 50, ""seeds"": [42, 43, 44, 45, 46], ""sentence_transformer_model"": ""intfloat/multilingual-e5-small"", ""tfidf_lemmatize"": true, ""tfidf_max_df"": 0.9, ""tfidf_max_features"": 300, ""tfidf_min_df"": 3, ""tfidf_ngram_range"": [1, 2], ""tfidf_normalize_numbers"": true}",2026-09-08T23:56:07
E3_TSDAE_EP05,frozen,participant,03,no_augmentation,PHQ9,44,AdaBoost,5.752994,False,models/tsdae_e5_small/ep05,random50,"{""augmentation"": ""no_augmentation"", ""beto_model"": ""dccuchile/bert-base-spanish-wwm-cased"", ""chunk_stride"": 256, ""max_tokens"": 512, ""n_cv_splits"": 5, ""n_search_iter"": 50, ""seeds"": [42, 43, 44, 45, 46], ""sentence_transformer_model"": ""intfloat/multilingual-e5-small"", ""tfidf_lemmatize"": true, ""tfidf_max_df"": 0.9, ""tfidf_max_features"": 300, ""tfidf_min_df"": 3, ""tfidf_ngram_range"": [1, 2], ""tfidf_normalize_numbers"": true}",2026-09-08T23:56:07
E3_TSDAE_EP05,frozen,participant,03,no_augmentation,GAD7,44,Ridge,5.18962,False,models/tsdae_e5_small/ep05,random50,"{""augmentation"": ""no_augmentation"", ""beto_model"": ""dccuchile/bert-base-spanish-wwm-cased"", ""chunk_stride"": 256, ""max_tokens"": 512, ""n_cv_splits"": 5, ""n_search_iter"": 50, ""seeds"": [42, 43, 44, 45, 46], ""sentence_transformer_model"": ""intfloat/multilingual-e5-small"", ""tfidf_lemmatize"": true, ""tfidf_max_df"": 0.9, ""tfidf_max_features"": 300, ""tfidf_min_df"": 3, ""tfidf_ngram_range"": [1, 2], ""tfidf_normalize_numbers"": true}",2026-09-08T23:57:16
E3_TSDAE_EP05,frozen,participant,03,no_augmentation,GAD7,44,SVR,4.673091,False,models/tsdae_e5_small/ep05,random50,"{""augmentation"": ""no_augmentation"", ""beto_model"": ""dccuchile/bert-base-spanish-wwm-cased"", ""chunk_stride"": 256, ""max_tokens"": 512, ""n_cv_splits"": 5, ""n_search_iter"": 50, ""seeds"": [42, 43, 44, 45, 46], ""sentence_transformer_model"": ""intfloat/multilingual-e5-small"", ""tfidf_lemmatize"": true, ""tfidf_max_df"": 0.9, ""tfidf_max_features"": 300, ""tfidf_min_df"": 3, ""tfidf_ngram_range"": [1, 2], ""tfidf_normalize_numbers"": true}",2026-09-08T23:57:16
E3_TSDAE_EP05,frozen,participant,03,no_augmentation,GAD7,44,RandomForest,4.606051,False,models/tsdae_e5_small/ep05,random50,"{""augmentation"": ""no_augmentation"", ""beto_model"": ""dccuchile/bert-base-spanish-wwm-cased"", ""chunk_stride"": 256, ""max_tokens"": 512, ""n_cv_splits"": 5, ""n_search_iter"": 50, ""seeds"": [42, 43, 44, 45, 46], ""sentence_transformer_model"": ""intfloat/multilingual-e5-small"", ""tfidf_lemmatize"": true, ""tfidf_max_df"": 0.9, ""tfidf_max_features"": 300, ""tfidf_min_df"": 3, ""tfidf_ngram_range"": [1, 2], ""tfidf_normalize_numbers"": true}",2026-09-08T23:57:16
E3_TSDAE_EP05,frozen,participant,03,no_augmentation,GAD7,44,ExtraTrees,4.608143,False,models/tsdae_e5_small/ep05,random50,"{""augmentation"": ""no_augmentation"", ""beto_model"": ""dccuchile/bert-base-spanish-wwm-cased"", ""chunk_stride"": 256, ""max_tokens"": 512, ""n_cv_splits"": 5, ""n_search_iter"": 50, ""seeds"": [42, 43, 44, 45, 46], ""sentence_transformer_model"": ""intfloat/multilingual-e5-small"", ""tfidf_lemmatize"": true, ""tfidf_max_df"": 0.9, ""tfidf_max_features"": 300, ""tfidf_min_df"": 3, ""tfidf_ngram_range"": [1, 2], ""tfidf_normalize_numbers"": true}",2026-09-08T23:57:16
E3_TSDAE_EP05,frozen,participant,03,no_augmentation,GAD7,44,GradientBoosting,4.709383,False,models/tsdae_e5_small/ep05,random50,"{""augmentation"": ""no_augmentation"", ""beto_model"": ""dccuchile/bert-base-spanish-wwm-cased"", ""chunk_stride"": 256, ""max_tokens"": 512, ""n_cv_splits"": 5, ""n_search_iter"": 50, ""seeds"": [42, 43, 44, 45, 46], ""sentence_transformer_model"": ""intfloat/multilingual-e5-small"", ""tfidf_lemmatize"": true, ""tfidf_max_df"": 0.9, ""tfidf_max_features"": 300, ""tfidf_min_df"": 3, ""tfidf_ngram_range"": [1, 2], ""tfidf_normalize_numbers"": true}",2026-09-08T23:57:16
E3_TSDAE_EP05,frozen,participant,03,no_augmentation,GAD7,44,LightGBM,4.800185,False,models/tsdae_e5_small/ep05,random50,"{""augmentation"": ""no_augmentation"", ""beto_model"": ""dccuchile/bert-base-spanish-wwm-cased"", ""chunk_stride"": 256, ""max_tokens"": 512, ""n_cv_splits"": 5, ""n_search_iter"": 50, ""seeds"": [42, 43, 44, 45, 46], ""sentence_transformer_model"": ""intfloat/multilingual-e5-small"", ""tfidf_lemmatize"": true, ""tfidf_max_df"": 0.9, ""tfidf_max_features"": 300, ""tfidf_min_df"": 3, ""tfidf_ngram_range"": [1, 2], ""tfidf_normalize_numbers"": true}",2026-09-08T23:57:16
E3_TSDAE_EP05,frozen,participant,03,no_augmentation,GAD7,44,KNN,4.57926,False,models/tsdae_e5_small/ep05,random50,"{""augmentation"": ""no_augmentation"", ""beto_model"": ""dccuchile/bert-base-spanish-wwm-cased"", ""chunk_stride"": 256, ""max_tokens"": 512, ""n_cv_splits"": 5, ""n_search_iter"": 50, ""seeds"": [42, 43, 44, 45, 46], ""sentence_transformer_model"": ""intfloat/multilingual-e5-small"", ""tfidf_lemmatize"": true, ""tfidf_max_df"": 0.9, ""tfidf_max_features"": 300, ""tfidf_min_df"": 3, ""tfidf_ngram_range"": [1, 2], ""tfidf_normalize_numbers"": true}",2026-09-08T23:57:16
E3_TSDAE_EP05,frozen,participant,03,no_augmentation,GAD7,44,DecisionTree,5.289048,False,models/tsdae_e5_small/ep05,random50,"{""augmentation"": ""no_augmentation"", ""beto_model"": ""dccuchile/bert-base-spanish-wwm-cased"", ""chunk_stride"": 256, ""max_tokens"": 512, ""n_cv_splits"": 5, ""n_search_iter"": 50, ""seeds"": [42, 43, 44, 45, 46], ""sentence_transformer_model"": ""intfloat/multilingual-e5-small"", ""tfidf_lemmatize"": true, ""tfidf_max_df"": 0.9, ""tfidf_max_features"": 300, ""tfidf_min_df"": 3, ""tfidf_ngram_range"": [1, 2], ""tfidf_normalize_numbers"": true}",2026-09-08T23:57:16
E3_TSDAE_EP05,frozen,participant,03,no_augmentation,GAD7,44,AdaBoost,4.544282,True,models/tsdae_e5_small/ep05,random50,"{""augmentation"": ""no_augmentation"", ""beto_model"": ""dccuchile/bert-base-spanish-wwm-cased"", ""chunk_stride"": 256, ""max_tokens"": 512, ""n_cv_splits"": 5, ""n_search_iter"": 50, ""seeds"": [42, 43, 44, 45, 46], ""sentence_transformer_model"": ""intfloat/multilingual-e5-small"", ""tfidf_lemmatize"": true, ""tfidf_max_df"": 0.9, ""tfidf_max_features"": 300, ""tfidf_min_df"": 3, ""tfidf_ngram_range"": [1, 2], ""tfidf_normalize_numbers"": true}",2026-09-08T23:57:16
E3_TSDAE_EP05,frozen,participant,03,no_augmentation,PHQ9,45,Ridge,6.55026,False,models/tsdae_e5_small/ep05,random50,"{""augmentation"": ""no_augmentation"", ""beto_model"": ""dccuchile/bert-base-spanish-wwm-cased"", ""chunk_stride"": 256, ""max_tokens"": 512, ""n_cv_splits"": 5, ""n_search_iter"": 50, ""seeds"": [42, 43, 44, 45, 46], ""sentence_transformer_model"": ""intfloat/multilingual-e5-small"", ""tfidf_lemmatize"": true, ""tfidf_max_df"": 0.9, ""tfidf_max_features"": 300, ""tfidf_min_df"": 3, ""tfidf_ngram_range"": [1, 2], ""tfidf_normalize_numbers"": true}",2026-09-08T23:58:27
E3_TSDAE_EP05,frozen,participant,03,no_augmentation,PHQ9,45,SVR,5.748343,False,models/tsdae_e5_small/ep05,random50,"{""augmentation"": ""no_augmentation"", ""beto_model"": ""dccuchile/bert-base-spanish-wwm-cased"", ""chunk_stride"": 256, ""max_tokens"": 512, ""n_cv_splits"": 5, ""n_search_iter"": 50, ""seeds"": [42, 43, 44, 45, 46], ""sentence_transformer_model"": ""intfloat/multilingual-e5-small"", ""tfidf_lemmatize"": true, ""tfidf_max_df"": 0.9, ""tfidf_max_features"": 300, ""tfidf_min_df"": 3, ""tfidf_ngram_range"": [1, 2], ""tfidf_normalize_numbers"": true}",2026-09-08T23:58:27
E3_TSDAE_EP05,frozen,participant,03,no_augmentation,PHQ9,45,RandomForest,5.62817,False,models/tsdae_e5_small/ep05,random50,"{""augmentation"": ""no_augmentation"", ""beto_model"": ""dccuchile/bert-base-spanish-wwm-cased"", ""chunk_stride"": 256, ""max_tokens"": 512, ""n_cv_splits"": 5, ""n_search_iter"": 50, ""seeds"": [42, 43, 44, 45, 46], ""sentence_transformer_model"": ""intfloat/multilingual-e5-small"", ""tfidf_lemmatize"": true, ""tfidf_max_df"": 0.9, ""tfidf_max_features"": 300, ""tfidf_min_df"": 3, ""tfidf_ngram_range"": [1, 2], ""tfidf_normalize_numbers"": true}",2026-09-08T23:58:27
E3_TSDAE_EP05,frozen,participant,03,no_augmentation,PHQ9,45,ExtraTrees,5.601331,False,models/tsdae_e5_small/ep05,random50,"{""augmentation"": ""no_augmentation"", ""beto_model"": ""dccuchile/bert-base-spanish-wwm-cased"", ""chunk_stride"": 256, ""max_tokens"": 512, ""n_cv_splits"": 5, ""n_search_iter"": 50, ""seeds"": [42, 43, 44, 45, 46], ""sentence_transformer_model"": ""intfloat/multilingual-e5-small"", ""tfidf_lemmatize"": true, ""tfidf_max_df"": 0.9, ""tfidf_max_features"": 300, ""tfidf_min_df"": 3, ""tfidf_ngram_range"": [1, 2], ""tfidf_normalize_numbers"": true}",2026-09-08T23:58:27
E3_TSDAE_EP05,frozen,participant,03,no_augmentation,PHQ9,45,GradientBoosting,5.666707,False,models/tsdae_e5_small/ep05,random50,"{""augmentation"": ""no_augmentation"", ""beto_model"": ""dccuchile/bert-base-spanish-wwm-cased"", ""chunk_stride"": 256, ""max_tokens"": 512, ""n_cv_splits"": 5, ""n_search_iter"": 50, ""seeds"": [42, 43, 44, 45, 46], ""sentence_transformer_model"": ""intfloat/multilingual-e5-small"", ""tfidf_lemmatize"": true, ""tfidf_max_df"": 0.9, ""tfidf_max_features"": 300, ""tfidf_min_df"": 3, ""tfidf_ngram_range"": [1, 2], ""tfidf_normalize_numbers"": true}",2026-09-08T23:58:27
E3_TSDAE_EP05,frozen,participant,03,no_augmentation,PHQ9,45,LightGBM,5.944765,False,models/tsdae_e5_small/ep05,random50,"{""augmentation"": ""no_augmentation"", ""beto_model"": ""dccuchile/bert-base-spanish-wwm-cased"", ""chunk_stride"": 256, ""max_tokens"": 512, ""n_cv_splits"": 5, ""n_search_iter"": 50, ""seeds"": [42, 43, 44, 45, 46], ""sentence_transformer_model"": ""intfloat/multilingual-e5-small"", ""tfidf_lemmatize"": true, ""tfidf_max_df"": 0.9, ""tfidf_max_features"": 300, ""tfidf_min_df"": 3, ""tfidf_ngram_range"": [1, 2], ""tfidf_normalize_numbers"": true}",2026-09-08T23:58:27
E3_TSDAE_EP05,frozen,participant,03,no_augmentation,PHQ9,45,KNN,5.546993,True,models/tsdae_e5_small/ep05,random50,"{""augmentation"": ""no_augmentation"", ""beto_model"": ""dccuchile/bert-base-spanish-wwm-cased"", ""chunk_stride"": 256, ""max_tokens"": 512, ""n_cv_splits"": 5, ""n_search_iter"": 50, ""seeds"": [42, 43, 44, 45, 46], ""sentence_transformer_model"": ""intfloat/multilingual-e5-small"", ""tfidf_lemmatize"": true, ""tfidf_max_df"": 0.9, ""tfidf_max_features"": 300, ""tfidf_min_df"": 3, ""tfidf_ngram_range"": [1, 2], ""tfidf_normalize_numbers"": true}",2026-09-08T23:58:28
E3_TSDAE_EP05,frozen,participant,03,no_augmentation,PHQ9,45,DecisionTree,5.972306,False,models/tsdae_e5_small/ep05,random50,"{""augmentation"": ""no_augmentation"", ""beto_model"": ""dccuchile/bert-base-spanish-wwm-cased"", ""chunk_stride"": 256, ""max_tokens"": 512, ""n_cv_splits"": 5, ""n_search_iter"": 50, ""seeds"": [42, 43, 44, 45, 46], ""sentence_transformer_model"": ""intfloat/multilingual-e5-small"", ""tfidf_lemmatize"": true, ""tfidf_max_df"": 0.9, ""tfidf_max_features"": 300, ""tfidf_min_df"": 3, ""tfidf_ngram_range"": [1, 2], ""tfidf_normalize_numbers"": true}",2026-09-08T23:58:28
E3_TSDAE_EP05,frozen,participant,03,no_augmentation,PHQ9,45,AdaBoost,5.707123,False,models/tsdae_e5_small/ep05,random50,"{""augmentation"": ""no_augmentation"", ""beto_model"": ""dccuchile/bert-base-spanish-wwm-cased"", ""chunk_stride"": 256, ""max_tokens"": 512, ""n_cv_splits"": 5, ""n_search_iter"": 50, ""seeds"": [42, 43, 44, 45, 46], ""sentence_transformer_model"": ""intfloat/multilingual-e5-small"", ""tfidf_lemmatize"": true, ""tfidf_max_df"": 0.9, ""tfidf_max_features"": 300, ""tfidf_min_df"": 3, ""tfidf_ngram_range"": [1, 2], ""tfidf_normalize_numbers"": true}",2026-09-08T23:58:28
E3_TSDAE_EP05,frozen,participant,03,no_augmentation,GAD7,45,Ridge,5.340041,False,models/tsdae_e5_small/ep05,random50,"{""augmentation"": ""no_augmentation"", ""beto_model"": ""dccuchile/bert-base-spanish-wwm-cased"", ""chunk_stride"": 256, ""max_tokens"": 512, ""n_cv_splits"": 5, ""n_search_iter"": 50, ""seeds"": [42, 43, 44, 45, 46], ""sentence_transformer_model"": ""intfloat/multilingual-e5-small"", ""tfidf_lemmatize"": true, ""tfidf_max_df"": 0.9, ""tfidf_max_features"": 300, ""tfidf_min_df"": 3, ""tfidf_ngram_range"": [1, 2], ""tfidf_normalize_numbers"": true}",2026-09-08T23:59:39
E3_TSDAE_EP05,frozen,participant,03,no_augmentation,GAD7,45,SVR,4.787728,False,models/tsdae_e5_small/ep05,random50,"{""augmentation"": ""no_augmentation"", ""beto_model"": ""dccuchile/bert-base-spanish-wwm-cased"", ""chunk_stride"": 256, ""max_tokens"": 512, ""n_cv_splits"": 5, ""n_search_iter"": 50, ""seeds"": [42, 43, 44, 45, 46], ""sentence_transformer_model"": ""intfloat/multilingual-e5-small"", ""tfidf_lemmatize"": true, ""tfidf_max_df"": 0.9, ""tfidf_max_features"": 300, ""tfidf_min_df"": 3, ""tfidf_ngram_range"": [1, 2], ""tfidf_normalize_numbers"": true}",2026-09-08T23:59:39
E3_TSDAE_EP05,frozen,participant,03,no_augmentation,GAD7,45,RandomForest,4.70662,False,models/tsdae_e5_small/ep05,random50,"{""augmentation"": ""no_augmentation"", ""beto_model"": ""dccuchile/bert-base-spanish-wwm-cased"", ""chunk_stride"": 256, ""max_tokens"": 512, ""n_cv_splits"": 5, ""n_search_iter"": 50, ""seeds"": [42, 43, 44, 45, 46], ""sentence_transformer_model"": ""intfloat/multilingual-e5-small"", ""tfidf_lemmatize"": true, ""tfidf_max_df"": 0.9, ""tfidf_max_features"": 300, ""tfidf_min_df"": 3, ""tfidf_ngram_range"": [1, 2], ""tfidf_normalize_numbers"": true}",2026-09-08T23:59:39
E3_TSDAE_EP05,frozen,participant,03,no_augmentation,GAD7,45,ExtraTrees,4.673318,False,models/tsdae_e5_small/ep05,random50,"{""augmentation"": ""no_augmentation"", ""beto_model"": ""dccuchile/bert-base-spanish-wwm-cased"", ""chunk_stride"": 256, ""max_tokens"": 512, ""n_cv_splits"": 5, ""n_search_iter"": 50, ""seeds"": [42, 43, 44, 45, 46], ""sentence_transformer_model"": ""intfloat/multilingual-e5-small"", ""tfidf_lemmatize"": true, ""tfidf_max_df"": 0.9, ""tfidf_max_features"": 300, ""tfidf_min_df"": 3, ""tfidf_ngram_range"": [1, 2], ""tfidf_normalize_numbers"": true}",2026-09-08T23:59:39
E3_TSDAE_EP05,frozen,participant,03,no_augmentation,GAD7,45,GradientBoosting,4.698708,False,models/tsdae_e5_small/ep05,random50,"{""augmentation"": ""no_augmentation"", ""beto_model"": ""dccuchile/bert-base-spanish-wwm-cased"", ""chunk_stride"": 256, ""max_tokens"": 512, ""n_cv_splits"": 5, ""n_search_iter"": 50, ""seeds"": [42, 43, 44, 45, 46], ""sentence_transformer_model"": ""intfloat/multilingual-e5-small"", ""tfidf_lemmatize"": true, ""tfidf_max_df"": 0.9, ""tfidf_max_features"": 300, ""tfidf_min_df"": 3, ""tfidf_ngram_range"": [1, 2], ""tfidf_normalize_numbers"": true}",2026-09-08T23:59:39
E3_TSDAE_EP05,frozen,participant,03,no_augmentation,GAD7,45,LightGBM,4.768429,False,models/tsdae_e5_small/ep05,random50,"{""augmentation"": ""no_augmentation"", ""beto_model"": ""dccuchile/bert-base-spanish-wwm-cased"", ""chunk_stride"": 256, ""max_tokens"": 512, ""n_cv_splits"": 5, ""n_search_iter"": 50, ""seeds"": [42, 43, 44, 45, 46], ""sentence_transformer_model"": ""intfloat/multilingual-e5-small"", ""tfidf_lemmatize"": true, ""tfidf_max_df"": 0.9, ""tfidf_max_features"": 300, ""tfidf_min_df"": 3, ""tfidf_ngram_range"": [1, 2], ""tfidf_normalize_numbers"": true}",2026-09-08T23:59:39
E3_TSDAE_EP05,frozen,participant,03,no_augmentation,GAD7,45,KNN,4.750967,False,models/tsdae_e5_small/ep05,random50,"{""augmentation"": ""no_augmentation"", ""beto_model"": ""dccuchile/bert-base-spanish-wwm-cased"", ""chunk_stride"": 256, ""max_tokens"": 512, ""n_cv_splits"": 5, ""n_search_iter"": 50, ""seeds"": [42, 43, 44, 45, 46], ""sentence_transformer_model"": ""intfloat/multilingual-e5-small"", ""tfidf_lemmatize"": true, ""tfidf_max_df"": 0.9, ""tfidf_max_features"": 300, ""tfidf_min_df"": 3, ""tfidf_ngram_range"": [1, 2], ""tfidf_normalize_numbers"": true}",2026-09-08T23:59:39
E3_TSDAE_EP05,frozen,participant,03,no_augmentation,GAD7,45,DecisionTree,5.221014,False,models/tsdae_e5_small/ep05,random50,"{""augmentation"": ""no_augmentation"", ""beto_model"": ""dccuchile/bert-base-spanish-wwm-cased"", ""chunk_stride"": 256, ""max_tokens"": 512, ""n_cv_splits"": 5, ""n_search_iter"": 50, ""seeds"": [42, 43, 44, 45, 46], ""sentence_transformer_model"": ""intfloat/multilingual-e5-small"", ""tfidf_lemmatize"": true, ""tfidf_max_df"": 0.9, ""tfidf_max_features"": 300, ""tfidf_min_df"": 3, ""tfidf_ngram_range"": [1, 2], ""tfidf_normalize_numbers"": true}",2026-09-08T23:59:39
E3_TSDAE_EP05,frozen,participant,03,no_augmentation,GAD7,45,AdaBoost,4.623898,True,models/tsdae_e5_small/ep05,random50,"{""augmentation"": ""no_augmentation"", ""beto_model"": ""dccuchile/bert-base-spanish-wwm-cased"", ""chunk_stride"": 256, ""max_tokens"": 512, ""n_cv_splits"": 5, ""n_search_iter"": 50, ""seeds"": [42, 43, 44, 45, 46], ""sentence_transformer_model"": ""intfloat/multilingual-e5-small"", ""tfidf_lemmatize"": true, ""tfidf_max_df"": 0.9, ""tfidf_max_features"": 300, ""tfidf_min_df"": 3, ""tfidf_ngram_range"": [1, 2], ""tfidf_normalize_numbers"": true}",2026-09-08T23:59:39
E3_TSDAE_EP05,frozen,participant,03,no_augmentation,PHQ9,46,Ridge,6.276866,False,models/tsdae_e5_small/ep05,random50,"{""augmentation"": ""no_augmentation"", ""beto_model"": ""dccuchile/bert-base-spanish-wwm-cased"", ""chunk_stride"": 256, ""max_tokens"": 512, ""n_cv_splits"": 5, ""n_search_iter"": 50, ""seeds"": [42, 43, 44, 45, 46], ""sentence_transformer_model"": ""intfloat/multilingual-e5-small"", ""tfidf_lemmatize"": true, ""tfidf_max_df"": 0.9, ""tfidf_max_features"": 300, ""tfidf_min_df"": 3, ""tfidf_ngram_range"": [1, 2], ""tfidf_normalize_numbers"": true}",2026-09-09T00:00:47
E3_TSDAE_EP05,frozen,participant,03,no_augmentation,PHQ9,46,SVR,5.628218,False,models/tsdae_e5_small/ep05,random50,"{""augmentation"": ""no_augmentation"", ""beto_model"": ""dccuchile/bert-base-spanish-wwm-cased"", ""chunk_stride"": 256, ""max_tokens"": 512, ""n_cv_splits"": 5, ""n_search_iter"": 50, ""seeds"": [42, 43, 44, 45, 46], ""sentence_transformer_model"": ""intfloat/multilingual-e5-small"", ""tfidf_lemmatize"": true, ""tfidf_max_df"": 0.9, ""tfidf_max_features"": 300, ""tfidf_min_df"": 3, ""tfidf_ngram_range"": [1, 2], ""tfidf_normalize_numbers"": true}",2026-09-09T00:00:47
E3_TSDAE_EP05,frozen,participant,03,no_augmentation,PHQ9,46,RandomForest,5.626204,False,models/tsdae_e5_small/ep05,random50,"{""augmentation"": ""no_augmentation"", ""beto_model"": ""dccuchile/bert-base-spanish-wwm-cased"", ""chunk_stride"": 256, ""max_tokens"": 512, ""n_cv_splits"": 5, ""n_search_iter"": 50, ""seeds"": [42, 43, 44, 45, 46], ""sentence_transformer_model"": ""intfloat/multilingual-e5-small"", ""tfidf_lemmatize"": true, ""tfidf_max_df"": 0.9, ""tfidf_max_features"": 300, ""tfidf_min_df"": 3, ""tfidf_ngram_range"": [1, 2], ""tfidf_normalize_numbers"": true}",2026-09-09T00:00:47
E3_TSDAE_EP05,frozen,participant,03,no_augmentation,PHQ9,46,ExtraTrees,5.662103,False,models/tsdae_e5_small/ep05,random50,"{""augmentation"": ""no_augmentation"", ""beto_model"": ""dccuchile/bert-base-spanish-wwm-cased"", ""chunk_stride"": 256, ""max_tokens"": 512, ""n_cv_splits"": 5, ""n_search_iter"": 50, ""seeds"": [42, 43, 44, 45, 46], ""sentence_transformer_model"": ""intfloat/multilingual-e5-small"", ""tfidf_lemmatize"": true, ""tfidf_max_df"": 0.9, ""tfidf_max_features"": 300, ""tfidf_min_df"": 3, ""tfidf_ngram_range"": [1, 2], ""tfidf_normalize_numbers"": true}",2026-09-09T00:00:47
E3_TSDAE_EP05,frozen,participant,03,no_augmentation,PHQ9,46,GradientBoosting,5.692265,False,models/tsdae_e5_small/ep05,random50,"{""augmentation"": ""no_augmentation"", ""beto_model"": ""dccuchile/bert-base-spanish-wwm-cased"", ""chunk_stride"": 256, ""max_tokens"": 512, ""n_cv_splits"": 5, ""n_search_iter"": 50, ""seeds"": [42, 43, 44, 45, 46], ""sentence_transformer_model"": ""intfloat/multilingual-e5-small"", ""tfidf_lemmatize"": true, ""tfidf_max_df"": 0.9, ""tfidf_max_features"": 300, ""tfidf_min_df"": 3, ""tfidf_ngram_range"": [1, 2], ""tfidf_normalize_numbers"": true}",2026-09-09T00:00:47
E3_TSDAE_EP05,frozen,participant,03,no_augmentation,PHQ9,46,LightGBM,5.730939,False,models/tsdae_e5_small/ep05,random50,"{""augmentation"": ""no_augmentation"", ""beto_model"": ""dccuchile/bert-base-spanish-wwm-cased"", ""chunk_stride"": 256, ""max_tokens"": 512, ""n_cv_splits"": 5, ""n_search_iter"": 50, ""seeds"": [42, 43, 44, 45, 46], ""sentence_transformer_model"": ""intfloat/multilingual-e5-small"", ""tfidf_lemmatize"": true, ""tfidf_max_df"": 0.9, ""tfidf_max_features"": 300, ""tfidf_min_df"": 3, ""tfidf_ngram_range"": [1, 2], ""tfidf_normalize_numbers"": true}",2026-09-09T00:00:47
E3_TSDAE_EP05,frozen,participant,03,no_augmentation,PHQ9,46,KNN,5.541596,True,models/tsdae_e5_small/ep05,random50,"{""augmentation"": ""no_augmentation"", ""beto_model"": ""dccuchile/bert-base-spanish-wwm-cased"", ""chunk_stride"": 256, ""max_tokens"": 512, ""n_cv_splits"": 5, ""n_search_iter"": 50, ""seeds"": [42, 43, 44, 45, 46], ""sentence_transformer_model"": ""intfloat/multilingual-e5-small"", ""tfidf_lemmatize"": true, ""tfidf_max_df"": 0.9, ""tfidf_max_features"": 300, ""tfidf_min_df"": 3, ""tfidf_ngram_range"": [1, 2], ""tfidf_normalize_numbers"": true}",2026-09-09T00:00:47
E3_TSDAE_EP05,frozen,participant,03,no_augmentation,PHQ9,46,DecisionTree,5.88479,False,models/tsdae_e5_small/ep05,random50,"{""augmentation"": ""no_augmentation"", ""beto_model"": ""dccuchile/bert-base-spanish-wwm-cased"", ""chunk_stride"": 256, ""max_tokens"": 512, ""n_cv_splits"": 5, ""n_search_iter"": 50, ""seeds"": [42, 43, 44, 45, 46], ""sentence_transformer_model"": ""intfloat/multilingual-e5-small"", ""tfidf_lemmatize"": true, ""tfidf_max_df"": 0.9, ""tfidf_max_features"": 300, ""tfidf_min_df"": 3, ""tfidf_ngram_range"": [1, 2], ""tfidf_normalize_numbers"": true}",2026-09-09T00:00:47
E3_TSDAE_EP05,frozen,participant,03,no_augmentation,PHQ9,46,AdaBoost,5.597984,False,models/tsdae_e5_small/ep05,random50,"{""augmentation"": ""no_augmentation"", ""beto_model"": ""dccuchile/bert-base-spanish-wwm-cased"", ""chunk_stride"": 256, ""max_tokens"": 512, ""n_cv_splits"": 5, ""n_search_iter"": 50, ""seeds"": [42, 43, 44, 45, 46], ""sentence_transformer_model"": ""intfloat/multilingual-e5-small"", ""tfidf_lemmatize"": true, ""tfidf_max_df"": 0.9, ""tfidf_max_features"": 300, ""tfidf_min_df"": 3, ""tfidf_ngram_range"": [1, 2], ""tfidf_normalize_numbers"": true}",2026-09-09T00:00:47
E3_TSDAE_EP05,frozen,participant,03,no_augmentation,GAD7,46,Ridge,4.971498,False,models/tsdae_e5_small/ep05,random50,"{""augmentation"": ""no_augmentation"", ""beto_model"": ""dccuchile/bert-base-spanish-wwm-cased"", ""chunk_stride"": 256, ""max_tokens"": 512, ""n_cv_splits"": 5, ""n_search_iter"": 50, ""seeds"": [42, 43, 44, 45, 46], ""sentence_transformer_model"": ""intfloat/multilingual-e5-small"", ""tfidf_lemmatize"": true, ""tfidf_max_df"": 0.9, ""tfidf_max_features"": 300, ""tfidf_min_df"": 3, ""tfidf_ngram_range"": [1, 2], ""tfidf_normalize_numbers"": true}",2026-09-09T00:01:55
E3_TSDAE_EP05,frozen,participant,03,no_augmentation,GAD7,46,SVR,4.581178,False,models/tsdae_e5_small/ep05,random50,"{""augmentation"": ""no_augmentation"", ""beto_model"": ""dccuchile/bert-base-spanish-wwm-cased"", ""chunk_stride"": 256, ""max_tokens"": 512, ""n_cv_splits"": 5, ""n_search_iter"": 50, ""seeds"": [42, 43, 44, 45, 46], ""sentence_transformer_model"": ""intfloat/multilingual-e5-small"", ""tfidf_lemmatize"": true, ""tfidf_max_df"": 0.9, ""tfidf_max_features"": 300, ""tfidf_min_df"": 3, ""tfidf_ngram_range"": [1, 2], ""tfidf_normalize_numbers"": true}",2026-09-09T00:01:55
E3_TSDAE_EP05,frozen,participant,03,no_augmentation,GAD7,46,RandomForest,4.583194,False,models/tsdae_e5_small/ep05,random50,"{""augmentation"": ""no_augmentation"", ""beto_model"": ""dccuchile/bert-base-spanish-wwm-cased"", ""chunk_stride"": 256, ""max_tokens"": 512, ""n_cv_splits"": 5, ""n_search_iter"": 50, ""seeds"": [42, 43, 44, 45, 46], ""sentence_transformer_model"": ""intfloat/multilingual-e5-small"", ""tfidf_lemmatize"": true, ""tfidf_max_df"": 0.9, ""tfidf_max_features"": 300, ""tfidf_min_df"": 3, ""tfidf_ngram_range"": [1, 2], ""tfidf_normalize_numbers"": true}",2026-09-09T00:01:55
E3_TSDAE_EP05,frozen,participant,03,no_augmentation,GAD7,46,ExtraTrees,4.552741,False,models/tsdae_e5_small/ep05,random50,"{""augmentation"": ""no_augmentation"", ""beto_model"": ""dccuchile/bert-base-spanish-wwm-cased"", ""chunk_stride"": 256, ""max_tokens"": 512, ""n_cv_splits"": 5, ""n_search_iter"": 50, ""seeds"": [42, 43, 44, 45, 46], ""sentence_transformer_model"": ""intfloat/multilingual-e5-small"", ""tfidf_lemmatize"": true, ""tfidf_max_df"": 0.9, ""tfidf_max_features"": 300, ""tfidf_min_df"": 3, ""tfidf_ngram_range"": [1, 2], ""tfidf_normalize_numbers"": true}",2026-09-09T00:01:55
E3_TSDAE_EP05,frozen,participant,03,no_augmentation,GAD7,46,GradientBoosting,4.673581,False,models/tsdae_e5_small/ep05,random50,"{""augmentation"": ""no_augmentation"", ""beto_model"": ""dccuchile/bert-base-spanish-wwm-cased"", ""chunk_stride"": 256, ""max_tokens"": 512, ""n_cv_splits"": 5, ""n_search_iter"": 50, ""seeds"": [42, 43, 44, 45, 46], ""sentence_transformer_model"": ""intfloat/multilingual-e5-small"", ""tfidf_lemmatize"": true, ""tfidf_max_df"": 0.9, ""tfidf_max_features"": 300, ""tfidf_min_df"": 3, ""tfidf_ngram_range"": [1, 2], ""tfidf_normalize_numbers"": true}",2026-09-09T00:01:55
E3_TSDAE_EP05,frozen,participant,03,no_augmentation,GAD7,46,LightGBM,4.367148,True,models/tsdae_e5_small/ep05,random50,"{""augmentation"": ""no_augmentation"", ""beto_model"": ""dccuchile/bert-base-spanish-wwm-cased"", ""chunk_stride"": 256, ""max_tokens"": 512, ""n_cv_splits"": 5, ""n_search_iter"": 50, ""seeds"": [42, 43, 44, 45, 46], ""sentence_transformer_model"": ""intfloat/multilingual-e5-small"", ""tfidf_lemmatize"": true, ""tfidf_max_df"": 0.9, ""tfidf_max_features"": 300, ""tfidf_min_df"": 3, ""tfidf_ngram_range"": [1, 2], ""tfidf_normalize_numbers"": true}",2026-09-09T00:01:55
E3_TSDAE_EP05,frozen,participant,03,no_augmentation,GAD7,46,KNN,4.52152,False,models/tsdae_e5_small/ep05,random50,"{""augmentation"": ""no_augmentation"", ""beto_model"": ""dccuchile/bert-base-spanish-wwm-cased"", ""chunk_stride"": 256, ""max_tokens"": 512, ""n_cv_splits"": 5, ""n_search_iter"": 50, ""seeds"": [42, 43, 44, 45, 46], ""sentence_transformer_model"": ""intfloat/multilingual-e5-small"", ""tfidf_lemmatize"": true, ""tfidf_max_df"": 0.9, ""tfidf_max_features"": 300, ""tfidf_min_df"": 3, ""tfidf_ngram_range"": [1, 2], ""tfidf_normalize_numbers"": true}",2026-09-09T00:01:55
E3_TSDAE_EP05,frozen,participant,03,no_augmentation,GAD7,46,DecisionTree,5.132866,False,models/tsdae_e5_small/ep05,random50,"{""augmentation"": ""no_augmentation"", ""beto_model"": ""dccuchile/bert-base-spanish-wwm-cased"", ""chunk_stride"": 256, ""max_tokens"": 512, ""n_cv_splits"": 5, ""n_search_iter"": 50, ""seeds"": [42, 43, 44, 45, 46], ""sentence_transformer_model"": ""intfloat/multilingual-e5-small"", ""tfidf_lemmatize"": true, ""tfidf_max_df"": 0.9, ""tfidf_max_features"": 300, ""tfidf_min_df"": 3, ""tfidf_ngram_range"": [1, 2], ""tfidf_normalize_numbers"": true}",2026-09-09T00:01:55
E3_TSDAE_EP05,frozen,participant,03,no_augmentation,GAD7,46,AdaBoost,4.479324,False,models/tsdae_e5_small/ep05,random50,"{""augmentation"": ""no_augmentation"", ""beto_model"": ""dccuchile/bert-base-spanish-wwm-cased"", ""chunk_stride"": 256, ""max_tokens"": 512, ""n_cv_splits"": 5, ""n_search_iter"": 50, ""seeds"": [42, 43, 44, 45, 46], ""sentence_transformer_model"": ""intfloat/multilingual-e5-small"", ""tfidf_lemmatize"": true, ""tfidf_max_df"": 0.9, ""tfidf_max_features"": 300, ""tfidf_min_df"": 3, ""tfidf_ngram_range"": [1, 2], ""tfidf_normalize_numbers"": true}",2026-09-09T00:01:55
E3_TSDAE_EP10,frozen,participant,03,no_augmentation,PHQ9,42,Ridge,6.583316,False,models/tsdae_e5_small/ep10,random50,"{""augmentation"": ""no_augmentation"", ""beto_model"": ""dccuchile/bert-base-spanish-wwm-cased"", ""chunk_stride"": 256, ""max_tokens"": 512, ""n_cv_splits"": 5, ""n_search_iter"": 50, ""seeds"": [42, 43, 44, 45, 46], ""sentence_transformer_model"": ""intfloat/multilingual-e5-small"", ""tfidf_lemmatize"": true, ""tfidf_max_df"": 0.9, ""tfidf_max_features"": 300, ""tfidf_min_df"": 3, ""tfidf_ngram_range"": [1, 2], ""tfidf_normalize_numbers"": true}",2026-09-09T00:03:09
E3_TSDAE_EP10,frozen,participant,03,no_augmentation,PHQ9,42,SVR,5.905029,False,models/tsdae_e5_small/ep10,random50,"{""augmentation"": ""no_augmentation"", ""beto_model"": ""dccuchile/bert-base-spanish-wwm-cased"", ""chunk_stride"": 256, ""max_tokens"": 512, ""n_cv_splits"": 5, ""n_search_iter"": 50, ""seeds"": [42, 43, 44, 45, 46], ""sentence_transformer_model"": ""intfloat/multilingual-e5-small"", ""tfidf_lemmatize"": true, ""tfidf_max_df"": 0.9, ""tfidf_max_features"": 300, ""tfidf_min_df"": 3, ""tfidf_ngram_range"": [1, 2], ""tfidf_normalize_numbers"": true}",2026-09-09T00:03:09
E3_TSDAE_EP10,frozen,participant,03,no_augmentation,PHQ9,42,RandomForest,5.876669,False,models/tsdae_e5_small/ep10,random50,"{""augmentation"": ""no_augmentation"", ""beto_model"": ""dccuchile/bert-base-spanish-wwm-cased"", ""chunk_stride"": 256, ""max_tokens"": 512, ""n_cv_splits"": 5, ""n_search_iter"": 50, ""seeds"": [42, 43, 44, 45, 46], ""sentence_transformer_model"": ""intfloat/multilingual-e5-small"", ""tfidf_lemmatize"": true, ""tfidf_max_df"": 0.9, ""tfidf_max_features"": 300, ""tfidf_min_df"": 3, ""tfidf_ngram_range"": [1, 2], ""tfidf_normalize_numbers"": true}",2026-09-09T00:03:09
E3_TSDAE_EP10,frozen,participant,03,no_augmentation,PHQ9,42,ExtraTrees,5.878452,False,models/tsdae_e5_small/ep10,random50,"{""augmentation"": ""no_augmentation"", ""beto_model"": ""dccuchile/bert-base-spanish-wwm-cased"", ""chunk_stride"": 256, ""max_tokens"": 512, ""n_cv_splits"": 5, ""n_search_iter"": 50, ""seeds"": [42, 43, 44, 45, 46], ""sentence_transformer_model"": ""intfloat/multilingual-e5-small"", ""tfidf_lemmatize"": true, ""tfidf_max_df"": 0.9, ""tfidf_max_features"": 300, ""tfidf_min_df"": 3, ""tfidf_ngram_range"": [1, 2], ""tfidf_normalize_numbers"": true}",2026-09-09T00:03:09
E3_TSDAE_EP10,frozen,participant,03,no_augmentation,PHQ9,42,GradientBoosting,5.98842,False,models/tsdae_e5_small/ep10,random50,"{""augmentation"": ""no_augmentation"", ""beto_model"": ""dccuchile/bert-base-spanish-wwm-cased"", ""chunk_stride"": 256, ""max_tokens"": 512, ""n_cv_splits"": 5, ""n_search_iter"": 50, ""seeds"": [42, 43, 44, 45, 46], ""sentence_transformer_model"": ""intfloat/multilingual-e5-small"", ""tfidf_lemmatize"": true, ""tfidf_max_df"": 0.9, ""tfidf_max_features"": 300, ""tfidf_min_df"": 3, ""tfidf_ngram_range"": [1, 2], ""tfidf_normalize_numbers"": true}",2026-09-09T00:03:09
E3_TSDAE_EP10,frozen,participant,03,no_augmentation,PHQ9,42,LightGBM,5.8369,True,models/tsdae_e5_small/ep10,random50,"{""augmentation"": ""no_augmentation"", ""beto_model"": ""dccuchile/bert-base-spanish-wwm-cased"", ""chunk_stride"": 256, ""max_tokens"": 512, ""n_cv_splits"": 5, ""n_search_iter"": 50, ""seeds"": [42, 43, 44, 45, 46], ""sentence_transformer_model"": ""intfloat/multilingual-e5-small"", ""tfidf_lemmatize"": true, ""tfidf_max_df"": 0.9, ""tfidf_max_features"": 300, ""tfidf_min_df"": 3, ""tfidf_ngram_range"": [1, 2], ""tfidf_normalize_numbers"": true}",2026-09-09T00:03:09
E3_TSDAE_EP10,frozen,participant,03,no_augmentation,PHQ9,42,KNN,5.889332,False,models/tsdae_e5_small/ep10,random50,"{""augmentation"": ""no_augmentation"", ""beto_model"": ""dccuchile/bert-base-spanish-wwm-cased"", ""chunk_stride"": 256, ""max_tokens"": 512, ""n_cv_splits"": 5, ""n_search_iter"": 50, ""seeds"": [42, 43, 44, 45, 46], ""sentence_transformer_model"": ""intfloat/multilingual-e5-small"", ""tfidf_lemmatize"": true, ""tfidf_max_df"": 0.9, ""tfidf_max_features"": 300, ""tfidf_min_df"": 3, ""tfidf_ngram_range"": [1, 2], ""tfidf_normalize_numbers"": true}",2026-09-09T00:03:09
E3_TSDAE_EP10,frozen,participant,03,no_augmentation,PHQ9,42,DecisionTree,6.62649,False,models/tsdae_e5_small/ep10,random50,"{""augmentation"": ""no_augmentation"", ""beto_model"": ""dccuchile/bert-base-spanish-wwm-cased"", ""chunk_stride"": 256, ""max_tokens"": 512, ""n_cv_splits"": 5, ""n_search_iter"": 50, ""seeds"": [42, 43, 44, 45, 46], ""sentence_transformer_model"": ""intfloat/multilingual-e5-small"", ""tfidf_lemmatize"": true, ""tfidf_max_df"": 0.9, ""tfidf_max_features"": 300, ""tfidf_min_df"": 3, ""tfidf_ngram_range"": [1, 2], ""tfidf_normalize_numbers"": true}",2026-09-09T00:03:09
E3_TSDAE_EP10,frozen,participant,03,no_augmentation,PHQ9,42,AdaBoost,6.104028,False,models/tsdae_e5_small/ep10,random50,"{""augmentation"": ""no_augmentation"", ""beto_model"": ""dccuchile/bert-base-spanish-wwm-cased"", ""chunk_stride"": 256, ""max_tokens"": 512, ""n_cv_splits"": 5, ""n_search_iter"": 50, ""seeds"": [42, 43, 44, 45, 46], ""sentence_transformer_model"": ""intfloat/multilingual-e5-small"", ""tfidf_lemmatize"": true, ""tfidf_max_df"": 0.9, ""tfidf_max_features"": 300, ""tfidf_min_df"": 3, ""tfidf_ngram_range"": [1, 2], ""tfidf_normalize_numbers"": true}",2026-09-09T00:03:09
E3_TSDAE_EP10,frozen,participant,03,no_augmentation,GAD7,42,Ridge,5.070007,False,models/tsdae_e5_small/ep10,random50,"{""augmentation"": ""no_augmentation"", ""beto_model"": ""dccuchile/bert-base-spanish-wwm-cased"", ""chunk_stride"": 256, ""max_tokens"": 512, ""n_cv_splits"": 5, ""n_search_iter"": 50, ""seeds"": [42, 43, 44, 45, 46], ""sentence_transformer_model"": ""intfloat/multilingual-e5-small"", ""tfidf_lemmatize"": true, ""tfidf_max_df"": 0.9, ""tfidf_max_features"": 300, ""tfidf_min_df"": 3, ""tfidf_ngram_range"": [1, 2], ""tfidf_normalize_numbers"": true}",2026-09-09T00:04:22
E3_TSDAE_EP10,frozen,participant,03,no_augmentation,GAD7,42,SVR,4.790569,False,models/tsdae_e5_small/ep10,random50,"{""augmentation"": ""no_augmentation"", ""beto_model"": ""dccuchile/bert-base-spanish-wwm-cased"", ""chunk_stride"": 256, ""max_tokens"": 512, ""n_cv_splits"": 5, ""n_search_iter"": 50, ""seeds"": [42, 43, 44, 45, 46], ""sentence_transformer_model"": ""intfloat/multilingual-e5-small"", ""tfidf_lemmatize"": true, ""tfidf_max_df"": 0.9, ""tfidf_max_features"": 300, ""tfidf_min_df"": 3, ""tfidf_ngram_range"": [1, 2], ""tfidf_normalize_numbers"": true}",2026-09-09T00:04:22
E3_TSDAE_EP10,frozen,participant,03,no_augmentation,GAD7,42,RandomForest,4.68432,False,models/tsdae_e5_small/ep10,random50,"{""augmentation"": ""no_augmentation"", ""beto_model"": ""dccuchile/bert-base-spanish-wwm-cased"", ""chunk_stride"": 256, ""max_tokens"": 512, ""n_cv_splits"": 5, ""n_search_iter"": 50, ""seeds"": [42, 43, 44, 45, 46], ""sentence_transformer_model"": ""intfloat/multilingual-e5-small"", ""tfidf_lemmatize"": true, ""tfidf_max_df"": 0.9, ""tfidf_max_features"": 300, ""tfidf_min_df"": 3, ""tfidf_ngram_range"": [1, 2], ""tfidf_normalize_numbers"": true}",2026-09-09T00:04:22
E3_TSDAE_EP10,frozen,participant,03,no_augmentation,GAD7,42,ExtraTrees,4.688491,False,models/tsdae_e5_small/ep10,random50,"{""augmentation"": ""no_augmentation"", ""beto_model"": ""dccuchile/bert-base-spanish-wwm-cased"", ""chunk_stride"": 256, ""max_tokens"": 512, ""n_cv_splits"": 5, ""n_search_iter"": 50, ""seeds"": [42, 43, 44, 45, 46], ""sentence_transformer_model"": ""intfloat/multilingual-e5-small"", ""tfidf_lemmatize"": true, ""tfidf_max_df"": 0.9, ""tfidf_max_features"": 300, ""tfidf_min_df"": 3, ""tfidf_ngram_range"": [1, 2], ""tfidf_normalize_numbers"": true}",2026-09-09T00:04:22
E3_TSDAE_EP10,frozen,participant,03,no_augmentation,GAD7,42,GradientBoosting,4.695561,False,models/tsdae_e5_small/ep10,random50,"{""augmentation"": ""no_augmentation"", ""beto_model"": ""dccuchile/bert-base-spanish-wwm-cased"", ""chunk_stride"": 256, ""max_tokens"": 512, ""n_cv_splits"": 5, ""n_search_iter"": 50, ""seeds"": [42, 43, 44, 45, 46], ""sentence_transformer_model"": ""intfloat/multilingual-e5-small"", ""tfidf_lemmatize"": true, ""tfidf_max_df"": 0.9, ""tfidf_max_features"": 300, ""tfidf_min_df"": 3, ""tfidf_ngram_range"": [1, 2], ""tfidf_normalize_numbers"": true}",2026-09-09T00:04:22
E3_TSDAE_EP10,frozen,participant,03,no_augmentation,GAD7,42,LightGBM,4.663343,True,models/tsdae_e5_small/ep10,random50,"{""augmentation"": ""no_augmentation"", ""beto_model"": ""dccuchile/bert-base-spanish-wwm-cased"", ""chunk_stride"": 256, ""max_tokens"": 512, ""n_cv_splits"": 5, ""n_search_iter"": 50, ""seeds"": [42, 43, 44, 45, 46], ""sentence_transformer_model"": ""intfloat/multilingual-e5-small"", ""tfidf_lemmatize"": true, ""tfidf_max_df"": 0.9, ""tfidf_max_features"": 300, ""tfidf_min_df"": 3, ""tfidf_ngram_range"": [1, 2], ""tfidf_normalize_numbers"": true}",2026-09-09T00:04:22
E3_TSDAE_EP10,frozen,participant,03,no_augmentation,GAD7,42,KNN,4.722977,False,models/tsdae_e5_small/ep10,random50,"{""augmentation"": ""no_augmentation"", ""beto_model"": ""dccuchile/bert-base-spanish-wwm-cased"", ""chunk_stride"": 256, ""max_tokens"": 512, ""n_cv_splits"": 5, ""n_search_iter"": 50, ""seeds"": [42, 43, 44, 45, 46], ""sentence_transformer_model"": ""intfloat/multilingual-e5-small"", ""tfidf_lemmatize"": true, ""tfidf_max_df"": 0.9, ""tfidf_max_features"": 300, ""tfidf_min_df"": 3, ""tfidf_ngram_range"": [1, 2], ""tfidf_normalize_numbers"": true}",2026-09-09T00:04:22
E3_TSDAE_EP10,frozen,participant,03,no_augmentation,GAD7,42,DecisionTree,5.102163,False,models/tsdae_e5_small/ep10,random50,"{""augmentation"": ""no_augmentation"", ""beto_model"": ""dccuchile/bert-base-spanish-wwm-cased"", ""chunk_stride"": 256, ""max_tokens"": 512, ""n_cv_splits"": 5, ""n_search_iter"": 50, ""seeds"": [42, 43, 44, 45, 46], ""sentence_transformer_model"": ""intfloat/multilingual-e5-small"", ""tfidf_lemmatize"": true, ""tfidf_max_df"": 0.9, ""tfidf_max_features"": 300, ""tfidf_min_df"": 3, ""tfidf_ngram_range"": [1, 2], ""tfidf_normalize_numbers"": true}",2026-09-09T00:04:22
E3_TSDAE_EP10,frozen,participant,03,no_augmentation,GAD7,42,AdaBoost,4.708222,False,models/tsdae_e5_small/ep10,random50,"{""augmentation"": ""no_augmentation"", ""beto_model"": ""dccuchile/bert-base-spanish-wwm-cased"", ""chunk_stride"": 256, ""max_tokens"": 512, ""n_cv_splits"": 5, ""n_search_iter"": 50, ""seeds"": [42, 43, 44, 45, 46], ""sentence_transformer_model"": ""intfloat/multilingual-e5-small"", ""tfidf_lemmatize"": true, ""tfidf_max_df"": 0.9, ""tfidf_max_features"": 300, ""tfidf_min_df"": 3, ""tfidf_ngram_range"": [1, 2], ""tfidf_normalize_numbers"": true}",2026-09-09T00:04:22
E3_TSDAE_EP10,frozen,participant,03,no_augmentation,PHQ9,43,Ridge,6.36055,False,models/tsdae_e5_small/ep10,random50,"{""augmentation"": ""no_augmentation"", ""beto_model"": ""dccuchile/bert-base-spanish-wwm-cased"", ""chunk_stride"": 256, ""max_tokens"": 512, ""n_cv_splits"": 5, ""n_search_iter"": 50, ""seeds"": [42, 43, 44, 45, 46], ""sentence_transformer_model"": ""intfloat/multilingual-e5-small"", ""tfidf_lemmatize"": true, ""tfidf_max_df"": 0.9, ""tfidf_max_features"": 300, ""tfidf_min_df"": 3, ""tfidf_ngram_range"": [1, 2], ""tfidf_normalize_numbers"": true}",2026-09-09T00:05:37
E3_TSDAE_EP10,frozen,participant,03,no_augmentation,PHQ9,43,SVR,5.734654,False,models/tsdae_e5_small/ep10,random50,"{""augmentation"": ""no_augmentation"", ""beto_model"": ""dccuchile/bert-base-spanish-wwm-cased"", ""chunk_stride"": 256, ""max_tokens"": 512, ""n_cv_splits"": 5, ""n_search_iter"": 50, ""seeds"": [42, 43, 44, 45, 46], ""sentence_transformer_model"": ""intfloat/multilingual-e5-small"", ""tfidf_lemmatize"": true, ""tfidf_max_df"": 0.9, ""tfidf_max_features"": 300, ""tfidf_min_df"": 3, ""tfidf_ngram_range"": [1, 2], ""tfidf_normalize_numbers"": true}",2026-09-09T00:05:37
E3_TSDAE_EP10,frozen,participant,03,no_augmentation,PHQ9,43,RandomForest,5.794846,False,models/tsdae_e5_small/ep10,random50,"{""augmentation"": ""no_augmentation"", ""beto_model"": ""dccuchile/bert-base-spanish-wwm-cased"", ""chunk_stride"": 256, ""max_tokens"": 512, ""n_cv_splits"": 5, ""n_search_iter"": 50, ""seeds"": [42, 43, 44, 45, 46], ""sentence_transformer_model"": ""intfloat/multilingual-e5-small"", ""tfidf_lemmatize"": true, ""tfidf_max_df"": 0.9, ""tfidf_max_features"": 300, ""tfidf_min_df"": 3, ""tfidf_ngram_range"": [1, 2], ""tfidf_normalize_numbers"": true}",2026-09-09T00:05:37
E3_TSDAE_EP10,frozen,participant,03,no_augmentation,PHQ9,43,ExtraTrees,5.75384,False,models/tsdae_e5_small/ep10,random50,"{""augmentation"": ""no_augmentation"", ""beto_model"": ""dccuchile/bert-base-spanish-wwm-cased"", ""chunk_stride"": 256, ""max_tokens"": 512, ""n_cv_splits"": 5, ""n_search_iter"": 50, ""seeds"": [42, 43, 44, 45, 46], ""sentence_transformer_model"": ""intfloat/multilingual-e5-small"", ""tfidf_lemmatize"": true, ""tfidf_max_df"": 0.9, ""tfidf_max_features"": 300, ""tfidf_min_df"": 3, ""tfidf_ngram_range"": [1, 2], ""tfidf_normalize_numbers"": true}",2026-09-09T00:05:37
E3_TSDAE_EP10,frozen,participant,03,no_augmentation,PHQ9,43,GradientBoosting,5.797601,False,models/tsdae_e5_small/ep10,random50,"{""augmentation"": ""no_augmentation"", ""beto_model"": ""dccuchile/bert-base-spanish-wwm-cased"", ""chunk_stride"": 256, ""max_tokens"": 512, ""n_cv_splits"": 5, ""n_search_iter"": 50, ""seeds"": [42, 43, 44, 45, 46], ""sentence_transformer_model"": ""intfloat/multilingual-e5-small"", ""tfidf_lemmatize"": true, ""tfidf_max_df"": 0.9, ""tfidf_max_features"": 300, ""tfidf_min_df"": 3, ""tfidf_ngram_range"": [1, 2], ""tfidf_normalize_numbers"": true}",2026-09-09T00:05:37
E3_TSDAE_EP10,frozen,participant,03,no_augmentation,PHQ9,43,LightGBM,5.78828,False,models/tsdae_e5_small/ep10,random50,"{""augmentation"": ""no_augmentation"", ""beto_model"": ""dccuchile/bert-base-spanish-wwm-cased"", ""chunk_stride"": 256, ""max_tokens"": 512, ""n_cv_splits"": 5, ""n_search_iter"": 50, ""seeds"": [42, 43, 44, 45, 46], ""sentence_transformer_model"": ""intfloat/multilingual-e5-small"", ""tfidf_lemmatize"": true, ""tfidf_max_df"": 0.9, ""tfidf_max_features"": 300, ""tfidf_min_df"": 3, ""tfidf_ngram_range"": [1, 2], ""tfidf_normalize_numbers"": true}",2026-09-09T00:05:37
E3_TSDAE_EP10,frozen,participant,03,no_augmentation,PHQ9,43,KNN,5.511758,True,models/tsdae_e5_small/ep10,random50,"{""augmentation"": ""no_augmentation"", ""beto_model"": ""dccuchile/bert-base-spanish-wwm-cased"", ""chunk_stride"": 256, ""max_tokens"": 512, ""n_cv_splits"": 5, ""n_search_iter"": 50, ""seeds"": [42, 43, 44, 45, 46], ""sentence_transformer_model"": ""intfloat/multilingual-e5-small"", ""tfidf_lemmatize"": true, ""tfidf_max_df"": 0.9, ""tfidf_max_features"": 300, ""tfidf_min_df"": 3, ""tfidf_ngram_range"": [1, 2], ""tfidf_normalize_numbers"": true}",2026-09-09T00:05:37
E3_TSDAE_EP10,frozen,participant,03,no_augmentation,PHQ9,43,DecisionTree,6.171107,False,models/tsdae_e5_small/ep10,random50,"{""augmentation"": ""no_augmentation"", ""beto_model"": ""dccuchile/bert-base-spanish-wwm-cased"", ""chunk_stride"": 256, ""max_tokens"": 512, ""n_cv_splits"": 5, ""n_search_iter"": 50, ""seeds"": [42, 43, 44, 45, 46], ""sentence_transformer_model"": ""intfloat/multilingual-e5-small"", ""tfidf_lemmatize"": true, ""tfidf_max_df"": 0.9, ""tfidf_max_features"": 300, ""tfidf_min_df"": 3, ""tfidf_ngram_range"": [1, 2], ""tfidf_normalize_numbers"": true}",2026-09-09T00:05:37
E3_TSDAE_EP10,frozen,participant,03,no_augmentation,PHQ9,43,AdaBoost,5.76226,False,models/tsdae_e5_small/ep10,random50,"{""augmentation"": ""no_augmentation"", ""beto_model"": ""dccuchile/bert-base-spanish-wwm-cased"", ""chunk_stride"": 256, ""max_tokens"": 512, ""n_cv_splits"": 5, ""n_search_iter"": 50, ""seeds"": [42, 43, 44, 45, 46], ""sentence_transformer_model"": ""intfloat/multilingual-e5-small"", ""tfidf_lemmatize"": true, ""tfidf_max_df"": 0.9, ""tfidf_max_features"": 300, ""tfidf_min_df"": 3, ""tfidf_ngram_range"": [1, 2], ""tfidf_normalize_numbers"": true}",2026-09-09T00:05:37
E3_TSDAE_EP10,frozen,participant,03,no_augmentation,GAD7,43,Ridge,4.991524,False,models/tsdae_e5_small/ep10,random50,"{""augmentation"": ""no_augmentation"", ""beto_model"": ""dccuchile/bert-base-spanish-wwm-cased"", ""chunk_stride"": 256, ""max_tokens"": 512, ""n_cv_splits"": 5, ""n_search_iter"": 50, ""seeds"": [42, 43, 44, 45, 46], ""sentence_transformer_model"": ""intfloat/multilingual-e5-small"", ""tfidf_lemmatize"": true, ""tfidf_max_df"": 0.9, ""tfidf_max_features"": 300, ""tfidf_min_df"": 3, ""tfidf_ngram_range"": [1, 2], ""tfidf_normalize_numbers"": true}",2026-09-09T00:06:51
E3_TSDAE_EP10,frozen,participant,03,no_augmentation,GAD7,43,SVR,4.698041,False,models/tsdae_e5_small/ep10,random50,"{""augmentation"": ""no_augmentation"", ""beto_model"": ""dccuchile/bert-base-spanish-wwm-cased"", ""chunk_stride"": 256, ""max_tokens"": 512, ""n_cv_splits"": 5, ""n_search_iter"": 50, ""seeds"": [42, 43, 44, 45, 46], ""sentence_transformer_model"": ""intfloat/multilingual-e5-small"", ""tfidf_lemmatize"": true, ""tfidf_max_df"": 0.9, ""tfidf_max_features"": 300, ""tfidf_min_df"": 3, ""tfidf_ngram_range"": [1, 2], ""tfidf_normalize_numbers"": true}",2026-09-09T00:06:51
E3_TSDAE_EP10,frozen,participant,03,no_augmentation,GAD7,43,RandomForest,4.678559,False,models/tsdae_e5_small/ep10,random50,"{""augmentation"": ""no_augmentation"", ""beto_model"": ""dccuchile/bert-base-spanish-wwm-cased"", ""chunk_stride"": 256, ""max_tokens"": 512, ""n_cv_splits"": 5, ""n_search_iter"": 50, ""seeds"": [42, 43, 44, 45, 46], ""sentence_transformer_model"": ""intfloat/multilingual-e5-small"", ""tfidf_lemmatize"": true, ""tfidf_max_df"": 0.9, ""tfidf_max_features"": 300, ""tfidf_min_df"": 3, ""tfidf_ngram_range"": [1, 2], ""tfidf_normalize_numbers"": true}",2026-09-09T00:06:51
E3_TSDAE_EP10,frozen,participant,03,no_augmentation,GAD7,43,ExtraTrees,4.661901,False,models/tsdae_e5_small/ep10,random50,"{""augmentation"": ""no_augmentation"", ""beto_model"": ""dccuchile/bert-base-spanish-wwm-cased"", ""chunk_stride"": 256, ""max_tokens"": 512, ""n_cv_splits"": 5, ""n_search_iter"": 50, ""seeds"": [42, 43, 44, 45, 46], ""sentence_transformer_model"": ""intfloat/multilingual-e5-small"", ""tfidf_lemmatize"": true, ""tfidf_max_df"": 0.9, ""tfidf_max_features"": 300, ""tfidf_min_df"": 3, ""tfidf_ngram_range"": [1, 2], ""tfidf_normalize_numbers"": true}",2026-09-09T00:06:51
E3_TSDAE_EP10,frozen,participant,03,no_augmentation,GAD7,43,GradientBoosting,4.615884,False,models/tsdae_e5_small/ep10,random50,"{""augmentation"": ""no_augmentation"", ""beto_model"": ""dccuchile/bert-base-spanish-wwm-cased"", ""chunk_stride"": 256, ""max_tokens"": 512, ""n_cv_splits"": 5, ""n_search_iter"": 50, ""seeds"": [42, 43, 44, 45, 46], ""sentence_transformer_model"": ""intfloat/multilingual-e5-small"", ""tfidf_lemmatize"": true, ""tfidf_max_df"": 0.9, ""tfidf_max_features"": 300, ""tfidf_min_df"": 3, ""tfidf_ngram_range"": [1, 2], ""tfidf_normalize_numbers"": true}",2026-09-09T00:06:51
E3_TSDAE_EP10,frozen,participant,03,no_augmentation,GAD7,43,LightGBM,4.702457,False,models/tsdae_e5_small/ep10,random50,"{""augmentation"": ""no_augmentation"", ""beto_model"": ""dccuchile/bert-base-spanish-wwm-cased"", ""chunk_stride"": 256, ""max_tokens"": 512, ""n_cv_splits"": 5, ""n_search_iter"": 50, ""seeds"": [42, 43, 44, 45, 46], ""sentence_transformer_model"": ""intfloat/multilingual-e5-small"", ""tfidf_lemmatize"": true, ""tfidf_max_df"": 0.9, ""tfidf_max_features"": 300, ""tfidf_min_df"": 3, ""tfidf_ngram_range"": [1, 2], ""tfidf_normalize_numbers"": true}",2026-09-09T00:06:51
E3_TSDAE_EP10,frozen,participant,03,no_augmentation,GAD7,43,KNN,4.645967,False,models/tsdae_e5_small/ep10,random50,"{""augmentation"": ""no_augmentation"", ""beto_model"": ""dccuchile/bert-base-spanish-wwm-cased"", ""chunk_stride"": 256, ""max_tokens"": 512, ""n_cv_splits"": 5, ""n_search_iter"": 50, ""seeds"": [42, 43, 44, 45, 46], ""sentence_transformer_model"": ""intfloat/multilingual-e5-small"", ""tfidf_lemmatize"": true, ""tfidf_max_df"": 0.9, ""tfidf_max_features"": 300, ""tfidf_min_df"": 3, ""tfidf_ngram_range"": [1, 2], ""tfidf_normalize_numbers"": true}",2026-09-09T00:06:51
E3_TSDAE_EP10,frozen,participant,03,no_augmentation,GAD7,43,DecisionTree,5.510842,False,models/tsdae_e5_small/ep10,random50,"{""augmentation"": ""no_augmentation"", ""beto_model"": ""dccuchile/bert-base-spanish-wwm-cased"", ""chunk_stride"": 256, ""max_tokens"": 512, ""n_cv_splits"": 5, ""n_search_iter"": 50, ""seeds"": [42, 43, 44, 45, 46], ""sentence_transformer_model"": ""intfloat/multilingual-e5-small"", ""tfidf_lemmatize"": true, ""tfidf_max_df"": 0.9, ""tfidf_max_features"": 300, ""tfidf_min_df"": 3, ""tfidf_ngram_range"": [1, 2], ""tfidf_normalize_numbers"": true}",2026-09-09T00:06:51
E3_TSDAE_EP10,frozen,participant,03,no_augmentation,GAD7,43,AdaBoost,4.613644,True,models/tsdae_e5_small/ep10,random50,"{""augmentation"": ""no_augmentation"", ""beto_model"": ""dccuchile/bert-base-spanish-wwm-cased"", ""chunk_stride"": 256, ""max_tokens"": 512, ""n_cv_splits"": 5, ""n_search_iter"": 50, ""seeds"": [42, 43, 44, 45, 46], ""sentence_transformer_model"": ""intfloat/multilingual-e5-small"", ""tfidf_lemmatize"": true, ""tfidf_max_df"": 0.9, ""tfidf_max_features"": 300, ""tfidf_min_df"": 3, ""tfidf_ngram_range"": [1, 2], ""tfidf_normalize_numbers"": true}",2026-09-09T00:06:51
E3_TSDAE_EP10,frozen,participant,03,no_augmentation,PHQ9,44,Ridge,6.445727,False,models/tsdae_e5_small/ep10,random50,"{""augmentation"": ""no_augmentation"", ""beto_model"": ""dccuchile/bert-base-spanish-wwm-cased"", ""chunk_stride"": 256, ""max_tokens"": 512, ""n_cv_splits"": 5, ""n_search_iter"": 50, ""seeds"": [42, 43, 44, 45, 46], ""sentence_transformer_model"": ""intfloat/multilingual-e5-small"", ""tfidf_lemmatize"": true, ""tfidf_max_df"": 0.9, ""tfidf_max_features"": 300, ""tfidf_min_df"": 3, ""tfidf_ngram_range"": [1, 2], ""tfidf_normalize_numbers"": true}",2026-09-09T00:07:59
E3_TSDAE_EP10,frozen,participant,03,no_augmentation,PHQ9,44,SVR,5.918304,False,models/tsdae_e5_small/ep10,random50,"{""augmentation"": ""no_augmentation"", ""beto_model"": ""dccuchile/bert-base-spanish-wwm-cased"", ""chunk_stride"": 256, ""max_tokens"": 512, ""n_cv_splits"": 5, ""n_search_iter"": 50, ""seeds"": [42, 43, 44, 45, 46], ""sentence_transformer_model"": ""intfloat/multilingual-e5-small"", ""tfidf_lemmatize"": true, ""tfidf_max_df"": 0.9, ""tfidf_max_features"": 300, ""tfidf_min_df"": 3, ""tfidf_ngram_range"": [1, 2], ""tfidf_normalize_numbers"": true}",2026-09-09T00:07:59
E3_TSDAE_EP10,frozen,participant,03,no_augmentation,PHQ9,44,RandomForest,5.776291,False,models/tsdae_e5_small/ep10,random50,"{""augmentation"": ""no_augmentation"", ""beto_model"": ""dccuchile/bert-base-spanish-wwm-cased"", ""chunk_stride"": 256, ""max_tokens"": 512, ""n_cv_splits"": 5, ""n_search_iter"": 50, ""seeds"": [42, 43, 44, 45, 46], ""sentence_transformer_model"": ""intfloat/multilingual-e5-small"", ""tfidf_lemmatize"": true, ""tfidf_max_df"": 0.9, ""tfidf_max_features"": 300, ""tfidf_min_df"": 3, ""tfidf_ngram_range"": [1, 2], ""tfidf_normalize_numbers"": true}",2026-09-09T00:07:59
E3_TSDAE_EP10,frozen,participant,03,no_augmentation,PHQ9,44,ExtraTrees,5.778008,False,models/tsdae_e5_small/ep10,random50,"{""augmentation"": ""no_augmentation"", ""beto_model"": ""dccuchile/bert-base-spanish-wwm-cased"", ""chunk_stride"": 256, ""max_tokens"": 512, ""n_cv_splits"": 5, ""n_search_iter"": 50, ""seeds"": [42, 43, 44, 45, 46], ""sentence_transformer_model"": ""intfloat/multilingual-e5-small"", ""tfidf_lemmatize"": true, ""tfidf_max_df"": 0.9, ""tfidf_max_features"": 300, ""tfidf_min_df"": 3, ""tfidf_ngram_range"": [1, 2], ""tfidf_normalize_numbers"": true}",2026-09-09T00:07:59
E3_TSDAE_EP10,frozen,participant,03,no_augmentation,PHQ9,44,GradientBoosting,5.87545,False,models/tsdae_e5_small/ep10,random50,"{""augmentation"": ""no_augmentation"", ""beto_model"": ""dccuchile/bert-base-spanish-wwm-cased"", ""chunk_stride"": 256, ""max_tokens"": 512, ""n_cv_splits"": 5, ""n_search_iter"": 50, ""seeds"": [42, 43, 44, 45, 46], ""sentence_transformer_model"": ""intfloat/multilingual-e5-small"", ""tfidf_lemmatize"": true, ""tfidf_max_df"": 0.9, ""tfidf_max_features"": 300, ""tfidf_min_df"": 3, ""tfidf_ngram_range"": [1, 2], ""tfidf_normalize_numbers"": true}",2026-09-09T00:07:59
E3_TSDAE_EP10,frozen,participant,03,no_augmentation,PHQ9,44,LightGBM,5.791529,False,models/tsdae_e5_small/ep10,random50,"{""augmentation"": ""no_augmentation"", ""beto_model"": ""dccuchile/bert-base-spanish-wwm-cased"", ""chunk_stride"": 256, ""max_tokens"": 512, ""n_cv_splits"": 5, ""n_search_iter"": 50, ""seeds"": [42, 43, 44, 45, 46], ""sentence_transformer_model"": ""intfloat/multilingual-e5-small"", ""tfidf_lemmatize"": true, ""tfidf_max_df"": 0.9, ""tfidf_max_features"": 300, ""tfidf_min_df"": 3, ""tfidf_ngram_range"": [1, 2], ""tfidf_normalize_numbers"": true}",2026-09-09T00:07:59
E3_TSDAE_EP10,frozen,participant,03,no_augmentation,PHQ9,44,KNN,5.741111,True,models/tsdae_e5_small/ep10,random50,"{""augmentation"": ""no_augmentation"", ""beto_model"": ""dccuchile/bert-base-spanish-wwm-cased"", ""chunk_stride"": 256, ""max_tokens"": 512, ""n_cv_splits"": 5, ""n_search_iter"": 50, ""seeds"": [42, 43, 44, 45, 46], ""sentence_transformer_model"": ""intfloat/multilingual-e5-small"", ""tfidf_lemmatize"": true, ""tfidf_max_df"": 0.9, ""tfidf_max_features"": 300, ""tfidf_min_df"": 3, ""tfidf_ngram_range"": [1, 2], ""tfidf_normalize_numbers"": true}",2026-09-09T00:07:59
E3_TSDAE_EP10,frozen,participant,03,no_augmentation,PHQ9,44,DecisionTree,6.378072,False,models/tsdae_e5_small/ep10,random50,"{""augmentation"": ""no_augmentation"", ""beto_model"": ""dccuchile/bert-base-spanish-wwm-cased"", ""chunk_stride"": 256, ""max_tokens"": 512, ""n_cv_splits"": 5, ""n_search_iter"": 50, ""seeds"": [42, 43, 44, 45, 46], ""sentence_transformer_model"": ""intfloat/multilingual-e5-small"", ""tfidf_lemmatize"": true, ""tfidf_max_df"": 0.9, ""tfidf_max_features"": 300, ""tfidf_min_df"": 3, ""tfidf_ngram_range"": [1, 2], ""tfidf_normalize_numbers"": true}",2026-09-09T00:07:59
E3_TSDAE_EP10,frozen,participant,03,no_augmentation,PHQ9,44,AdaBoost,5.837771,False,models/tsdae_e5_small/ep10,random50,"{""augmentation"": ""no_augmentation"", ""beto_model"": ""dccuchile/bert-base-spanish-wwm-cased"", ""chunk_stride"": 256, ""max_tokens"": 512, ""n_cv_splits"": 5, ""n_search_iter"": 50, ""seeds"": [42, 43, 44, 45, 46], ""sentence_transformer_model"": ""intfloat/multilingual-e5-small"", ""tfidf_lemmatize"": true, ""tfidf_max_df"": 0.9, ""tfidf_max_features"": 300, ""tfidf_min_df"": 3, ""tfidf_ngram_range"": [1, 2], ""tfidf_normalize_numbers"": true}",2026-09-09T00:07:59
E3_TSDAE_EP10,frozen,participant,03,no_augmentation,GAD7,44,Ridge,5.046015,False,models/tsdae_e5_small/ep10,random50,"{""augmentation"": ""no_augmentation"", ""beto_model"": ""dccuchile/bert-base-spanish-wwm-cased"", ""chunk_stride"": 256, ""max_tokens"": 512, ""n_cv_splits"": 5, ""n_search_iter"": 50, ""seeds"": [42, 43, 44, 45, 46], ""sentence_transformer_model"": ""intfloat/multilingual-e5-small"", ""tfidf_lemmatize"": true, ""tfidf_max_df"": 0.9, ""tfidf_max_features"": 300, ""tfidf_min_df"": 3, ""tfidf_ngram_range"": [1, 2], ""tfidf_normalize_numbers"": true}",2026-09-09T00:09:08
E3_TSDAE_EP10,frozen,participant,03,no_augmentation,GAD7,44,SVR,4.75238,False,models/tsdae_e5_small/ep10,random50,"{""augmentation"": ""no_augmentation"", ""beto_model"": ""dccuchile/bert-base-spanish-wwm-cased"", ""chunk_stride"": 256, ""max_tokens"": 512, ""n_cv_splits"": 5, ""n_search_iter"": 50, ""seeds"": [42, 43, 44, 45, 46], ""sentence_transformer_model"": ""intfloat/multilingual-e5-small"", ""tfidf_lemmatize"": true, ""tfidf_max_df"": 0.9, ""tfidf_max_features"": 300, ""tfidf_min_df"": 3, ""tfidf_ngram_range"": [1, 2], ""tfidf_normalize_numbers"": true}",2026-09-09T00:09:08
E3_TSDAE_EP10,frozen,participant,03,no_augmentation,GAD7,44,RandomForest,4.604694,False,models/tsdae_e5_small/ep10,random50,"{""augmentation"": ""no_augmentation"", ""beto_model"": ""dccuchile/bert-base-spanish-wwm-cased"", ""chunk_stride"": 256, ""max_tokens"": 512, ""n_cv_splits"": 5, ""n_search_iter"": 50, ""seeds"": [42, 43, 44, 45, 46], ""sentence_transformer_model"": ""intfloat/multilingual-e5-small"", ""tfidf_lemmatize"": true, ""tfidf_max_df"": 0.9, ""tfidf_max_features"": 300, ""tfidf_min_df"": 3, ""tfidf_ngram_range"": [1, 2], ""tfidf_normalize_numbers"": true}",2026-09-09T00:09:08
E3_TSDAE_EP10,frozen,participant,03,no_augmentation,GAD7,44,ExtraTrees,4.613615,False,models/tsdae_e5_small/ep10,random50,"{""augmentation"": ""no_augmentation"", ""beto_model"": ""dccuchile/bert-base-spanish-wwm-cased"", ""chunk_stride"": 256, ""max_tokens"": 512, ""n_cv_splits"": 5, ""n_search_iter"": 50, ""seeds"": [42, 43, 44, 45, 46], ""sentence_transformer_model"": ""intfloat/multilingual-e5-small"", ""tfidf_lemmatize"": true, ""tfidf_max_df"": 0.9, ""tfidf_max_features"": 300, ""tfidf_min_df"": 3, ""tfidf_ngram_range"": [1, 2], ""tfidf_normalize_numbers"": true}",2026-09-09T00:09:08
E3_TSDAE_EP10,frozen,participant,03,no_augmentation,GAD7,44,GradientBoosting,4.611057,False,models/tsdae_e5_small/ep10,random50,"{""augmentation"": ""no_augmentation"", ""beto_model"": ""dccuchile/bert-base-spanish-wwm-cased"", ""chunk_stride"": 256, ""max_tokens"": 512, ""n_cv_splits"": 5, ""n_search_iter"": 50, ""seeds"": [42, 43, 44, 45, 46], ""sentence_transformer_model"": ""intfloat/multilingual-e5-small"", ""tfidf_lemmatize"": true, ""tfidf_max_df"": 0.9, ""tfidf_max_features"": 300, ""tfidf_min_df"": 3, ""tfidf_ngram_range"": [1, 2], ""tfidf_normalize_numbers"": true}",2026-09-09T00:09:08
E3_TSDAE_EP10,frozen,participant,03,no_augmentation,GAD7,44,LightGBM,4.575489,True,models/tsdae_e5_small/ep10,random50,"{""augmentation"": ""no_augmentation"", ""beto_model"": ""dccuchile/bert-base-spanish-wwm-cased"", ""chunk_stride"": 256, ""max_tokens"": 512, ""n_cv_splits"": 5, ""n_search_iter"": 50, ""seeds"": [42, 43, 44, 45, 46], ""sentence_transformer_model"": ""intfloat/multilingual-e5-small"", ""tfidf_lemmatize"": true, ""tfidf_max_df"": 0.9, ""tfidf_max_features"": 300, ""tfidf_min_df"": 3, ""tfidf_ngram_range"": [1, 2], ""tfidf_normalize_numbers"": true}",2026-09-09T00:09:08
E3_TSDAE_EP10,frozen,participant,03,no_augmentation,GAD7,44,KNN,4.612832,False,models/tsdae_e5_small/ep10,random50,"{""augmentation"": ""no_augmentation"", ""beto_model"": ""dccuchile/bert-base-spanish-wwm-cased"", ""chunk_stride"": 256, ""max_tokens"": 512, ""n_cv_splits"": 5, ""n_search_iter"": 50, ""seeds"": [42, 43, 44, 45, 46], ""sentence_transformer_model"": ""intfloat/multilingual-e5-small"", ""tfidf_lemmatize"": true, ""tfidf_max_df"": 0.9, ""tfidf_max_features"": 300, ""tfidf_min_df"": 3, ""tfidf_ngram_range"": [1, 2], ""tfidf_normalize_numbers"": true}",2026-09-09T00:09:08
E3_TSDAE_EP10,frozen,participant,03,no_augmentation,GAD7,44,DecisionTree,5.125024,False,models/tsdae_e5_small/ep10,random50,"{""augmentation"": ""no_augmentation"", ""beto_model"": ""dccuchile/bert-base-spanish-wwm-cased"", ""chunk_stride"": 256, ""max_tokens"": 512, ""n_cv_splits"": 5, ""n_search_iter"": 50, ""seeds"": [42, 43, 44, 45, 46], ""sentence_transformer_model"": ""intfloat/multilingual-e5-small"", ""tfidf_lemmatize"": true, ""tfidf_max_df"": 0.9, ""tfidf_max_features"": 300, ""tfidf_min_df"": 3, ""tfidf_ngram_range"": [1, 2], ""tfidf_normalize_numbers"": true}",2026-09-09T00:09:08
E3_TSDAE_EP10,frozen,participant,03,no_augmentation,GAD7,44,AdaBoost,4.580774,False,models/tsdae_e5_small/ep10,random50,"{""augmentation"": ""no_augmentation"", ""beto_model"": ""dccuchile/bert-base-spanish-wwm-cased"", ""chunk_stride"": 256, ""max_tokens"": 512, ""n_cv_splits"": 5, ""n_search_iter"": 50, ""seeds"": [42, 43, 44, 45, 46], ""sentence_transformer_model"": ""intfloat/multilingual-e5-small"", ""tfidf_lemmatize"": true, ""tfidf_max_df"": 0.9, ""tfidf_max_features"": 300, ""tfidf_min_df"": 3, ""tfidf_ngram_range"": [1, 2], ""tfidf_normalize_numbers"": true}",2026-09-09T00:09:08
E3_TSDAE_EP10,frozen,participant,03,no_augmentation,PHQ9,45,Ridge,6.452851,False,models/tsdae_e5_small/ep10,random50,"{""augmentation"": ""no_augmentation"", ""beto_model"": ""dccuchile/bert-base-spanish-wwm-cased"", ""chunk_stride"": 256, ""max_tokens"": 512, ""n_cv_splits"": 5, ""n_search_iter"": 50, ""seeds"": [42, 43, 44, 45, 46], ""sentence_transformer_model"": ""intfloat/multilingual-e5-small"", ""tfidf_lemmatize"": true, ""tfidf_max_df"": 0.9, ""tfidf_max_features"": 300, ""tfidf_min_df"": 3, ""tfidf_ngram_range"": [1, 2], ""tfidf_normalize_numbers"": true}",2026-09-09T00:10:19
E3_TSDAE_EP10,frozen,participant,03,no_augmentation,PHQ9,45,SVR,5.8775,False,models/tsdae_e5_small/ep10,random50,"{""augmentation"": ""no_augmentation"", ""beto_model"": ""dccuchile/bert-base-spanish-wwm-cased"", ""chunk_stride"": 256, ""max_tokens"": 512, ""n_cv_splits"": 5, ""n_search_iter"": 50, ""seeds"": [42, 43, 44, 45, 46], ""sentence_transformer_model"": ""intfloat/multilingual-e5-small"", ""tfidf_lemmatize"": true, ""tfidf_max_df"": 0.9, ""tfidf_max_features"": 300, ""tfidf_min_df"": 3, ""tfidf_ngram_range"": [1, 2], ""tfidf_normalize_numbers"": true}",2026-09-09T00:10:19
E3_TSDAE_EP10,frozen,participant,03,no_augmentation,PHQ9,45,RandomForest,5.783013,False,models/tsdae_e5_small/ep10,random50,"{""augmentation"": ""no_augmentation"", ""beto_model"": ""dccuchile/bert-base-spanish-wwm-cased"", ""chunk_stride"": 256, ""max_tokens"": 512, ""n_cv_splits"": 5, ""n_search_iter"": 50, ""seeds"": [42, 43, 44, 45, 46], ""sentence_transformer_model"": ""intfloat/multilingual-e5-small"", ""tfidf_lemmatize"": true, ""tfidf_max_df"": 0.9, ""tfidf_max_features"": 300, ""tfidf_min_df"": 3, ""tfidf_ngram_range"": [1, 2], ""tfidf_normalize_numbers"": true}",2026-09-09T00:10:19
E3_TSDAE_EP10,frozen,participant,03,no_augmentation,PHQ9,45,ExtraTrees,5.709298,True,models/tsdae_e5_small/ep10,random50,"{""augmentation"": ""no_augmentation"", ""beto_model"": ""dccuchile/bert-base-spanish-wwm-cased"", ""chunk_stride"": 256, ""max_tokens"": 512, ""n_cv_splits"": 5, ""n_search_iter"": 50, ""seeds"": [42, 43, 44, 45, 46], ""sentence_transformer_model"": ""intfloat/multilingual-e5-small"", ""tfidf_lemmatize"": true, ""tfidf_max_df"": 0.9, ""tfidf_max_features"": 300, ""tfidf_min_df"": 3, ""tfidf_ngram_range"": [1, 2], ""tfidf_normalize_numbers"": true}",2026-09-09T00:10:19
E3_TSDAE_EP10,frozen,participant,03,no_augmentation,PHQ9,45,GradientBoosting,5.888448,False,models/tsdae_e5_small/ep10,random50,"{""augmentation"": ""no_augmentation"", ""beto_model"": ""dccuchile/bert-base-spanish-wwm-cased"", ""chunk_stride"": 256, ""max_tokens"": 512, ""n_cv_splits"": 5, ""n_search_iter"": 50, ""seeds"": [42, 43, 44, 45, 46], ""sentence_transformer_model"": ""intfloat/multilingual-e5-small"", ""tfidf_lemmatize"": true, ""tfidf_max_df"": 0.9, ""tfidf_max_features"": 300, ""tfidf_min_df"": 3, ""tfidf_ngram_range"": [1, 2], ""tfidf_normalize_numbers"": true}",2026-09-09T00:10:19
E3_TSDAE_EP10,frozen,participant,03,no_augmentation,PHQ9,45,LightGBM,5.823132,False,models/tsdae_e5_small/ep10,random50,"{""augmentation"": ""no_augmentation"", ""beto_model"": ""dccuchile/bert-base-spanish-wwm-cased"", ""chunk_stride"": 256, ""max_tokens"": 512, ""n_cv_splits"": 5, ""n_search_iter"": 50, ""seeds"": [42, 43, 44, 45, 46], ""sentence_transformer_model"": ""intfloat/multilingual-e5-small"", ""tfidf_lemmatize"": true, ""tfidf_max_df"": 0.9, ""tfidf_max_features"": 300, ""tfidf_min_df"": 3, ""tfidf_ngram_range"": [1, 2], ""tfidf_normalize_numbers"": true}",2026-09-09T00:10:19
E3_TSDAE_EP10,frozen,participant,03,no_augmentation,PHQ9,45,KNN,5.781711,False,models/tsdae_e5_small/ep10,random50,"{""augmentation"": ""no_augmentation"", ""beto_model"": ""dccuchile/bert-base-spanish-wwm-cased"", ""chunk_stride"": 256, ""max_tokens"": 512, ""n_cv_splits"": 5, ""n_search_iter"": 50, ""seeds"": [42, 43, 44, 45, 46], ""sentence_transformer_model"": ""intfloat/multilingual-e5-small"", ""tfidf_lemmatize"": true, ""tfidf_max_df"": 0.9, ""tfidf_max_features"": 300, ""tfidf_min_df"": 3, ""tfidf_ngram_range"": [1, 2], ""tfidf_normalize_numbers"": true}",2026-09-09T00:10:19
E3_TSDAE_EP10,frozen,participant,03,no_augmentation,PHQ9,45,DecisionTree,6.316285,False,models/tsdae_e5_small/ep10,random50,"{""augmentation"": ""no_augmentation"", ""beto_model"": ""dccuchile/bert-base-spanish-wwm-cased"", ""chunk_stride"": 256, ""max_tokens"": 512, ""n_cv_splits"": 5, ""n_search_iter"": 50, ""seeds"": [42, 43, 44, 45, 46], ""sentence_transformer_model"": ""intfloat/multilingual-e5-small"", ""tfidf_lemmatize"": true, ""tfidf_max_df"": 0.9, ""tfidf_max_features"": 300, ""tfidf_min_df"": 3, ""tfidf_ngram_range"": [1, 2], ""tfidf_normalize_numbers"": true}",2026-09-09T00:10:19
E3_TSDAE_EP10,frozen,participant,03,no_augmentation,PHQ9,45,AdaBoost,5.886875,False,models/tsdae_e5_small/ep10,random50,"{""augmentation"": ""no_augmentation"", ""beto_model"": ""dccuchile/bert-base-spanish-wwm-cased"", ""chunk_stride"": 256, ""max_tokens"": 512, ""n_cv_splits"": 5, ""n_search_iter"": 50, ""seeds"": [42, 43, 44, 45, 46], ""sentence_transformer_model"": ""intfloat/multilingual-e5-small"", ""tfidf_lemmatize"": true, ""tfidf_max_df"": 0.9, ""tfidf_max_features"": 300, ""tfidf_min_df"": 3, ""tfidf_ngram_range"": [1, 2], ""tfidf_normalize_numbers"": true}",2026-09-09T00:10:19
E3_TSDAE_EP10,frozen,participant,03,no_augmentation,GAD7,45,Ridge,5.335614,False,models/tsdae_e5_small/ep10,random50,"{""augmentation"": ""no_augmentation"", ""beto_model"": ""dccuchile/bert-base-spanish-wwm-cased"", ""chunk_stride"": 256, ""max_tokens"": 512, ""n_cv_splits"": 5, ""n_search_iter"": 50, ""seeds"": [42, 43, 44, 45, 46], ""sentence_transformer_model"": ""intfloat/multilingual-e5-small"", ""tfidf_lemmatize"": true, ""tfidf_max_df"": 0.9, ""tfidf_max_features"": 300, ""tfidf_min_df"": 3, ""tfidf_ngram_range"": [1, 2], ""tfidf_normalize_numbers"": true}",2026-09-09T00:11:32
E3_TSDAE_EP10,frozen,participant,03,no_augmentation,GAD7,45,SVR,4.83657,False,models/tsdae_e5_small/ep10,random50,"{""augmentation"": ""no_augmentation"", ""beto_model"": ""dccuchile/bert-base-spanish-wwm-cased"", ""chunk_stride"": 256, ""max_tokens"": 512, ""n_cv_splits"": 5, ""n_search_iter"": 50, ""seeds"": [42, 43, 44, 45, 46], ""sentence_transformer_model"": ""intfloat/multilingual-e5-small"", ""tfidf_lemmatize"": true, ""tfidf_max_df"": 0.9, ""tfidf_max_features"": 300, ""tfidf_min_df"": 3, ""tfidf_ngram_range"": [1, 2], ""tfidf_normalize_numbers"": true}",2026-09-09T00:11:32
E3_TSDAE_EP10,frozen,participant,03,no_augmentation,GAD7,45,RandomForest,4.706568,False,models/tsdae_e5_small/ep10,random50,"{""augmentation"": ""no_augmentation"", ""beto_model"": ""dccuchile/bert-base-spanish-wwm-cased"", ""chunk_stride"": 256, ""max_tokens"": 512, ""n_cv_splits"": 5, ""n_search_iter"": 50, ""seeds"": [42, 43, 44, 45, 46], ""sentence_transformer_model"": ""intfloat/multilingual-e5-small"", ""tfidf_lemmatize"": true, ""tfidf_max_df"": 0.9, ""tfidf_max_features"": 300, ""tfidf_min_df"": 3, ""tfidf_ngram_range"": [1, 2], ""tfidf_normalize_numbers"": true}",2026-09-09T00:11:32
E3_TSDAE_EP10,frozen,participant,03,no_augmentation,GAD7,45,ExtraTrees,4.756788,False,models/tsdae_e5_small/ep10,random50,"{""augmentation"": ""no_augmentation"", ""beto_model"": ""dccuchile/bert-base-spanish-wwm-cased"", ""chunk_stride"": 256, ""max_tokens"": 512, ""n_cv_splits"": 5, ""n_search_iter"": 50, ""seeds"": [42, 43, 44, 45, 46], ""sentence_transformer_model"": ""intfloat/multilingual-e5-small"", ""tfidf_lemmatize"": true, ""tfidf_max_df"": 0.9, ""tfidf_max_features"": 300, ""tfidf_min_df"": 3, ""tfidf_ngram_range"": [1, 2], ""tfidf_normalize_numbers"": true}",2026-09-09T00:11:32
E3_TSDAE_EP10,frozen,participant,03,no_augmentation,GAD7,45,GradientBoosting,4.720351,False,models/tsdae_e5_small/ep10,random50,"{""augmentation"": ""no_augmentation"", ""beto_model"": ""dccuchile/bert-base-spanish-wwm-cased"", ""chunk_stride"": 256, ""max_tokens"": 512, ""n_cv_splits"": 5, ""n_search_iter"": 50, ""seeds"": [42, 43, 44, 45, 46], ""sentence_transformer_model"": ""intfloat/multilingual-e5-small"", ""tfidf_lemmatize"": true, ""tfidf_max_df"": 0.9, ""tfidf_max_features"": 300, ""tfidf_min_df"": 3, ""tfidf_ngram_range"": [1, 2], ""tfidf_normalize_numbers"": true}",2026-09-09T00:11:32
E3_TSDAE_EP10,frozen,participant,03,no_augmentation,GAD7,45,LightGBM,4.6783,False,models/tsdae_e5_small/ep10,random50,"{""augmentation"": ""no_augmentation"", ""beto_model"": ""dccuchile/bert-base-spanish-wwm-cased"", ""chunk_stride"": 256, ""max_tokens"": 512, ""n_cv_splits"": 5, ""n_search_iter"": 50, ""seeds"": [42, 43, 44, 45, 46], ""sentence_transformer_model"": ""intfloat/multilingual-e5-small"", ""tfidf_lemmatize"": true, ""tfidf_max_df"": 0.9, ""tfidf_max_features"": 300, ""tfidf_min_df"": 3, ""tfidf_ngram_range"": [1, 2], ""tfidf_normalize_numbers"": true}",2026-09-09T00:11:32
E3_TSDAE_EP10,frozen,participant,03,no_augmentation,GAD7,45,KNN,4.771708,False,models/tsdae_e5_small/ep10,random50,"{""augmentation"": ""no_augmentation"", ""beto_model"": ""dccuchile/bert-base-spanish-wwm-cased"", ""chunk_stride"": 256, ""max_tokens"": 512, ""n_cv_splits"": 5, ""n_search_iter"": 50, ""seeds"": [42, 43, 44, 45, 46], ""sentence_transformer_model"": ""intfloat/multilingual-e5-small"", ""tfidf_lemmatize"": true, ""tfidf_max_df"": 0.9, ""tfidf_max_features"": 300, ""tfidf_min_df"": 3, ""tfidf_ngram_range"": [1, 2], ""tfidf_normalize_numbers"": true}",2026-09-09T00:11:32
E3_TSDAE_EP10,frozen,participant,03,no_augmentation,GAD7,45,DecisionTree,5.585354,False,models/tsdae_e5_small/ep10,random50,"{""augmentation"": ""no_augmentation"", ""beto_model"": ""dccuchile/bert-base-spanish-wwm-cased"", ""chunk_stride"": 256, ""max_tokens"": 512, ""n_cv_splits"": 5, ""n_search_iter"": 50, ""seeds"": [42, 43, 44, 45, 46], ""sentence_transformer_model"": ""intfloat/multilingual-e5-small"", ""tfidf_lemmatize"": true, ""tfidf_max_df"": 0.9, ""tfidf_max_features"": 300, ""tfidf_min_df"": 3, ""tfidf_ngram_range"": [1, 2], ""tfidf_normalize_numbers"": true}",2026-09-09T00:11:32
E3_TSDAE_EP10,frozen,participant,03,no_augmentation,GAD7,45,AdaBoost,4.658159,True,models/tsdae_e5_small/ep10,random50,"{""augmentation"": ""no_augmentation"", ""beto_model"": ""dccuchile/bert-base-spanish-wwm-cased"", ""chunk_stride"": 256, ""max_tokens"": 512, ""n_cv_splits"": 5, ""n_search_iter"": 50, ""seeds"": [42, 43, 44, 45, 46], ""sentence_transformer_model"": ""intfloat/multilingual-e5-small"", ""tfidf_lemmatize"": true, ""tfidf_max_df"": 0.9, ""tfidf_max_features"": 300, ""tfidf_min_df"": 3, ""tfidf_ngram_range"": [1, 2], ""tfidf_normalize_numbers"": true}",2026-09-09T00:11:32
E3_TSDAE_EP10,frozen,participant,03,no_augmentation,PHQ9,46,Ridge,6.283758,False,models/tsdae_e5_small/ep10,random50,"{""augmentation"": ""no_augmentation"", ""beto_model"": ""dccuchile/bert-base-spanish-wwm-cased"", ""chunk_stride"": 256, ""max_tokens"": 512, ""n_cv_splits"": 5, ""n_search_iter"": 50, ""seeds"": [42, 43, 44, 45, 46], ""sentence_transformer_model"": ""intfloat/multilingual-e5-small"", ""tfidf_lemmatize"": true, ""tfidf_max_df"": 0.9, ""tfidf_max_features"": 300, ""tfidf_min_df"": 3, ""tfidf_ngram_range"": [1, 2], ""tfidf_normalize_numbers"": true}",2026-09-09T00:12:39
E3_TSDAE_EP10,frozen,participant,03,no_augmentation,PHQ9,46,SVR,5.764892,False,models/tsdae_e5_small/ep10,random50,"{""augmentation"": ""no_augmentation"", ""beto_model"": ""dccuchile/bert-base-spanish-wwm-cased"", ""chunk_stride"": 256, ""max_tokens"": 512, ""n_cv_splits"": 5, ""n_search_iter"": 50, ""seeds"": [42, 43, 44, 45, 46], ""sentence_transformer_model"": ""intfloat/multilingual-e5-small"", ""tfidf_lemmatize"": true, ""tfidf_max_df"": 0.9, ""tfidf_max_features"": 300, ""tfidf_min_df"": 3, ""tfidf_ngram_range"": [1, 2], ""tfidf_normalize_numbers"": true}",2026-09-09T00:12:39
E3_TSDAE_EP10,frozen,participant,03,no_augmentation,PHQ9,46,RandomForest,5.746847,False,models/tsdae_e5_small/ep10,random50,"{""augmentation"": ""no_augmentation"", ""beto_model"": ""dccuchile/bert-base-spanish-wwm-cased"", ""chunk_stride"": 256, ""max_tokens"": 512, ""n_cv_splits"": 5, ""n_search_iter"": 50, ""seeds"": [42, 43, 44, 45, 46], ""sentence_transformer_model"": ""intfloat/multilingual-e5-small"", ""tfidf_lemmatize"": true, ""tfidf_max_df"": 0.9, ""tfidf_max_features"": 300, ""tfidf_min_df"": 3, ""tfidf_ngram_range"": [1, 2], ""tfidf_normalize_numbers"": true}",2026-09-09T00:12:39
E3_TSDAE_EP10,frozen,participant,03,no_augmentation,PHQ9,46,ExtraTrees,5.797892,False,models/tsdae_e5_small/ep10,random50,"{""augmentation"": ""no_augmentation"", ""beto_model"": ""dccuchile/bert-base-spanish-wwm-cased"", ""chunk_stride"": 256, ""max_tokens"": 512, ""n_cv_splits"": 5, ""n_search_iter"": 50, ""seeds"": [42, 43, 44, 45, 46], ""sentence_transformer_model"": ""intfloat/multilingual-e5-small"", ""tfidf_lemmatize"": true, ""tfidf_max_df"": 0.9, ""tfidf_max_features"": 300, ""tfidf_min_df"": 3, ""tfidf_ngram_range"": [1, 2], ""tfidf_normalize_numbers"": true}",2026-09-09T00:12:39
E3_TSDAE_EP10,frozen,participant,03,no_augmentation,PHQ9,46,GradientBoosting,5.928371,False,models/tsdae_e5_small/ep10,random50,"{""augmentation"": ""no_augmentation"", ""beto_model"": ""dccuchile/bert-base-spanish-wwm-cased"", ""chunk_stride"": 256, ""max_tokens"": 512, ""n_cv_splits"": 5, ""n_search_iter"": 50, ""seeds"": [42, 43, 44, 45, 46], ""sentence_transformer_model"": ""intfloat/multilingual-e5-small"", ""tfidf_lemmatize"": true, ""tfidf_max_df"": 0.9, ""tfidf_max_features"": 300, ""tfidf_min_df"": 3, ""tfidf_ngram_range"": [1, 2], ""tfidf_normalize_numbers"": true}",2026-09-09T00:12:39
E3_TSDAE_EP10,frozen,participant,03,no_augmentation,PHQ9,46,LightGBM,5.743685,False,models/tsdae_e5_small/ep10,random50,"{""augmentation"": ""no_augmentation"", ""beto_model"": ""dccuchile/bert-base-spanish-wwm-cased"", ""chunk_stride"": 256, ""max_tokens"": 512, ""n_cv_splits"": 5, ""n_search_iter"": 50, ""seeds"": [42, 43, 44, 45, 46], ""sentence_transformer_model"": ""intfloat/multilingual-e5-small"", ""tfidf_lemmatize"": true, ""tfidf_max_df"": 0.9, ""tfidf_max_features"": 300, ""tfidf_min_df"": 3, ""tfidf_ngram_range"": [1, 2], ""tfidf_normalize_numbers"": true}",2026-09-09T00:12:39
E3_TSDAE_EP10,frozen,participant,03,no_augmentation,PHQ9,46,KNN,5.693882,True,models/tsdae_e5_small/ep10,random50,"{""augmentation"": ""no_augmentation"", ""beto_model"": ""dccuchile/bert-base-spanish-wwm-cased"", ""chunk_stride"": 256, ""max_tokens"": 512, ""n_cv_splits"": 5, ""n_search_iter"": 50, ""seeds"": [42, 43, 44, 45, 46], ""sentence_transformer_model"": ""intfloat/multilingual-e5-small"", ""tfidf_lemmatize"": true, ""tfidf_max_df"": 0.9, ""tfidf_max_features"": 300, ""tfidf_min_df"": 3, ""tfidf_ngram_range"": [1, 2], ""tfidf_normalize_numbers"": true}",2026-09-09T00:12:39
E3_TSDAE_EP10,frozen,participant,03,no_augmentation,PHQ9,46,DecisionTree,6.554096,False,models/tsdae_e5_small/ep10,random50,"{""augmentation"": ""no_augmentation"", ""beto_model"": ""dccuchile/bert-base-spanish-wwm-cased"", ""chunk_stride"": 256, ""max_tokens"": 512, ""n_cv_splits"": 5, ""n_search_iter"": 50, ""seeds"": [42, 43, 44, 45, 46], ""sentence_transformer_model"": ""intfloat/multilingual-e5-small"", ""tfidf_lemmatize"": true, ""tfidf_max_df"": 0.9, ""tfidf_max_features"": 300, ""tfidf_min_df"": 3, ""tfidf_ngram_range"": [1, 2], ""tfidf_normalize_numbers"": true}",2026-09-09T00:12:39
E3_TSDAE_EP10,frozen,participant,03,no_augmentation,PHQ9,46,AdaBoost,5.881774,False,models/tsdae_e5_small/ep10,random50,"{""augmentation"": ""no_augmentation"", ""beto_model"": ""dccuchile/bert-base-spanish-wwm-cased"", ""chunk_stride"": 256, ""max_tokens"": 512, ""n_cv_splits"": 5, ""n_search_iter"": 50, ""seeds"": [42, 43, 44, 45, 46], ""sentence_transformer_model"": ""intfloat/multilingual-e5-small"", ""tfidf_lemmatize"": true, ""tfidf_max_df"": 0.9, ""tfidf_max_features"": 300, ""tfidf_min_df"": 3, ""tfidf_ngram_range"": [1, 2], ""tfidf_normalize_numbers"": true}",2026-09-09T00:12:39
E3_TSDAE_EP10,frozen,participant,03,no_augmentation,GAD7,46,Ridge,5.081116,False,models/tsdae_e5_small/ep10,random50,"{""augmentation"": ""no_augmentation"", ""beto_model"": ""dccuchile/bert-base-spanish-wwm-cased"", ""chunk_stride"": 256, ""max_tokens"": 512, ""n_cv_splits"": 5, ""n_search_iter"": 50, ""seeds"": [42, 43, 44, 45, 46], ""sentence_transformer_model"": ""intfloat/multilingual-e5-small"", ""tfidf_lemmatize"": true, ""tfidf_max_df"": 0.9, ""tfidf_max_features"": 300, ""tfidf_min_df"": 3, ""tfidf_ngram_range"": [1, 2], ""tfidf_normalize_numbers"": true}",2026-09-09T00:13:46
E3_TSDAE_EP10,frozen,participant,03,no_augmentation,GAD7,46,SVR,4.727766,False,models/tsdae_e5_small/ep10,random50,"{""augmentation"": ""no_augmentation"", ""beto_model"": ""dccuchile/bert-base-spanish-wwm-cased"", ""chunk_stride"": 256, ""max_tokens"": 512, ""n_cv_splits"": 5, ""n_search_iter"": 50, ""seeds"": [42, 43, 44, 45, 46], ""sentence_transformer_model"": ""intfloat/multilingual-e5-small"", ""tfidf_lemmatize"": true, ""tfidf_max_df"": 0.9, ""tfidf_max_features"": 300, ""tfidf_min_df"": 3, ""tfidf_ngram_range"": [1, 2], ""tfidf_normalize_numbers"": true}",2026-09-09T00:13:46
E3_TSDAE_EP10,frozen,participant,03,no_augmentation,GAD7,46,RandomForest,4.70675,False,models/tsdae_e5_small/ep10,random50,"{""augmentation"": ""no_augmentation"", ""beto_model"": ""dccuchile/bert-base-spanish-wwm-cased"", ""chunk_stride"": 256, ""max_tokens"": 512, ""n_cv_splits"": 5, ""n_search_iter"": 50, ""seeds"": [42, 43, 44, 45, 46], ""sentence_transformer_model"": ""intfloat/multilingual-e5-small"", ""tfidf_lemmatize"": true, ""tfidf_max_df"": 0.9, ""tfidf_max_features"": 300, ""tfidf_min_df"": 3, ""tfidf_ngram_range"": [1, 2], ""tfidf_normalize_numbers"": true}",2026-09-09T00:13:46
E3_TSDAE_EP10,frozen,participant,03,no_augmentation,GAD7,46,ExtraTrees,4.719311,False,models/tsdae_e5_small/ep10,random50,"{""augmentation"": ""no_augmentation"", ""beto_model"": ""dccuchile/bert-base-spanish-wwm-cased"", ""chunk_stride"": 256, ""max_tokens"": 512, ""n_cv_splits"": 5, ""n_search_iter"": 50, ""seeds"": [42, 43, 44, 45, 46], ""sentence_transformer_model"": ""intfloat/multilingual-e5-small"", ""tfidf_lemmatize"": true, ""tfidf_max_df"": 0.9, ""tfidf_max_features"": 300, ""tfidf_min_df"": 3, ""tfidf_ngram_range"": [1, 2], ""tfidf_normalize_numbers"": true}",2026-09-09T00:13:46
E3_TSDAE_EP10,frozen,participant,03,no_augmentation,GAD7,46,GradientBoosting,4.760547,False,models/tsdae_e5_small/ep10,random50,"{""augmentation"": ""no_augmentation"", ""beto_model"": ""dccuchile/bert-base-spanish-wwm-cased"", ""chunk_stride"": 256, ""max_tokens"": 512, ""n_cv_splits"": 5, ""n_search_iter"": 50, ""seeds"": [42, 43, 44, 45, 46], ""sentence_transformer_model"": ""intfloat/multilingual-e5-small"", ""tfidf_lemmatize"": true, ""tfidf_max_df"": 0.9, ""tfidf_max_features"": 300, ""tfidf_min_df"": 3, ""tfidf_ngram_range"": [1, 2], ""tfidf_normalize_numbers"": true}",2026-09-09T00:13:46
E3_TSDAE_EP10,frozen,participant,03,no_augmentation,GAD7,46,LightGBM,4.717446,False,models/tsdae_e5_small/ep10,random50,"{""augmentation"": ""no_augmentation"", ""beto_model"": ""dccuchile/bert-base-spanish-wwm-cased"", ""chunk_stride"": 256, ""max_tokens"": 512, ""n_cv_splits"": 5, ""n_search_iter"": 50, ""seeds"": [42, 43, 44, 45, 46], ""sentence_transformer_model"": ""intfloat/multilingual-e5-small"", ""tfidf_lemmatize"": true, ""tfidf_max_df"": 0.9, ""tfidf_max_features"": 300, ""tfidf_min_df"": 3, ""tfidf_ngram_range"": [1, 2], ""tfidf_normalize_numbers"": true}",2026-09-09T00:13:46
E3_TSDAE_EP10,frozen,participant,03,no_augmentation,GAD7,46,KNN,4.675372,True,models/tsdae_e5_small/ep10,random50,"{""augmentation"": ""no_augmentation"", ""beto_model"": ""dccuchile/bert-base-spanish-wwm-cased"", ""chunk_stride"": 256, ""max_tokens"": 512, ""n_cv_splits"": 5, ""n_search_iter"": 50, ""seeds"": [42, 43, 44, 45, 46], ""sentence_transformer_model"": ""intfloat/multilingual-e5-small"", ""tfidf_lemmatize"": true, ""tfidf_max_df"": 0.9, ""tfidf_max_features"": 300, ""tfidf_min_df"": 3, ""tfidf_ngram_range"": [1, 2], ""tfidf_normalize_numbers"": true}",2026-09-09T00:13:46
E3_TSDAE_EP10,frozen,participant,03,no_augmentation,GAD7,46,DecisionTree,5.305961,False,models/tsdae_e5_small/ep10,random50,"{""augmentation"": ""no_augmentation"", ""beto_model"": ""dccuchile/bert-base-spanish-wwm-cased"", ""chunk_stride"": 256, ""max_tokens"": 512, ""n_cv_splits"": 5, ""n_search_iter"": 50, ""seeds"": [42, 43, 44, 45, 46], ""sentence_transformer_model"": ""intfloat/multilingual-e5-small"", ""tfidf_lemmatize"": true, ""tfidf_max_df"": 0.9, ""tfidf_max_features"": 300, ""tfidf_min_df"": 3, ""tfidf_ngram_range"": [1, 2], ""tfidf_normalize_numbers"": true}",2026-09-09T00:13:46
E3_TSDAE_EP10,frozen,participant,03,no_augmentation,GAD7,46,AdaBoost,4.743041,False,models/tsdae_e5_small/ep10,random50,"{""augmentation"": ""no_augmentation"", ""beto_model"": ""dccuchile/bert-base-spanish-wwm-cased"", ""chunk_stride"": 256, ""max_tokens"": 512, ""n_cv_splits"": 5, ""n_search_iter"": 50, ""seeds"": [42, 43, 44, 45, 46], ""sentence_transformer_model"": ""intfloat/multilingual-e5-small"", ""tfidf_lemmatize"": true, ""tfidf_max_df"": 0.9, ""tfidf_max_features"": 300, ""tfidf_min_df"": 3, ""tfidf_ngram_range"": [1, 2], ""tfidf_normalize_numbers"": true}",2026-09-09T00:13:46
E3_TSDAE_EP20,frozen,participant,03,no_augmentation,PHQ9,42,Ridge,6.60175,False,models/tsdae_e5_small/ep20,random50,"{""augmentation"": ""no_augmentation"", ""beto_model"": ""dccuchile/bert-base-spanish-wwm-cased"", ""chunk_stride"": 256, ""max_tokens"": 512, ""n_cv_splits"": 5, ""n_search_iter"": 50, ""seeds"": [42, 43, 44, 45, 46], ""sentence_transformer_model"": ""intfloat/multilingual-e5-small"", ""tfidf_lemmatize"": true, ""tfidf_max_df"": 0.9, ""tfidf_max_features"": 300, ""tfidf_min_df"": 3, ""tfidf_ngram_range"": [1, 2], ""tfidf_normalize_numbers"": true}",2026-09-09T00:15:00
E3_TSDAE_EP20,frozen,participant,03,no_augmentation,PHQ9,42,SVR,5.903449,False,models/tsdae_e5_small/ep20,random50,"{""augmentation"": ""no_augmentation"", ""beto_model"": ""dccuchile/bert-base-spanish-wwm-cased"", ""chunk_stride"": 256, ""max_tokens"": 512, ""n_cv_splits"": 5, ""n_search_iter"": 50, ""seeds"": [42, 43, 44, 45, 46], ""sentence_transformer_model"": ""intfloat/multilingual-e5-small"", ""tfidf_lemmatize"": true, ""tfidf_max_df"": 0.9, ""tfidf_max_features"": 300, ""tfidf_min_df"": 3, ""tfidf_ngram_range"": [1, 2], ""tfidf_normalize_numbers"": true}",2026-09-09T00:15:00
E3_TSDAE_EP20,frozen,participant,03,no_augmentation,PHQ9,42,RandomForest,5.861994,False,models/tsdae_e5_small/ep20,random50,"{""augmentation"": ""no_augmentation"", ""beto_model"": ""dccuchile/bert-base-spanish-wwm-cased"", ""chunk_stride"": 256, ""max_tokens"": 512, ""n_cv_splits"": 5, ""n_search_iter"": 50, ""seeds"": [42, 43, 44, 45, 46], ""sentence_transformer_model"": ""intfloat/multilingual-e5-small"", ""tfidf_lemmatize"": true, ""tfidf_max_df"": 0.9, ""tfidf_max_features"": 300, ""tfidf_min_df"": 3, ""tfidf_ngram_range"": [1, 2], ""tfidf_normalize_numbers"": true}",2026-09-09T00:15:00
E3_TSDAE_EP20,frozen,participant,03,no_augmentation,PHQ9,42,ExtraTrees,5.861466,False,models/tsdae_e5_small/ep20,random50,"{""augmentation"": ""no_augmentation"", ""beto_model"": ""dccuchile/bert-base-spanish-wwm-cased"", ""chunk_stride"": 256, ""max_tokens"": 512, ""n_cv_splits"": 5, ""n_search_iter"": 50, ""seeds"": [42, 43, 44, 45, 46], ""sentence_transformer_model"": ""intfloat/multilingual-e5-small"", ""tfidf_lemmatize"": true, ""tfidf_max_df"": 0.9, ""tfidf_max_features"": 300, ""tfidf_min_df"": 3, ""tfidf_ngram_range"": [1, 2], ""tfidf_normalize_numbers"": true}",2026-09-09T00:15:00
E3_TSDAE_EP20,frozen,participant,03,no_augmentation,PHQ9,42,GradientBoosting,5.636354,True,models/tsdae_e5_small/ep20,random50,"{""augmentation"": ""no_augmentation"", ""beto_model"": ""dccuchile/bert-base-spanish-wwm-cased"", ""chunk_stride"": 256, ""max_tokens"": 512, ""n_cv_splits"": 5, ""n_search_iter"": 50, ""seeds"": [42, 43, 44, 45, 46], ""sentence_transformer_model"": ""intfloat/multilingual-e5-small"", ""tfidf_lemmatize"": true, ""tfidf_max_df"": 0.9, ""tfidf_max_features"": 300, ""tfidf_min_df"": 3, ""tfidf_ngram_range"": [1, 2], ""tfidf_normalize_numbers"": true}",2026-09-09T00:15:00
E3_TSDAE_EP20,frozen,participant,03,no_augmentation,PHQ9,42,LightGBM,5.804919,False,models/tsdae_e5_small/ep20,random50,"{""augmentation"": ""no_augmentation"", ""beto_model"": ""dccuchile/bert-base-spanish-wwm-cased"", ""chunk_stride"": 256, ""max_tokens"": 512, ""n_cv_splits"": 5, ""n_search_iter"": 50, ""seeds"": [42, 43, 44, 45, 46], ""sentence_transformer_model"": ""intfloat/multilingual-e5-small"", ""tfidf_lemmatize"": true, ""tfidf_max_df"": 0.9, ""tfidf_max_features"": 300, ""tfidf_min_df"": 3, ""tfidf_ngram_range"": [1, 2], ""tfidf_normalize_numbers"": true}",2026-09-09T00:15:00
E3_TSDAE_EP20,frozen,participant,03,no_augmentation,PHQ9,42,KNN,5.961308,False,models/tsdae_e5_small/ep20,random50,"{""augmentation"": ""no_augmentation"", ""beto_model"": ""dccuchile/bert-base-spanish-wwm-cased"", ""chunk_stride"": 256, ""max_tokens"": 512, ""n_cv_splits"": 5, ""n_search_iter"": 50, ""seeds"": [42, 43, 44, 45, 46], ""sentence_transformer_model"": ""intfloat/multilingual-e5-small"", ""tfidf_lemmatize"": true, ""tfidf_max_df"": 0.9, ""tfidf_max_features"": 300, ""tfidf_min_df"": 3, ""tfidf_ngram_range"": [1, 2], ""tfidf_normalize_numbers"": true}",2026-09-09T00:15:00
E3_TSDAE_EP20,frozen,participant,03,no_augmentation,PHQ9,42,DecisionTree,6.439901,False,models/tsdae_e5_small/ep20,random50,"{""augmentation"": ""no_augmentation"", ""beto_model"": ""dccuchile/bert-base-spanish-wwm-cased"", ""chunk_stride"": 256, ""max_tokens"": 512, ""n_cv_splits"": 5, ""n_search_iter"": 50, ""seeds"": [42, 43, 44, 45, 46], ""sentence_transformer_model"": ""intfloat/multilingual-e5-small"", ""tfidf_lemmatize"": true, ""tfidf_max_df"": 0.9, ""tfidf_max_features"": 300, ""tfidf_min_df"": 3, ""tfidf_ngram_range"": [1, 2], ""tfidf_normalize_numbers"": true}",2026-09-09T00:15:00
E3_TSDAE_EP20,frozen,participant,03,no_augmentation,PHQ9,42,AdaBoost,5.792497,False,models/tsdae_e5_small/ep20,random50,"{""augmentation"": ""no_augmentation"", ""beto_model"": ""dccuchile/bert-base-spanish-wwm-cased"", ""chunk_stride"": 256, ""max_tokens"": 512, ""n_cv_splits"": 5, ""n_search_iter"": 50, ""seeds"": [42, 43, 44, 45, 46], ""sentence_transformer_model"": ""intfloat/multilingual-e5-small"", ""tfidf_lemmatize"": true, ""tfidf_max_df"": 0.9, ""tfidf_max_features"": 300, ""tfidf_min_df"": 3, ""tfidf_ngram_range"": [1, 2], ""tfidf_normalize_numbers"": true}",2026-09-09T00:15:00
E3_TSDAE_EP20,frozen,participant,03,no_augmentation,GAD7,42,Ridge,5.470786,False,models/tsdae_e5_small/ep20,random50,"{""augmentation"": ""no_augmentation"", ""beto_model"": ""dccuchile/bert-base-spanish-wwm-cased"", ""chunk_stride"": 256, ""max_tokens"": 512, ""n_cv_splits"": 5, ""n_search_iter"": 50, ""seeds"": [42, 43, 44, 45, 46], ""sentence_transformer_model"": ""intfloat/multilingual-e5-small"", ""tfidf_lemmatize"": true, ""tfidf_max_df"": 0.9, ""tfidf_max_features"": 300, ""tfidf_min_df"": 3, ""tfidf_ngram_range"": [1, 2], ""tfidf_normalize_numbers"": true}",2026-09-09T00:16:14
E3_TSDAE_EP20,frozen,participant,03,no_augmentation,GAD7,42,SVR,4.846628,False,models/tsdae_e5_small/ep20,random50,"{""augmentation"": ""no_augmentation"", ""beto_model"": ""dccuchile/bert-base-spanish-wwm-cased"", ""chunk_stride"": 256, ""max_tokens"": 512, ""n_cv_splits"": 5, ""n_search_iter"": 50, ""seeds"": [42, 43, 44, 45, 46], ""sentence_transformer_model"": ""intfloat/multilingual-e5-small"", ""tfidf_lemmatize"": true, ""tfidf_max_df"": 0.9, ""tfidf_max_features"": 300, ""tfidf_min_df"": 3, ""tfidf_ngram_range"": [1, 2], ""tfidf_normalize_numbers"": true}",2026-09-09T00:16:14
E3_TSDAE_EP20,frozen,participant,03,no_augmentation,GAD7,42,RandomForest,4.631701,False,models/tsdae_e5_small/ep20,random50,"{""augmentation"": ""no_augmentation"", ""beto_model"": ""dccuchile/bert-base-spanish-wwm-cased"", ""chunk_stride"": 256, ""max_tokens"": 512, ""n_cv_splits"": 5, ""n_search_iter"": 50, ""seeds"": [42, 43, 44, 45, 46], ""sentence_transformer_model"": ""intfloat/multilingual-e5-small"", ""tfidf_lemmatize"": true, ""tfidf_max_df"": 0.9, ""tfidf_max_features"": 300, ""tfidf_min_df"": 3, ""tfidf_ngram_range"": [1, 2], ""tfidf_normalize_numbers"": true}",2026-09-09T00:16:14
E3_TSDAE_EP20,frozen,participant,03,no_augmentation,GAD7,42,ExtraTrees,4.724553,False,models/tsdae_e5_small/ep20,random50,"{""augmentation"": ""no_augmentation"", ""beto_model"": ""dccuchile/bert-base-spanish-wwm-cased"", ""chunk_stride"": 256, ""max_tokens"": 512, ""n_cv_splits"": 5, ""n_search_iter"": 50, ""seeds"": [42, 43, 44, 45, 46], ""sentence_transformer_model"": ""intfloat/multilingual-e5-small"", ""tfidf_lemmatize"": true, ""tfidf_max_df"": 0.9, ""tfidf_max_features"": 300, ""tfidf_min_df"": 3, ""tfidf_ngram_range"": [1, 2], ""tfidf_normalize_numbers"": true}",2026-09-09T00:16:14
E3_TSDAE_EP20,frozen,participant,03,no_augmentation,GAD7,42,GradientBoosting,4.485273,True,models/tsdae_e5_small/ep20,random50,"{""augmentation"": ""no_augmentation"", ""beto_model"": ""dccuchile/bert-base-spanish-wwm-cased"", ""chunk_stride"": 256, ""max_tokens"": 512, ""n_cv_splits"": 5, ""n_search_iter"": 50, ""seeds"": [42, 43, 44, 45, 46], ""sentence_transformer_model"": ""intfloat/multilingual-e5-small"", ""tfidf_lemmatize"": true, ""tfidf_max_df"": 0.9, ""tfidf_max_features"": 300, ""tfidf_min_df"": 3, ""tfidf_ngram_range"": [1, 2], ""tfidf_normalize_numbers"": true}",2026-09-09T00:16:14
E3_TSDAE_EP20,frozen,participant,03,no_augmentation,GAD7,42,LightGBM,4.658253,False,models/tsdae_e5_small/ep20,random50,"{""augmentation"": ""no_augmentation"", ""beto_model"": ""dccuchile/bert-base-spanish-wwm-cased"", ""chunk_stride"": 256, ""max_tokens"": 512, ""n_cv_splits"": 5, ""n_search_iter"": 50, ""seeds"": [42, 43, 44, 45, 46], ""sentence_transformer_model"": ""intfloat/multilingual-e5-small"", ""tfidf_lemmatize"": true, ""tfidf_max_df"": 0.9, ""tfidf_max_features"": 300, ""tfidf_min_df"": 3, ""tfidf_ngram_range"": [1, 2], ""tfidf_normalize_numbers"": true}",2026-09-09T00:16:14
E3_TSDAE_EP20,frozen,participant,03,no_augmentation,GAD7,42,KNN,4.755372,False,models/tsdae_e5_small/ep20,random50,"{""augmentation"": ""no_augmentation"", ""beto_model"": ""dccuchile/bert-base-spanish-wwm-cased"", ""chunk_stride"": 256, ""max_tokens"": 512, ""n_cv_splits"": 5, ""n_search_iter"": 50, ""seeds"": [42, 43, 44, 45, 46], ""sentence_transformer_model"": ""intfloat/multilingual-e5-small"", ""tfidf_lemmatize"": true, ""tfidf_max_df"": 0.9, ""tfidf_max_features"": 300, ""tfidf_min_df"": 3, ""tfidf_ngram_range"": [1, 2], ""tfidf_normalize_numbers"": true}",2026-09-09T00:16:14
E3_TSDAE_EP20,frozen,participant,03,no_augmentation,GAD7,42,DecisionTree,5.045325,False,models/tsdae_e5_small/ep20,random50,"{""augmentation"": ""no_augmentation"", ""beto_model"": ""dccuchile/bert-base-spanish-wwm-cased"", ""chunk_stride"": 256, ""max_tokens"": 512, ""n_cv_splits"": 5, ""n_search_iter"": 50, ""seeds"": [42, 43, 44, 45, 46], ""sentence_transformer_model"": ""intfloat/multilingual-e5-small"", ""tfidf_lemmatize"": true, ""tfidf_max_df"": 0.9, ""tfidf_max_features"": 300, ""tfidf_min_df"": 3, ""tfidf_ngram_range"": [1, 2], ""tfidf_normalize_numbers"": true}",2026-09-09T00:16:14
E3_TSDAE_EP20,frozen,participant,03,no_augmentation,GAD7,42,AdaBoost,4.643015,False,models/tsdae_e5_small/ep20,random50,"{""augmentation"": ""no_augmentation"", ""beto_model"": ""dccuchile/bert-base-spanish-wwm-cased"", ""chunk_stride"": 256, ""max_tokens"": 512, ""n_cv_splits"": 5, ""n_search_iter"": 50, ""seeds"": [42, 43, 44, 45, 46], ""sentence_transformer_model"": ""intfloat/multilingual-e5-small"", ""tfidf_lemmatize"": true, ""tfidf_max_df"": 0.9, ""tfidf_max_features"": 300, ""tfidf_min_df"": 3, ""tfidf_ngram_range"": [1, 2], ""tfidf_normalize_numbers"": true}",2026-09-09T00:16:14
E3_TSDAE_EP20,frozen,participant,03,no_augmentation,PHQ9,43,Ridge,6.294982,False,models/tsdae_e5_small/ep20,random50,"{""augmentation"": ""no_augmentation"", ""beto_model"": ""dccuchile/bert-base-spanish-wwm-cased"", ""chunk_stride"": 256, ""max_tokens"": 512, ""n_cv_splits"": 5, ""n_search_iter"": 50, ""seeds"": [42, 43, 44, 45, 46], ""sentence_transformer_model"": ""intfloat/multilingual-e5-small"", ""tfidf_lemmatize"": true, ""tfidf_max_df"": 0.9, ""tfidf_max_features"": 300, ""tfidf_min_df"": 3, ""tfidf_ngram_range"": [1, 2], ""tfidf_normalize_numbers"": true}",2026-09-09T00:17:31
E3_TSDAE_EP20,frozen,participant,03,no_augmentation,PHQ9,43,SVR,5.75672,False,models/tsdae_e5_small/ep20,random50,"{""augmentation"": ""no_augmentation"", ""beto_model"": ""dccuchile/bert-base-spanish-wwm-cased"", ""chunk_stride"": 256, ""max_tokens"": 512, ""n_cv_splits"": 5, ""n_search_iter"": 50, ""seeds"": [42, 43, 44, 45, 46], ""sentence_transformer_model"": ""intfloat/multilingual-e5-small"", ""tfidf_lemmatize"": true, ""tfidf_max_df"": 0.9, ""tfidf_max_features"": 300, ""tfidf_min_df"": 3, ""tfidf_ngram_range"": [1, 2], ""tfidf_normalize_numbers"": true}",2026-09-09T00:17:31
E3_TSDAE_EP20,frozen,participant,03,no_augmentation,PHQ9,43,RandomForest,5.848845,False,models/tsdae_e5_small/ep20,random50,"{""augmentation"": ""no_augmentation"", ""beto_model"": ""dccuchile/bert-base-spanish-wwm-cased"", ""chunk_stride"": 256, ""max_tokens"": 512, ""n_cv_splits"": 5, ""n_search_iter"": 50, ""seeds"": [42, 43, 44, 45, 46], ""sentence_transformer_model"": ""intfloat/multilingual-e5-small"", ""tfidf_lemmatize"": true, ""tfidf_max_df"": 0.9, ""tfidf_max_features"": 300, ""tfidf_min_df"": 3, ""tfidf_ngram_range"": [1, 2], ""tfidf_normalize_numbers"": true}",2026-09-09T00:17:31
E3_TSDAE_EP20,frozen,participant,03,no_augmentation,PHQ9,43,ExtraTrees,5.779832,False,models/tsdae_e5_small/ep20,random50,"{""augmentation"": ""no_augmentation"", ""beto_model"": ""dccuchile/bert-base-spanish-wwm-cased"", ""chunk_stride"": 256, ""max_tokens"": 512, ""n_cv_splits"": 5, ""n_search_iter"": 50, ""seeds"": [42, 43, 44, 45, 46], ""sentence_transformer_model"": ""intfloat/multilingual-e5-small"", ""tfidf_lemmatize"": true, ""tfidf_max_df"": 0.9, ""tfidf_max_features"": 300, ""tfidf_min_df"": 3, ""tfidf_ngram_range"": [1, 2], ""tfidf_normalize_numbers"": true}",2026-09-09T00:17:31
E3_TSDAE_EP20,frozen,participant,03,no_augmentation,PHQ9,43,GradientBoosting,5.775094,False,models/tsdae_e5_small/ep20,random50,"{""augmentation"": ""no_augmentation"", ""beto_model"": ""dccuchile/bert-base-spanish-wwm-cased"", ""chunk_stride"": 256, ""max_tokens"": 512, ""n_cv_splits"": 5, ""n_search_iter"": 50, ""seeds"": [42, 43, 44, 45, 46], ""sentence_transformer_model"": ""intfloat/multilingual-e5-small"", ""tfidf_lemmatize"": true, ""tfidf_max_df"": 0.9, ""tfidf_max_features"": 300, ""tfidf_min_df"": 3, ""tfidf_ngram_range"": [1, 2], ""tfidf_normalize_numbers"": true}",2026-09-09T00:17:31
E3_TSDAE_EP20,frozen,participant,03,no_augmentation,PHQ9,43,LightGBM,5.85918,False,models/tsdae_e5_small/ep20,random50,"{""augmentation"": ""no_augmentation"", ""beto_model"": ""dccuchile/bert-base-spanish-wwm-cased"", ""chunk_stride"": 256, ""max_tokens"": 512, ""n_cv_splits"": 5, ""n_search_iter"": 50, ""seeds"": [42, 43, 44, 45, 46], ""sentence_transformer_model"": ""intfloat/multilingual-e5-small"", ""tfidf_lemmatize"": true, ""tfidf_max_df"": 0.9, ""tfidf_max_features"": 300, ""tfidf_min_df"": 3, ""tfidf_ngram_range"": [1, 2], ""tfidf_normalize_numbers"": true}",2026-09-09T00:17:31
E3_TSDAE_EP20,frozen,participant,03,no_augmentation,PHQ9,43,KNN,5.72274,True,models/tsdae_e5_small/ep20,random50,"{""augmentation"": ""no_augmentation"", ""beto_model"": ""dccuchile/bert-base-spanish-wwm-cased"", ""chunk_stride"": 256, ""max_tokens"": 512, ""n_cv_splits"": 5, ""n_search_iter"": 50, ""seeds"": [42, 43, 44, 45, 46], ""sentence_transformer_model"": ""intfloat/multilingual-e5-small"", ""tfidf_lemmatize"": true, ""tfidf_max_df"": 0.9, ""tfidf_max_features"": 300, ""tfidf_min_df"": 3, ""tfidf_ngram_range"": [1, 2], ""tfidf_normalize_numbers"": true}",2026-09-09T00:17:31
E3_TSDAE_EP20,frozen,participant,03,no_augmentation,PHQ9,43,DecisionTree,6.194947,False,models/tsdae_e5_small/ep20,random50,"{""augmentation"": ""no_augmentation"", ""beto_model"": ""dccuchile/bert-base-spanish-wwm-cased"", ""chunk_stride"": 256, ""max_tokens"": 512, ""n_cv_splits"": 5, ""n_search_iter"": 50, ""seeds"": [42, 43, 44, 45, 46], ""sentence_transformer_model"": ""intfloat/multilingual-e5-small"", ""tfidf_lemmatize"": true, ""tfidf_max_df"": 0.9, ""tfidf_max_features"": 300, ""tfidf_min_df"": 3, ""tfidf_ngram_range"": [1, 2], ""tfidf_normalize_numbers"": true}",2026-09-09T00:17:31
E3_TSDAE_EP20,frozen,participant,03,no_augmentation,PHQ9,43,AdaBoost,5.859705,False,models/tsdae_e5_small/ep20,random50,"{""augmentation"": ""no_augmentation"", ""beto_model"": ""dccuchile/bert-base-spanish-wwm-cased"", ""chunk_stride"": 256, ""max_tokens"": 512, ""n_cv_splits"": 5, ""n_search_iter"": 50, ""seeds"": [42, 43, 44, 45, 46], ""sentence_transformer_model"": ""intfloat/multilingual-e5-small"", ""tfidf_lemmatize"": true, ""tfidf_max_df"": 0.9, ""tfidf_max_features"": 300, ""tfidf_min_df"": 3, ""tfidf_ngram_range"": [1, 2], ""tfidf_normalize_numbers"": true}",2026-09-09T00:17:31
E3_TSDAE_EP20,frozen,participant,03,no_augmentation,GAD7,43,Ridge,5.083906,False,models/tsdae_e5_small/ep20,random50,"{""augmentation"": ""no_augmentation"", ""beto_model"": ""dccuchile/bert-base-spanish-wwm-cased"", ""chunk_stride"": 256, ""max_tokens"": 512, ""n_cv_splits"": 5, ""n_search_iter"": 50, ""seeds"": [42, 43, 44, 45, 46], ""sentence_transformer_model"": ""intfloat/multilingual-e5-small"", ""tfidf_lemmatize"": true, ""tfidf_max_df"": 0.9, ""tfidf_max_features"": 300, ""tfidf_min_df"": 3, ""tfidf_ngram_range"": [1, 2], ""tfidf_normalize_numbers"": true}",2026-09-09T00:18:45
E3_TSDAE_EP20,frozen,participant,03,no_augmentation,GAD7,43,SVR,4.805063,False,models/tsdae_e5_small/ep20,random50,"{""augmentation"": ""no_augmentation"", ""beto_model"": ""dccuchile/bert-base-spanish-wwm-cased"", ""chunk_stride"": 256, ""max_tokens"": 512, ""n_cv_splits"": 5, ""n_search_iter"": 50, ""seeds"": [42, 43, 44, 45, 46], ""sentence_transformer_model"": ""intfloat/multilingual-e5-small"", ""tfidf_lemmatize"": true, ""tfidf_max_df"": 0.9, ""tfidf_max_features"": 300, ""tfidf_min_df"": 3, ""tfidf_ngram_range"": [1, 2], ""tfidf_normalize_numbers"": true}",2026-09-09T00:18:45
E3_TSDAE_EP20,frozen,participant,03,no_augmentation,GAD7,43,RandomForest,4.704899,False,models/tsdae_e5_small/ep20,random50,"{""augmentation"": ""no_augmentation"", ""beto_model"": ""dccuchile/bert-base-spanish-wwm-cased"", ""chunk_stride"": 256, ""max_tokens"": 512, ""n_cv_splits"": 5, ""n_search_iter"": 50, ""seeds"": [42, 43, 44, 45, 46], ""sentence_transformer_model"": ""intfloat/multilingual-e5-small"", ""tfidf_lemmatize"": true, ""tfidf_max_df"": 0.9, ""tfidf_max_features"": 300, ""tfidf_min_df"": 3, ""tfidf_ngram_range"": [1, 2], ""tfidf_normalize_numbers"": true}",2026-09-09T00:18:45
E3_TSDAE_EP20,frozen,participant,03,no_augmentation,GAD7,43,ExtraTrees,4.680105,False,models/tsdae_e5_small/ep20,random50,"{""augmentation"": ""no_augmentation"", ""beto_model"": ""dccuchile/bert-base-spanish-wwm-cased"", ""chunk_stride"": 256, ""max_tokens"": 512, ""n_cv_splits"": 5, ""n_search_iter"": 50, ""seeds"": [42, 43, 44, 45, 46], ""sentence_transformer_model"": ""intfloat/multilingual-e5-small"", ""tfidf_lemmatize"": true, ""tfidf_max_df"": 0.9, ""tfidf_max_features"": 300, ""tfidf_min_df"": 3, ""tfidf_ngram_range"": [1, 2], ""tfidf_normalize_numbers"": true}",2026-09-09T00:18:45
E3_TSDAE_EP20,frozen,participant,03,no_augmentation,GAD7,43,GradientBoosting,4.633788,True,models/tsdae_e5_small/ep20,random50,"{""augmentation"": ""no_augmentation"", ""beto_model"": ""dccuchile/bert-base-spanish-wwm-cased"", ""chunk_stride"": 256, ""max_tokens"": 512, ""n_cv_splits"": 5, ""n_search_iter"": 50, ""seeds"": [42, 43, 44, 45, 46], ""sentence_transformer_model"": ""intfloat/multilingual-e5-small"", ""tfidf_lemmatize"": true, ""tfidf_max_df"": 0.9, ""tfidf_max_features"": 300, ""tfidf_min_df"": 3, ""tfidf_ngram_range"": [1, 2], ""tfidf_normalize_numbers"": true}",2026-09-09T00:18:45
E3_TSDAE_EP20,frozen,participant,03,no_augmentation,GAD7,43,LightGBM,4.76653,False,models/tsdae_e5_small/ep20,random50,"{""augmentation"": ""no_augmentation"", ""beto_model"": ""dccuchile/bert-base-spanish-wwm-cased"", ""chunk_stride"": 256, ""max_tokens"": 512, ""n_cv_splits"": 5, ""n_search_iter"": 50, ""seeds"": [42, 43, 44, 45, 46], ""sentence_transformer_model"": ""intfloat/multilingual-e5-small"", ""tfidf_lemmatize"": true, ""tfidf_max_df"": 0.9, ""tfidf_max_features"": 300, ""tfidf_min_df"": 3, ""tfidf_ngram_range"": [1, 2], ""tfidf_normalize_numbers"": true}",2026-09-09T00:18:45
E3_TSDAE_EP20,frozen,participant,03,no_augmentation,GAD7,43,KNN,4.72353,False,models/tsdae_e5_small/ep20,random50,"{""augmentation"": ""no_augmentation"", ""beto_model"": ""dccuchile/bert-base-spanish-wwm-cased"", ""chunk_stride"": 256, ""max_tokens"": 512, ""n_cv_splits"": 5, ""n_search_iter"": 50, ""seeds"": [42, 43, 44, 45, 46], ""sentence_transformer_model"": ""intfloat/multilingual-e5-small"", ""tfidf_lemmatize"": true, ""tfidf_max_df"": 0.9, ""tfidf_max_features"": 300, ""tfidf_min_df"": 3, ""tfidf_ngram_range"": [1, 2], ""tfidf_normalize_numbers"": true}",2026-09-09T00:18:45
E3_TSDAE_EP20,frozen,participant,03,no_augmentation,GAD7,43,DecisionTree,5.379045,False,models/tsdae_e5_small/ep20,random50,"{""augmentation"": ""no_augmentation"", ""beto_model"": ""dccuchile/bert-base-spanish-wwm-cased"", ""chunk_stride"": 256, ""max_tokens"": 512, ""n_cv_splits"": 5, ""n_search_iter"": 50, ""seeds"": [42, 43, 44, 45, 46], ""sentence_transformer_model"": ""intfloat/multilingual-e5-small"", ""tfidf_lemmatize"": true, ""tfidf_max_df"": 0.9, ""tfidf_max_features"": 300, ""tfidf_min_df"": 3, ""tfidf_ngram_range"": [1, 2], ""tfidf_normalize_numbers"": true}",2026-09-09T00:18:45
E3_TSDAE_EP20,frozen,participant,03,no_augmentation,GAD7,43,AdaBoost,4.668277,False,models/tsdae_e5_small/ep20,random50,"{""augmentation"": ""no_augmentation"", ""beto_model"": ""dccuchile/bert-base-spanish-wwm-cased"", ""chunk_stride"": 256, ""max_tokens"": 512, ""n_cv_splits"": 5, ""n_search_iter"": 50, ""seeds"": [42, 43, 44, 45, 46], ""sentence_transformer_model"": ""intfloat/multilingual-e5-small"", ""tfidf_lemmatize"": true, ""tfidf_max_df"": 0.9, ""tfidf_max_features"": 300, ""tfidf_min_df"": 3, ""tfidf_ngram_range"": [1, 2], ""tfidf_normalize_numbers"": true}",2026-09-09T00:18:45
E3_TSDAE_EP20,frozen,participant,03,no_augmentation,PHQ9,44,Ridge,6.502685,False,models/tsdae_e5_small/ep20,random50,"{""augmentation"": ""no_augmentation"", ""beto_model"": ""dccuchile/bert-base-spanish-wwm-cased"", ""chunk_stride"": 256, ""max_tokens"": 512, ""n_cv_splits"": 5, ""n_search_iter"": 50, ""seeds"": [42, 43, 44, 45, 46], ""sentence_transformer_model"": ""intfloat/multilingual-e5-small"", ""tfidf_lemmatize"": true, ""tfidf_max_df"": 0.9, ""tfidf_max_features"": 300, ""tfidf_min_df"": 3, ""tfidf_ngram_range"": [1, 2], ""tfidf_normalize_numbers"": true}",2026-09-09T00:19:55
E3_TSDAE_EP20,frozen,participant,03,no_augmentation,PHQ9,44,SVR,5.818164,False,models/tsdae_e5_small/ep20,random50,"{""augmentation"": ""no_augmentation"", ""beto_model"": ""dccuchile/bert-base-spanish-wwm-cased"", ""chunk_stride"": 256, ""max_tokens"": 512, ""n_cv_splits"": 5, ""n_search_iter"": 50, ""seeds"": [42, 43, 44, 45, 46], ""sentence_transformer_model"": ""intfloat/multilingual-e5-small"", ""tfidf_lemmatize"": true, ""tfidf_max_df"": 0.9, ""tfidf_max_features"": 300, ""tfidf_min_df"": 3, ""tfidf_ngram_range"": [1, 2], ""tfidf_normalize_numbers"": true}",2026-09-09T00:19:55
E3_TSDAE_EP20,frozen,participant,03,no_augmentation,PHQ9,44,RandomForest,5.807537,False,models/tsdae_e5_small/ep20,random50,"{""augmentation"": ""no_augmentation"", ""beto_model"": ""dccuchile/bert-base-spanish-wwm-cased"", ""chunk_stride"": 256, ""max_tokens"": 512, ""n_cv_splits"": 5, ""n_search_iter"": 50, ""seeds"": [42, 43, 44, 45, 46], ""sentence_transformer_model"": ""intfloat/multilingual-e5-small"", ""tfidf_lemmatize"": true, ""tfidf_max_df"": 0.9, ""tfidf_max_features"": 300, ""tfidf_min_df"": 3, ""tfidf_ngram_range"": [1, 2], ""tfidf_normalize_numbers"": true}",2026-09-09T00:19:55
E3_TSDAE_EP20,frozen,participant,03,no_augmentation,PHQ9,44,ExtraTrees,5.771122,False,models/tsdae_e5_small/ep20,random50,"{""augmentation"": ""no_augmentation"", ""beto_model"": ""dccuchile/bert-base-spanish-wwm-cased"", ""chunk_stride"": 256, ""max_tokens"": 512, ""n_cv_splits"": 5, ""n_search_iter"": 50, ""seeds"": [42, 43, 44, 45, 46], ""sentence_transformer_model"": ""intfloat/multilingual-e5-small"", ""tfidf_lemmatize"": true, ""tfidf_max_df"": 0.9, ""tfidf_max_features"": 300, ""tfidf_min_df"": 3, ""tfidf_ngram_range"": [1, 2], ""tfidf_normalize_numbers"": true}",2026-09-09T00:19:55
E3_TSDAE_EP20,frozen,participant,03,no_augmentation,PHQ9,44,GradientBoosting,5.74138,True,models/tsdae_e5_small/ep20,random50,"{""augmentation"": ""no_augmentation"", ""beto_model"": ""dccuchile/bert-base-spanish-wwm-cased"", ""chunk_stride"": 256, ""max_tokens"": 512, ""n_cv_splits"": 5, ""n_search_iter"": 50, ""seeds"": [42, 43, 44, 45, 46], ""sentence_transformer_model"": ""intfloat/multilingual-e5-small"", ""tfidf_lemmatize"": true, ""tfidf_max_df"": 0.9, ""tfidf_max_features"": 300, ""tfidf_min_df"": 3, ""tfidf_ngram_range"": [1, 2], ""tfidf_normalize_numbers"": true}",2026-09-09T00:19:55
E3_TSDAE_EP20,frozen,participant,03,no_augmentation,PHQ9,44,LightGBM,5.904795,False,models/tsdae_e5_small/ep20,random50,"{""augmentation"": ""no_augmentation"", ""beto_model"": ""dccuchile/bert-base-spanish-wwm-cased"", ""chunk_stride"": 256, ""max_tokens"": 512, ""n_cv_splits"": 5, ""n_search_iter"": 50, ""seeds"": [42, 43, 44, 45, 46], ""sentence_transformer_model"": ""intfloat/multilingual-e5-small"", ""tfidf_lemmatize"": true, ""tfidf_max_df"": 0.9, ""tfidf_max_features"": 300, ""tfidf_min_df"": 3, ""tfidf_ngram_range"": [1, 2], ""tfidf_normalize_numbers"": true}",2026-09-09T00:19:55
E3_TSDAE_EP20,frozen,participant,03,no_augmentation,PHQ9,44,KNN,5.807614,False,models/tsdae_e5_small/ep20,random50,"{""augmentation"": ""no_augmentation"", ""beto_model"": ""dccuchile/bert-base-spanish-wwm-cased"", ""chunk_stride"": 256, ""max_tokens"": 512, ""n_cv_splits"": 5, ""n_search_iter"": 50, ""seeds"": [42, 43, 44, 45, 46], ""sentence_transformer_model"": ""intfloat/multilingual-e5-small"", ""tfidf_lemmatize"": true, ""tfidf_max_df"": 0.9, ""tfidf_max_features"": 300, ""tfidf_min_df"": 3, ""tfidf_ngram_range"": [1, 2], ""tfidf_normalize_numbers"": true}",2026-09-09T00:19:55
E3_TSDAE_EP20,frozen,participant,03,no_augmentation,PHQ9,44,DecisionTree,6.432833,False,models/tsdae_e5_small/ep20,random50,"{""augmentation"": ""no_augmentation"", ""beto_model"": ""dccuchile/bert-base-spanish-wwm-cased"", ""chunk_stride"": 256, ""max_tokens"": 512, ""n_cv_splits"": 5, ""n_search_iter"": 50, ""seeds"": [42, 43, 44, 45, 46], ""sentence_transformer_model"": ""intfloat/multilingual-e5-small"", ""tfidf_lemmatize"": true, ""tfidf_max_df"": 0.9, ""tfidf_max_features"": 300, ""tfidf_min_df"": 3, ""tfidf_ngram_range"": [1, 2], ""tfidf_normalize_numbers"": true}",2026-09-09T00:19:55
E3_TSDAE_EP20,frozen,participant,03,no_augmentation,PHQ9,44,AdaBoost,5.825691,False,models/tsdae_e5_small/ep20,random50,"{""augmentation"": ""no_augmentation"", ""beto_model"": ""dccuchile/bert-base-spanish-wwm-cased"", ""chunk_stride"": 256, ""max_tokens"": 512, ""n_cv_splits"": 5, ""n_search_iter"": 50, ""seeds"": [42, 43, 44, 45, 46], ""sentence_transformer_model"": ""intfloat/multilingual-e5-small"", ""tfidf_lemmatize"": true, ""tfidf_max_df"": 0.9, ""tfidf_max_features"": 300, ""tfidf_min_df"": 3, ""tfidf_ngram_range"": [1, 2], ""tfidf_normalize_numbers"": true}",2026-09-09T00:19:55
E3_TSDAE_EP20,frozen,participant,03,no_augmentation,GAD7,44,Ridge,5.291513,False,models/tsdae_e5_small/ep20,random50,"{""augmentation"": ""no_augmentation"", ""beto_model"": ""dccuchile/bert-base-spanish-wwm-cased"", ""chunk_stride"": 256, ""max_tokens"": 512, ""n_cv_splits"": 5, ""n_search_iter"": 50, ""seeds"": [42, 43, 44, 45, 46], ""sentence_transformer_model"": ""intfloat/multilingual-e5-small"", ""tfidf_lemmatize"": true, ""tfidf_max_df"": 0.9, ""tfidf_max_features"": 300, ""tfidf_min_df"": 3, ""tfidf_ngram_range"": [1, 2], ""tfidf_normalize_numbers"": true}",2026-09-09T00:21:04
E3_TSDAE_EP20,frozen,participant,03,no_augmentation,GAD7,44,SVR,4.811443,False,models/tsdae_e5_small/ep20,random50,"{""augmentation"": ""no_augmentation"", ""beto_model"": ""dccuchile/bert-base-spanish-wwm-cased"", ""chunk_stride"": 256, ""max_tokens"": 512, ""n_cv_splits"": 5, ""n_search_iter"": 50, ""seeds"": [42, 43, 44, 45, 46], ""sentence_transformer_model"": ""intfloat/multilingual-e5-small"", ""tfidf_lemmatize"": true, ""tfidf_max_df"": 0.9, ""tfidf_max_features"": 300, ""tfidf_min_df"": 3, ""tfidf_ngram_range"": [1, 2], ""tfidf_normalize_numbers"": true}",2026-09-09T00:21:04
E3_TSDAE_EP20,frozen,participant,03,no_augmentation,GAD7,44,RandomForest,4.622051,False,models/tsdae_e5_small/ep20,random50,"{""augmentation"": ""no_augmentation"", ""beto_model"": ""dccuchile/bert-base-spanish-wwm-cased"", ""chunk_stride"": 256, ""max_tokens"": 512, ""n_cv_splits"": 5, ""n_search_iter"": 50, ""seeds"": [42, 43, 44, 45, 46], ""sentence_transformer_model"": ""intfloat/multilingual-e5-small"", ""tfidf_lemmatize"": true, ""tfidf_max_df"": 0.9, ""tfidf_max_features"": 300, ""tfidf_min_df"": 3, ""tfidf_ngram_range"": [1, 2], ""tfidf_normalize_numbers"": true}",2026-09-09T00:21:04
E3_TSDAE_EP20,frozen,participant,03,no_augmentation,GAD7,44,ExtraTrees,4.641589,False,models/tsdae_e5_small/ep20,random50,"{""augmentation"": ""no_augmentation"", ""beto_model"": ""dccuchile/bert-base-spanish-wwm-cased"", ""chunk_stride"": 256, ""max_tokens"": 512, ""n_cv_splits"": 5, ""n_search_iter"": 50, ""seeds"": [42, 43, 44, 45, 46], ""sentence_transformer_model"": ""intfloat/multilingual-e5-small"", ""tfidf_lemmatize"": true, ""tfidf_max_df"": 0.9, ""tfidf_max_features"": 300, ""tfidf_min_df"": 3, ""tfidf_ngram_range"": [1, 2], ""tfidf_normalize_numbers"": true}",2026-09-09T00:21:04
E3_TSDAE_EP20,frozen,participant,03,no_augmentation,GAD7,44,GradientBoosting,4.46361,True,models/tsdae_e5_small/ep20,random50,"{""augmentation"": ""no_augmentation"", ""beto_model"": ""dccuchile/bert-base-spanish-wwm-cased"", ""chunk_stride"": 256, ""max_tokens"": 512, ""n_cv_splits"": 5, ""n_search_iter"": 50, ""seeds"": [42, 43, 44, 45, 46], ""sentence_transformer_model"": ""intfloat/multilingual-e5-small"", ""tfidf_lemmatize"": true, ""tfidf_max_df"": 0.9, ""tfidf_max_features"": 300, ""tfidf_min_df"": 3, ""tfidf_ngram_range"": [1, 2], ""tfidf_normalize_numbers"": true}",2026-09-09T00:21:04
E3_TSDAE_EP20,frozen,participant,03,no_augmentation,GAD7,44,LightGBM,4.517907,False,models/tsdae_e5_small/ep20,random50,"{""augmentation"": ""no_augmentation"", ""beto_model"": ""dccuchile/bert-base-spanish-wwm-cased"", ""chunk_stride"": 256, ""max_tokens"": 512, ""n_cv_splits"": 5, ""n_search_iter"": 50, ""seeds"": [42, 43, 44, 45, 46], ""sentence_transformer_model"": ""intfloat/multilingual-e5-small"", ""tfidf_lemmatize"": true, ""tfidf_max_df"": 0.9, ""tfidf_max_features"": 300, ""tfidf_min_df"": 3, ""tfidf_ngram_range"": [1, 2], ""tfidf_normalize_numbers"": true}",2026-09-09T00:21:04
E3_TSDAE_EP20,frozen,participant,03,no_augmentation,GAD7,44,KNN,4.699776,False,models/tsdae_e5_small/ep20,random50,"{""augmentation"": ""no_augmentation"", ""beto_model"": ""dccuchile/bert-base-spanish-wwm-cased"", ""chunk_stride"": 256, ""max_tokens"": 512, ""n_cv_splits"": 5, ""n_search_iter"": 50, ""seeds"": [42, 43, 44, 45, 46], ""sentence_transformer_model"": ""intfloat/multilingual-e5-small"", ""tfidf_lemmatize"": true, ""tfidf_max_df"": 0.9, ""tfidf_max_features"": 300, ""tfidf_min_df"": 3, ""tfidf_ngram_range"": [1, 2], ""tfidf_normalize_numbers"": true}",2026-09-09T00:21:04
E3_TSDAE_EP20,frozen,participant,03,no_augmentation,GAD7,44,DecisionTree,5.435711,False,models/tsdae_e5_small/ep20,random50,"{""augmentation"": ""no_augmentation"", ""beto_model"": ""dccuchile/bert-base-spanish-wwm-cased"", ""chunk_stride"": 256, ""max_tokens"": 512, ""n_cv_splits"": 5, ""n_search_iter"": 50, ""seeds"": [42, 43, 44, 45, 46], ""sentence_transformer_model"": ""intfloat/multilingual-e5-small"", ""tfidf_lemmatize"": true, ""tfidf_max_df"": 0.9, ""tfidf_max_features"": 300, ""tfidf_min_df"": 3, ""tfidf_ngram_range"": [1, 2], ""tfidf_normalize_numbers"": true}",2026-09-09T00:21:04
E3_TSDAE_EP20,frozen,participant,03,no_augmentation,GAD7,44,AdaBoost,4.542358,False,models/tsdae_e5_small/ep20,random50,"{""augmentation"": ""no_augmentation"", ""beto_model"": ""dccuchile/bert-base-spanish-wwm-cased"", ""chunk_stride"": 256, ""max_tokens"": 512, ""n_cv_splits"": 5, ""n_search_iter"": 50, ""seeds"": [42, 43, 44, 45, 46], ""sentence_transformer_model"": ""intfloat/multilingual-e5-small"", ""tfidf_lemmatize"": true, ""tfidf_max_df"": 0.9, ""tfidf_max_features"": 300, ""tfidf_min_df"": 3, ""tfidf_ngram_range"": [1, 2], ""tfidf_normalize_numbers"": true}",2026-09-09T00:21:04
E3_TSDAE_EP20,frozen,participant,03,no_augmentation,PHQ9,45,Ridge,6.617432,False,models/tsdae_e5_small/ep20,random50,"{""augmentation"": ""no_augmentation"", ""beto_model"": ""dccuchile/bert-base-spanish-wwm-cased"", ""chunk_stride"": 256, ""max_tokens"": 512, ""n_cv_splits"": 5, ""n_search_iter"": 50, ""seeds"": [42, 43, 44, 45, 46], ""sentence_transformer_model"": ""intfloat/multilingual-e5-small"", ""tfidf_lemmatize"": true, ""tfidf_max_df"": 0.9, ""tfidf_max_features"": 300, ""tfidf_min_df"": 3, ""tfidf_ngram_range"": [1, 2], ""tfidf_normalize_numbers"": true}",2026-09-09T00:22:16
E3_TSDAE_EP20,frozen,participant,03,no_augmentation,PHQ9,45,SVR,5.915027,False,models/tsdae_e5_small/ep20,random50,"{""augmentation"": ""no_augmentation"", ""beto_model"": ""dccuchile/bert-base-spanish-wwm-cased"", ""chunk_stride"": 256, ""max_tokens"": 512, ""n_cv_splits"": 5, ""n_search_iter"": 50, ""seeds"": [42, 43, 44, 45, 46], ""sentence_transformer_model"": ""intfloat/multilingual-e5-small"", ""tfidf_lemmatize"": true, ""tfidf_max_df"": 0.9, ""tfidf_max_features"": 300, ""tfidf_min_df"": 3, ""tfidf_ngram_range"": [1, 2], ""tfidf_normalize_numbers"": true}",2026-09-09T00:22:16
E3_TSDAE_EP20,frozen,participant,03,no_augmentation,PHQ9,45,RandomForest,5.829575,False,models/tsdae_e5_small/ep20,random50,"{""augmentation"": ""no_augmentation"", ""beto_model"": ""dccuchile/bert-base-spanish-wwm-cased"", ""chunk_stride"": 256, ""max_tokens"": 512, ""n_cv_splits"": 5, ""n_search_iter"": 50, ""seeds"": [42, 43, 44, 45, 46], ""sentence_transformer_model"": ""intfloat/multilingual-e5-small"", ""tfidf_lemmatize"": true, ""tfidf_max_df"": 0.9, ""tfidf_max_features"": 300, ""tfidf_min_df"": 3, ""tfidf_ngram_range"": [1, 2], ""tfidf_normalize_numbers"": true}",2026-09-09T00:22:16
E3_TSDAE_EP20,frozen,participant,03,no_augmentation,PHQ9,45,ExtraTrees,5.822414,False,models/tsdae_e5_small/ep20,random50,"{""augmentation"": ""no_augmentation"", ""beto_model"": ""dccuchile/bert-base-spanish-wwm-cased"", ""chunk_stride"": 256, ""max_tokens"": 512, ""n_cv_splits"": 5, ""n_search_iter"": 50, ""seeds"": [42, 43, 44, 45, 46], ""sentence_transformer_model"": ""intfloat/multilingual-e5-small"", ""tfidf_lemmatize"": true, ""tfidf_max_df"": 0.9, ""tfidf_max_features"": 300, ""tfidf_min_df"": 3, ""tfidf_ngram_range"": [1, 2], ""tfidf_normalize_numbers"": true}",2026-09-09T00:22:16
E3_TSDAE_EP20,frozen,participant,03,no_augmentation,PHQ9,45,GradientBoosting,5.884215,False,models/tsdae_e5_small/ep20,random50,"{""augmentation"": ""no_augmentation"", ""beto_model"": ""dccuchile/bert-base-spanish-wwm-cased"", ""chunk_stride"": 256, ""max_tokens"": 512, ""n_cv_splits"": 5, ""n_search_iter"": 50, ""seeds"": [42, 43, 44, 45, 46], ""sentence_transformer_model"": ""intfloat/multilingual-e5-small"", ""tfidf_lemmatize"": true, ""tfidf_max_df"": 0.9, ""tfidf_max_features"": 300, ""tfidf_min_df"": 3, ""tfidf_ngram_range"": [1, 2], ""tfidf_normalize_numbers"": true}",2026-09-09T00:22:16
E3_TSDAE_EP20,frozen,participant,03,no_augmentation,PHQ9,45,LightGBM,5.958107,False,models/tsdae_e5_small/ep20,random50,"{""augmentation"": ""no_augmentation"", ""beto_model"": ""dccuchile/bert-base-spanish-wwm-cased"", ""chunk_stride"": 256, ""max_tokens"": 512, ""n_cv_splits"": 5, ""n_search_iter"": 50, ""seeds"": [42, 43, 44, 45, 46], ""sentence_transformer_model"": ""intfloat/multilingual-e5-small"", ""tfidf_lemmatize"": true, ""tfidf_max_df"": 0.9, ""tfidf_max_features"": 300, ""tfidf_min_df"": 3, ""tfidf_ngram_range"": [1, 2], ""tfidf_normalize_numbers"": true}",2026-09-09T00:22:16
E3_TSDAE_EP20,frozen,participant,03,no_augmentation,PHQ9,45,KNN,5.792917,True,models/tsdae_e5_small/ep20,random50,"{""augmentation"": ""no_augmentation"", ""beto_model"": ""dccuchile/bert-base-spanish-wwm-cased"", ""chunk_stride"": 256, ""max_tokens"": 512, ""n_cv_splits"": 5, ""n_search_iter"": 50, ""seeds"": [42, 43, 44, 45, 46], ""sentence_transformer_model"": ""intfloat/multilingual-e5-small"", ""tfidf_lemmatize"": true, ""tfidf_max_df"": 0.9, ""tfidf_max_features"": 300, ""tfidf_min_df"": 3, ""tfidf_ngram_range"": [1, 2], ""tfidf_normalize_numbers"": true}",2026-09-09T00:22:16
E3_TSDAE_EP20,frozen,participant,03,no_augmentation,PHQ9,45,DecisionTree,5.971576,False,models/tsdae_e5_small/ep20,random50,"{""augmentation"": ""no_augmentation"", ""beto_model"": ""dccuchile/bert-base-spanish-wwm-cased"", ""chunk_stride"": 256, ""max_tokens"": 512, ""n_cv_splits"": 5, ""n_search_iter"": 50, ""seeds"": [42, 43, 44, 45, 46], ""sentence_transformer_model"": ""intfloat/multilingual-e5-small"", ""tfidf_lemmatize"": true, ""tfidf_max_df"": 0.9, ""tfidf_max_features"": 300, ""tfidf_min_df"": 3, ""tfidf_ngram_range"": [1, 2], ""tfidf_normalize_numbers"": true}",2026-09-09T00:22:16
E3_TSDAE_EP20,frozen,participant,03,no_augmentation,PHQ9,45,AdaBoost,5.864667,False,models/tsdae_e5_small/ep20,random50,"{""augmentation"": ""no_augmentation"", ""beto_model"": ""dccuchile/bert-base-spanish-wwm-cased"", ""chunk_stride"": 256, ""max_tokens"": 512, ""n_cv_splits"": 5, ""n_search_iter"": 50, ""seeds"": [42, 43, 44, 45, 46], ""sentence_transformer_model"": ""intfloat/multilingual-e5-small"", ""tfidf_lemmatize"": true, ""tfidf_max_df"": 0.9, ""tfidf_max_features"": 300, ""tfidf_min_df"": 3, ""tfidf_ngram_range"": [1, 2], ""tfidf_normalize_numbers"": true}",2026-09-09T00:22:16
E3_TSDAE_EP20,frozen,participant,03,no_augmentation,GAD7,45,Ridge,5.44803,False,models/tsdae_e5_small/ep20,random50,"{""augmentation"": ""no_augmentation"", ""beto_model"": ""dccuchile/bert-base-spanish-wwm-cased"", ""chunk_stride"": 256, ""max_tokens"": 512, ""n_cv_splits"": 5, ""n_search_iter"": 50, ""seeds"": [42, 43, 44, 45, 46], ""sentence_transformer_model"": ""intfloat/multilingual-e5-small"", ""tfidf_lemmatize"": true, ""tfidf_max_df"": 0.9, ""tfidf_max_features"": 300, ""tfidf_min_df"": 3, ""tfidf_ngram_range"": [1, 2], ""tfidf_normalize_numbers"": true}",2026-09-09T00:23:30
E3_TSDAE_EP20,frozen,participant,03,no_augmentation,GAD7,45,SVR,4.877738,False,models/tsdae_e5_small/ep20,random50,"{""augmentation"": ""no_augmentation"", ""beto_model"": ""dccuchile/bert-base-spanish-wwm-cased"", ""chunk_stride"": 256, ""max_tokens"": 512, ""n_cv_splits"": 5, ""n_search_iter"": 50, ""seeds"": [42, 43, 44, 45, 46], ""sentence_transformer_model"": ""intfloat/multilingual-e5-small"", ""tfidf_lemmatize"": true, ""tfidf_max_df"": 0.9, ""tfidf_max_features"": 300, ""tfidf_min_df"": 3, ""tfidf_ngram_range"": [1, 2], ""tfidf_normalize_numbers"": true}",2026-09-09T00:23:30
E3_TSDAE_EP20,frozen,participant,03,no_augmentation,GAD7,45,RandomForest,4.742034,False,models/tsdae_e5_small/ep20,random50,"{""augmentation"": ""no_augmentation"", ""beto_model"": ""dccuchile/bert-base-spanish-wwm-cased"", ""chunk_stride"": 256, ""max_tokens"": 512, ""n_cv_splits"": 5, ""n_search_iter"": 50, ""seeds"": [42, 43, 44, 45, 46], ""sentence_transformer_model"": ""intfloat/multilingual-e5-small"", ""tfidf_lemmatize"": true, ""tfidf_max_df"": 0.9, ""tfidf_max_features"": 300, ""tfidf_min_df"": 3, ""tfidf_ngram_range"": [1, 2], ""tfidf_normalize_numbers"": true}",2026-09-09T00:23:30
E3_TSDAE_EP20,frozen,participant,03,no_augmentation,GAD7,45,ExtraTrees,4.749497,False,models/tsdae_e5_small/ep20,random50,"{""augmentation"": ""no_augmentation"", ""beto_model"": ""dccuchile/bert-base-spanish-wwm-cased"", ""chunk_stride"": 256, ""max_tokens"": 512, ""n_cv_splits"": 5, ""n_search_iter"": 50, ""seeds"": [42, 43, 44, 45, 46], ""sentence_transformer_model"": ""intfloat/multilingual-e5-small"", ""tfidf_lemmatize"": true, ""tfidf_max_df"": 0.9, ""tfidf_max_features"": 300, ""tfidf_min_df"": 3, ""tfidf_ngram_range"": [1, 2], ""tfidf_normalize_numbers"": true}",2026-09-09T00:23:30
E3_TSDAE_EP20,frozen,participant,03,no_augmentation,GAD7,45,GradientBoosting,4.672273,True,models/tsdae_e5_small/ep20,random50,"{""augmentation"": ""no_augmentation"", ""beto_model"": ""dccuchile/bert-base-spanish-wwm-cased"", ""chunk_stride"": 256, ""max_tokens"": 512, ""n_cv_splits"": 5, ""n_search_iter"": 50, ""seeds"": [42, 43, 44, 45, 46], ""sentence_transformer_model"": ""intfloat/multilingual-e5-small"", ""tfidf_lemmatize"": true, ""tfidf_max_df"": 0.9, ""tfidf_max_features"": 300, ""tfidf_min_df"": 3, ""tfidf_ngram_range"": [1, 2], ""tfidf_normalize_numbers"": true}",2026-09-09T00:23:30
E3_TSDAE_EP20,frozen,participant,03,no_augmentation,GAD7,45,LightGBM,4.679083,False,models/tsdae_e5_small/ep20,random50,"{""augmentation"": ""no_augmentation"", ""beto_model"": ""dccuchile/bert-base-spanish-wwm-cased"", ""chunk_stride"": 256, ""max_tokens"": 512, ""n_cv_splits"": 5, ""n_search_iter"": 50, ""seeds"": [42, 43, 44, 45, 46], ""sentence_transformer_model"": ""intfloat/multilingual-e5-small"", ""tfidf_lemmatize"": true, ""tfidf_max_df"": 0.9, ""tfidf_max_features"": 300, ""tfidf_min_df"": 3, ""tfidf_ngram_range"": [1, 2], ""tfidf_normalize_numbers"": true}",2026-09-09T00:23:30
E3_TSDAE_EP20,frozen,participant,03,no_augmentation,GAD7,45,KNN,4.798808,False,models/tsdae_e5_small/ep20,random50,"{""augmentation"": ""no_augmentation"", ""beto_model"": ""dccuchile/bert-base-spanish-wwm-cased"", ""chunk_stride"": 256, ""max_tokens"": 512, ""n_cv_splits"": 5, ""n_search_iter"": 50, ""seeds"": [42, 43, 44, 45, 46], ""sentence_transformer_model"": ""intfloat/multilingual-e5-small"", ""tfidf_lemmatize"": true, ""tfidf_max_df"": 0.9, ""tfidf_max_features"": 300, ""tfidf_min_df"": 3, ""tfidf_ngram_range"": [1, 2], ""tfidf_normalize_numbers"": true}",2026-09-09T00:23:30
E3_TSDAE_EP20,frozen,participant,03,no_augmentation,GAD7,45,DecisionTree,5.254452,False,models/tsdae_e5_small/ep20,random50,"{""augmentation"": ""no_augmentation"", ""beto_model"": ""dccuchile/bert-base-spanish-wwm-cased"", ""chunk_stride"": 256, ""max_tokens"": 512, ""n_cv_splits"": 5, ""n_search_iter"": 50, ""seeds"": [42, 43, 44, 45, 46], ""sentence_transformer_model"": ""intfloat/multilingual-e5-small"", ""tfidf_lemmatize"": true, ""tfidf_max_df"": 0.9, ""tfidf_max_features"": 300, ""tfidf_min_df"": 3, ""tfidf_ngram_range"": [1, 2], ""tfidf_normalize_numbers"": true}",2026-09-09T00:23:30
E3_TSDAE_EP20,frozen,participant,03,no_augmentation,GAD7,45,AdaBoost,4.707648,False,models/tsdae_e5_small/ep20,random50,"{""augmentation"": ""no_augmentation"", ""beto_model"": ""dccuchile/bert-base-spanish-wwm-cased"", ""chunk_stride"": 256, ""max_tokens"": 512, ""n_cv_splits"": 5, ""n_search_iter"": 50, ""seeds"": [42, 43, 44, 45, 46], ""sentence_transformer_model"": ""intfloat/multilingual-e5-small"", ""tfidf_lemmatize"": true, ""tfidf_max_df"": 0.9, ""tfidf_max_features"": 300, ""tfidf_min_df"": 3, ""tfidf_ngram_range"": [1, 2], ""tfidf_normalize_numbers"": true}",2026-09-09T00:23:30
E3_TSDAE_EP20,frozen,participant,03,no_augmentation,PHQ9,46,Ridge,6.464665,False,models/tsdae_e5_small/ep20,random50,"{""augmentation"": ""no_augmentation"", ""beto_model"": ""dccuchile/bert-base-spanish-wwm-cased"", ""chunk_stride"": 256, ""max_tokens"": 512, ""n_cv_splits"": 5, ""n_search_iter"": 50, ""seeds"": [42, 43, 44, 45, 46], ""sentence_transformer_model"": ""intfloat/multilingual-e5-small"", ""tfidf_lemmatize"": true, ""tfidf_max_df"": 0.9, ""tfidf_max_features"": 300, ""tfidf_min_df"": 3, ""tfidf_ngram_range"": [1, 2], ""tfidf_normalize_numbers"": true}",2026-09-09T00:24:37
E3_TSDAE_EP20,frozen,participant,03,no_augmentation,PHQ9,46,SVR,5.804907,False,models/tsdae_e5_small/ep20,random50,"{""augmentation"": ""no_augmentation"", ""beto_model"": ""dccuchile/bert-base-spanish-wwm-cased"", ""chunk_stride"": 256, ""max_tokens"": 512, ""n_cv_splits"": 5, ""n_search_iter"": 50, ""seeds"": [42, 43, 44, 45, 46], ""sentence_transformer_model"": ""intfloat/multilingual-e5-small"", ""tfidf_lemmatize"": true, ""tfidf_max_df"": 0.9, ""tfidf_max_features"": 300, ""tfidf_min_df"": 3, ""tfidf_ngram_range"": [1, 2], ""tfidf_normalize_numbers"": true}",2026-09-09T00:24:37
E3_TSDAE_EP20,frozen,participant,03,no_augmentation,PHQ9,46,RandomForest,5.862141,False,models/tsdae_e5_small/ep20,random50,"{""augmentation"": ""no_augmentation"", ""beto_model"": ""dccuchile/bert-base-spanish-wwm-cased"", ""chunk_stride"": 256, ""max_tokens"": 512, ""n_cv_splits"": 5, ""n_search_iter"": 50, ""seeds"": [42, 43, 44, 45, 46], ""sentence_transformer_model"": ""intfloat/multilingual-e5-small"", ""tfidf_lemmatize"": true, ""tfidf_max_df"": 0.9, ""tfidf_max_features"": 300, ""tfidf_min_df"": 3, ""tfidf_ngram_range"": [1, 2], ""tfidf_normalize_numbers"": true}",2026-09-09T00:24:37
E3_TSDAE_EP20,frozen,participant,03,no_augmentation,PHQ9,46,ExtraTrees,5.820682,False,models/tsdae_e5_small/ep20,random50,"{""augmentation"": ""no_augmentation"", ""beto_model"": ""dccuchile/bert-base-spanish-wwm-cased"", ""chunk_stride"": 256, ""max_tokens"": 512, ""n_cv_splits"": 5, ""n_search_iter"": 50, ""seeds"": [42, 43, 44, 45, 46], ""sentence_transformer_model"": ""intfloat/multilingual-e5-small"", ""tfidf_lemmatize"": true, ""tfidf_max_df"": 0.9, ""tfidf_max_features"": 300, ""tfidf_min_df"": 3, ""tfidf_ngram_range"": [1, 2], ""tfidf_normalize_numbers"": true}",2026-09-09T00:24:37
E3_TSDAE_EP20,frozen,participant,03,no_augmentation,PHQ9,46,GradientBoosting,5.801985,True,models/tsdae_e5_small/ep20,random50,"{""augmentation"": ""no_augmentation"", ""beto_model"": ""dccuchile/bert-base-spanish-wwm-cased"", ""chunk_stride"": 256, ""max_tokens"": 512, ""n_cv_splits"": 5, ""n_search_iter"": 50, ""seeds"": [42, 43, 44, 45, 46], ""sentence_transformer_model"": ""intfloat/multilingual-e5-small"", ""tfidf_lemmatize"": true, ""tfidf_max_df"": 0.9, ""tfidf_max_features"": 300, ""tfidf_min_df"": 3, ""tfidf_ngram_range"": [1, 2], ""tfidf_normalize_numbers"": true}",2026-09-09T00:24:37
E3_TSDAE_EP20,frozen,participant,03,no_augmentation,PHQ9,46,LightGBM,5.843587,False,models/tsdae_e5_small/ep20,random50,"{""augmentation"": ""no_augmentation"", ""beto_model"": ""dccuchile/bert-base-spanish-wwm-cased"", ""chunk_stride"": 256, ""max_tokens"": 512, ""n_cv_splits"": 5, ""n_search_iter"": 50, ""seeds"": [42, 43, 44, 45, 46], ""sentence_transformer_model"": ""intfloat/multilingual-e5-small"", ""tfidf_lemmatize"": true, ""tfidf_max_df"": 0.9, ""tfidf_max_features"": 300, ""tfidf_min_df"": 3, ""tfidf_ngram_range"": [1, 2], ""tfidf_normalize_numbers"": true}",2026-09-09T00:24:37
E3_TSDAE_EP20,frozen,participant,03,no_augmentation,PHQ9,46,KNN,5.8532,False,models/tsdae_e5_small/ep20,random50,"{""augmentation"": ""no_augmentation"", ""beto_model"": ""dccuchile/bert-base-spanish-wwm-cased"", ""chunk_stride"": 256, ""max_tokens"": 512, ""n_cv_splits"": 5, ""n_search_iter"": 50, ""seeds"": [42, 43, 44, 45, 46], ""sentence_transformer_model"": ""intfloat/multilingual-e5-small"", ""tfidf_lemmatize"": true, ""tfidf_max_df"": 0.9, ""tfidf_max_features"": 300, ""tfidf_min_df"": 3, ""tfidf_ngram_range"": [1, 2], ""tfidf_normalize_numbers"": true}",2026-09-09T00:24:37
E3_TSDAE_EP20,frozen,participant,03,no_augmentation,PHQ9,46,DecisionTree,6.306144,False,models/tsdae_e5_small/ep20,random50,"{""augmentation"": ""no_augmentation"", ""beto_model"": ""dccuchile/bert-base-spanish-wwm-cased"", ""chunk_stride"": 256, ""max_tokens"": 512, ""n_cv_splits"": 5, ""n_search_iter"": 50, ""seeds"": [42, 43, 44, 45, 46], ""sentence_transformer_model"": ""intfloat/multilingual-e5-small"", ""tfidf_lemmatize"": true, ""tfidf_max_df"": 0.9, ""tfidf_max_features"": 300, ""tfidf_min_df"": 3, ""tfidf_ngram_range"": [1, 2], ""tfidf_normalize_numbers"": true}",2026-09-09T00:24:37
E3_TSDAE_EP20,frozen,participant,03,no_augmentation,PHQ9,46,AdaBoost,5.827182,False,models/tsdae_e5_small/ep20,random50,"{""augmentation"": ""no_augmentation"", ""beto_model"": ""dccuchile/bert-base-spanish-wwm-cased"", ""chunk_stride"": 256, ""max_tokens"": 512, ""n_cv_splits"": 5, ""n_search_iter"": 50, ""seeds"": [42, 43, 44, 45, 46], ""sentence_transformer_model"": ""intfloat/multilingual-e5-small"", ""tfidf_lemmatize"": true, ""tfidf_max_df"": 0.9, ""tfidf_max_features"": 300, ""tfidf_min_df"": 3, ""tfidf_ngram_range"": [1, 2], ""tfidf_normalize_numbers"": true}",2026-09-09T00:24:37
E3_TSDAE_EP20,frozen,participant,03,no_augmentation,GAD7,46,Ridge,5.434282,False,models/tsdae_e5_small/ep20,random50,"{""augmentation"": ""no_augmentation"", ""beto_model"": ""dccuchile/bert-base-spanish-wwm-cased"", ""chunk_stride"": 256, ""max_tokens"": 512, ""n_cv_splits"": 5, ""n_search_iter"": 50, ""seeds"": [42, 43, 44, 45, 46], ""sentence_transformer_model"": ""intfloat/multilingual-e5-small"", ""tfidf_lemmatize"": true, ""tfidf_max_df"": 0.9, ""tfidf_max_features"": 300, ""tfidf_min_df"": 3, ""tfidf_ngram_range"": [1, 2], ""tfidf_normalize_numbers"": true}",2026-09-09T00:25:47
E3_TSDAE_EP20,frozen,participant,03,no_augmentation,GAD7,46,SVR,4.837828,False,models/tsdae_e5_small/ep20,random50,"{""augmentation"": ""no_augmentation"", ""beto_model"": ""dccuchile/bert-base-spanish-wwm-cased"", ""chunk_stride"": 256, ""max_tokens"": 512, ""n_cv_splits"": 5, ""n_search_iter"": 50, ""seeds"": [42, 43, 44, 45, 46], ""sentence_transformer_model"": ""intfloat/multilingual-e5-small"", ""tfidf_lemmatize"": true, ""tfidf_max_df"": 0.9, ""tfidf_max_features"": 300, ""tfidf_min_df"": 3, ""tfidf_ngram_range"": [1, 2], ""tfidf_normalize_numbers"": true}",2026-09-09T00:25:47
E3_TSDAE_EP20,frozen,participant,03,no_augmentation,GAD7,46,RandomForest,4.744607,False,models/tsdae_e5_small/ep20,random50,"{""augmentation"": ""no_augmentation"", ""beto_model"": ""dccuchile/bert-base-spanish-wwm-cased"", ""chunk_stride"": 256, ""max_tokens"": 512, ""n_cv_splits"": 5, ""n_search_iter"": 50, ""seeds"": [42, 43, 44, 45, 46], ""sentence_transformer_model"": ""intfloat/multilingual-e5-small"", ""tfidf_lemmatize"": true, ""tfidf_max_df"": 0.9, ""tfidf_max_features"": 300, ""tfidf_min_df"": 3, ""tfidf_ngram_range"": [1, 2], ""tfidf_normalize_numbers"": true}",2026-09-09T00:25:47
E3_TSDAE_EP20,frozen,participant,03,no_augmentation,GAD7,46,ExtraTrees,4.719328,False,models/tsdae_e5_small/ep20,random50,"{""augmentation"": ""no_augmentation"", ""beto_model"": ""dccuchile/bert-base-spanish-wwm-cased"", ""chunk_stride"": 256, ""max_tokens"": 512, ""n_cv_splits"": 5, ""n_search_iter"": 50, ""seeds"": [42, 43, 44, 45, 46], ""sentence_transformer_model"": ""intfloat/multilingual-e5-small"", ""tfidf_lemmatize"": true, ""tfidf_max_df"": 0.9, ""tfidf_max_features"": 300, ""tfidf_min_df"": 3, ""tfidf_ngram_range"": [1, 2], ""tfidf_normalize_numbers"": true}",2026-09-09T00:25:47
E3_TSDAE_EP20,frozen,participant,03,no_augmentation,GAD7,46,GradientBoosting,4.67359,True,models/tsdae_e5_small/ep20,random50,"{""augmentation"": ""no_augmentation"", ""beto_model"": ""dccuchile/bert-base-spanish-wwm-cased"", ""chunk_stride"": 256, ""max_tokens"": 512, ""n_cv_splits"": 5, ""n_search_iter"": 50, ""seeds"": [42, 43, 44, 45, 46], ""sentence_transformer_model"": ""intfloat/multilingual-e5-small"", ""tfidf_lemmatize"": true, ""tfidf_max_df"": 0.9, ""tfidf_max_features"": 300, ""tfidf_min_df"": 3, ""tfidf_ngram_range"": [1, 2], ""tfidf_normalize_numbers"": true}",2026-09-09T00:25:47
E3_TSDAE_EP20,frozen,participant,03,no_augmentation,GAD7,46,LightGBM,4.721888,False,models/tsdae_e5_small/ep20,random50,"{""augmentation"": ""no_augmentation"", ""beto_model"": ""dccuchile/bert-base-spanish-wwm-cased"", ""chunk_stride"": 256, ""max_tokens"": 512, ""n_cv_splits"": 5, ""n_search_iter"": 50, ""seeds"": [42, 43, 44, 45, 46], ""sentence_transformer_model"": ""intfloat/multilingual-e5-small"", ""tfidf_lemmatize"": true, ""tfidf_max_df"": 0.9, ""tfidf_max_features"": 300, ""tfidf_min_df"": 3, ""tfidf_ngram_range"": [1, 2], ""tfidf_normalize_numbers"": true}",2026-09-09T00:25:47
E3_TSDAE_EP20,frozen,participant,03,no_augmentation,GAD7,46,KNN,4.797611,False,models/tsdae_e5_small/ep20,random50,"{""augmentation"": ""no_augmentation"", ""beto_model"": ""dccuchile/bert-base-spanish-wwm-cased"", ""chunk_stride"": 256, ""max_tokens"": 512, ""n_cv_splits"": 5, ""n_search_iter"": 50, ""seeds"": [42, 43, 44, 45, 46], ""sentence_transformer_model"": ""intfloat/multilingual-e5-small"", ""tfidf_lemmatize"": true, ""tfidf_max_df"": 0.9, ""tfidf_max_features"": 300, ""tfidf_min_df"": 3, ""tfidf_ngram_range"": [1, 2], ""tfidf_normalize_numbers"": true}",2026-09-09T00:25:47
E3_TSDAE_EP20,frozen,participant,03,no_augmentation,GAD7,46,DecisionTree,5.044132,False,models/tsdae_e5_small/ep20,random50,"{""augmentation"": ""no_augmentation"", ""beto_model"": ""dccuchile/bert-base-spanish-wwm-cased"", ""chunk_stride"": 256, ""max_tokens"": 512, ""n_cv_splits"": 5, ""n_search_iter"": 50, ""seeds"": [42, 43, 44, 45, 46], ""sentence_transformer_model"": ""intfloat/multilingual-e5-small"", ""tfidf_lemmatize"": true, ""tfidf_max_df"": 0.9, ""tfidf_max_features"": 300, ""tfidf_min_df"": 3, ""tfidf_ngram_range"": [1, 2], ""tfidf_normalize_numbers"": true}",2026-09-09T00:25:47
E3_TSDAE_EP20,frozen,participant,03,no_augmentation,GAD7,46,AdaBoost,4.698386,False,models/tsdae_e5_small/ep20,random50,"{""augmentation"": ""no_augmentation"", ""beto_model"": ""dccuchile/bert-base-spanish-wwm-cased"", ""chunk_stride"": 256, ""max_tokens"": 512, ""n_cv_splits"": 5, ""n_search_iter"": 50, ""seeds"": [42, 43, 44, 45, 46], ""sentence_transformer_model"": ""intfloat/multilingual-e5-small"", ""tfidf_lemmatize"": true, ""tfidf_max_df"": 0.9, ""tfidf_max_features"": 300, ""tfidf_min_df"": 3, ""tfidf_ngram_range"": [1, 2], ""tfidf_normalize_numbers"": true}",2026-09-09T00:25:47
E3_TSDAE_EP30,frozen,participant,03,no_augmentation,PHQ9,42,Ridge,6.294983,False,models/tsdae_e5_small/ep30,random50,"{""augmentation"": ""no_augmentation"", ""beto_model"": ""dccuchile/bert-base-spanish-wwm-cased"", ""chunk_stride"": 256, ""max_tokens"": 512, ""n_cv_splits"": 5, ""n_search_iter"": 50, ""seeds"": [42, 43, 44, 45, 46], ""sentence_transformer_model"": ""intfloat/multilingual-e5-small"", ""tfidf_lemmatize"": true, ""tfidf_max_df"": 0.9, ""tfidf_max_features"": 300, ""tfidf_min_df"": 3, ""tfidf_ngram_range"": [1, 2], ""tfidf_normalize_numbers"": true}",2026-09-09T00:27:03
E3_TSDAE_EP30,frozen,participant,03,no_augmentation,PHQ9,42,SVR,5.887909,False,models/tsdae_e5_small/ep30,random50,"{""augmentation"": ""no_augmentation"", ""beto_model"": ""dccuchile/bert-base-spanish-wwm-cased"", ""chunk_stride"": 256, ""max_tokens"": 512, ""n_cv_splits"": 5, ""n_search_iter"": 50, ""seeds"": [42, 43, 44, 45, 46], ""sentence_transformer_model"": ""intfloat/multilingual-e5-small"", ""tfidf_lemmatize"": true, ""tfidf_max_df"": 0.9, ""tfidf_max_features"": 300, ""tfidf_min_df"": 3, ""tfidf_ngram_range"": [1, 2], ""tfidf_normalize_numbers"": true}",2026-09-09T00:27:03
E3_TSDAE_EP30,frozen,participant,03,no_augmentation,PHQ9,42,RandomForest,5.775609,False,models/tsdae_e5_small/ep30,random50,"{""augmentation"": ""no_augmentation"", ""beto_model"": ""dccuchile/bert-base-spanish-wwm-cased"", ""chunk_stride"": 256, ""max_tokens"": 512, ""n_cv_splits"": 5, ""n_search_iter"": 50, ""seeds"": [42, 43, 44, 45, 46], ""sentence_transformer_model"": ""intfloat/multilingual-e5-small"", ""tfidf_lemmatize"": true, ""tfidf_max_df"": 0.9, ""tfidf_max_features"": 300, ""tfidf_min_df"": 3, ""tfidf_ngram_range"": [1, 2], ""tfidf_normalize_numbers"": true}",2026-09-09T00:27:03
E3_TSDAE_EP30,frozen,participant,03,no_augmentation,PHQ9,42,ExtraTrees,5.765089,False,models/tsdae_e5_small/ep30,random50,"{""augmentation"": ""no_augmentation"", ""beto_model"": ""dccuchile/bert-base-spanish-wwm-cased"", ""chunk_stride"": 256, ""max_tokens"": 512, ""n_cv_splits"": 5, ""n_search_iter"": 50, ""seeds"": [42, 43, 44, 45, 46], ""sentence_transformer_model"": ""intfloat/multilingual-e5-small"", ""tfidf_lemmatize"": true, ""tfidf_max_df"": 0.9, ""tfidf_max_features"": 300, ""tfidf_min_df"": 3, ""tfidf_ngram_range"": [1, 2], ""tfidf_normalize_numbers"": true}",2026-09-09T00:27:03
E3_TSDAE_EP30,frozen,participant,03,no_augmentation,PHQ9,42,GradientBoosting,5.743611,True,models/tsdae_e5_small/ep30,random50,"{""augmentation"": ""no_augmentation"", ""beto_model"": ""dccuchile/bert-base-spanish-wwm-cased"", ""chunk_stride"": 256, ""max_tokens"": 512, ""n_cv_splits"": 5, ""n_search_iter"": 50, ""seeds"": [42, 43, 44, 45, 46], ""sentence_transformer_model"": ""intfloat/multilingual-e5-small"", ""tfidf_lemmatize"": true, ""tfidf_max_df"": 0.9, ""tfidf_max_features"": 300, ""tfidf_min_df"": 3, ""tfidf_ngram_range"": [1, 2], ""tfidf_normalize_numbers"": true}",2026-09-09T00:27:03
E3_TSDAE_EP30,frozen,participant,03,no_augmentation,PHQ9,42,LightGBM,5.808634,False,models/tsdae_e5_small/ep30,random50,"{""augmentation"": ""no_augmentation"", ""beto_model"": ""dccuchile/bert-base-spanish-wwm-cased"", ""chunk_stride"": 256, ""max_tokens"": 512, ""n_cv_splits"": 5, ""n_search_iter"": 50, ""seeds"": [42, 43, 44, 45, 46], ""sentence_transformer_model"": ""intfloat/multilingual-e5-small"", ""tfidf_lemmatize"": true, ""tfidf_max_df"": 0.9, ""tfidf_max_features"": 300, ""tfidf_min_df"": 3, ""tfidf_ngram_range"": [1, 2], ""tfidf_normalize_numbers"": true}",2026-09-09T00:27:03
E3_TSDAE_EP30,frozen,participant,03,no_augmentation,PHQ9,42,KNN,5.962046,False,models/tsdae_e5_small/ep30,random50,"{""augmentation"": ""no_augmentation"", ""beto_model"": ""dccuchile/bert-base-spanish-wwm-cased"", ""chunk_stride"": 256, ""max_tokens"": 512, ""n_cv_splits"": 5, ""n_search_iter"": 50, ""seeds"": [42, 43, 44, 45, 46], ""sentence_transformer_model"": ""intfloat/multilingual-e5-small"", ""tfidf_lemmatize"": true, ""tfidf_max_df"": 0.9, ""tfidf_max_features"": 300, ""tfidf_min_df"": 3, ""tfidf_ngram_range"": [1, 2], ""tfidf_normalize_numbers"": true}",2026-09-09T00:27:03
E3_TSDAE_EP30,frozen,participant,03,no_augmentation,PHQ9,42,DecisionTree,6.758244,False,models/tsdae_e5_small/ep30,random50,"{""augmentation"": ""no_augmentation"", ""beto_model"": ""dccuchile/bert-base-spanish-wwm-cased"", ""chunk_stride"": 256, ""max_tokens"": 512, ""n_cv_splits"": 5, ""n_search_iter"": 50, ""seeds"": [42, 43, 44, 45, 46], ""sentence_transformer_model"": ""intfloat/multilingual-e5-small"", ""tfidf_lemmatize"": true, ""tfidf_max_df"": 0.9, ""tfidf_max_features"": 300, ""tfidf_min_df"": 3, ""tfidf_ngram_range"": [1, 2], ""tfidf_normalize_numbers"": true}",2026-09-09T00:27:03
E3_TSDAE_EP30,frozen,participant,03,no_augmentation,PHQ9,42,AdaBoost,5.773466,False,models/tsdae_e5_small/ep30,random50,"{""augmentation"": ""no_augmentation"", ""beto_model"": ""dccuchile/bert-base-spanish-wwm-cased"", ""chunk_stride"": 256, ""max_tokens"": 512, ""n_cv_splits"": 5, ""n_search_iter"": 50, ""seeds"": [42, 43, 44, 45, 46], ""sentence_transformer_model"": ""intfloat/multilingual-e5-small"", ""tfidf_lemmatize"": true, ""tfidf_max_df"": 0.9, ""tfidf_max_features"": 300, ""tfidf_min_df"": 3, ""tfidf_ngram_range"": [1, 2], ""tfidf_normalize_numbers"": true}",2026-09-09T00:27:03
E3_TSDAE_EP30,frozen,participant,03,no_augmentation,GAD7,42,Ridge,5.343958,False,models/tsdae_e5_small/ep30,random50,"{""augmentation"": ""no_augmentation"", ""beto_model"": ""dccuchile/bert-base-spanish-wwm-cased"", ""chunk_stride"": 256, ""max_tokens"": 512, ""n_cv_splits"": 5, ""n_search_iter"": 50, ""seeds"": [42, 43, 44, 45, 46], ""sentence_transformer_model"": ""intfloat/multilingual-e5-small"", ""tfidf_lemmatize"": true, ""tfidf_max_df"": 0.9, ""tfidf_max_features"": 300, ""tfidf_min_df"": 3, ""tfidf_ngram_range"": [1, 2], ""tfidf_normalize_numbers"": true}",2026-09-09T00:28:16
E3_TSDAE_EP30,frozen,participant,03,no_augmentation,GAD7,42,SVR,4.800897,False,models/tsdae_e5_small/ep30,random50,"{""augmentation"": ""no_augmentation"", ""beto_model"": ""dccuchile/bert-base-spanish-wwm-cased"", ""chunk_stride"": 256, ""max_tokens"": 512, ""n_cv_splits"": 5, ""n_search_iter"": 50, ""seeds"": [42, 43, 44, 45, 46], ""sentence_transformer_model"": ""intfloat/multilingual-e5-small"", ""tfidf_lemmatize"": true, ""tfidf_max_df"": 0.9, ""tfidf_max_features"": 300, ""tfidf_min_df"": 3, ""tfidf_ngram_range"": [1, 2], ""tfidf_normalize_numbers"": true}",2026-09-09T00:28:16
E3_TSDAE_EP30,frozen,participant,03,no_augmentation,GAD7,42,RandomForest,4.697437,True,models/tsdae_e5_small/ep30,random50,"{""augmentation"": ""no_augmentation"", ""beto_model"": ""dccuchile/bert-base-spanish-wwm-cased"", ""chunk_stride"": 256, ""max_tokens"": 512, ""n_cv_splits"": 5, ""n_search_iter"": 50, ""seeds"": [42, 43, 44, 45, 46], ""sentence_transformer_model"": ""intfloat/multilingual-e5-small"", ""tfidf_lemmatize"": true, ""tfidf_max_df"": 0.9, ""tfidf_max_features"": 300, ""tfidf_min_df"": 3, ""tfidf_ngram_range"": [1, 2], ""tfidf_normalize_numbers"": true}",2026-09-09T00:28:16
E3_TSDAE_EP30,frozen,participant,03,no_augmentation,GAD7,42,ExtraTrees,4.701185,False,models/tsdae_e5_small/ep30,random50,"{""augmentation"": ""no_augmentation"", ""beto_model"": ""dccuchile/bert-base-spanish-wwm-cased"", ""chunk_stride"": 256, ""max_tokens"": 512, ""n_cv_splits"": 5, ""n_search_iter"": 50, ""seeds"": [42, 43, 44, 45, 46], ""sentence_transformer_model"": ""intfloat/multilingual-e5-small"", ""tfidf_lemmatize"": true, ""tfidf_max_df"": 0.9, ""tfidf_max_features"": 300, ""tfidf_min_df"": 3, ""tfidf_ngram_range"": [1, 2], ""tfidf_normalize_numbers"": true}",2026-09-09T00:28:16
E3_TSDAE_EP30,frozen,participant,03,no_augmentation,GAD7,42,GradientBoosting,4.791647,False,models/tsdae_e5_small/ep30,random50,"{""augmentation"": ""no_augmentation"", ""beto_model"": ""dccuchile/bert-base-spanish-wwm-cased"", ""chunk_stride"": 256, ""max_tokens"": 512, ""n_cv_splits"": 5, ""n_search_iter"": 50, ""seeds"": [42, 43, 44, 45, 46], ""sentence_transformer_model"": ""intfloat/multilingual-e5-small"", ""tfidf_lemmatize"": true, ""tfidf_max_df"": 0.9, ""tfidf_max_features"": 300, ""tfidf_min_df"": 3, ""tfidf_ngram_range"": [1, 2], ""tfidf_normalize_numbers"": true}",2026-09-09T00:28:16
E3_TSDAE_EP30,frozen,participant,03,no_augmentation,GAD7,42,LightGBM,4.917871,False,models/tsdae_e5_small/ep30,random50,"{""augmentation"": ""no_augmentation"", ""beto_model"": ""dccuchile/bert-base-spanish-wwm-cased"", ""chunk_stride"": 256, ""max_tokens"": 512, ""n_cv_splits"": 5, ""n_search_iter"": 50, ""seeds"": [42, 43, 44, 45, 46], ""sentence_transformer_model"": ""intfloat/multilingual-e5-small"", ""tfidf_lemmatize"": true, ""tfidf_max_df"": 0.9, ""tfidf_max_features"": 300, ""tfidf_min_df"": 3, ""tfidf_ngram_range"": [1, 2], ""tfidf_normalize_numbers"": true}",2026-09-09T00:28:16
E3_TSDAE_EP30,frozen,participant,03,no_augmentation,GAD7,42,KNN,4.760584,False,models/tsdae_e5_small/ep30,random50,"{""augmentation"": ""no_augmentation"", ""beto_model"": ""dccuchile/bert-base-spanish-wwm-cased"", ""chunk_stride"": 256, ""max_tokens"": 512, ""n_cv_splits"": 5, ""n_search_iter"": 50, ""seeds"": [42, 43, 44, 45, 46], ""sentence_transformer_model"": ""intfloat/multilingual-e5-small"", ""tfidf_lemmatize"": true, ""tfidf_max_df"": 0.9, ""tfidf_max_features"": 300, ""tfidf_min_df"": 3, ""tfidf_ngram_range"": [1, 2], ""tfidf_normalize_numbers"": true}",2026-09-09T00:28:16
E3_TSDAE_EP30,frozen,participant,03,no_augmentation,GAD7,42,DecisionTree,5.378238,False,models/tsdae_e5_small/ep30,random50,"{""augmentation"": ""no_augmentation"", ""beto_model"": ""dccuchile/bert-base-spanish-wwm-cased"", ""chunk_stride"": 256, ""max_tokens"": 512, ""n_cv_splits"": 5, ""n_search_iter"": 50, ""seeds"": [42, 43, 44, 45, 46], ""sentence_transformer_model"": ""intfloat/multilingual-e5-small"", ""tfidf_lemmatize"": true, ""tfidf_max_df"": 0.9, ""tfidf_max_features"": 300, ""tfidf_min_df"": 3, ""tfidf_ngram_range"": [1, 2], ""tfidf_normalize_numbers"": true}",2026-09-09T00:28:16
E3_TSDAE_EP30,frozen,participant,03,no_augmentation,GAD7,42,AdaBoost,4.719817,False,models/tsdae_e5_small/ep30,random50,"{""augmentation"": ""no_augmentation"", ""beto_model"": ""dccuchile/bert-base-spanish-wwm-cased"", ""chunk_stride"": 256, ""max_tokens"": 512, ""n_cv_splits"": 5, ""n_search_iter"": 50, ""seeds"": [42, 43, 44, 45, 46], ""sentence_transformer_model"": ""intfloat/multilingual-e5-small"", ""tfidf_lemmatize"": true, ""tfidf_max_df"": 0.9, ""tfidf_max_features"": 300, ""tfidf_min_df"": 3, ""tfidf_ngram_range"": [1, 2], ""tfidf_normalize_numbers"": true}",2026-09-09T00:28:16
E3_TSDAE_EP30,frozen,participant,03,no_augmentation,PHQ9,43,Ridge,6.041252,False,models/tsdae_e5_small/ep30,random50,"{""augmentation"": ""no_augmentation"", ""beto_model"": ""dccuchile/bert-base-spanish-wwm-cased"", ""chunk_stride"": 256, ""max_tokens"": 512, ""n_cv_splits"": 5, ""n_search_iter"": 50, ""seeds"": [42, 43, 44, 45, 46], ""sentence_transformer_model"": ""intfloat/multilingual-e5-small"", ""tfidf_lemmatize"": true, ""tfidf_max_df"": 0.9, ""tfidf_max_features"": 300, ""tfidf_min_df"": 3, ""tfidf_ngram_range"": [1, 2], ""tfidf_normalize_numbers"": true}",2026-09-09T00:29:31
E3_TSDAE_EP30,frozen,participant,03,no_augmentation,PHQ9,43,SVR,5.675482,False,models/tsdae_e5_small/ep30,random50,"{""augmentation"": ""no_augmentation"", ""beto_model"": ""dccuchile/bert-base-spanish-wwm-cased"", ""chunk_stride"": 256, ""max_tokens"": 512, ""n_cv_splits"": 5, ""n_search_iter"": 50, ""seeds"": [42, 43, 44, 45, 46], ""sentence_transformer_model"": ""intfloat/multilingual-e5-small"", ""tfidf_lemmatize"": true, ""tfidf_max_df"": 0.9, ""tfidf_max_features"": 300, ""tfidf_min_df"": 3, ""tfidf_ngram_range"": [1, 2], ""tfidf_normalize_numbers"": true}",2026-09-09T00:29:31
E3_TSDAE_EP30,frozen,participant,03,no_augmentation,PHQ9,43,RandomForest,5.740197,False,models/tsdae_e5_small/ep30,random50,"{""augmentation"": ""no_augmentation"", ""beto_model"": ""dccuchile/bert-base-spanish-wwm-cased"", ""chunk_stride"": 256, ""max_tokens"": 512, ""n_cv_splits"": 5, ""n_search_iter"": 50, ""seeds"": [42, 43, 44, 45, 46], ""sentence_transformer_model"": ""intfloat/multilingual-e5-small"", ""tfidf_lemmatize"": true, ""tfidf_max_df"": 0.9, ""tfidf_max_features"": 300, ""tfidf_min_df"": 3, ""tfidf_ngram_range"": [1, 2], ""tfidf_normalize_numbers"": true}",2026-09-09T00:29:31
E3_TSDAE_EP30,frozen,participant,03,no_augmentation,PHQ9,43,ExtraTrees,5.711503,False,models/tsdae_e5_small/ep30,random50,"{""augmentation"": ""no_augmentation"", ""beto_model"": ""dccuchile/bert-base-spanish-wwm-cased"", ""chunk_stride"": 256, ""max_tokens"": 512, ""n_cv_splits"": 5, ""n_search_iter"": 50, ""seeds"": [42, 43, 44, 45, 46], ""sentence_transformer_model"": ""intfloat/multilingual-e5-small"", ""tfidf_lemmatize"": true, ""tfidf_max_df"": 0.9, ""tfidf_max_features"": 300, ""tfidf_min_df"": 3, ""tfidf_ngram_range"": [1, 2], ""tfidf_normalize_numbers"": true}",2026-09-09T00:29:31
E3_TSDAE_EP30,frozen,participant,03,no_augmentation,PHQ9,43,GradientBoosting,5.790739,False,models/tsdae_e5_small/ep30,random50,"{""augmentation"": ""no_augmentation"", ""beto_model"": ""dccuchile/bert-base-spanish-wwm-cased"", ""chunk_stride"": 256, ""max_tokens"": 512, ""n_cv_splits"": 5, ""n_search_iter"": 50, ""seeds"": [42, 43, 44, 45, 46], ""sentence_transformer_model"": ""intfloat/multilingual-e5-small"", ""tfidf_lemmatize"": true, ""tfidf_max_df"": 0.9, ""tfidf_max_features"": 300, ""tfidf_min_df"": 3, ""tfidf_ngram_range"": [1, 2], ""tfidf_normalize_numbers"": true}",2026-09-09T00:29:31
E3_TSDAE_EP30,frozen,participant,03,no_augmentation,PHQ9,43,LightGBM,5.851004,False,models/tsdae_e5_small/ep30,random50,"{""augmentation"": ""no_augmentation"", ""beto_model"": ""dccuchile/bert-base-spanish-wwm-cased"", ""chunk_stride"": 256, ""max_tokens"": 512, ""n_cv_splits"": 5, ""n_search_iter"": 50, ""seeds"": [42, 43, 44, 45, 46], ""sentence_transformer_model"": ""intfloat/multilingual-e5-small"", ""tfidf_lemmatize"": true, ""tfidf_max_df"": 0.9, ""tfidf_max_features"": 300, ""tfidf_min_df"": 3, ""tfidf_ngram_range"": [1, 2], ""tfidf_normalize_numbers"": true}",2026-09-09T00:29:31
E3_TSDAE_EP30,frozen,participant,03,no_augmentation,PHQ9,43,KNN,5.749183,False,models/tsdae_e5_small/ep30,random50,"{""augmentation"": ""no_augmentation"", ""beto_model"": ""dccuchile/bert-base-spanish-wwm-cased"", ""chunk_stride"": 256, ""max_tokens"": 512, ""n_cv_splits"": 5, ""n_search_iter"": 50, ""seeds"": [42, 43, 44, 45, 46], ""sentence_transformer_model"": ""intfloat/multilingual-e5-small"", ""tfidf_lemmatize"": true, ""tfidf_max_df"": 0.9, ""tfidf_max_features"": 300, ""tfidf_min_df"": 3, ""tfidf_ngram_range"": [1, 2], ""tfidf_normalize_numbers"": true}",2026-09-09T00:29:31
E3_TSDAE_EP30,frozen,participant,03,no_augmentation,PHQ9,43,DecisionTree,5.561756,True,models/tsdae_e5_small/ep30,random50,"{""augmentation"": ""no_augmentation"", ""beto_model"": ""dccuchile/bert-base-spanish-wwm-cased"", ""chunk_stride"": 256, ""max_tokens"": 512, ""n_cv_splits"": 5, ""n_search_iter"": 50, ""seeds"": [42, 43, 44, 45, 46], ""sentence_transformer_model"": ""intfloat/multilingual-e5-small"", ""tfidf_lemmatize"": true, ""tfidf_max_df"": 0.9, ""tfidf_max_features"": 300, ""tfidf_min_df"": 3, ""tfidf_ngram_range"": [1, 2], ""tfidf_normalize_numbers"": true}",2026-09-09T00:29:31
E3_TSDAE_EP30,frozen,participant,03,no_augmentation,PHQ9,43,AdaBoost,5.741836,False,models/tsdae_e5_small/ep30,random50,"{""augmentation"": ""no_augmentation"", ""beto_model"": ""dccuchile/bert-base-spanish-wwm-cased"", ""chunk_stride"": 256, ""max_tokens"": 512, ""n_cv_splits"": 5, ""n_search_iter"": 50, ""seeds"": [42, 43, 44, 45, 46], ""sentence_transformer_model"": ""intfloat/multilingual-e5-small"", ""tfidf_lemmatize"": true, ""tfidf_max_df"": 0.9, ""tfidf_max_features"": 300, ""tfidf_min_df"": 3, ""tfidf_ngram_range"": [1, 2], ""tfidf_normalize_numbers"": true}",2026-09-09T00:29:32
E3_TSDAE_EP30,frozen,participant,03,no_augmentation,GAD7,43,Ridge,4.936685,False,models/tsdae_e5_small/ep30,random50,"{""augmentation"": ""no_augmentation"", ""beto_model"": ""dccuchile/bert-base-spanish-wwm-cased"", ""chunk_stride"": 256, ""max_tokens"": 512, ""n_cv_splits"": 5, ""n_search_iter"": 50, ""seeds"": [42, 43, 44, 45, 46], ""sentence_transformer_model"": ""intfloat/multilingual-e5-small"", ""tfidf_lemmatize"": true, ""tfidf_max_df"": 0.9, ""tfidf_max_features"": 300, ""tfidf_min_df"": 3, ""tfidf_ngram_range"": [1, 2], ""tfidf_normalize_numbers"": true}",2026-09-09T00:30:48
E3_TSDAE_EP30,frozen,participant,03,no_augmentation,GAD7,43,SVR,4.691804,False,models/tsdae_e5_small/ep30,random50,"{""augmentation"": ""no_augmentation"", ""beto_model"": ""dccuchile/bert-base-spanish-wwm-cased"", ""chunk_stride"": 256, ""max_tokens"": 512, ""n_cv_splits"": 5, ""n_search_iter"": 50, ""seeds"": [42, 43, 44, 45, 46], ""sentence_transformer_model"": ""intfloat/multilingual-e5-small"", ""tfidf_lemmatize"": true, ""tfidf_max_df"": 0.9, ""tfidf_max_features"": 300, ""tfidf_min_df"": 3, ""tfidf_ngram_range"": [1, 2], ""tfidf_normalize_numbers"": true}",2026-09-09T00:30:48
E3_TSDAE_EP30,frozen,participant,03,no_augmentation,GAD7,43,RandomForest,4.693016,False,models/tsdae_e5_small/ep30,random50,"{""augmentation"": ""no_augmentation"", ""beto_model"": ""dccuchile/bert-base-spanish-wwm-cased"", ""chunk_stride"": 256, ""max_tokens"": 512, ""n_cv_splits"": 5, ""n_search_iter"": 50, ""seeds"": [42, 43, 44, 45, 46], ""sentence_transformer_model"": ""intfloat/multilingual-e5-small"", ""tfidf_lemmatize"": true, ""tfidf_max_df"": 0.9, ""tfidf_max_features"": 300, ""tfidf_min_df"": 3, ""tfidf_ngram_range"": [1, 2], ""tfidf_normalize_numbers"": true}",2026-09-09T00:30:48
E3_TSDAE_EP30,frozen,participant,03,no_augmentation,GAD7,43,ExtraTrees,4.652495,False,models/tsdae_e5_small/ep30,random50,"{""augmentation"": ""no_augmentation"", ""beto_model"": ""dccuchile/bert-base-spanish-wwm-cased"", ""chunk_stride"": 256, ""max_tokens"": 512, ""n_cv_splits"": 5, ""n_search_iter"": 50, ""seeds"": [42, 43, 44, 45, 46], ""sentence_transformer_model"": ""intfloat/multilingual-e5-small"", ""tfidf_lemmatize"": true, ""tfidf_max_df"": 0.9, ""tfidf_max_features"": 300, ""tfidf_min_df"": 3, ""tfidf_ngram_range"": [1, 2], ""tfidf_normalize_numbers"": true}",2026-09-09T00:30:48
E3_TSDAE_EP30,frozen,participant,03,no_augmentation,GAD7,43,GradientBoosting,4.497776,True,models/tsdae_e5_small/ep30,random50,"{""augmentation"": ""no_augmentation"", ""beto_model"": ""dccuchile/bert-base-spanish-wwm-cased"", ""chunk_stride"": 256, ""max_tokens"": 512, ""n_cv_splits"": 5, ""n_search_iter"": 50, ""seeds"": [42, 43, 44, 45, 46], ""sentence_transformer_model"": ""intfloat/multilingual-e5-small"", ""tfidf_lemmatize"": true, ""tfidf_max_df"": 0.9, ""tfidf_max_features"": 300, ""tfidf_min_df"": 3, ""tfidf_ngram_range"": [1, 2], ""tfidf_normalize_numbers"": true}",2026-09-09T00:30:48
E3_TSDAE_EP30,frozen,participant,03,no_augmentation,GAD7,43,LightGBM,4.836048,False,models/tsdae_e5_small/ep30,random50,"{""augmentation"": ""no_augmentation"", ""beto_model"": ""dccuchile/bert-base-spanish-wwm-cased"", ""chunk_stride"": 256, ""max_tokens"": 512, ""n_cv_splits"": 5, ""n_search_iter"": 50, ""seeds"": [42, 43, 44, 45, 46], ""sentence_transformer_model"": ""intfloat/multilingual-e5-small"", ""tfidf_lemmatize"": true, ""tfidf_max_df"": 0.9, ""tfidf_max_features"": 300, ""tfidf_min_df"": 3, ""tfidf_ngram_range"": [1, 2], ""tfidf_normalize_numbers"": true}",2026-09-09T00:30:48
E3_TSDAE_EP30,frozen,participant,03,no_augmentation,GAD7,43,KNN,4.699782,False,models/tsdae_e5_small/ep30,random50,"{""augmentation"": ""no_augmentation"", ""beto_model"": ""dccuchile/bert-base-spanish-wwm-cased"", ""chunk_stride"": 256, ""max_tokens"": 512, ""n_cv_splits"": 5, ""n_search_iter"": 50, ""seeds"": [42, 43, 44, 45, 46], ""sentence_transformer_model"": ""intfloat/multilingual-e5-small"", ""tfidf_lemmatize"": true, ""tfidf_max_df"": 0.9, ""tfidf_max_features"": 300, ""tfidf_min_df"": 3, ""tfidf_ngram_range"": [1, 2], ""tfidf_normalize_numbers"": true}",2026-09-09T00:30:48
E3_TSDAE_EP30,frozen,participant,03,no_augmentation,GAD7,43,DecisionTree,5.217769,False,models/tsdae_e5_small/ep30,random50,"{""augmentation"": ""no_augmentation"", ""beto_model"": ""dccuchile/bert-base-spanish-wwm-cased"", ""chunk_stride"": 256, ""max_tokens"": 512, ""n_cv_splits"": 5, ""n_search_iter"": 50, ""seeds"": [42, 43, 44, 45, 46], ""sentence_transformer_model"": ""intfloat/multilingual-e5-small"", ""tfidf_lemmatize"": true, ""tfidf_max_df"": 0.9, ""tfidf_max_features"": 300, ""tfidf_min_df"": 3, ""tfidf_ngram_range"": [1, 2], ""tfidf_normalize_numbers"": true}",2026-09-09T00:30:48
E3_TSDAE_EP30,frozen,participant,03,no_augmentation,GAD7,43,AdaBoost,4.657643,False,models/tsdae_e5_small/ep30,random50,"{""augmentation"": ""no_augmentation"", ""beto_model"": ""dccuchile/bert-base-spanish-wwm-cased"", ""chunk_stride"": 256, ""max_tokens"": 512, ""n_cv_splits"": 5, ""n_search_iter"": 50, ""seeds"": [42, 43, 44, 45, 46], ""sentence_transformer_model"": ""intfloat/multilingual-e5-small"", ""tfidf_lemmatize"": true, ""tfidf_max_df"": 0.9, ""tfidf_max_features"": 300, ""tfidf_min_df"": 3, ""tfidf_ngram_range"": [1, 2], ""tfidf_normalize_numbers"": true}",2026-09-09T00:30:48
E3_TSDAE_EP30,frozen,participant,03,no_augmentation,PHQ9,44,Ridge,6.149421,False,models/tsdae_e5_small/ep30,random50,"{""augmentation"": ""no_augmentation"", ""beto_model"": ""dccuchile/bert-base-spanish-wwm-cased"", ""chunk_stride"": 256, ""max_tokens"": 512, ""n_cv_splits"": 5, ""n_search_iter"": 50, ""seeds"": [42, 43, 44, 45, 46], ""sentence_transformer_model"": ""intfloat/multilingual-e5-small"", ""tfidf_lemmatize"": true, ""tfidf_max_df"": 0.9, ""tfidf_max_features"": 300, ""tfidf_min_df"": 3, ""tfidf_ngram_range"": [1, 2], ""tfidf_normalize_numbers"": true}",2026-09-09T00:31:59
E3_TSDAE_EP30,frozen,participant,03,no_augmentation,PHQ9,44,SVR,5.69337,False,models/tsdae_e5_small/ep30,random50,"{""augmentation"": ""no_augmentation"", ""beto_model"": ""dccuchile/bert-base-spanish-wwm-cased"", ""chunk_stride"": 256, ""max_tokens"": 512, ""n_cv_splits"": 5, ""n_search_iter"": 50, ""seeds"": [42, 43, 44, 45, 46], ""sentence_transformer_model"": ""intfloat/multilingual-e5-small"", ""tfidf_lemmatize"": true, ""tfidf_max_df"": 0.9, ""tfidf_max_features"": 300, ""tfidf_min_df"": 3, ""tfidf_ngram_range"": [1, 2], ""tfidf_normalize_numbers"": true}",2026-09-09T00:31:59
E3_TSDAE_EP30,frozen,participant,03,no_augmentation,PHQ9,44,RandomForest,5.724836,False,models/tsdae_e5_small/ep30,random50,"{""augmentation"": ""no_augmentation"", ""beto_model"": ""dccuchile/bert-base-spanish-wwm-cased"", ""chunk_stride"": 256, ""max_tokens"": 512, ""n_cv_splits"": 5, ""n_search_iter"": 50, ""seeds"": [42, 43, 44, 45, 46], ""sentence_transformer_model"": ""intfloat/multilingual-e5-small"", ""tfidf_lemmatize"": true, ""tfidf_max_df"": 0.9, ""tfidf_max_features"": 300, ""tfidf_min_df"": 3, ""tfidf_ngram_range"": [1, 2], ""tfidf_normalize_numbers"": true}",2026-09-09T00:31:59
E3_TSDAE_EP30,frozen,participant,03,no_augmentation,PHQ9,44,ExtraTrees,5.676616,False,models/tsdae_e5_small/ep30,random50,"{""augmentation"": ""no_augmentation"", ""beto_model"": ""dccuchile/bert-base-spanish-wwm-cased"", ""chunk_stride"": 256, ""max_tokens"": 512, ""n_cv_splits"": 5, ""n_search_iter"": 50, ""seeds"": [42, 43, 44, 45, 46], ""sentence_transformer_model"": ""intfloat/multilingual-e5-small"", ""tfidf_lemmatize"": true, ""tfidf_max_df"": 0.9, ""tfidf_max_features"": 300, ""tfidf_min_df"": 3, ""tfidf_ngram_range"": [1, 2], ""tfidf_normalize_numbers"": true}",2026-09-09T00:31:59
E3_TSDAE_EP30,frozen,participant,03,no_augmentation,PHQ9,44,GradientBoosting,5.531671,True,models/tsdae_e5_small/ep30,random50,"{""augmentation"": ""no_augmentation"", ""beto_model"": ""dccuchile/bert-base-spanish-wwm-cased"", ""chunk_stride"": 256, ""max_tokens"": 512, ""n_cv_splits"": 5, ""n_search_iter"": 50, ""seeds"": [42, 43, 44, 45, 46], ""sentence_transformer_model"": ""intfloat/multilingual-e5-small"", ""tfidf_lemmatize"": true, ""tfidf_max_df"": 0.9, ""tfidf_max_features"": 300, ""tfidf_min_df"": 3, ""tfidf_ngram_range"": [1, 2], ""tfidf_normalize_numbers"": true}",2026-09-09T00:31:59
E3_TSDAE_EP30,frozen,participant,03,no_augmentation,PHQ9,44,LightGBM,5.837701,False,models/tsdae_e5_small/ep30,random50,"{""augmentation"": ""no_augmentation"", ""beto_model"": ""dccuchile/bert-base-spanish-wwm-cased"", ""chunk_stride"": 256, ""max_tokens"": 512, ""n_cv_splits"": 5, ""n_search_iter"": 50, ""seeds"": [42, 43, 44, 45, 46], ""sentence_transformer_model"": ""intfloat/multilingual-e5-small"", ""tfidf_lemmatize"": true, ""tfidf_max_df"": 0.9, ""tfidf_max_features"": 300, ""tfidf_min_df"": 3, ""tfidf_ngram_range"": [1, 2], ""tfidf_normalize_numbers"": true}",2026-09-09T00:31:59
E3_TSDAE_EP30,frozen,participant,03,no_augmentation,PHQ9,44,KNN,5.747352,False,models/tsdae_e5_small/ep30,random50,"{""augmentation"": ""no_augmentation"", ""beto_model"": ""dccuchile/bert-base-spanish-wwm-cased"", ""chunk_stride"": 256, ""max_tokens"": 512, ""n_cv_splits"": 5, ""n_search_iter"": 50, ""seeds"": [42, 43, 44, 45, 46], ""sentence_transformer_model"": ""intfloat/multilingual-e5-small"", ""tfidf_lemmatize"": true, ""tfidf_max_df"": 0.9, ""tfidf_max_features"": 300, ""tfidf_min_df"": 3, ""tfidf_ngram_range"": [1, 2], ""tfidf_normalize_numbers"": true}",2026-09-09T00:31:59
E3_TSDAE_EP30,frozen,participant,03,no_augmentation,PHQ9,44,DecisionTree,6.234152,False,models/tsdae_e5_small/ep30,random50,"{""augmentation"": ""no_augmentation"", ""beto_model"": ""dccuchile/bert-base-spanish-wwm-cased"", ""chunk_stride"": 256, ""max_tokens"": 512, ""n_cv_splits"": 5, ""n_search_iter"": 50, ""seeds"": [42, 43, 44, 45, 46], ""sentence_transformer_model"": ""intfloat/multilingual-e5-small"", ""tfidf_lemmatize"": true, ""tfidf_max_df"": 0.9, ""tfidf_max_features"": 300, ""tfidf_min_df"": 3, ""tfidf_ngram_range"": [1, 2], ""tfidf_normalize_numbers"": true}",2026-09-09T00:31:59
E3_TSDAE_EP30,frozen,participant,03,no_augmentation,PHQ9,44,AdaBoost,5.663927,False,models/tsdae_e5_small/ep30,random50,"{""augmentation"": ""no_augmentation"", ""beto_model"": ""dccuchile/bert-base-spanish-wwm-cased"", ""chunk_stride"": 256, ""max_tokens"": 512, ""n_cv_splits"": 5, ""n_search_iter"": 50, ""seeds"": [42, 43, 44, 45, 46], ""sentence_transformer_model"": ""intfloat/multilingual-e5-small"", ""tfidf_lemmatize"": true, ""tfidf_max_df"": 0.9, ""tfidf_max_features"": 300, ""tfidf_min_df"": 3, ""tfidf_ngram_range"": [1, 2], ""tfidf_normalize_numbers"": true}",2026-09-09T00:31:59
E3_TSDAE_EP30,frozen,participant,03,no_augmentation,GAD7,44,Ridge,5.032477,False,models/tsdae_e5_small/ep30,random50,"{""augmentation"": ""no_augmentation"", ""beto_model"": ""dccuchile/bert-base-spanish-wwm-cased"", ""chunk_stride"": 256, ""max_tokens"": 512, ""n_cv_splits"": 5, ""n_search_iter"": 50, ""seeds"": [42, 43, 44, 45, 46], ""sentence_transformer_model"": ""intfloat/multilingual-e5-small"", ""tfidf_lemmatize"": true, ""tfidf_max_df"": 0.9, ""tfidf_max_features"": 300, ""tfidf_min_df"": 3, ""tfidf_ngram_range"": [1, 2], ""tfidf_normalize_numbers"": true}",2026-09-09T00:33:11
E3_TSDAE_EP30,frozen,participant,03,no_augmentation,GAD7,44,SVR,4.68817,False,models/tsdae_e5_small/ep30,random50,"{""augmentation"": ""no_augmentation"", ""beto_model"": ""dccuchile/bert-base-spanish-wwm-cased"", ""chunk_stride"": 256, ""max_tokens"": 512, ""n_cv_splits"": 5, ""n_search_iter"": 50, ""seeds"": [42, 43, 44, 45, 46], ""sentence_transformer_model"": ""intfloat/multilingual-e5-small"", ""tfidf_lemmatize"": true, ""tfidf_max_df"": 0.9, ""tfidf_max_features"": 300, ""tfidf_min_df"": 3, ""tfidf_ngram_range"": [1, 2], ""tfidf_normalize_numbers"": true}",2026-09-09T00:33:11
E3_TSDAE_EP30,frozen,participant,03,no_augmentation,GAD7,44,RandomForest,4.638786,False,models/tsdae_e5_small/ep30,random50,"{""augmentation"": ""no_augmentation"", ""beto_model"": ""dccuchile/bert-base-spanish-wwm-cased"", ""chunk_stride"": 256, ""max_tokens"": 512, ""n_cv_splits"": 5, ""n_search_iter"": 50, ""seeds"": [42, 43, 44, 45, 46], ""sentence_transformer_model"": ""intfloat/multilingual-e5-small"", ""tfidf_lemmatize"": true, ""tfidf_max_df"": 0.9, ""tfidf_max_features"": 300, ""tfidf_min_df"": 3, ""tfidf_ngram_range"": [1, 2], ""tfidf_normalize_numbers"": true}",2026-09-09T00:33:11
E3_TSDAE_EP30,frozen,participant,03,no_augmentation,GAD7,44,ExtraTrees,4.623976,False,models/tsdae_e5_small/ep30,random50,"{""augmentation"": ""no_augmentation"", ""beto_model"": ""dccuchile/bert-base-spanish-wwm-cased"", ""chunk_stride"": 256, ""max_tokens"": 512, ""n_cv_splits"": 5, ""n_search_iter"": 50, ""seeds"": [42, 43, 44, 45, 46], ""sentence_transformer_model"": ""intfloat/multilingual-e5-small"", ""tfidf_lemmatize"": true, ""tfidf_max_df"": 0.9, ""tfidf_max_features"": 300, ""tfidf_min_df"": 3, ""tfidf_ngram_range"": [1, 2], ""tfidf_normalize_numbers"": true}",2026-09-09T00:33:11
E3_TSDAE_EP30,frozen,participant,03,no_augmentation,GAD7,44,GradientBoosting,4.594154,False,models/tsdae_e5_small/ep30,random50,"{""augmentation"": ""no_augmentation"", ""beto_model"": ""dccuchile/bert-base-spanish-wwm-cased"", ""chunk_stride"": 256, ""max_tokens"": 512, ""n_cv_splits"": 5, ""n_search_iter"": 50, ""seeds"": [42, 43, 44, 45, 46], ""sentence_transformer_model"": ""intfloat/multilingual-e5-small"", ""tfidf_lemmatize"": true, ""tfidf_max_df"": 0.9, ""tfidf_max_features"": 300, ""tfidf_min_df"": 3, ""tfidf_ngram_range"": [1, 2], ""tfidf_normalize_numbers"": true}",2026-09-09T00:33:11
E3_TSDAE_EP30,frozen,participant,03,no_augmentation,GAD7,44,LightGBM,4.817433,False,models/tsdae_e5_small/ep30,random50,"{""augmentation"": ""no_augmentation"", ""beto_model"": ""dccuchile/bert-base-spanish-wwm-cased"", ""chunk_stride"": 256, ""max_tokens"": 512, ""n_cv_splits"": 5, ""n_search_iter"": 50, ""seeds"": [42, 43, 44, 45, 46], ""sentence_transformer_model"": ""intfloat/multilingual-e5-small"", ""tfidf_lemmatize"": true, ""tfidf_max_df"": 0.9, ""tfidf_max_features"": 300, ""tfidf_min_df"": 3, ""tfidf_ngram_range"": [1, 2], ""tfidf_normalize_numbers"": true}",2026-09-09T00:33:11
E3_TSDAE_EP30,frozen,participant,03,no_augmentation,GAD7,44,KNN,4.666884,False,models/tsdae_e5_small/ep30,random50,"{""augmentation"": ""no_augmentation"", ""beto_model"": ""dccuchile/bert-base-spanish-wwm-cased"", ""chunk_stride"": 256, ""max_tokens"": 512, ""n_cv_splits"": 5, ""n_search_iter"": 50, ""seeds"": [42, 43, 44, 45, 46], ""sentence_transformer_model"": ""intfloat/multilingual-e5-small"", ""tfidf_lemmatize"": true, ""tfidf_max_df"": 0.9, ""tfidf_max_features"": 300, ""tfidf_min_df"": 3, ""tfidf_ngram_range"": [1, 2], ""tfidf_normalize_numbers"": true}",2026-09-09T00:33:11
E3_TSDAE_EP30,frozen,participant,03,no_augmentation,GAD7,44,DecisionTree,5.307695,False,models/tsdae_e5_small/ep30,random50,"{""augmentation"": ""no_augmentation"", ""beto_model"": ""dccuchile/bert-base-spanish-wwm-cased"", ""chunk_stride"": 256, ""max_tokens"": 512, ""n_cv_splits"": 5, ""n_search_iter"": 50, ""seeds"": [42, 43, 44, 45, 46], ""sentence_transformer_model"": ""intfloat/multilingual-e5-small"", ""tfidf_lemmatize"": true, ""tfidf_max_df"": 0.9, ""tfidf_max_features"": 300, ""tfidf_min_df"": 3, ""tfidf_ngram_range"": [1, 2], ""tfidf_normalize_numbers"": true}",2026-09-09T00:33:11
E3_TSDAE_EP30,frozen,participant,03,no_augmentation,GAD7,44,AdaBoost,4.560819,True,models/tsdae_e5_small/ep30,random50,"{""augmentation"": ""no_augmentation"", ""beto_model"": ""dccuchile/bert-base-spanish-wwm-cased"", ""chunk_stride"": 256, ""max_tokens"": 512, ""n_cv_splits"": 5, ""n_search_iter"": 50, ""seeds"": [42, 43, 44, 45, 46], ""sentence_transformer_model"": ""intfloat/multilingual-e5-small"", ""tfidf_lemmatize"": true, ""tfidf_max_df"": 0.9, ""tfidf_max_features"": 300, ""tfidf_min_df"": 3, ""tfidf_ngram_range"": [1, 2], ""tfidf_normalize_numbers"": true}",2026-09-09T00:33:11
E3_TSDAE_EP30,frozen,participant,03,no_augmentation,PHQ9,45,Ridge,6.515875,False,models/tsdae_e5_small/ep30,random50,"{""augmentation"": ""no_augmentation"", ""beto_model"": ""dccuchile/bert-base-spanish-wwm-cased"", ""chunk_stride"": 256, ""max_tokens"": 512, ""n_cv_splits"": 5, ""n_search_iter"": 50, ""seeds"": [42, 43, 44, 45, 46], ""sentence_transformer_model"": ""intfloat/multilingual-e5-small"", ""tfidf_lemmatize"": true, ""tfidf_max_df"": 0.9, ""tfidf_max_features"": 300, ""tfidf_min_df"": 3, ""tfidf_ngram_range"": [1, 2], ""tfidf_normalize_numbers"": true}",2026-09-09T00:34:22
E3_TSDAE_EP30,frozen,participant,03,no_augmentation,PHQ9,45,SVR,5.890651,False,models/tsdae_e5_small/ep30,random50,"{""augmentation"": ""no_augmentation"", ""beto_model"": ""dccuchile/bert-base-spanish-wwm-cased"", ""chunk_stride"": 256, ""max_tokens"": 512, ""n_cv_splits"": 5, ""n_search_iter"": 50, ""seeds"": [42, 43, 44, 45, 46], ""sentence_transformer_model"": ""intfloat/multilingual-e5-small"", ""tfidf_lemmatize"": true, ""tfidf_max_df"": 0.9, ""tfidf_max_features"": 300, ""tfidf_min_df"": 3, ""tfidf_ngram_range"": [1, 2], ""tfidf_normalize_numbers"": true}",2026-09-09T00:34:22
E3_TSDAE_EP30,frozen,participant,03,no_augmentation,PHQ9,45,RandomForest,5.783285,False,models/tsdae_e5_small/ep30,random50,"{""augmentation"": ""no_augmentation"", ""beto_model"": ""dccuchile/bert-base-spanish-wwm-cased"", ""chunk_stride"": 256, ""max_tokens"": 512, ""n_cv_splits"": 5, ""n_search_iter"": 50, ""seeds"": [42, 43, 44, 45, 46], ""sentence_transformer_model"": ""intfloat/multilingual-e5-small"", ""tfidf_lemmatize"": true, ""tfidf_max_df"": 0.9, ""tfidf_max_features"": 300, ""tfidf_min_df"": 3, ""tfidf_ngram_range"": [1, 2], ""tfidf_normalize_numbers"": true}",2026-09-09T00:34:22
E3_TSDAE_EP30,frozen,participant,03,no_augmentation,PHQ9,45,ExtraTrees,5.765845,False,models/tsdae_e5_small/ep30,random50,"{""augmentation"": ""no_augmentation"", ""beto_model"": ""dccuchile/bert-base-spanish-wwm-cased"", ""chunk_stride"": 256, ""max_tokens"": 512, ""n_cv_splits"": 5, ""n_search_iter"": 50, ""seeds"": [42, 43, 44, 45, 46], ""sentence_transformer_model"": ""intfloat/multilingual-e5-small"", ""tfidf_lemmatize"": true, ""tfidf_max_df"": 0.9, ""tfidf_max_features"": 300, ""tfidf_min_df"": 3, ""tfidf_ngram_range"": [1, 2], ""tfidf_normalize_numbers"": true}",2026-09-09T00:34:22
E3_TSDAE_EP30,frozen,participant,03,no_augmentation,PHQ9,45,GradientBoosting,5.704098,True,models/tsdae_e5_small/ep30,random50,"{""augmentation"": ""no_augmentation"", ""beto_model"": ""dccuchile/bert-base-spanish-wwm-cased"", ""chunk_stride"": 256, ""max_tokens"": 512, ""n_cv_splits"": 5, ""n_search_iter"": 50, ""seeds"": [42, 43, 44, 45, 46], ""sentence_transformer_model"": ""intfloat/multilingual-e5-small"", ""tfidf_lemmatize"": true, ""tfidf_max_df"": 0.9, ""tfidf_max_features"": 300, ""tfidf_min_df"": 3, ""tfidf_ngram_range"": [1, 2], ""tfidf_normalize_numbers"": true}",2026-09-09T00:34:22
E3_TSDAE_EP30,frozen,participant,03,no_augmentation,PHQ9,45,LightGBM,5.767366,False,models/tsdae_e5_small/ep30,random50,"{""augmentation"": ""no_augmentation"", ""beto_model"": ""dccuchile/bert-base-spanish-wwm-cased"", ""chunk_stride"": 256, ""max_tokens"": 512, ""n_cv_splits"": 5, ""n_search_iter"": 50, ""seeds"": [42, 43, 44, 45, 46], ""sentence_transformer_model"": ""intfloat/multilingual-e5-small"", ""tfidf_lemmatize"": true, ""tfidf_max_df"": 0.9, ""tfidf_max_features"": 300, ""tfidf_min_df"": 3, ""tfidf_ngram_range"": [1, 2], ""tfidf_normalize_numbers"": true}",2026-09-09T00:34:22
E3_TSDAE_EP30,frozen,participant,03,no_augmentation,PHQ9,45,KNN,5.83576,False,models/tsdae_e5_small/ep30,random50,"{""augmentation"": ""no_augmentation"", ""beto_model"": ""dccuchile/bert-base-spanish-wwm-cased"", ""chunk_stride"": 256, ""max_tokens"": 512, ""n_cv_splits"": 5, ""n_search_iter"": 50, ""seeds"": [42, 43, 44, 45, 46], ""sentence_transformer_model"": ""intfloat/multilingual-e5-small"", ""tfidf_lemmatize"": true, ""tfidf_max_df"": 0.9, ""tfidf_max_features"": 300, ""tfidf_min_df"": 3, ""tfidf_ngram_range"": [1, 2], ""tfidf_normalize_numbers"": true}",2026-09-09T00:34:22
E3_TSDAE_EP30,frozen,participant,03,no_augmentation,PHQ9,45,DecisionTree,6.265678,False,models/tsdae_e5_small/ep30,random50,"{""augmentation"": ""no_augmentation"", ""beto_model"": ""dccuchile/bert-base-spanish-wwm-cased"", ""chunk_stride"": 256, ""max_tokens"": 512, ""n_cv_splits"": 5, ""n_search_iter"": 50, ""seeds"": [42, 43, 44, 45, 46], ""sentence_transformer_model"": ""intfloat/multilingual-e5-small"", ""tfidf_lemmatize"": true, ""tfidf_max_df"": 0.9, ""tfidf_max_features"": 300, ""tfidf_min_df"": 3, ""tfidf_ngram_range"": [1, 2], ""tfidf_normalize_numbers"": true}",2026-09-09T00:34:22
E3_TSDAE_EP30,frozen,participant,03,no_augmentation,PHQ9,45,AdaBoost,5.816116,False,models/tsdae_e5_small/ep30,random50,"{""augmentation"": ""no_augmentation"", ""beto_model"": ""dccuchile/bert-base-spanish-wwm-cased"", ""chunk_stride"": 256, ""max_tokens"": 512, ""n_cv_splits"": 5, ""n_search_iter"": 50, ""seeds"": [42, 43, 44, 45, 46], ""sentence_transformer_model"": ""intfloat/multilingual-e5-small"", ""tfidf_lemmatize"": true, ""tfidf_max_df"": 0.9, ""tfidf_max_features"": 300, ""tfidf_min_df"": 3, ""tfidf_ngram_range"": [1, 2], ""tfidf_normalize_numbers"": true}",2026-09-09T00:34:22
E3_TSDAE_EP30,frozen,participant,03,no_augmentation,GAD7,45,Ridge,5.441086,False,models/tsdae_e5_small/ep30,random50,"{""augmentation"": ""no_augmentation"", ""beto_model"": ""dccuchile/bert-base-spanish-wwm-cased"", ""chunk_stride"": 256, ""max_tokens"": 512, ""n_cv_splits"": 5, ""n_search_iter"": 50, ""seeds"": [42, 43, 44, 45, 46], ""sentence_transformer_model"": ""intfloat/multilingual-e5-small"", ""tfidf_lemmatize"": true, ""tfidf_max_df"": 0.9, ""tfidf_max_features"": 300, ""tfidf_min_df"": 3, ""tfidf_ngram_range"": [1, 2], ""tfidf_normalize_numbers"": true}",2026-09-09T00:35:33
E3_TSDAE_EP30,frozen,participant,03,no_augmentation,GAD7,45,SVR,4.851425,False,models/tsdae_e5_small/ep30,random50,"{""augmentation"": ""no_augmentation"", ""beto_model"": ""dccuchile/bert-base-spanish-wwm-cased"", ""chunk_stride"": 256, ""max_tokens"": 512, ""n_cv_splits"": 5, ""n_search_iter"": 50, ""seeds"": [42, 43, 44, 45, 46], ""sentence_transformer_model"": ""intfloat/multilingual-e5-small"", ""tfidf_lemmatize"": true, ""tfidf_max_df"": 0.9, ""tfidf_max_features"": 300, ""tfidf_min_df"": 3, ""tfidf_ngram_range"": [1, 2], ""tfidf_normalize_numbers"": true}",2026-09-09T00:35:33
E3_TSDAE_EP30,frozen,participant,03,no_augmentation,GAD7,45,RandomForest,4.769031,False,models/tsdae_e5_small/ep30,random50,"{""augmentation"": ""no_augmentation"", ""beto_model"": ""dccuchile/bert-base-spanish-wwm-cased"", ""chunk_stride"": 256, ""max_tokens"": 512, ""n_cv_splits"": 5, ""n_search_iter"": 50, ""seeds"": [42, 43, 44, 45, 46], ""sentence_transformer_model"": ""intfloat/multilingual-e5-small"", ""tfidf_lemmatize"": true, ""tfidf_max_df"": 0.9, ""tfidf_max_features"": 300, ""tfidf_min_df"": 3, ""tfidf_ngram_range"": [1, 2], ""tfidf_normalize_numbers"": true}",2026-09-09T00:35:33
E3_TSDAE_EP30,frozen,participant,03,no_augmentation,GAD7,45,ExtraTrees,4.755699,True,models/tsdae_e5_small/ep30,random50,"{""augmentation"": ""no_augmentation"", ""beto_model"": ""dccuchile/bert-base-spanish-wwm-cased"", ""chunk_stride"": 256, ""max_tokens"": 512, ""n_cv_splits"": 5, ""n_search_iter"": 50, ""seeds"": [42, 43, 44, 45, 46], ""sentence_transformer_model"": ""intfloat/multilingual-e5-small"", ""tfidf_lemmatize"": true, ""tfidf_max_df"": 0.9, ""tfidf_max_features"": 300, ""tfidf_min_df"": 3, ""tfidf_ngram_range"": [1, 2], ""tfidf_normalize_numbers"": true}",2026-09-09T00:35:33
E3_TSDAE_EP30,frozen,participant,03,no_augmentation,GAD7,45,GradientBoosting,4.943103,False,models/tsdae_e5_small/ep30,random50,"{""augmentation"": ""no_augmentation"", ""beto_model"": ""dccuchile/bert-base-spanish-wwm-cased"", ""chunk_stride"": 256, ""max_tokens"": 512, ""n_cv_splits"": 5, ""n_search_iter"": 50, ""seeds"": [42, 43, 44, 45, 46], ""sentence_transformer_model"": ""intfloat/multilingual-e5-small"", ""tfidf_lemmatize"": true, ""tfidf_max_df"": 0.9, ""tfidf_max_features"": 300, ""tfidf_min_df"": 3, ""tfidf_ngram_range"": [1, 2], ""tfidf_normalize_numbers"": true}",2026-09-09T00:35:33
E3_TSDAE_EP30,frozen,participant,03,no_augmentation,GAD7,45,LightGBM,4.785239,False,models/tsdae_e5_small/ep30,random50,"{""augmentation"": ""no_augmentation"", ""beto_model"": ""dccuchile/bert-base-spanish-wwm-cased"", ""chunk_stride"": 256, ""max_tokens"": 512, ""n_cv_splits"": 5, ""n_search_iter"": 50, ""seeds"": [42, 43, 44, 45, 46], ""sentence_transformer_model"": ""intfloat/multilingual-e5-small"", ""tfidf_lemmatize"": true, ""tfidf_max_df"": 0.9, ""tfidf_max_features"": 300, ""tfidf_min_df"": 3, ""tfidf_ngram_range"": [1, 2], ""tfidf_normalize_numbers"": true}",2026-09-09T00:35:33
E3_TSDAE_EP30,frozen,participant,03,no_augmentation,GAD7,45,KNN,4.804554,False,models/tsdae_e5_small/ep30,random50,"{""augmentation"": ""no_augmentation"", ""beto_model"": ""dccuchile/bert-base-spanish-wwm-cased"", ""chunk_stride"": 256, ""max_tokens"": 512, ""n_cv_splits"": 5, ""n_search_iter"": 50, ""seeds"": [42, 43, 44, 45, 46], ""sentence_transformer_model"": ""intfloat/multilingual-e5-small"", ""tfidf_lemmatize"": true, ""tfidf_max_df"": 0.9, ""tfidf_max_features"": 300, ""tfidf_min_df"": 3, ""tfidf_ngram_range"": [1, 2], ""tfidf_normalize_numbers"": true}",2026-09-09T00:35:33
E3_TSDAE_EP30,frozen,participant,03,no_augmentation,GAD7,45,DecisionTree,5.019309,False,models/tsdae_e5_small/ep30,random50,"{""augmentation"": ""no_augmentation"", ""beto_model"": ""dccuchile/bert-base-spanish-wwm-cased"", ""chunk_stride"": 256, ""max_tokens"": 512, ""n_cv_splits"": 5, ""n_search_iter"": 50, ""seeds"": [42, 43, 44, 45, 46], ""sentence_transformer_model"": ""intfloat/multilingual-e5-small"", ""tfidf_lemmatize"": true, ""tfidf_max_df"": 0.9, ""tfidf_max_features"": 300, ""tfidf_min_df"": 3, ""tfidf_ngram_range"": [1, 2], ""tfidf_normalize_numbers"": true}",2026-09-09T00:35:33
E3_TSDAE_EP30,frozen,participant,03,no_augmentation,GAD7,45,AdaBoost,4.843279,False,models/tsdae_e5_small/ep30,random50,"{""augmentation"": ""no_augmentation"", ""beto_model"": ""dccuchile/bert-base-spanish-wwm-cased"", ""chunk_stride"": 256, ""max_tokens"": 512, ""n_cv_splits"": 5, ""n_search_iter"": 50, ""seeds"": [42, 43, 44, 45, 46], ""sentence_transformer_model"": ""intfloat/multilingual-e5-small"", ""tfidf_lemmatize"": true, ""tfidf_max_df"": 0.9, ""tfidf_max_features"": 300, ""tfidf_min_df"": 3, ""tfidf_ngram_range"": [1, 2], ""tfidf_normalize_numbers"": true}",2026-09-09T00:35:33
E3_TSDAE_EP30,frozen,participant,03,no_augmentation,PHQ9,46,Ridge,6.278227,False,models/tsdae_e5_small/ep30,random50,"{""augmentation"": ""no_augmentation"", ""beto_model"": ""dccuchile/bert-base-spanish-wwm-cased"", ""chunk_stride"": 256, ""max_tokens"": 512, ""n_cv_splits"": 5, ""n_search_iter"": 50, ""seeds"": [42, 43, 44, 45, 46], ""sentence_transformer_model"": ""intfloat/multilingual-e5-small"", ""tfidf_lemmatize"": true, ""tfidf_max_df"": 0.9, ""tfidf_max_features"": 300, ""tfidf_min_df"": 3, ""tfidf_ngram_range"": [1, 2], ""tfidf_normalize_numbers"": true}",2026-09-09T00:36:43
E3_TSDAE_EP30,frozen,participant,03,no_augmentation,PHQ9,46,SVR,5.731828,False,models/tsdae_e5_small/ep30,random50,"{""augmentation"": ""no_augmentation"", ""beto_model"": ""dccuchile/bert-base-spanish-wwm-cased"", ""chunk_stride"": 256, ""max_tokens"": 512, ""n_cv_splits"": 5, ""n_search_iter"": 50, ""seeds"": [42, 43, 44, 45, 46], ""sentence_transformer_model"": ""intfloat/multilingual-e5-small"", ""tfidf_lemmatize"": true, ""tfidf_max_df"": 0.9, ""tfidf_max_features"": 300, ""tfidf_min_df"": 3, ""tfidf_ngram_range"": [1, 2], ""tfidf_normalize_numbers"": true}",2026-09-09T00:36:43
E3_TSDAE_EP30,frozen,participant,03,no_augmentation,PHQ9,46,RandomForest,5.706819,False,models/tsdae_e5_small/ep30,random50,"{""augmentation"": ""no_augmentation"", ""beto_model"": ""dccuchile/bert-base-spanish-wwm-cased"", ""chunk_stride"": 256, ""max_tokens"": 512, ""n_cv_splits"": 5, ""n_search_iter"": 50, ""seeds"": [42, 43, 44, 45, 46], ""sentence_transformer_model"": ""intfloat/multilingual-e5-small"", ""tfidf_lemmatize"": true, ""tfidf_max_df"": 0.9, ""tfidf_max_features"": 300, ""tfidf_min_df"": 3, ""tfidf_ngram_range"": [1, 2], ""tfidf_normalize_numbers"": true}",2026-09-09T00:36:43
E3_TSDAE_EP30,frozen,participant,03,no_augmentation,PHQ9,46,ExtraTrees,5.722141,False,models/tsdae_e5_small/ep30,random50,"{""augmentation"": ""no_augmentation"", ""beto_model"": ""dccuchile/bert-base-spanish-wwm-cased"", ""chunk_stride"": 256, ""max_tokens"": 512, ""n_cv_splits"": 5, ""n_search_iter"": 50, ""seeds"": [42, 43, 44, 45, 46], ""sentence_transformer_model"": ""intfloat/multilingual-e5-small"", ""tfidf_lemmatize"": true, ""tfidf_max_df"": 0.9, ""tfidf_max_features"": 300, ""tfidf_min_df"": 3, ""tfidf_ngram_range"": [1, 2], ""tfidf_normalize_numbers"": true}",2026-09-09T00:36:43
E3_TSDAE_EP30,frozen,participant,03,no_augmentation,PHQ9,46,GradientBoosting,5.667646,False,models/tsdae_e5_small/ep30,random50,"{""augmentation"": ""no_augmentation"", ""beto_model"": ""dccuchile/bert-base-spanish-wwm-cased"", ""chunk_stride"": 256, ""max_tokens"": 512, ""n_cv_splits"": 5, ""n_search_iter"": 50, ""seeds"": [42, 43, 44, 45, 46], ""sentence_transformer_model"": ""intfloat/multilingual-e5-small"", ""tfidf_lemmatize"": true, ""tfidf_max_df"": 0.9, ""tfidf_max_features"": 300, ""tfidf_min_df"": 3, ""tfidf_ngram_range"": [1, 2], ""tfidf_normalize_numbers"": true}",2026-09-09T00:36:43
E3_TSDAE_EP30,frozen,participant,03,no_augmentation,PHQ9,46,LightGBM,5.627861,False,models/tsdae_e5_small/ep30,random50,"{""augmentation"": ""no_augmentation"", ""beto_model"": ""dccuchile/bert-base-spanish-wwm-cased"", ""chunk_stride"": 256, ""max_tokens"": 512, ""n_cv_splits"": 5, ""n_search_iter"": 50, ""seeds"": [42, 43, 44, 45, 46], ""sentence_transformer_model"": ""intfloat/multilingual-e5-small"", ""tfidf_lemmatize"": true, ""tfidf_max_df"": 0.9, ""tfidf_max_features"": 300, ""tfidf_min_df"": 3, ""tfidf_ngram_range"": [1, 2], ""tfidf_normalize_numbers"": true}",2026-09-09T00:36:43
E3_TSDAE_EP30,frozen,participant,03,no_augmentation,PHQ9,46,KNN,5.710831,False,models/tsdae_e5_small/ep30,random50,"{""augmentation"": ""no_augmentation"", ""beto_model"": ""dccuchile/bert-base-spanish-wwm-cased"", ""chunk_stride"": 256, ""max_tokens"": 512, ""n_cv_splits"": 5, ""n_search_iter"": 50, ""seeds"": [42, 43, 44, 45, 46], ""sentence_transformer_model"": ""intfloat/multilingual-e5-small"", ""tfidf_lemmatize"": true, ""tfidf_max_df"": 0.9, ""tfidf_max_features"": 300, ""tfidf_min_df"": 3, ""tfidf_ngram_range"": [1, 2], ""tfidf_normalize_numbers"": true}",2026-09-09T00:36:43
E3_TSDAE_EP30,frozen,participant,03,no_augmentation,PHQ9,46,DecisionTree,6.036393,False,models/tsdae_e5_small/ep30,random50,"{""augmentation"": ""no_augmentation"", ""beto_model"": ""dccuchile/bert-base-spanish-wwm-cased"", ""chunk_stride"": 256, ""max_tokens"": 512, ""n_cv_splits"": 5, ""n_search_iter"": 50, ""seeds"": [42, 43, 44, 45, 46], ""sentence_transformer_model"": ""intfloat/multilingual-e5-small"", ""tfidf_lemmatize"": true, ""tfidf_max_df"": 0.9, ""tfidf_max_features"": 300, ""tfidf_min_df"": 3, ""tfidf_ngram_range"": [1, 2], ""tfidf_normalize_numbers"": true}",2026-09-09T00:36:43
E3_TSDAE_EP30,frozen,participant,03,no_augmentation,PHQ9,46,AdaBoost,5.618038,True,models/tsdae_e5_small/ep30,random50,"{""augmentation"": ""no_augmentation"", ""beto_model"": ""dccuchile/bert-base-spanish-wwm-cased"", ""chunk_stride"": 256, ""max_tokens"": 512, ""n_cv_splits"": 5, ""n_search_iter"": 50, ""seeds"": [42, 43, 44, 45, 46], ""sentence_transformer_model"": ""intfloat/multilingual-e5-small"", ""tfidf_lemmatize"": true, ""tfidf_max_df"": 0.9, ""tfidf_max_features"": 300, ""tfidf_min_df"": 3, ""tfidf_ngram_range"": [1, 2], ""tfidf_normalize_numbers"": true}",2026-09-09T00:36:43
E3_TSDAE_EP30,frozen,participant,03,no_augmentation,GAD7,46,Ridge,5.463334,False,models/tsdae_e5_small/ep30,random50,"{""augmentation"": ""no_augmentation"", ""beto_model"": ""dccuchile/bert-base-spanish-wwm-cased"", ""chunk_stride"": 256, ""max_tokens"": 512, ""n_cv_splits"": 5, ""n_search_iter"": 50, ""seeds"": [42, 43, 44, 45, 46], ""sentence_transformer_model"": ""intfloat/multilingual-e5-small"", ""tfidf_lemmatize"": true, ""tfidf_max_df"": 0.9, ""tfidf_max_features"": 300, ""tfidf_min_df"": 3, ""tfidf_ngram_range"": [1, 2], ""tfidf_normalize_numbers"": true}",2026-09-09T00:37:49
E3_TSDAE_EP30,frozen,participant,03,no_augmentation,GAD7,46,SVR,4.800347,False,models/tsdae_e5_small/ep30,random50,"{""augmentation"": ""no_augmentation"", ""beto_model"": ""dccuchile/bert-base-spanish-wwm-cased"", ""chunk_stride"": 256, ""max_tokens"": 512, ""n_cv_splits"": 5, ""n_search_iter"": 50, ""seeds"": [42, 43, 44, 45, 46], ""sentence_transformer_model"": ""intfloat/multilingual-e5-small"", ""tfidf_lemmatize"": true, ""tfidf_max_df"": 0.9, ""tfidf_max_features"": 300, ""tfidf_min_df"": 3, ""tfidf_ngram_range"": [1, 2], ""tfidf_normalize_numbers"": true}",2026-09-09T00:37:49
E3_TSDAE_EP30,frozen,participant,03,no_augmentation,GAD7,46,RandomForest,4.702201,False,models/tsdae_e5_small/ep30,random50,"{""augmentation"": ""no_augmentation"", ""beto_model"": ""dccuchile/bert-base-spanish-wwm-cased"", ""chunk_stride"": 256, ""max_tokens"": 512, ""n_cv_splits"": 5, ""n_search_iter"": 50, ""seeds"": [42, 43, 44, 45, 46], ""sentence_transformer_model"": ""intfloat/multilingual-e5-small"", ""tfidf_lemmatize"": true, ""tfidf_max_df"": 0.9, ""tfidf_max_features"": 300, ""tfidf_min_df"": 3, ""tfidf_ngram_range"": [1, 2], ""tfidf_normalize_numbers"": true}",2026-09-09T00:37:49
E3_TSDAE_EP30,frozen,participant,03,no_augmentation,GAD7,46,ExtraTrees,4.737319,False,models/tsdae_e5_small/ep30,random50,"{""augmentation"": ""no_augmentation"", ""beto_model"": ""dccuchile/bert-base-spanish-wwm-cased"", ""chunk_stride"": 256, ""max_tokens"": 512, ""n_cv_splits"": 5, ""n_search_iter"": 50, ""seeds"": [42, 43, 44, 45, 46], ""sentence_transformer_model"": ""intfloat/multilingual-e5-small"", ""tfidf_lemmatize"": true, ""tfidf_max_df"": 0.9, ""tfidf_max_features"": 300, ""tfidf_min_df"": 3, ""tfidf_ngram_range"": [1, 2], ""tfidf_normalize_numbers"": true}",2026-09-09T00:37:49
E3_TSDAE_EP30,frozen,participant,03,no_augmentation,GAD7,46,GradientBoosting,4.743511,False,models/tsdae_e5_small/ep30,random50,"{""augmentation"": ""no_augmentation"", ""beto_model"": ""dccuchile/bert-base-spanish-wwm-cased"", ""chunk_stride"": 256, ""max_tokens"": 512, ""n_cv_splits"": 5, ""n_search_iter"": 50, ""seeds"": [42, 43, 44, 45, 46], ""sentence_transformer_model"": ""intfloat/multilingual-e5-small"", ""tfidf_lemmatize"": true, ""tfidf_max_df"": 0.9, ""tfidf_max_features"": 300, ""tfidf_min_df"": 3, ""tfidf_ngram_range"": [1, 2], ""tfidf_normalize_numbers"": true}",2026-09-09T00:37:49
E3_TSDAE_EP30,frozen,participant,03,no_augmentation,GAD7,46,LightGBM,4.849233,False,models/tsdae_e5_small/ep30,random50,"{""augmentation"": ""no_augmentation"", ""beto_model"": ""dccuchile/bert-base-spanish-wwm-cased"", ""chunk_stride"": 256, ""max_tokens"": 512, ""n_cv_splits"": 5, ""n_search_iter"": 50, ""seeds"": [42, 43, 44, 45, 46], ""sentence_transformer_model"": ""intfloat/multilingual-e5-small"", ""tfidf_lemmatize"": true, ""tfidf_max_df"": 0.9, ""tfidf_max_features"": 300, ""tfidf_min_df"": 3, ""tfidf_ngram_range"": [1, 2], ""tfidf_normalize_numbers"": true}",2026-09-09T00:37:49
E3_TSDAE_EP30,frozen,participant,03,no_augmentation,GAD7,46,KNN,4.669265,False,models/tsdae_e5_small/ep30,random50,"{""augmentation"": ""no_augmentation"", ""beto_model"": ""dccuchile/bert-base-spanish-wwm-cased"", ""chunk_stride"": 256, ""max_tokens"": 512, ""n_cv_splits"": 5, ""n_search_iter"": 50, ""seeds"": [42, 43, 44, 45, 46], ""sentence_transformer_model"": ""intfloat/multilingual-e5-small"", ""tfidf_lemmatize"": true, ""tfidf_max_df"": 0.9, ""tfidf_max_features"": 300, ""tfidf_min_df"": 3, ""tfidf_ngram_range"": [1, 2], ""tfidf_normalize_numbers"": true}",2026-09-09T00:37:49
E3_TSDAE_EP30,frozen,participant,03,no_augmentation,GAD7,46,DecisionTree,5.133679,False,models/tsdae_e5_small/ep30,random50,"{""augmentation"": ""no_augmentation"", ""beto_model"": ""dccuchile/bert-base-spanish-wwm-cased"", ""chunk_stride"": 256, ""max_tokens"": 512, ""n_cv_splits"": 5, ""n_search_iter"": 50, ""seeds"": [42, 43, 44, 45, 46], ""sentence_transformer_model"": ""intfloat/multilingual-e5-small"", ""tfidf_lemmatize"": true, ""tfidf_max_df"": 0.9, ""tfidf_max_features"": 300, ""tfidf_min_df"": 3, ""tfidf_ngram_range"": [1, 2], ""tfidf_normalize_numbers"": true}",2026-09-09T00:37:49
E3_TSDAE_EP30,frozen,participant,03,no_augmentation,GAD7,46,AdaBoost,4.646425,True,models/tsdae_e5_small/ep30,random50,"{""augmentation"": ""no_augmentation"", ""beto_model"": ""dccuchile/bert-base-spanish-wwm-cased"", ""chunk_stride"": 256, ""max_tokens"": 512, ""n_cv_splits"": 5, ""n_search_iter"": 50, ""seeds"": [42, 43, 44, 45, 46], ""sentence_transformer_model"": ""intfloat/multilingual-e5-small"", ""tfidf_lemmatize"": true, ""tfidf_max_df"": 0.9, ""tfidf_max_features"": 300, ""tfidf_min_df"": 3, ""tfidf_ngram_range"": [1, 2], ""tfidf_normalize_numbers"": true}",2026-09-09T00:37:49
E0_TFIDF,frozen,participant,01,no_augmentation,PHQ9,42,Ridge,5.910262,False,tfidf,defaults,"{""augmentation"": ""no_augmentation"", ""beto_model"": ""dccuchile/bert-base-spanish-wwm-cased"", ""chunk_stride"": 256, ""max_tokens"": 512, ""n_cv_splits"": 5, ""n_search_iter"": 0, ""seeds"": [42, 43, 44, 45, 46], ""sentence_transformer_model"": ""intfloat/multilingual-e5-small"", ""tfidf_lemmatize"": true, ""tfidf_max_df"": 0.9, ""tfidf_max_features"": 300, ""tfidf_min_df"": 3, ""tfidf_ngram_range"": [1, 2], ""tfidf_normalize_numbers"": true}",2026-09-09T10:37:51
E0_TFIDF,frozen,participant,01,no_augmentation,PHQ9,42,SVR,5.82719,False,tfidf,defaults,"{""augmentation"": ""no_augmentation"", ""beto_model"": ""dccuchile/bert-base-spanish-wwm-cased"", ""chunk_stride"": 256, ""max_tokens"": 512, ""n_cv_splits"": 5, ""n_search_iter"": 0, ""seeds"": [42, 43, 44, 45, 46], ""sentence_transformer_model"": ""intfloat/multilingual-e5-small"", ""tfidf_lemmatize"": true, ""tfidf_max_df"": 0.9, ""tfidf_max_features"": 300, ""tfidf_min_df"": 3, ""tfidf_ngram_range"": [1, 2], ""tfidf_normalize_numbers"": true}",2026-09-09T10:37:51
E0_TFIDF,frozen,participant,01,no_augmentation,PHQ9,42,RandomForest,5.797495,True,tfidf,defaults,"{""augmentation"": ""no_augmentation"", ""beto_model"": ""dccuchile/bert-base-spanish-wwm-cased"", ""chunk_stride"": 256, ""max_tokens"": 512, ""n_cv_splits"": 5, ""n_search_iter"": 0, ""seeds"": [42, 43, 44, 45, 46], ""sentence_transformer_model"": ""intfloat/multilingual-e5-small"", ""tfidf_lemmatize"": true, ""tfidf_max_df"": 0.9, ""tfidf_max_features"": 300, ""tfidf_min_df"": 3, ""tfidf_ngram_range"": [1, 2], ""tfidf_normalize_numbers"": true}",2026-09-09T10:37:51
E0_TFIDF,frozen,participant,01,no_augmentation,PHQ9,42,ExtraTrees,5.813325,False,tfidf,defaults,"{""augmentation"": ""no_augmentation"", ""beto_model"": ""dccuchile/bert-base-spanish-wwm-cased"", ""chunk_stride"": 256, ""max_tokens"": 512, ""n_cv_splits"": 5, ""n_search_iter"": 0, ""seeds"": [42, 43, 44, 45, 46], ""sentence_transformer_model"": ""intfloat/multilingual-e5-small"", ""tfidf_lemmatize"": true, ""tfidf_max_df"": 0.9, ""tfidf_max_features"": 300, ""tfidf_min_df"": 3, ""tfidf_ngram_range"": [1, 2], ""tfidf_normalize_numbers"": true}",2026-09-09T10:37:51
E0_TFIDF,frozen,participant,01,no_augmentation,PHQ9,42,GradientBoosting,5.950287,False,tfidf,defaults,"{""augmentation"": ""no_augmentation"", ""beto_model"": ""dccuchile/bert-base-spanish-wwm-cased"", ""chunk_stride"": 256, ""max_tokens"": 512, ""n_cv_splits"": 5, ""n_search_iter"": 0, ""seeds"": [42, 43, 44, 45, 46], ""sentence_transformer_model"": ""intfloat/multilingual-e5-small"", ""tfidf_lemmatize"": true, ""tfidf_max_df"": 0.9, ""tfidf_max_features"": 300, ""tfidf_min_df"": 3, ""tfidf_ngram_range"": [1, 2], ""tfidf_normalize_numbers"": true}",2026-09-09T10:37:51
E0_TFIDF,frozen,participant,01,no_augmentation,PHQ9,42,LightGBM,5.87346,False,tfidf,defaults,"{""augmentation"": ""no_augmentation"", ""beto_model"": ""dccuchile/bert-base-spanish-wwm-cased"", ""chunk_stride"": 256, ""max_tokens"": 512, ""n_cv_splits"": 5, ""n_search_iter"": 0, ""seeds"": [42, 43, 44, 45, 46], ""sentence_transformer_model"": ""intfloat/multilingual-e5-small"", ""tfidf_lemmatize"": true, ""tfidf_max_df"": 0.9, ""tfidf_max_features"": 300, ""tfidf_min_df"": 3, ""tfidf_ngram_range"": [1, 2], ""tfidf_normalize_numbers"": true}",2026-09-09T10:37:51
E0_TFIDF,frozen,participant,01,no_augmentation,PHQ9,42,KNN,6.259617,False,tfidf,defaults,"{""augmentation"": ""no_augmentation"", ""beto_model"": ""dccuchile/bert-base-spanish-wwm-cased"", ""chunk_stride"": 256, ""max_tokens"": 512, ""n_cv_splits"": 5, ""n_search_iter"": 0, ""seeds"": [42, 43, 44, 45, 46], ""sentence_transformer_model"": ""intfloat/multilingual-e5-small"", ""tfidf_lemmatize"": true, ""tfidf_max_df"": 0.9, ""tfidf_max_features"": 300, ""tfidf_min_df"": 3, ""tfidf_ngram_range"": [1, 2], ""tfidf_normalize_numbers"": true}",2026-09-09T10:37:51
E0_TFIDF,frozen,participant,01,no_augmentation,PHQ9,42,DecisionTree,8.056819,False,tfidf,defaults,"{""augmentation"": ""no_augmentation"", ""beto_model"": ""dccuchile/bert-base-spanish-wwm-cased"", ""chunk_stride"": 256, ""max_tokens"": 512, ""n_cv_splits"": 5, ""n_search_iter"": 0, ""seeds"": [42, 43, 44, 45, 46], ""sentence_transformer_model"": ""intfloat/multilingual-e5-small"", ""tfidf_lemmatize"": true, ""tfidf_max_df"": 0.9, ""tfidf_max_features"": 300, ""tfidf_min_df"": 3, ""tfidf_ngram_range"": [1, 2], ""tfidf_normalize_numbers"": true}",2026-09-09T10:37:51
E0_TFIDF,frozen,participant,01,no_augmentation,PHQ9,42,AdaBoost,5.892496,False,tfidf,defaults,"{""augmentation"": ""no_augmentation"", ""beto_model"": ""dccuchile/bert-base-spanish-wwm-cased"", ""chunk_stride"": 256, ""max_tokens"": 512, ""n_cv_splits"": 5, ""n_search_iter"": 0, ""seeds"": [42, 43, 44, 45, 46], ""sentence_transformer_model"": ""intfloat/multilingual-e5-small"", ""tfidf_lemmatize"": true, ""tfidf_max_df"": 0.9, ""tfidf_max_features"": 300, ""tfidf_min_df"": 3, ""tfidf_ngram_range"": [1, 2], ""tfidf_normalize_numbers"": true}",2026-09-09T10:37:51
E0_TFIDF,frozen,participant,01,no_augmentation,GAD7,42,Ridge,4.943418,False,tfidf,defaults,"{""augmentation"": ""no_augmentation"", ""beto_model"": ""dccuchile/bert-base-spanish-wwm-cased"", ""chunk_stride"": 256, ""max_tokens"": 512, ""n_cv_splits"": 5, ""n_search_iter"": 0, ""seeds"": [42, 43, 44, 45, 46], ""sentence_transformer_model"": ""intfloat/multilingual-e5-small"", ""tfidf_lemmatize"": true, ""tfidf_max_df"": 0.9, ""tfidf_max_features"": 300, ""tfidf_min_df"": 3, ""tfidf_ngram_range"": [1, 2], ""tfidf_normalize_numbers"": true}",2026-09-09T10:38:04
E0_TFIDF,frozen,participant,01,no_augmentation,GAD7,42,SVR,4.839395,False,tfidf,defaults,"{""augmentation"": ""no_augmentation"", ""beto_model"": ""dccuchile/bert-base-spanish-wwm-cased"", ""chunk_stride"": 256, ""max_tokens"": 512, ""n_cv_splits"": 5, ""n_search_iter"": 0, ""seeds"": [42, 43, 44, 45, 46], ""sentence_transformer_model"": ""intfloat/multilingual-e5-small"", ""tfidf_lemmatize"": true, ""tfidf_max_df"": 0.9, ""tfidf_max_features"": 300, ""tfidf_min_df"": 3, ""tfidf_ngram_range"": [1, 2], ""tfidf_normalize_numbers"": true}",2026-09-09T10:38:04
E0_TFIDF,frozen,participant,01,no_augmentation,GAD7,42,RandomForest,4.766152,True,tfidf,defaults,"{""augmentation"": ""no_augmentation"", ""beto_model"": ""dccuchile/bert-base-spanish-wwm-cased"", ""chunk_stride"": 256, ""max_tokens"": 512, ""n_cv_splits"": 5, ""n_search_iter"": 0, ""seeds"": [42, 43, 44, 45, 46], ""sentence_transformer_model"": ""intfloat/multilingual-e5-small"", ""tfidf_lemmatize"": true, ""tfidf_max_df"": 0.9, ""tfidf_max_features"": 300, ""tfidf_min_df"": 3, ""tfidf_ngram_range"": [1, 2], ""tfidf_normalize_numbers"": true}",2026-09-09T10:38:04
E0_TFIDF,frozen,participant,01,no_augmentation,GAD7,42,ExtraTrees,4.803948,False,tfidf,defaults,"{""augmentation"": ""no_augmentation"", ""beto_model"": ""dccuchile/bert-base-spanish-wwm-cased"", ""chunk_stride"": 256, ""max_tokens"": 512, ""n_cv_splits"": 5, ""n_search_iter"": 0, ""seeds"": [42, 43, 44, 45, 46], ""sentence_transformer_model"": ""intfloat/multilingual-e5-small"", ""tfidf_lemmatize"": true, ""tfidf_max_df"": 0.9, ""tfidf_max_features"": 300, ""tfidf_min_df"": 3, ""tfidf_ngram_range"": [1, 2], ""tfidf_normalize_numbers"": true}",2026-09-09T10:38:04
E0_TFIDF,frozen,participant,01,no_augmentation,GAD7,42,GradientBoosting,5.0712,False,tfidf,defaults,"{""augmentation"": ""no_augmentation"", ""beto_model"": ""dccuchile/bert-base-spanish-wwm-cased"", ""chunk_stride"": 256, ""max_tokens"": 512, ""n_cv_splits"": 5, ""n_search_iter"": 0, ""seeds"": [42, 43, 44, 45, 46], ""sentence_transformer_model"": ""intfloat/multilingual-e5-small"", ""tfidf_lemmatize"": true, ""tfidf_max_df"": 0.9, ""tfidf_max_features"": 300, ""tfidf_min_df"": 3, ""tfidf_ngram_range"": [1, 2], ""tfidf_normalize_numbers"": true}",2026-09-09T10:38:04
E0_TFIDF,frozen,participant,01,no_augmentation,GAD7,42,LightGBM,5.196952,False,tfidf,defaults,"{""augmentation"": ""no_augmentation"", ""beto_model"": ""dccuchile/bert-base-spanish-wwm-cased"", ""chunk_stride"": 256, ""max_tokens"": 512, ""n_cv_splits"": 5, ""n_search_iter"": 0, ""seeds"": [42, 43, 44, 45, 46], ""sentence_transformer_model"": ""intfloat/multilingual-e5-small"", ""tfidf_lemmatize"": true, ""tfidf_max_df"": 0.9, ""tfidf_max_features"": 300, ""tfidf_min_df"": 3, ""tfidf_ngram_range"": [1, 2], ""tfidf_normalize_numbers"": true}",2026-09-09T10:38:04
E0_TFIDF,frozen,participant,01,no_augmentation,GAD7,42,KNN,5.082594,False,tfidf,defaults,"{""augmentation"": ""no_augmentation"", ""beto_model"": ""dccuchile/bert-base-spanish-wwm-cased"", ""chunk_stride"": 256, ""max_tokens"": 512, ""n_cv_splits"": 5, ""n_search_iter"": 0, ""seeds"": [42, 43, 44, 45, 46], ""sentence_transformer_model"": ""intfloat/multilingual-e5-small"", ""tfidf_lemmatize"": true, ""tfidf_max_df"": 0.9, ""tfidf_max_features"": 300, ""tfidf_min_df"": 3, ""tfidf_ngram_range"": [1, 2], ""tfidf_normalize_numbers"": true}",2026-09-09T10:38:04
E0_TFIDF,frozen,participant,01,no_augmentation,GAD7,42,DecisionTree,6.102372,False,tfidf,defaults,"{""augmentation"": ""no_augmentation"", ""beto_model"": ""dccuchile/bert-base-spanish-wwm-cased"", ""chunk_stride"": 256, ""max_tokens"": 512, ""n_cv_splits"": 5, ""n_search_iter"": 0, ""seeds"": [42, 43, 44, 45, 46], ""sentence_transformer_model"": ""intfloat/multilingual-e5-small"", ""tfidf_lemmatize"": true, ""tfidf_max_df"": 0.9, ""tfidf_max_features"": 300, ""tfidf_min_df"": 3, ""tfidf_ngram_range"": [1, 2], ""tfidf_normalize_numbers"": true}",2026-09-09T10:38:04
E0_TFIDF,frozen,participant,01,no_augmentation,GAD7,42,AdaBoost,5.002817,False,tfidf,defaults,"{""augmentation"": ""no_augmentation"", ""beto_model"": ""dccuchile/bert-base-spanish-wwm-cased"", ""chunk_stride"": 256, ""max_tokens"": 512, ""n_cv_splits"": 5, ""n_search_iter"": 0, ""seeds"": [42, 43, 44, 45, 46], ""sentence_transformer_model"": ""intfloat/multilingual-e5-small"", ""tfidf_lemmatize"": true, ""tfidf_max_df"": 0.9, ""tfidf_max_features"": 300, ""tfidf_min_df"": 3, ""tfidf_ngram_range"": [1, 2], ""tfidf_normalize_numbers"": true}",2026-09-09T10:38:04
E0_TFIDF,frozen,participant,01,no_augmentation,PHQ9,43,Ridge,5.749356,False,tfidf,defaults,"{""augmentation"": ""no_augmentation"", ""beto_model"": ""dccuchile/bert-base-spanish-wwm-cased"", ""chunk_stride"": 256, ""max_tokens"": 512, ""n_cv_splits"": 5, ""n_search_iter"": 0, ""seeds"": [42, 43, 44, 45, 46], ""sentence_transformer_model"": ""intfloat/multilingual-e5-small"", ""tfidf_lemmatize"": true, ""tfidf_max_df"": 0.9, ""tfidf_max_features"": 300, ""tfidf_min_df"": 3, ""tfidf_ngram_range"": [1, 2], ""tfidf_normalize_numbers"": true}",2026-09-09T10:38:16
E0_TFIDF,frozen,participant,01,no_augmentation,PHQ9,43,SVR,5.711458,False,tfidf,defaults,"{""augmentation"": ""no_augmentation"", ""beto_model"": ""dccuchile/bert-base-spanish-wwm-cased"", ""chunk_stride"": 256, ""max_tokens"": 512, ""n_cv_splits"": 5, ""n_search_iter"": 0, ""seeds"": [42, 43, 44, 45, 46], ""sentence_transformer_model"": ""intfloat/multilingual-e5-small"", ""tfidf_lemmatize"": true, ""tfidf_max_df"": 0.9, ""tfidf_max_features"": 300, ""tfidf_min_df"": 3, ""tfidf_ngram_range"": [1, 2], ""tfidf_normalize_numbers"": true}",2026-09-09T10:38:16
E0_TFIDF,frozen,participant,01,no_augmentation,PHQ9,43,RandomForest,5.754139,False,tfidf,defaults,"{""augmentation"": ""no_augmentation"", ""beto_model"": ""dccuchile/bert-base-spanish-wwm-cased"", ""chunk_stride"": 256, ""max_tokens"": 512, ""n_cv_splits"": 5, ""n_search_iter"": 0, ""seeds"": [42, 43, 44, 45, 46], ""sentence_transformer_model"": ""intfloat/multilingual-e5-small"", ""tfidf_lemmatize"": true, ""tfidf_max_df"": 0.9, ""tfidf_max_features"": 300, ""tfidf_min_df"": 3, ""tfidf_ngram_range"": [1, 2], ""tfidf_normalize_numbers"": true}",2026-09-09T10:38:16
E0_TFIDF,frozen,participant,01,no_augmentation,PHQ9,43,ExtraTrees,5.702882,False,tfidf,defaults,"{""augmentation"": ""no_augmentation"", ""beto_model"": ""dccuchile/bert-base-spanish-wwm-cased"", ""chunk_stride"": 256, ""max_tokens"": 512, ""n_cv_splits"": 5, ""n_search_iter"": 0, ""seeds"": [42, 43, 44, 45, 46], ""sentence_transformer_model"": ""intfloat/multilingual-e5-small"", ""tfidf_lemmatize"": true, ""tfidf_max_df"": 0.9, ""tfidf_max_features"": 300, ""tfidf_min_df"": 3, ""tfidf_ngram_range"": [1, 2], ""tfidf_normalize_numbers"": true}",2026-09-09T10:38:17
E0_TFIDF,frozen,participant,01,no_augmentation,PHQ9,43,GradientBoosting,5.925256,False,tfidf,defaults,"{""augmentation"": ""no_augmentation"", ""beto_model"": ""dccuchile/bert-base-spanish-wwm-cased"", ""chunk_stride"": 256, ""max_tokens"": 512, ""n_cv_splits"": 5, ""n_search_iter"": 0, ""seeds"": [42, 43, 44, 45, 46], ""sentence_transformer_model"": ""intfloat/multilingual-e5-small"", ""tfidf_lemmatize"": true, ""tfidf_max_df"": 0.9, ""tfidf_max_features"": 300, ""tfidf_min_df"": 3, ""tfidf_ngram_range"": [1, 2], ""tfidf_normalize_numbers"": true}",2026-09-09T10:38:17
E0_TFIDF,frozen,participant,01,no_augmentation,PHQ9,43,LightGBM,5.942099,False,tfidf,defaults,"{""augmentation"": ""no_augmentation"", ""beto_model"": ""dccuchile/bert-base-spanish-wwm-cased"", ""chunk_stride"": 256, ""max_tokens"": 512, ""n_cv_splits"": 5, ""n_search_iter"": 0, ""seeds"": [42, 43, 44, 45, 46], ""sentence_transformer_model"": ""intfloat/multilingual-e5-small"", ""tfidf_lemmatize"": true, ""tfidf_max_df"": 0.9, ""tfidf_max_features"": 300, ""tfidf_min_df"": 3, ""tfidf_ngram_range"": [1, 2], ""tfidf_normalize_numbers"": true}",2026-09-09T10:38:17
E0_TFIDF,frozen,participant,01,no_augmentation,PHQ9,43,KNN,6.009633,False,tfidf,defaults,"{""augmentation"": ""no_augmentation"", ""beto_model"": ""dccuchile/bert-base-spanish-wwm-cased"", ""chunk_stride"": 256, ""max_tokens"": 512, ""n_cv_splits"": 5, ""n_search_iter"": 0, ""seeds"": [42, 43, 44, 45, 46], ""sentence_transformer_model"": ""intfloat/multilingual-e5-small"", ""tfidf_lemmatize"": true, ""tfidf_max_df"": 0.9, ""tfidf_max_features"": 300, ""tfidf_min_df"": 3, ""tfidf_ngram_range"": [1, 2], ""tfidf_normalize_numbers"": true}",2026-09-09T10:38:17
E0_TFIDF,frozen,participant,01,no_augmentation,PHQ9,43,DecisionTree,7.946465,False,tfidf,defaults,"{""augmentation"": ""no_augmentation"", ""beto_model"": ""dccuchile/bert-base-spanish-wwm-cased"", ""chunk_stride"": 256, ""max_tokens"": 512, ""n_cv_splits"": 5, ""n_search_iter"": 0, ""seeds"": [42, 43, 44, 45, 46], ""sentence_transformer_model"": ""intfloat/multilingual-e5-small"", ""tfidf_lemmatize"": true, ""tfidf_max_df"": 0.9, ""tfidf_max_features"": 300, ""tfidf_min_df"": 3, ""tfidf_ngram_range"": [1, 2], ""tfidf_normalize_numbers"": true}",2026-09-09T10:38:17
E0_TFIDF,frozen,participant,01,no_augmentation,PHQ9,43,AdaBoost,5.597006,True,tfidf,defaults,"{""augmentation"": ""no_augmentation"", ""beto_model"": ""dccuchile/bert-base-spanish-wwm-cased"", ""chunk_stride"": 256, ""max_tokens"": 512, ""n_cv_splits"": 5, ""n_search_iter"": 0, ""seeds"": [42, 43, 44, 45, 46], ""sentence_transformer_model"": ""intfloat/multilingual-e5-small"", ""tfidf_lemmatize"": true, ""tfidf_max_df"": 0.9, ""tfidf_max_features"": 300, ""tfidf_min_df"": 3, ""tfidf_ngram_range"": [1, 2], ""tfidf_normalize_numbers"": true}",2026-09-09T10:38:17
E0_TFIDF,frozen,participant,01,no_augmentation,GAD7,43,Ridge,4.972228,False,tfidf,defaults,"{""augmentation"": ""no_augmentation"", ""beto_model"": ""dccuchile/bert-base-spanish-wwm-cased"", ""chunk_stride"": 256, ""max_tokens"": 512, ""n_cv_splits"": 5, ""n_search_iter"": 0, ""seeds"": [42, 43, 44, 45, 46], ""sentence_transformer_model"": ""intfloat/multilingual-e5-small"", ""tfidf_lemmatize"": true, ""tfidf_max_df"": 0.9, ""tfidf_max_features"": 300, ""tfidf_min_df"": 3, ""tfidf_ngram_range"": [1, 2], ""tfidf_normalize_numbers"": true}",2026-09-09T10:38:29
E0_TFIDF,frozen,participant,01,no_augmentation,GAD7,43,SVR,4.829969,False,tfidf,defaults,"{""augmentation"": ""no_augmentation"", ""beto_model"": ""dccuchile/bert-base-spanish-wwm-cased"", ""chunk_stride"": 256, ""max_tokens"": 512, ""n_cv_splits"": 5, ""n_search_iter"": 0, ""seeds"": [42, 43, 44, 45, 46], ""sentence_transformer_model"": ""intfloat/multilingual-e5-small"", ""tfidf_lemmatize"": true, ""tfidf_max_df"": 0.9, ""tfidf_max_features"": 300, ""tfidf_min_df"": 3, ""tfidf_ngram_range"": [1, 2], ""tfidf_normalize_numbers"": true}",2026-09-09T10:38:29
E0_TFIDF,frozen,participant,01,no_augmentation,GAD7,43,RandomForest,4.747668,True,tfidf,defaults,"{""augmentation"": ""no_augmentation"", ""beto_model"": ""dccuchile/bert-base-spanish-wwm-cased"", ""chunk_stride"": 256, ""max_tokens"": 512, ""n_cv_splits"": 5, ""n_search_iter"": 0, ""seeds"": [42, 43, 44, 45, 46], ""sentence_transformer_model"": ""intfloat/multilingual-e5-small"", ""tfidf_lemmatize"": true, ""tfidf_max_df"": 0.9, ""tfidf_max_features"": 300, ""tfidf_min_df"": 3, ""tfidf_ngram_range"": [1, 2], ""tfidf_normalize_numbers"": true}",2026-09-09T10:38:29
E0_TFIDF,frozen,participant,01,no_augmentation,GAD7,43,ExtraTrees,4.80362,False,tfidf,defaults,"{""augmentation"": ""no_augmentation"", ""beto_model"": ""dccuchile/bert-base-spanish-wwm-cased"", ""chunk_stride"": 256, ""max_tokens"": 512, ""n_cv_splits"": 5, ""n_search_iter"": 0, ""seeds"": [42, 43, 44, 45, 46], ""sentence_transformer_model"": ""intfloat/multilingual-e5-small"", ""tfidf_lemmatize"": true, ""tfidf_max_df"": 0.9, ""tfidf_max_features"": 300, ""tfidf_min_df"": 3, ""tfidf_ngram_range"": [1, 2], ""tfidf_normalize_numbers"": true}",2026-09-09T10:38:29
E0_TFIDF,frozen,participant,01,no_augmentation,GAD7,43,GradientBoosting,4.804755,False,tfidf,defaults,"{""augmentation"": ""no_augmentation"", ""beto_model"": ""dccuchile/bert-base-spanish-wwm-cased"", ""chunk_stride"": 256, ""max_tokens"": 512, ""n_cv_splits"": 5, ""n_search_iter"": 0, ""seeds"": [42, 43, 44, 45, 46], ""sentence_transformer_model"": ""intfloat/multilingual-e5-small"", ""tfidf_lemmatize"": true, ""tfidf_max_df"": 0.9, ""tfidf_max_features"": 300, ""tfidf_min_df"": 3, ""tfidf_ngram_range"": [1, 2], ""tfidf_normalize_numbers"": true}",2026-09-09T10:38:29
E0_TFIDF,frozen,participant,01,no_augmentation,GAD7,43,LightGBM,5.01036,False,tfidf,defaults,"{""augmentation"": ""no_augmentation"", ""beto_model"": ""dccuchile/bert-base-spanish-wwm-cased"", ""chunk_stride"": 256, ""max_tokens"": 512, ""n_cv_splits"": 5, ""n_search_iter"": 0, ""seeds"": [42, 43, 44, 45, 46], ""sentence_transformer_model"": ""intfloat/multilingual-e5-small"", ""tfidf_lemmatize"": true, ""tfidf_max_df"": 0.9, ""tfidf_max_features"": 300, ""tfidf_min_df"": 3, ""tfidf_ngram_range"": [1, 2], ""tfidf_normalize_numbers"": true}",2026-09-09T10:38:29
E0_TFIDF,frozen,participant,01,no_augmentation,GAD7,43,KNN,5.156843,False,tfidf,defaults,"{""augmentation"": ""no_augmentation"", ""beto_model"": ""dccuchile/bert-base-spanish-wwm-cased"", ""chunk_stride"": 256, ""max_tokens"": 512, ""n_cv_splits"": 5, ""n_search_iter"": 0, ""seeds"": [42, 43, 44, 45, 46], ""sentence_transformer_model"": ""intfloat/multilingual-e5-small"", ""tfidf_lemmatize"": true, ""tfidf_max_df"": 0.9, ""tfidf_max_features"": 300, ""tfidf_min_df"": 3, ""tfidf_ngram_range"": [1, 2], ""tfidf_normalize_numbers"": true}",2026-09-09T10:38:29
E0_TFIDF,frozen,participant,01,no_augmentation,GAD7,43,DecisionTree,6.448431,False,tfidf,defaults,"{""augmentation"": ""no_augmentation"", ""beto_model"": ""dccuchile/bert-base-spanish-wwm-cased"", ""chunk_stride"": 256, ""max_tokens"": 512, ""n_cv_splits"": 5, ""n_search_iter"": 0, ""seeds"": [42, 43, 44, 45, 46], ""sentence_transformer_model"": ""intfloat/multilingual-e5-small"", ""tfidf_lemmatize"": true, ""tfidf_max_df"": 0.9, ""tfidf_max_features"": 300, ""tfidf_min_df"": 3, ""tfidf_ngram_range"": [1, 2], ""tfidf_normalize_numbers"": true}",2026-09-09T10:38:29
E0_TFIDF,frozen,participant,01,no_augmentation,GAD7,43,AdaBoost,4.82281,False,tfidf,defaults,"{""augmentation"": ""no_augmentation"", ""beto_model"": ""dccuchile/bert-base-spanish-wwm-cased"", ""chunk_stride"": 256, ""max_tokens"": 512, ""n_cv_splits"": 5, ""n_search_iter"": 0, ""seeds"": [42, 43, 44, 45, 46], ""sentence_transformer_model"": ""intfloat/multilingual-e5-small"", ""tfidf_lemmatize"": true, ""tfidf_max_df"": 0.9, ""tfidf_max_features"": 300, ""tfidf_min_df"": 3, ""tfidf_ngram_range"": [1, 2], ""tfidf_normalize_numbers"": true}",2026-09-09T10:38:29
E0_TFIDF,frozen,participant,01,no_augmentation,PHQ9,44,Ridge,5.732842,False,tfidf,defaults,"{""augmentation"": ""no_augmentation"", ""beto_model"": ""dccuchile/bert-base-spanish-wwm-cased"", ""chunk_stride"": 256, ""max_tokens"": 512, ""n_cv_splits"": 5, ""n_search_iter"": 0, ""seeds"": [42, 43, 44, 45, 46], ""sentence_transformer_model"": ""intfloat/multilingual-e5-small"", ""tfidf_lemmatize"": true, ""tfidf_max_df"": 0.9, ""tfidf_max_features"": 300, ""tfidf_min_df"": 3, ""tfidf_ngram_range"": [1, 2], ""tfidf_normalize_numbers"": true}",2026-09-09T10:38:42
E0_TFIDF,frozen,participant,01,no_augmentation,PHQ9,44,SVR,5.697108,False,tfidf,defaults,"{""augmentation"": ""no_augmentation"", ""beto_model"": ""dccuchile/bert-base-spanish-wwm-cased"", ""chunk_stride"": 256, ""max_tokens"": 512, ""n_cv_splits"": 5, ""n_search_iter"": 0, ""seeds"": [42, 43, 44, 45, 46], ""sentence_transformer_model"": ""intfloat/multilingual-e5-small"", ""tfidf_lemmatize"": true, ""tfidf_max_df"": 0.9, ""tfidf_max_features"": 300, ""tfidf_min_df"": 3, ""tfidf_ngram_range"": [1, 2], ""tfidf_normalize_numbers"": true}",2026-09-09T10:38:42
E0_TFIDF,frozen,participant,01,no_augmentation,PHQ9,44,RandomForest,5.662453,False,tfidf,defaults,"{""augmentation"": ""no_augmentation"", ""beto_model"": ""dccuchile/bert-base-spanish-wwm-cased"", ""chunk_stride"": 256, ""max_tokens"": 512, ""n_cv_splits"": 5, ""n_search_iter"": 0, ""seeds"": [42, 43, 44, 45, 46], ""sentence_transformer_model"": ""intfloat/multilingual-e5-small"", ""tfidf_lemmatize"": true, ""tfidf_max_df"": 0.9, ""tfidf_max_features"": 300, ""tfidf_min_df"": 3, ""tfidf_ngram_range"": [1, 2], ""tfidf_normalize_numbers"": true}",2026-09-09T10:38:42
E0_TFIDF,frozen,participant,01,no_augmentation,PHQ9,44,ExtraTrees,5.665005,False,tfidf,defaults,"{""augmentation"": ""no_augmentation"", ""beto_model"": ""dccuchile/bert-base-spanish-wwm-cased"", ""chunk_stride"": 256, ""max_tokens"": 512, ""n_cv_splits"": 5, ""n_search_iter"": 0, ""seeds"": [42, 43, 44, 45, 46], ""sentence_transformer_model"": ""intfloat/multilingual-e5-small"", ""tfidf_lemmatize"": true, ""tfidf_max_df"": 0.9, ""tfidf_max_features"": 300, ""tfidf_min_df"": 3, ""tfidf_ngram_range"": [1, 2], ""tfidf_normalize_numbers"": true}",2026-09-09T10:38:42
E0_TFIDF,frozen,participant,01,no_augmentation,PHQ9,44,GradientBoosting,5.625081,False,tfidf,defaults,"{""augmentation"": ""no_augmentation"", ""beto_model"": ""dccuchile/bert-base-spanish-wwm-cased"", ""chunk_stride"": 256, ""max_tokens"": 512, ""n_cv_splits"": 5, ""n_search_iter"": 0, ""seeds"": [42, 43, 44, 45, 46], ""sentence_transformer_model"": ""intfloat/multilingual-e5-small"", ""tfidf_lemmatize"": true, ""tfidf_max_df"": 0.9, ""tfidf_max_features"": 300, ""tfidf_min_df"": 3, ""tfidf_ngram_range"": [1, 2], ""tfidf_normalize_numbers"": true}",2026-09-09T10:38:42
E0_TFIDF,frozen,participant,01,no_augmentation,PHQ9,44,LightGBM,5.834944,False,tfidf,defaults,"{""augmentation"": ""no_augmentation"", ""beto_model"": ""dccuchile/bert-base-spanish-wwm-cased"", ""chunk_stride"": 256, ""max_tokens"": 512, ""n_cv_splits"": 5, ""n_search_iter"": 0, ""seeds"": [42, 43, 44, 45, 46], ""sentence_transformer_model"": ""intfloat/multilingual-e5-small"", ""tfidf_lemmatize"": true, ""tfidf_max_df"": 0.9, ""tfidf_max_features"": 300, ""tfidf_min_df"": 3, ""tfidf_ngram_range"": [1, 2], ""tfidf_normalize_numbers"": true}",2026-09-09T10:38:42
E0_TFIDF,frozen,participant,01,no_augmentation,PHQ9,44,KNN,5.971482,False,tfidf,defaults,"{""augmentation"": ""no_augmentation"", ""beto_model"": ""dccuchile/bert-base-spanish-wwm-cased"", ""chunk_stride"": 256, ""max_tokens"": 512, ""n_cv_splits"": 5, ""n_search_iter"": 0, ""seeds"": [42, 43, 44, 45, 46], ""sentence_transformer_model"": ""intfloat/multilingual-e5-small"", ""tfidf_lemmatize"": true, ""tfidf_max_df"": 0.9, ""tfidf_max_features"": 300, ""tfidf_min_df"": 3, ""tfidf_ngram_range"": [1, 2], ""tfidf_normalize_numbers"": true}",2026-09-09T10:38:42
E0_TFIDF,frozen,participant,01,no_augmentation,PHQ9,44,DecisionTree,7.789974,False,tfidf,defaults,"{""augmentation"": ""no_augmentation"", ""beto_model"": ""dccuchile/bert-base-spanish-wwm-cased"", ""chunk_stride"": 256, ""max_tokens"": 512, ""n_cv_splits"": 5, ""n_search_iter"": 0, ""seeds"": [42, 43, 44, 45, 46], ""sentence_transformer_model"": ""intfloat/multilingual-e5-small"", ""tfidf_lemmatize"": true, ""tfidf_max_df"": 0.9, ""tfidf_max_features"": 300, ""tfidf_min_df"": 3, ""tfidf_ngram_range"": [1, 2], ""tfidf_normalize_numbers"": true}",2026-09-09T10:38:42
E0_TFIDF,frozen,participant,01,no_augmentation,PHQ9,44,AdaBoost,5.579666,True,tfidf,defaults,"{""augmentation"": ""no_augmentation"", ""beto_model"": ""dccuchile/bert-base-spanish-wwm-cased"", ""chunk_stride"": 256, ""max_tokens"": 512, ""n_cv_splits"": 5, ""n_search_iter"": 0, ""seeds"": [42, 43, 44, 45, 46], ""sentence_transformer_model"": ""intfloat/multilingual-e5-small"", ""tfidf_lemmatize"": true, ""tfidf_max_df"": 0.9, ""tfidf_max_features"": 300, ""tfidf_min_df"": 3, ""tfidf_ngram_range"": [1, 2], ""tfidf_normalize_numbers"": true}",2026-09-09T10:38:42
E0_TFIDF,frozen,participant,01,no_augmentation,GAD7,44,Ridge,4.943945,False,tfidf,defaults,"{""augmentation"": ""no_augmentation"", ""beto_model"": ""dccuchile/bert-base-spanish-wwm-cased"", ""chunk_stride"": 256, ""max_tokens"": 512, ""n_cv_splits"": 5, ""n_search_iter"": 0, ""seeds"": [42, 43, 44, 45, 46], ""sentence_transformer_model"": ""intfloat/multilingual-e5-small"", ""tfidf_lemmatize"": true, ""tfidf_max_df"": 0.9, ""tfidf_max_features"": 300, ""tfidf_min_df"": 3, ""tfidf_ngram_range"": [1, 2], ""tfidf_normalize_numbers"": true}",2026-09-09T10:38:55
E0_TFIDF,frozen,participant,01,no_augmentation,GAD7,44,SVR,4.849524,False,tfidf,defaults,"{""augmentation"": ""no_augmentation"", ""beto_model"": ""dccuchile/bert-base-spanish-wwm-cased"", ""chunk_stride"": 256, ""max_tokens"": 512, ""n_cv_splits"": 5, ""n_search_iter"": 0, ""seeds"": [42, 43, 44, 45, 46], ""sentence_transformer_model"": ""intfloat/multilingual-e5-small"", ""tfidf_lemmatize"": true, ""tfidf_max_df"": 0.9, ""tfidf_max_features"": 300, ""tfidf_min_df"": 3, ""tfidf_ngram_range"": [1, 2], ""tfidf_normalize_numbers"": true}",2026-09-09T10:38:55
E0_TFIDF,frozen,participant,01,no_augmentation,GAD7,44,RandomForest,4.742291,True,tfidf,defaults,"{""augmentation"": ""no_augmentation"", ""beto_model"": ""dccuchile/bert-base-spanish-wwm-cased"", ""chunk_stride"": 256, ""max_tokens"": 512, ""n_cv_splits"": 5, ""n_search_iter"": 0, ""seeds"": [42, 43, 44, 45, 46], ""sentence_transformer_model"": ""intfloat/multilingual-e5-small"", ""tfidf_lemmatize"": true, ""tfidf_max_df"": 0.9, ""tfidf_max_features"": 300, ""tfidf_min_df"": 3, ""tfidf_ngram_range"": [1, 2], ""tfidf_normalize_numbers"": true}",2026-09-09T10:38:55
E0_TFIDF,frozen,participant,01,no_augmentation,GAD7,44,ExtraTrees,4.80311,False,tfidf,defaults,"{""augmentation"": ""no_augmentation"", ""beto_model"": ""dccuchile/bert-base-spanish-wwm-cased"", ""chunk_stride"": 256, ""max_tokens"": 512, ""n_cv_splits"": 5, ""n_search_iter"": 0, ""seeds"": [42, 43, 44, 45, 46], ""sentence_transformer_model"": ""intfloat/multilingual-e5-small"", ""tfidf_lemmatize"": true, ""tfidf_max_df"": 0.9, ""tfidf_max_features"": 300, ""tfidf_min_df"": 3, ""tfidf_ngram_range"": [1, 2], ""tfidf_normalize_numbers"": true}",2026-09-09T10:38:55
E0_TFIDF,frozen,participant,01,no_augmentation,GAD7,44,GradientBoosting,4.834256,False,tfidf,defaults,"{""augmentation"": ""no_augmentation"", ""beto_model"": ""dccuchile/bert-base-spanish-wwm-cased"", ""chunk_stride"": 256, ""max_tokens"": 512, ""n_cv_splits"": 5, ""n_search_iter"": 0, ""seeds"": [42, 43, 44, 45, 46], ""sentence_transformer_model"": ""intfloat/multilingual-e5-small"", ""tfidf_lemmatize"": true, ""tfidf_max_df"": 0.9, ""tfidf_max_features"": 300, ""tfidf_min_df"": 3, ""tfidf_ngram_range"": [1, 2], ""tfidf_normalize_numbers"": true}",2026-09-09T10:38:55
E0_TFIDF,frozen,participant,01,no_augmentation,GAD7,44,LightGBM,5.096624,False,tfidf,defaults,"{""augmentation"": ""no_augmentation"", ""beto_model"": ""dccuchile/bert-base-spanish-wwm-cased"", ""chunk_stride"": 256, ""max_tokens"": 512, ""n_cv_splits"": 5, ""n_search_iter"": 0, ""seeds"": [42, 43, 44, 45, 46], ""sentence_transformer_model"": ""intfloat/multilingual-e5-small"", ""tfidf_lemmatize"": true, ""tfidf_max_df"": 0.9, ""tfidf_max_features"": 300, ""tfidf_min_df"": 3, ""tfidf_ngram_range"": [1, 2], ""tfidf_normalize_numbers"": true}",2026-09-09T10:38:55
E0_TFIDF,frozen,participant,01,no_augmentation,GAD7,44,KNN,5.141261,False,tfidf,defaults,"{""augmentation"": ""no_augmentation"", ""beto_model"": ""dccuchile/bert-base-spanish-wwm-cased"", ""chunk_stride"": 256, ""max_tokens"": 512, ""n_cv_splits"": 5, ""n_search_iter"": 0, ""seeds"": [42, 43, 44, 45, 46], ""sentence_transformer_model"": ""intfloat/multilingual-e5-small"", ""tfidf_lemmatize"": true, ""tfidf_max_df"": 0.9, ""tfidf_max_features"": 300, ""tfidf_min_df"": 3, ""tfidf_ngram_range"": [1, 2], ""tfidf_normalize_numbers"": true}",2026-09-09T10:38:55
E0_TFIDF,frozen,participant,01,no_augmentation,GAD7,44,DecisionTree,5.932645,False,tfidf,defaults,"{""augmentation"": ""no_augmentation"", ""beto_model"": ""dccuchile/bert-base-spanish-wwm-cased"", ""chunk_stride"": 256, ""max_tokens"": 512, ""n_cv_splits"": 5, ""n_search_iter"": 0, ""seeds"": [42, 43, 44, 45, 46], ""sentence_transformer_model"": ""intfloat/multilingual-e5-small"", ""tfidf_lemmatize"": true, ""tfidf_max_df"": 0.9, ""tfidf_max_features"": 300, ""tfidf_min_df"": 3, ""tfidf_ngram_range"": [1, 2], ""tfidf_normalize_numbers"": true}",2026-09-09T10:38:55
E0_TFIDF,frozen,participant,01,no_augmentation,GAD7,44,AdaBoost,4.919351,False,tfidf,defaults,"{""augmentation"": ""no_augmentation"", ""beto_model"": ""dccuchile/bert-base-spanish-wwm-cased"", ""chunk_stride"": 256, ""max_tokens"": 512, ""n_cv_splits"": 5, ""n_search_iter"": 0, ""seeds"": [42, 43, 44, 45, 46], ""sentence_transformer_model"": ""intfloat/multilingual-e5-small"", ""tfidf_lemmatize"": true, ""tfidf_max_df"": 0.9, ""tfidf_max_features"": 300, ""tfidf_min_df"": 3, ""tfidf_ngram_range"": [1, 2], ""tfidf_normalize_numbers"": true}",2026-09-09T10:38:55
E0_TFIDF,frozen,participant,01,no_augmentation,PHQ9,45,Ridge,5.770239,False,tfidf,defaults,"{""augmentation"": ""no_augmentation"", ""beto_model"": ""dccuchile/bert-base-spanish-wwm-cased"", ""chunk_stride"": 256, ""max_tokens"": 512, ""n_cv_splits"": 5, ""n_search_iter"": 0, ""seeds"": [42, 43, 44, 45, 46], ""sentence_transformer_model"": ""intfloat/multilingual-e5-small"", ""tfidf_lemmatize"": true, ""tfidf_max_df"": 0.9, ""tfidf_max_features"": 300, ""tfidf_min_df"": 3, ""tfidf_ngram_range"": [1, 2], ""tfidf_normalize_numbers"": true}",2026-09-09T10:39:07
E0_TFIDF,frozen,participant,01,no_augmentation,PHQ9,45,SVR,5.78657,False,tfidf,defaults,"{""augmentation"": ""no_augmentation"", ""beto_model"": ""dccuchile/bert-base-spanish-wwm-cased"", ""chunk_stride"": 256, ""max_tokens"": 512, ""n_cv_splits"": 5, ""n_search_iter"": 0, ""seeds"": [42, 43, 44, 45, 46], ""sentence_transformer_model"": ""intfloat/multilingual-e5-small"", ""tfidf_lemmatize"": true, ""tfidf_max_df"": 0.9, ""tfidf_max_features"": 300, ""tfidf_min_df"": 3, ""tfidf_ngram_range"": [1, 2], ""tfidf_normalize_numbers"": true}",2026-09-09T10:39:07
E0_TFIDF,frozen,participant,01,no_augmentation,PHQ9,45,RandomForest,5.67775,False,tfidf,defaults,"{""augmentation"": ""no_augmentation"", ""beto_model"": ""dccuchile/bert-base-spanish-wwm-cased"", ""chunk_stride"": 256, ""max_tokens"": 512, ""n_cv_splits"": 5, ""n_search_iter"": 0, ""seeds"": [42, 43, 44, 45, 46], ""sentence_transformer_model"": ""intfloat/multilingual-e5-small"", ""tfidf_lemmatize"": true, ""tfidf_max_df"": 0.9, ""tfidf_max_features"": 300, ""tfidf_min_df"": 3, ""tfidf_ngram_range"": [1, 2], ""tfidf_normalize_numbers"": true}",2026-09-09T10:39:07
E0_TFIDF,frozen,participant,01,no_augmentation,PHQ9,45,ExtraTrees,5.655687,False,tfidf,defaults,"{""augmentation"": ""no_augmentation"", ""beto_model"": ""dccuchile/bert-base-spanish-wwm-cased"", ""chunk_stride"": 256, ""max_tokens"": 512, ""n_cv_splits"": 5, ""n_search_iter"": 0, ""seeds"": [42, 43, 44, 45, 46], ""sentence_transformer_model"": ""intfloat/multilingual-e5-small"", ""tfidf_lemmatize"": true, ""tfidf_max_df"": 0.9, ""tfidf_max_features"": 300, ""tfidf_min_df"": 3, ""tfidf_ngram_range"": [1, 2], ""tfidf_normalize_numbers"": true}",2026-09-09T10:39:08
E0_TFIDF,frozen,participant,01,no_augmentation,PHQ9,45,GradientBoosting,5.632468,False,tfidf,defaults,"{""augmentation"": ""no_augmentation"", ""beto_model"": ""dccuchile/bert-base-spanish-wwm-cased"", ""chunk_stride"": 256, ""max_tokens"": 512, ""n_cv_splits"": 5, ""n_search_iter"": 0, ""seeds"": [42, 43, 44, 45, 46], ""sentence_transformer_model"": ""intfloat/multilingual-e5-small"", ""tfidf_lemmatize"": true, ""tfidf_max_df"": 0.9, ""tfidf_max_features"": 300, ""tfidf_min_df"": 3, ""tfidf_ngram_range"": [1, 2], ""tfidf_normalize_numbers"": true}",2026-09-09T10:39:08
E0_TFIDF,frozen,participant,01,no_augmentation,PHQ9,45,LightGBM,6.054701,False,tfidf,defaults,"{""augmentation"": ""no_augmentation"", ""beto_model"": ""dccuchile/bert-base-spanish-wwm-cased"", ""chunk_stride"": 256, ""max_tokens"": 512, ""n_cv_splits"": 5, ""n_search_iter"": 0, ""seeds"": [42, 43, 44, 45, 46], ""sentence_transformer_model"": ""intfloat/multilingual-e5-small"", ""tfidf_lemmatize"": true, ""tfidf_max_df"": 0.9, ""tfidf_max_features"": 300, ""tfidf_min_df"": 3, ""tfidf_ngram_range"": [1, 2], ""tfidf_normalize_numbers"": true}",2026-09-09T10:39:08
E0_TFIDF,frozen,participant,01,no_augmentation,PHQ9,45,KNN,6.165998,False,tfidf,defaults,"{""augmentation"": ""no_augmentation"", ""beto_model"": ""dccuchile/bert-base-spanish-wwm-cased"", ""chunk_stride"": 256, ""max_tokens"": 512, ""n_cv_splits"": 5, ""n_search_iter"": 0, ""seeds"": [42, 43, 44, 45, 46], ""sentence_transformer_model"": ""intfloat/multilingual-e5-small"", ""tfidf_lemmatize"": true, ""tfidf_max_df"": 0.9, ""tfidf_max_features"": 300, ""tfidf_min_df"": 3, ""tfidf_ngram_range"": [1, 2], ""tfidf_normalize_numbers"": true}",2026-09-09T10:39:08
E0_TFIDF,frozen,participant,01,no_augmentation,PHQ9,45,DecisionTree,7.298937,False,tfidf,defaults,"{""augmentation"": ""no_augmentation"", ""beto_model"": ""dccuchile/bert-base-spanish-wwm-cased"", ""chunk_stride"": 256, ""max_tokens"": 512, ""n_cv_splits"": 5, ""n_search_iter"": 0, ""seeds"": [42, 43, 44, 45, 46], ""sentence_transformer_model"": ""intfloat/multilingual-e5-small"", ""tfidf_lemmatize"": true, ""tfidf_max_df"": 0.9, ""tfidf_max_features"": 300, ""tfidf_min_df"": 3, ""tfidf_ngram_range"": [1, 2], ""tfidf_normalize_numbers"": true}",2026-09-09T10:39:08
E0_TFIDF,frozen,participant,01,no_augmentation,PHQ9,45,AdaBoost,5.567352,True,tfidf,defaults,"{""augmentation"": ""no_augmentation"", ""beto_model"": ""dccuchile/bert-base-spanish-wwm-cased"", ""chunk_stride"": 256, ""max_tokens"": 512, ""n_cv_splits"": 5, ""n_search_iter"": 0, ""seeds"": [42, 43, 44, 45, 46], ""sentence_transformer_model"": ""intfloat/multilingual-e5-small"", ""tfidf_lemmatize"": true, ""tfidf_max_df"": 0.9, ""tfidf_max_features"": 300, ""tfidf_min_df"": 3, ""tfidf_ngram_range"": [1, 2], ""tfidf_normalize_numbers"": true}",2026-09-09T10:39:08
E0_TFIDF,frozen,participant,01,no_augmentation,GAD7,45,Ridge,4.942225,False,tfidf,defaults,"{""augmentation"": ""no_augmentation"", ""beto_model"": ""dccuchile/bert-base-spanish-wwm-cased"", ""chunk_stride"": 256, ""max_tokens"": 512, ""n_cv_splits"": 5, ""n_search_iter"": 0, ""seeds"": [42, 43, 44, 45, 46], ""sentence_transformer_model"": ""intfloat/multilingual-e5-small"", ""tfidf_lemmatize"": true, ""tfidf_max_df"": 0.9, ""tfidf_max_features"": 300, ""tfidf_min_df"": 3, ""tfidf_ngram_range"": [1, 2], ""tfidf_normalize_numbers"": true}",2026-09-09T10:39:20
E0_TFIDF,frozen,participant,01,no_augmentation,GAD7,45,SVR,4.882913,False,tfidf,defaults,"{""augmentation"": ""no_augmentation"", ""beto_model"": ""dccuchile/bert-base-spanish-wwm-cased"", ""chunk_stride"": 256, ""max_tokens"": 512, ""n_cv_splits"": 5, ""n_search_iter"": 0, ""seeds"": [42, 43, 44, 45, 46], ""sentence_transformer_model"": ""intfloat/multilingual-e5-small"", ""tfidf_lemmatize"": true, ""tfidf_max_df"": 0.9, ""tfidf_max_features"": 300, ""tfidf_min_df"": 3, ""tfidf_ngram_range"": [1, 2], ""tfidf_normalize_numbers"": true}",2026-09-09T10:39:20
E0_TFIDF,frozen,participant,01,no_augmentation,GAD7,45,RandomForest,4.788907,False,tfidf,defaults,"{""augmentation"": ""no_augmentation"", ""beto_model"": ""dccuchile/bert-base-spanish-wwm-cased"", ""chunk_stride"": 256, ""max_tokens"": 512, ""n_cv_splits"": 5, ""n_search_iter"": 0, ""seeds"": [42, 43, 44, 45, 46], ""sentence_transformer_model"": ""intfloat/multilingual-e5-small"", ""tfidf_lemmatize"": true, ""tfidf_max_df"": 0.9, ""tfidf_max_features"": 300, ""tfidf_min_df"": 3, ""tfidf_ngram_range"": [1, 2], ""tfidf_normalize_numbers"": true}",2026-09-09T10:39:20
E0_TFIDF,frozen,participant,01,no_augmentation,GAD7,45,ExtraTrees,4.871125,False,tfidf,defaults,"{""augmentation"": ""no_augmentation"", ""beto_model"": ""dccuchile/bert-base-spanish-wwm-cased"", ""chunk_stride"": 256, ""max_tokens"": 512, ""n_cv_splits"": 5, ""n_search_iter"": 0, ""seeds"": [42, 43, 44, 45, 46], ""sentence_transformer_model"": ""intfloat/multilingual-e5-small"", ""tfidf_lemmatize"": true, ""tfidf_max_df"": 0.9, ""tfidf_max_features"": 300, ""tfidf_min_df"": 3, ""tfidf_ngram_range"": [1, 2], ""tfidf_normalize_numbers"": true}",2026-09-09T10:39:20
E0_TFIDF,frozen,participant,01,no_augmentation,GAD7,45,GradientBoosting,4.903361,False,tfidf,defaults,"{""augmentation"": ""no_augmentation"", ""beto_model"": ""dccuchile/bert-base-spanish-wwm-cased"", ""chunk_stride"": 256, ""max_tokens"": 512, ""n_cv_splits"": 5, ""n_search_iter"": 0, ""seeds"": [42, 43, 44, 45, 46], ""sentence_transformer_model"": ""intfloat/multilingual-e5-small"", ""tfidf_lemmatize"": true, ""tfidf_max_df"": 0.9, ""tfidf_max_features"": 300, ""tfidf_min_df"": 3, ""tfidf_ngram_range"": [1, 2], ""tfidf_normalize_numbers"": true}",2026-09-09T10:39:20
E0_TFIDF,frozen,participant,01,no_augmentation,GAD7,45,LightGBM,4.973378,False,tfidf,defaults,"{""augmentation"": ""no_augmentation"", ""beto_model"": ""dccuchile/bert-base-spanish-wwm-cased"", ""chunk_stride"": 256, ""max_tokens"": 512, ""n_cv_splits"": 5, ""n_search_iter"": 0, ""seeds"": [42, 43, 44, 45, 46], ""sentence_transformer_model"": ""intfloat/multilingual-e5-small"", ""tfidf_lemmatize"": true, ""tfidf_max_df"": 0.9, ""tfidf_max_features"": 300, ""tfidf_min_df"": 3, ""tfidf_ngram_range"": [1, 2], ""tfidf_normalize_numbers"": true}",2026-09-09T10:39:20
E0_TFIDF,frozen,participant,01,no_augmentation,GAD7,45,KNN,5.184821,False,tfidf,defaults,"{""augmentation"": ""no_augmentation"", ""beto_model"": ""dccuchile/bert-base-spanish-wwm-cased"", ""chunk_stride"": 256, ""max_tokens"": 512, ""n_cv_splits"": 5, ""n_search_iter"": 0, ""seeds"": [42, 43, 44, 45, 46], ""sentence_transformer_model"": ""intfloat/multilingual-e5-small"", ""tfidf_lemmatize"": true, ""tfidf_max_df"": 0.9, ""tfidf_max_features"": 300, ""tfidf_min_df"": 3, ""tfidf_ngram_range"": [1, 2], ""tfidf_normalize_numbers"": true}",2026-09-09T10:39:20
E0_TFIDF,frozen,participant,01,no_augmentation,GAD7,45,DecisionTree,5.704454,False,tfidf,defaults,"{""augmentation"": ""no_augmentation"", ""beto_model"": ""dccuchile/bert-base-spanish-wwm-cased"", ""chunk_stride"": 256, ""max_tokens"": 512, ""n_cv_splits"": 5, ""n_search_iter"": 0, ""seeds"": [42, 43, 44, 45, 46], ""sentence_transformer_model"": ""intfloat/multilingual-e5-small"", ""tfidf_lemmatize"": true, ""tfidf_max_df"": 0.9, ""tfidf_max_features"": 300, ""tfidf_min_df"": 3, ""tfidf_ngram_range"": [1, 2], ""tfidf_normalize_numbers"": true}",2026-09-09T10:39:20
E0_TFIDF,frozen,participant,01,no_augmentation,GAD7,45,AdaBoost,4.785058,True,tfidf,defaults,"{""augmentation"": ""no_augmentation"", ""beto_model"": ""dccuchile/bert-base-spanish-wwm-cased"", ""chunk_stride"": 256, ""max_tokens"": 512, ""n_cv_splits"": 5, ""n_search_iter"": 0, ""seeds"": [42, 43, 44, 45, 46], ""sentence_transformer_model"": ""intfloat/multilingual-e5-small"", ""tfidf_lemmatize"": true, ""tfidf_max_df"": 0.9, ""tfidf_max_features"": 300, ""tfidf_min_df"": 3, ""tfidf_ngram_range"": [1, 2], ""tfidf_normalize_numbers"": true}",2026-09-09T10:39:20
E0_TFIDF,frozen,participant,01,no_augmentation,PHQ9,46,Ridge,5.668793,False,tfidf,defaults,"{""augmentation"": ""no_augmentation"", ""beto_model"": ""dccuchile/bert-base-spanish-wwm-cased"", ""chunk_stride"": 256, ""max_tokens"": 512, ""n_cv_splits"": 5, ""n_search_iter"": 0, ""seeds"": [42, 43, 44, 45, 46], ""sentence_transformer_model"": ""intfloat/multilingual-e5-small"", ""tfidf_lemmatize"": true, ""tfidf_max_df"": 0.9, ""tfidf_max_features"": 300, ""tfidf_min_df"": 3, ""tfidf_ngram_range"": [1, 2], ""tfidf_normalize_numbers"": true}",2026-09-09T10:39:33
E0_TFIDF,frozen,participant,01,no_augmentation,PHQ9,46,SVR,5.648735,False,tfidf,defaults,"{""augmentation"": ""no_augmentation"", ""beto_model"": ""dccuchile/bert-base-spanish-wwm-cased"", ""chunk_stride"": 256, ""max_tokens"": 512, ""n_cv_splits"": 5, ""n_search_iter"": 0, ""seeds"": [42, 43, 44, 45, 46], ""sentence_transformer_model"": ""intfloat/multilingual-e5-small"", ""tfidf_lemmatize"": true, ""tfidf_max_df"": 0.9, ""tfidf_max_features"": 300, ""tfidf_min_df"": 3, ""tfidf_ngram_range"": [1, 2], ""tfidf_normalize_numbers"": true}",2026-09-09T10:39:33
E0_TFIDF,frozen,participant,01,no_augmentation,PHQ9,46,RandomForest,5.603781,True,tfidf,defaults,"{""augmentation"": ""no_augmentation"", ""beto_model"": ""dccuchile/bert-base-spanish-wwm-cased"", ""chunk_stride"": 256, ""max_tokens"": 512, ""n_cv_splits"": 5, ""n_search_iter"": 0, ""seeds"": [42, 43, 44, 45, 46], ""sentence_transformer_model"": ""intfloat/multilingual-e5-small"", ""tfidf_lemmatize"": true, ""tfidf_max_df"": 0.9, ""tfidf_max_features"": 300, ""tfidf_min_df"": 3, ""tfidf_ngram_range"": [1, 2], ""tfidf_normalize_numbers"": true}",2026-09-09T10:39:33
E0_TFIDF,frozen,participant,01,no_augmentation,PHQ9,46,ExtraTrees,5.646212,False,tfidf,defaults,"{""augmentation"": ""no_augmentation"", ""beto_model"": ""dccuchile/bert-base-spanish-wwm-cased"", ""chunk_stride"": 256, ""max_tokens"": 512, ""n_cv_splits"": 5, ""n_search_iter"": 0, ""seeds"": [42, 43, 44, 45, 46], ""sentence_transformer_model"": ""intfloat/multilingual-e5-small"", ""tfidf_lemmatize"": true, ""tfidf_max_df"": 0.9, ""tfidf_max_features"": 300, ""tfidf_min_df"": 3, ""tfidf_ngram_range"": [1, 2], ""tfidf_normalize_numbers"": true}",2026-09-09T10:39:33
E0_TFIDF,frozen,participant,01,no_augmentation,PHQ9,46,GradientBoosting,5.679718,False,tfidf,defaults,"{""augmentation"": ""no_augmentation"", ""beto_model"": ""dccuchile/bert-base-spanish-wwm-cased"", ""chunk_stride"": 256, ""max_tokens"": 512, ""n_cv_splits"": 5, ""n_search_iter"": 0, ""seeds"": [42, 43, 44, 45, 46], ""sentence_transformer_model"": ""intfloat/multilingual-e5-small"", ""tfidf_lemmatize"": true, ""tfidf_max_df"": 0.9, ""tfidf_max_features"": 300, ""tfidf_min_df"": 3, ""tfidf_ngram_range"": [1, 2], ""tfidf_normalize_numbers"": true}",2026-09-09T10:39:33
E0_TFIDF,frozen,participant,01,no_augmentation,PHQ9,46,LightGBM,6.192441,False,tfidf,defaults,"{""augmentation"": ""no_augmentation"", ""beto_model"": ""dccuchile/bert-base-spanish-wwm-cased"", ""chunk_stride"": 256, ""max_tokens"": 512, ""n_cv_splits"": 5, ""n_search_iter"": 0, ""seeds"": [42, 43, 44, 45, 46], ""sentence_transformer_model"": ""intfloat/multilingual-e5-small"", ""tfidf_lemmatize"": true, ""tfidf_max_df"": 0.9, ""tfidf_max_features"": 300, ""tfidf_min_df"": 3, ""tfidf_ngram_range"": [1, 2], ""tfidf_normalize_numbers"": true}",2026-09-09T10:39:33
E0_TFIDF,frozen,participant,01,no_augmentation,PHQ9,46,KNN,6.007139,False,tfidf,defaults,"{""augmentation"": ""no_augmentation"", ""beto_model"": ""dccuchile/bert-base-spanish-wwm-cased"", ""chunk_stride"": 256, ""max_tokens"": 512, ""n_cv_splits"": 5, ""n_search_iter"": 0, ""seeds"": [42, 43, 44, 45, 46], ""sentence_transformer_model"": ""intfloat/multilingual-e5-small"", ""tfidf_lemmatize"": true, ""tfidf_max_df"": 0.9, ""tfidf_max_features"": 300, ""tfidf_min_df"": 3, ""tfidf_ngram_range"": [1, 2], ""tfidf_normalize_numbers"": true}",2026-09-09T10:39:33
E0_TFIDF,frozen,participant,01,no_augmentation,PHQ9,46,DecisionTree,7.715295,False,tfidf,defaults,"{""augmentation"": ""no_augmentation"", ""beto_model"": ""dccuchile/bert-base-spanish-wwm-cased"", ""chunk_stride"": 256, ""max_tokens"": 512, ""n_cv_splits"": 5, ""n_search_iter"": 0, ""seeds"": [42, 43, 44, 45, 46], ""sentence_transformer_model"": ""intfloat/multilingual-e5-small"", ""tfidf_lemmatize"": true, ""tfidf_max_df"": 0.9, ""tfidf_max_features"": 300, ""tfidf_min_df"": 3, ""tfidf_ngram_range"": [1, 2], ""tfidf_normalize_numbers"": true}",2026-09-09T10:39:33
E0_TFIDF,frozen,participant,01,no_augmentation,PHQ9,46,AdaBoost,5.661853,False,tfidf,defaults,"{""augmentation"": ""no_augmentation"", ""beto_model"": ""dccuchile/bert-base-spanish-wwm-cased"", ""chunk_stride"": 256, ""max_tokens"": 512, ""n_cv_splits"": 5, ""n_search_iter"": 0, ""seeds"": [42, 43, 44, 45, 46], ""sentence_transformer_model"": ""intfloat/multilingual-e5-small"", ""tfidf_lemmatize"": true, ""tfidf_max_df"": 0.9, ""tfidf_max_features"": 300, ""tfidf_min_df"": 3, ""tfidf_ngram_range"": [1, 2], ""tfidf_normalize_numbers"": true}",2026-09-09T10:39:33
E0_TFIDF,frozen,participant,01,no_augmentation,GAD7,46,Ridge,4.953532,False,tfidf,defaults,"{""augmentation"": ""no_augmentation"", ""beto_model"": ""dccuchile/bert-base-spanish-wwm-cased"", ""chunk_stride"": 256, ""max_tokens"": 512, ""n_cv_splits"": 5, ""n_search_iter"": 0, ""seeds"": [42, 43, 44, 45, 46], ""sentence_transformer_model"": ""intfloat/multilingual-e5-small"", ""tfidf_lemmatize"": true, ""tfidf_max_df"": 0.9, ""tfidf_max_features"": 300, ""tfidf_min_df"": 3, ""tfidf_ngram_range"": [1, 2], ""tfidf_normalize_numbers"": true}",2026-09-09T10:39:46
E0_TFIDF,frozen,participant,01,no_augmentation,GAD7,46,SVR,4.838326,False,tfidf,defaults,"{""augmentation"": ""no_augmentation"", ""beto_model"": ""dccuchile/bert-base-spanish-wwm-cased"", ""chunk_stride"": 256, ""max_tokens"": 512, ""n_cv_splits"": 5, ""n_search_iter"": 0, ""seeds"": [42, 43, 44, 45, 46], ""sentence_transformer_model"": ""intfloat/multilingual-e5-small"", ""tfidf_lemmatize"": true, ""tfidf_max_df"": 0.9, ""tfidf_max_features"": 300, ""tfidf_min_df"": 3, ""tfidf_ngram_range"": [1, 2], ""tfidf_normalize_numbers"": true}",2026-09-09T10:39:46
E0_TFIDF,frozen,participant,01,no_augmentation,GAD7,46,RandomForest,4.794129,True,tfidf,defaults,"{""augmentation"": ""no_augmentation"", ""beto_model"": ""dccuchile/bert-base-spanish-wwm-cased"", ""chunk_stride"": 256, ""max_tokens"": 512, ""n_cv_splits"": 5, ""n_search_iter"": 0, ""seeds"": [42, 43, 44, 45, 46], ""sentence_transformer_model"": ""intfloat/multilingual-e5-small"", ""tfidf_lemmatize"": true, ""tfidf_max_df"": 0.9, ""tfidf_max_features"": 300, ""tfidf_min_df"": 3, ""tfidf_ngram_range"": [1, 2], ""tfidf_normalize_numbers"": true}",2026-09-09T10:39:46
E0_TFIDF,frozen,participant,01,no_augmentation,GAD7,46,ExtraTrees,4.822762,False,tfidf,defaults,"{""augmentation"": ""no_augmentation"", ""beto_model"": ""dccuchile/bert-base-spanish-wwm-cased"", ""chunk_stride"": 256, ""max_tokens"": 512, ""n_cv_splits"": 5, ""n_search_iter"": 0, ""seeds"": [42, 43, 44, 45, 46], ""sentence_transformer_model"": ""intfloat/multilingual-e5-small"", ""tfidf_lemmatize"": true, ""tfidf_max_df"": 0.9, ""tfidf_max_features"": 300, ""tfidf_min_df"": 3, ""tfidf_ngram_range"": [1, 2], ""tfidf_normalize_numbers"": true}",2026-09-09T10:39:46
E0_TFIDF,frozen,participant,01,no_augmentation,GAD7,46,GradientBoosting,5.013369,False,tfidf,defaults,"{""augmentation"": ""no_augmentation"", ""beto_model"": ""dccuchile/bert-base-spanish-wwm-cased"", ""chunk_stride"": 256, ""max_tokens"": 512, ""n_cv_splits"": 5, ""n_search_iter"": 0, ""seeds"": [42, 43, 44, 45, 46], ""sentence_transformer_model"": ""intfloat/multilingual-e5-small"", ""tfidf_lemmatize"": true, ""tfidf_max_df"": 0.9, ""tfidf_max_features"": 300, ""tfidf_min_df"": 3, ""tfidf_ngram_range"": [1, 2], ""tfidf_normalize_numbers"": true}",2026-09-09T10:39:46
E0_TFIDF,frozen,participant,01,no_augmentation,GAD7,46,LightGBM,5.394472,False,tfidf,defaults,"{""augmentation"": ""no_augmentation"", ""beto_model"": ""dccuchile/bert-base-spanish-wwm-cased"", ""chunk_stride"": 256, ""max_tokens"": 512, ""n_cv_splits"": 5, ""n_search_iter"": 0, ""seeds"": [42, 43, 44, 45, 46], ""sentence_transformer_model"": ""intfloat/multilingual-e5-small"", ""tfidf_lemmatize"": true, ""tfidf_max_df"": 0.9, ""tfidf_max_features"": 300, ""tfidf_min_df"": 3, ""tfidf_ngram_range"": [1, 2], ""tfidf_normalize_numbers"": true}",2026-09-09T10:39:46
E0_TFIDF,frozen,participant,01,no_augmentation,GAD7,46,KNN,5.209854,False,tfidf,defaults,"{""augmentation"": ""no_augmentation"", ""beto_model"": ""dccuchile/bert-base-spanish-wwm-cased"", ""chunk_stride"": 256, ""max_tokens"": 512, ""n_cv_splits"": 5, ""n_search_iter"": 0, ""seeds"": [42, 43, 44, 45, 46], ""sentence_transformer_model"": ""intfloat/multilingual-e5-small"", ""tfidf_lemmatize"": true, ""tfidf_max_df"": 0.9, ""tfidf_max_features"": 300, ""tfidf_min_df"": 3, ""tfidf_ngram_range"": [1, 2], ""tfidf_normalize_numbers"": true}",2026-09-09T10:39:46
E0_TFIDF,frozen,participant,01,no_augmentation,GAD7,46,DecisionTree,6.053512,False,tfidf,defaults,"{""augmentation"": ""no_augmentation"", ""beto_model"": ""dccuchile/bert-base-spanish-wwm-cased"", ""chunk_stride"": 256, ""max_tokens"": 512, ""n_cv_splits"": 5, ""n_search_iter"": 0, ""seeds"": [42, 43, 44, 45, 46], ""sentence_transformer_model"": ""intfloat/multilingual-e5-small"", ""tfidf_lemmatize"": true, ""tfidf_max_df"": 0.9, ""tfidf_max_features"": 300, ""tfidf_min_df"": 3, ""tfidf_ngram_range"": [1, 2], ""tfidf_normalize_numbers"": true}",2026-09-09T10:39:46
E0_TFIDF,frozen,participant,01,no_augmentation,GAD7,46,AdaBoost,4.841306,False,tfidf,defaults,"{""augmentation"": ""no_augmentation"", ""beto_model"": ""dccuchile/bert-base-spanish-wwm-cased"", ""chunk_stride"": 256, ""max_tokens"": 512, ""n_cv_splits"": 5, ""n_search_iter"": 0, ""seeds"": [42, 43, 44, 45, 46], ""sentence_transformer_model"": ""intfloat/multilingual-e5-small"", ""tfidf_lemmatize"": true, ""tfidf_max_df"": 0.9, ""tfidf_max_features"": 300, ""tfidf_min_df"": 3, ""tfidf_ngram_range"": [1, 2], ""tfidf_normalize_numbers"": true}",2026-09-09T10:39:46
E0_TFIDF,frozen,participant,01,no_augmentation,PHQ9,42,Ridge,5.910262,False,tfidf,defaults,"{""augmentation"": ""no_augmentation"", ""beto_model"": ""dccuchile/bert-base-spanish-wwm-cased"", ""chunk_stride"": 256, ""max_tokens"": 512, ""n_cv_splits"": 5, ""n_search_iter"": 0, ""seeds"": [42, 43, 44, 45, 46], ""sentence_transformer_model"": ""intfloat/multilingual-e5-small"", ""tfidf_lemmatize"": true, ""tfidf_max_df"": 0.9, ""tfidf_max_features"": 300, ""tfidf_min_df"": 3, ""tfidf_ngram_range"": [1, 2], ""tfidf_normalize_numbers"": true}",2026-09-09T11:18:44
E0_TFIDF,frozen,participant,01,no_augmentation,PHQ9,42,SVR,5.82719,False,tfidf,defaults,"{""augmentation"": ""no_augmentation"", ""beto_model"": ""dccuchile/bert-base-spanish-wwm-cased"", ""chunk_stride"": 256, ""max_tokens"": 512, ""n_cv_splits"": 5, ""n_search_iter"": 0, ""seeds"": [42, 43, 44, 45, 46], ""sentence_transformer_model"": ""intfloat/multilingual-e5-small"", ""tfidf_lemmatize"": true, ""tfidf_max_df"": 0.9, ""tfidf_max_features"": 300, ""tfidf_min_df"": 3, ""tfidf_ngram_range"": [1, 2], ""tfidf_normalize_numbers"": true}",2026-09-09T11:18:44
E0_TFIDF,frozen,participant,01,no_augmentation,PHQ9,42,RandomForest,5.797495,True,tfidf,defaults,"{""augmentation"": ""no_augmentation"", ""beto_model"": ""dccuchile/bert-base-spanish-wwm-cased"", ""chunk_stride"": 256, ""max_tokens"": 512, ""n_cv_splits"": 5, ""n_search_iter"": 0, ""seeds"": [42, 43, 44, 45, 46], ""sentence_transformer_model"": ""intfloat/multilingual-e5-small"", ""tfidf_lemmatize"": true, ""tfidf_max_df"": 0.9, ""tfidf_max_features"": 300, ""tfidf_min_df"": 3, ""tfidf_ngram_range"": [1, 2], ""tfidf_normalize_numbers"": true}",2026-09-09T11:18:44
E0_TFIDF,frozen,participant,01,no_augmentation,PHQ9,42,ExtraTrees,5.813325,False,tfidf,defaults,"{""augmentation"": ""no_augmentation"", ""beto_model"": ""dccuchile/bert-base-spanish-wwm-cased"", ""chunk_stride"": 256, ""max_tokens"": 512, ""n_cv_splits"": 5, ""n_search_iter"": 0, ""seeds"": [42, 43, 44, 45, 46], ""sentence_transformer_model"": ""intfloat/multilingual-e5-small"", ""tfidf_lemmatize"": true, ""tfidf_max_df"": 0.9, ""tfidf_max_features"": 300, ""tfidf_min_df"": 3, ""tfidf_ngram_range"": [1, 2], ""tfidf_normalize_numbers"": true}",2026-09-09T11:18:44
E0_TFIDF,frozen,participant,01,no_augmentation,PHQ9,42,GradientBoosting,5.950287,False,tfidf,defaults,"{""augmentation"": ""no_augmentation"", ""beto_model"": ""dccuchile/bert-base-spanish-wwm-cased"", ""chunk_stride"": 256, ""max_tokens"": 512, ""n_cv_splits"": 5, ""n_search_iter"": 0, ""seeds"": [42, 43, 44, 45, 46], ""sentence_transformer_model"": ""intfloat/multilingual-e5-small"", ""tfidf_lemmatize"": true, ""tfidf_max_df"": 0.9, ""tfidf_max_features"": 300, ""tfidf_min_df"": 3, ""tfidf_ngram_range"": [1, 2], ""tfidf_normalize_numbers"": true}",2026-09-09T11:18:44
E0_TFIDF,frozen,participant,01,no_augmentation,PHQ9,42,LightGBM,5.87346,False,tfidf,defaults,"{""augmentation"": ""no_augmentation"", ""beto_model"": ""dccuchile/bert-base-spanish-wwm-cased"", ""chunk_stride"": 256, ""max_tokens"": 512, ""n_cv_splits"": 5, ""n_search_iter"": 0, ""seeds"": [42, 43, 44, 45, 46], ""sentence_transformer_model"": ""intfloat/multilingual-e5-small"", ""tfidf_lemmatize"": true, ""tfidf_max_df"": 0.9, ""tfidf_max_features"": 300, ""tfidf_min_df"": 3, ""tfidf_ngram_range"": [1, 2], ""tfidf_normalize_numbers"": true}",2026-09-09T11:18:44
E0_TFIDF,frozen,participant,01,no_augmentation,PHQ9,42,KNN,6.259617,False,tfidf,defaults,"{""augmentation"": ""no_augmentation"", ""beto_model"": ""dccuchile/bert-base-spanish-wwm-cased"", ""chunk_stride"": 256, ""max_tokens"": 512, ""n_cv_splits"": 5, ""n_search_iter"": 0, ""seeds"": [42, 43, 44, 45, 46], ""sentence_transformer_model"": ""intfloat/multilingual-e5-small"", ""tfidf_lemmatize"": true, ""tfidf_max_df"": 0.9, ""tfidf_max_features"": 300, ""tfidf_min_df"": 3, ""tfidf_ngram_range"": [1, 2], ""tfidf_normalize_numbers"": true}",2026-09-09T11:18:44
E0_TFIDF,frozen,participant,01,no_augmentation,PHQ9,42,DecisionTree,8.056819,False,tfidf,defaults,"{""augmentation"": ""no_augmentation"", ""beto_model"": ""dccuchile/bert-base-spanish-wwm-cased"", ""chunk_stride"": 256, ""max_tokens"": 512, ""n_cv_splits"": 5, ""n_search_iter"": 0, ""seeds"": [42, 43, 44, 45, 46], ""sentence_transformer_model"": ""intfloat/multilingual-e5-small"", ""tfidf_lemmatize"": true, ""tfidf_max_df"": 0.9, ""tfidf_max_features"": 300, ""tfidf_min_df"": 3, ""tfidf_ngram_range"": [1, 2], ""tfidf_normalize_numbers"": true}",2026-09-09T11:18:44
E0_TFIDF,frozen,participant,01,no_augmentation,PHQ9,42,AdaBoost,5.892496,False,tfidf,defaults,"{""augmentation"": ""no_augmentation"", ""beto_model"": ""dccuchile/bert-base-spanish-wwm-cased"", ""chunk_stride"": 256, ""max_tokens"": 512, ""n_cv_splits"": 5, ""n_search_iter"": 0, ""seeds"": [42, 43, 44, 45, 46], ""sentence_transformer_model"": ""intfloat/multilingual-e5-small"", ""tfidf_lemmatize"": true, ""tfidf_max_df"": 0.9, ""tfidf_max_features"": 300, ""tfidf_min_df"": 3, ""tfidf_ngram_range"": [1, 2], ""tfidf_normalize_numbers"": true}",2026-09-09T11:18:44
E0_TFIDF,frozen,participant,01,no_augmentation,GAD7,42,Ridge,4.943418,False,tfidf,defaults,"{""augmentation"": ""no_augmentation"", ""beto_model"": ""dccuchile/bert-base-spanish-wwm-cased"", ""chunk_stride"": 256, ""max_tokens"": 512, ""n_cv_splits"": 5, ""n_search_iter"": 0, ""seeds"": [42, 43, 44, 45, 46], ""sentence_transformer_model"": ""intfloat/multilingual-e5-small"", ""tfidf_lemmatize"": true, ""tfidf_max_df"": 0.9, ""tfidf_max_features"": 300, ""tfidf_min_df"": 3, ""tfidf_ngram_range"": [1, 2], ""tfidf_normalize_numbers"": true}",2026-09-09T11:18:56
E0_TFIDF,frozen,participant,01,no_augmentation,GAD7,42,SVR,4.839395,False,tfidf,defaults,"{""augmentation"": ""no_augmentation"", ""beto_model"": ""dccuchile/bert-base-spanish-wwm-cased"", ""chunk_stride"": 256, ""max_tokens"": 512, ""n_cv_splits"": 5, ""n_search_iter"": 0, ""seeds"": [42, 43, 44, 45, 46], ""sentence_transformer_model"": ""intfloat/multilingual-e5-small"", ""tfidf_lemmatize"": true, ""tfidf_max_df"": 0.9, ""tfidf_max_features"": 300, ""tfidf_min_df"": 3, ""tfidf_ngram_range"": [1, 2], ""tfidf_normalize_numbers"": true}",2026-09-09T11:18:56
E0_TFIDF,frozen,participant,01,no_augmentation,GAD7,42,RandomForest,4.766152,True,tfidf,defaults,"{""augmentation"": ""no_augmentation"", ""beto_model"": ""dccuchile/bert-base-spanish-wwm-cased"", ""chunk_stride"": 256, ""max_tokens"": 512, ""n_cv_splits"": 5, ""n_search_iter"": 0, ""seeds"": [42, 43, 44, 45, 46], ""sentence_transformer_model"": ""intfloat/multilingual-e5-small"", ""tfidf_lemmatize"": true, ""tfidf_max_df"": 0.9, ""tfidf_max_features"": 300, ""tfidf_min_df"": 3, ""tfidf_ngram_range"": [1, 2], ""tfidf_normalize_numbers"": true}",2026-09-09T11:18:56
E0_TFIDF,frozen,participant,01,no_augmentation,GAD7,42,ExtraTrees,4.803948,False,tfidf,defaults,"{""augmentation"": ""no_augmentation"", ""beto_model"": ""dccuchile/bert-base-spanish-wwm-cased"", ""chunk_stride"": 256, ""max_tokens"": 512, ""n_cv_splits"": 5, ""n_search_iter"": 0, ""seeds"": [42, 43, 44, 45, 46], ""sentence_transformer_model"": ""intfloat/multilingual-e5-small"", ""tfidf_lemmatize"": true, ""tfidf_max_df"": 0.9, ""tfidf_max_features"": 300, ""tfidf_min_df"": 3, ""tfidf_ngram_range"": [1, 2], ""tfidf_normalize_numbers"": true}",2026-09-09T11:18:56
E0_TFIDF,frozen,participant,01,no_augmentation,GAD7,42,GradientBoosting,5.0712,False,tfidf,defaults,"{""augmentation"": ""no_augmentation"", ""beto_model"": ""dccuchile/bert-base-spanish-wwm-cased"", ""chunk_stride"": 256, ""max_tokens"": 512, ""n_cv_splits"": 5, ""n_search_iter"": 0, ""seeds"": [42, 43, 44, 45, 46], ""sentence_transformer_model"": ""intfloat/multilingual-e5-small"", ""tfidf_lemmatize"": true, ""tfidf_max_df"": 0.9, ""tfidf_max_features"": 300, ""tfidf_min_df"": 3, ""tfidf_ngram_range"": [1, 2], ""tfidf_normalize_numbers"": true}",2026-09-09T11:18:56
E0_TFIDF,frozen,participant,01,no_augmentation,GAD7,42,LightGBM,5.196952,False,tfidf,defaults,"{""augmentation"": ""no_augmentation"", ""beto_model"": ""dccuchile/bert-base-spanish-wwm-cased"", ""chunk_stride"": 256, ""max_tokens"": 512, ""n_cv_splits"": 5, ""n_search_iter"": 0, ""seeds"": [42, 43, 44, 45, 46], ""sentence_transformer_model"": ""intfloat/multilingual-e5-small"", ""tfidf_lemmatize"": true, ""tfidf_max_df"": 0.9, ""tfidf_max_features"": 300, ""tfidf_min_df"": 3, ""tfidf_ngram_range"": [1, 2], ""tfidf_normalize_numbers"": true}",2026-09-09T11:18:56
E0_TFIDF,frozen,participant,01,no_augmentation,GAD7,42,KNN,5.082594,False,tfidf,defaults,"{""augmentation"": ""no_augmentation"", ""beto_model"": ""dccuchile/bert-base-spanish-wwm-cased"", ""chunk_stride"": 256, ""max_tokens"": 512, ""n_cv_splits"": 5, ""n_search_iter"": 0, ""seeds"": [42, 43, 44, 45, 46], ""sentence_transformer_model"": ""intfloat/multilingual-e5-small"", ""tfidf_lemmatize"": true, ""tfidf_max_df"": 0.9, ""tfidf_max_features"": 300, ""tfidf_min_df"": 3, ""tfidf_ngram_range"": [1, 2], ""tfidf_normalize_numbers"": true}",2026-09-09T11:18:56
E0_TFIDF,frozen,participant,01,no_augmentation,GAD7,42,DecisionTree,6.102372,False,tfidf,defaults,"{""augmentation"": ""no_augmentation"", ""beto_model"": ""dccuchile/bert-base-spanish-wwm-cased"", ""chunk_stride"": 256, ""max_tokens"": 512, ""n_cv_splits"": 5, ""n_search_iter"": 0, ""seeds"": [42, 43, 44, 45, 46], ""sentence_transformer_model"": ""intfloat/multilingual-e5-small"", ""tfidf_lemmatize"": true, ""tfidf_max_df"": 0.9, ""tfidf_max_features"": 300, ""tfidf_min_df"": 3, ""tfidf_ngram_range"": [1, 2], ""tfidf_normalize_numbers"": true}",2026-09-09T11:18:56
E0_TFIDF,frozen,participant,01,no_augmentation,GAD7,42,AdaBoost,5.002817,False,tfidf,defaults,"{""augmentation"": ""no_augmentation"", ""beto_model"": ""dccuchile/bert-base-spanish-wwm-cased"", ""chunk_stride"": 256, ""max_tokens"": 512, ""n_cv_splits"": 5, ""n_search_iter"": 0, ""seeds"": [42, 43, 44, 45, 46], ""sentence_transformer_model"": ""intfloat/multilingual-e5-small"", ""tfidf_lemmatize"": true, ""tfidf_max_df"": 0.9, ""tfidf_max_features"": 300, ""tfidf_min_df"": 3, ""tfidf_ngram_range"": [1, 2], ""tfidf_normalize_numbers"": true}",2026-09-09T11:18:56
E0_TFIDF,frozen,participant,01,no_augmentation,PHQ9,43,Ridge,5.749356,False,tfidf,defaults,"{""augmentation"": ""no_augmentation"", ""beto_model"": ""dccuchile/bert-base-spanish-wwm-cased"", ""chunk_stride"": 256, ""max_tokens"": 512, ""n_cv_splits"": 5, ""n_search_iter"": 0, ""seeds"": [42, 43, 44, 45, 46], ""sentence_transformer_model"": ""intfloat/multilingual-e5-small"", ""tfidf_lemmatize"": true, ""tfidf_max_df"": 0.9, ""tfidf_max_features"": 300, ""tfidf_min_df"": 3, ""tfidf_ngram_range"": [1, 2], ""tfidf_normalize_numbers"": true}",2026-09-09T11:19:09
E0_TFIDF,frozen,participant,01,no_augmentation,PHQ9,43,SVR,5.711458,False,tfidf,defaults,"{""augmentation"": ""no_augmentation"", ""beto_model"": ""dccuchile/bert-base-spanish-wwm-cased"", ""chunk_stride"": 256, ""max_tokens"": 512, ""n_cv_splits"": 5, ""n_search_iter"": 0, ""seeds"": [42, 43, 44, 45, 46], ""sentence_transformer_model"": ""intfloat/multilingual-e5-small"", ""tfidf_lemmatize"": true, ""tfidf_max_df"": 0.9, ""tfidf_max_features"": 300, ""tfidf_min_df"": 3, ""tfidf_ngram_range"": [1, 2], ""tfidf_normalize_numbers"": true}",2026-09-09T11:19:09
E0_TFIDF,frozen,participant,01,no_augmentation,PHQ9,43,RandomForest,5.754139,False,tfidf,defaults,"{""augmentation"": ""no_augmentation"", ""beto_model"": ""dccuchile/bert-base-spanish-wwm-cased"", ""chunk_stride"": 256, ""max_tokens"": 512, ""n_cv_splits"": 5, ""n_search_iter"": 0, ""seeds"": [42, 43, 44, 45, 46], ""sentence_transformer_model"": ""intfloat/multilingual-e5-small"", ""tfidf_lemmatize"": true, ""tfidf_max_df"": 0.9, ""tfidf_max_features"": 300, ""tfidf_min_df"": 3, ""tfidf_ngram_range"": [1, 2], ""tfidf_normalize_numbers"": true}",2026-09-09T11:19:09
E0_TFIDF,frozen,participant,01,no_augmentation,PHQ9,43,ExtraTrees,5.702882,False,tfidf,defaults,"{""augmentation"": ""no_augmentation"", ""beto_model"": ""dccuchile/bert-base-spanish-wwm-cased"", ""chunk_stride"": 256, ""max_tokens"": 512, ""n_cv_splits"": 5, ""n_search_iter"": 0, ""seeds"": [42, 43, 44, 45, 46], ""sentence_transformer_model"": ""intfloat/multilingual-e5-small"", ""tfidf_lemmatize"": true, ""tfidf_max_df"": 0.9, ""tfidf_max_features"": 300, ""tfidf_min_df"": 3, ""tfidf_ngram_range"": [1, 2], ""tfidf_normalize_numbers"": true}",2026-09-09T11:19:09
E0_TFIDF,frozen,participant,01,no_augmentation,PHQ9,43,GradientBoosting,5.925256,False,tfidf,defaults,"{""augmentation"": ""no_augmentation"", ""beto_model"": ""dccuchile/bert-base-spanish-wwm-cased"", ""chunk_stride"": 256, ""max_tokens"": 512, ""n_cv_splits"": 5, ""n_search_iter"": 0, ""seeds"": [42, 43, 44, 45, 46], ""sentence_transformer_model"": ""intfloat/multilingual-e5-small"", ""tfidf_lemmatize"": true, ""tfidf_max_df"": 0.9, ""tfidf_max_features"": 300, ""tfidf_min_df"": 3, ""tfidf_ngram_range"": [1, 2], ""tfidf_normalize_numbers"": true}",2026-09-09T11:19:09
E0_TFIDF,frozen,participant,01,no_augmentation,PHQ9,43,LightGBM,5.942099,False,tfidf,defaults,"{""augmentation"": ""no_augmentation"", ""beto_model"": ""dccuchile/bert-base-spanish-wwm-cased"", ""chunk_stride"": 256, ""max_tokens"": 512, ""n_cv_splits"": 5, ""n_search_iter"": 0, ""seeds"": [42, 43, 44, 45, 46], ""sentence_transformer_model"": ""intfloat/multilingual-e5-small"", ""tfidf_lemmatize"": true, ""tfidf_max_df"": 0.9, ""tfidf_max_features"": 300, ""tfidf_min_df"": 3, ""tfidf_ngram_range"": [1, 2], ""tfidf_normalize_numbers"": true}",2026-09-09T11:19:09
E0_TFIDF,frozen,participant,01,no_augmentation,PHQ9,43,KNN,6.009633,False,tfidf,defaults,"{""augmentation"": ""no_augmentation"", ""beto_model"": ""dccuchile/bert-base-spanish-wwm-cased"", ""chunk_stride"": 256, ""max_tokens"": 512, ""n_cv_splits"": 5, ""n_search_iter"": 0, ""seeds"": [42, 43, 44, 45, 46], ""sentence_transformer_model"": ""intfloat/multilingual-e5-small"", ""tfidf_lemmatize"": true, ""tfidf_max_df"": 0.9, ""tfidf_max_features"": 300, ""tfidf_min_df"": 3, ""tfidf_ngram_range"": [1, 2], ""tfidf_normalize_numbers"": true}",2026-09-09T11:19:09
E0_TFIDF,frozen,participant,01,no_augmentation,PHQ9,43,DecisionTree,7.946465,False,tfidf,defaults,"{""augmentation"": ""no_augmentation"", ""beto_model"": ""dccuchile/bert-base-spanish-wwm-cased"", ""chunk_stride"": 256, ""max_tokens"": 512, ""n_cv_splits"": 5, ""n_search_iter"": 0, ""seeds"": [42, 43, 44, 45, 46], ""sentence_transformer_model"": ""intfloat/multilingual-e5-small"", ""tfidf_lemmatize"": true, ""tfidf_max_df"": 0.9, ""tfidf_max_features"": 300, ""tfidf_min_df"": 3, ""tfidf_ngram_range"": [1, 2], ""tfidf_normalize_numbers"": true}",2026-09-09T11:19:09
E0_TFIDF,frozen,participant,01,no_augmentation,PHQ9,43,AdaBoost,5.597006,True,tfidf,defaults,"{""augmentation"": ""no_augmentation"", ""beto_model"": ""dccuchile/bert-base-spanish-wwm-cased"", ""chunk_stride"": 256, ""max_tokens"": 512, ""n_cv_splits"": 5, ""n_search_iter"": 0, ""seeds"": [42, 43, 44, 45, 46], ""sentence_transformer_model"": ""intfloat/multilingual-e5-small"", ""tfidf_lemmatize"": true, ""tfidf_max_df"": 0.9, ""tfidf_max_features"": 300, ""tfidf_min_df"": 3, ""tfidf_ngram_range"": [1, 2], ""tfidf_normalize_numbers"": true}",2026-09-09T11:19:09
E0_TFIDF,frozen,participant,01,no_augmentation,GAD7,43,Ridge,4.972228,False,tfidf,defaults,"{""augmentation"": ""no_augmentation"", ""beto_model"": ""dccuchile/bert-base-spanish-wwm-cased"", ""chunk_stride"": 256, ""max_tokens"": 512, ""n_cv_splits"": 5, ""n_search_iter"": 0, ""seeds"": [42, 43, 44, 45, 46], ""sentence_transformer_model"": ""intfloat/multilingual-e5-small"", ""tfidf_lemmatize"": true, ""tfidf_max_df"": 0.9, ""tfidf_max_features"": 300, ""tfidf_min_df"": 3, ""tfidf_ngram_range"": [1, 2], ""tfidf_normalize_numbers"": true}",2026-09-09T11:19:22
E0_TFIDF,frozen,participant,01,no_augmentation,GAD7,43,SVR,4.829969,False,tfidf,defaults,"{""augmentation"": ""no_augmentation"", ""beto_model"": ""dccuchile/bert-base-spanish-wwm-cased"", ""chunk_stride"": 256, ""max_tokens"": 512, ""n_cv_splits"": 5, ""n_search_iter"": 0, ""seeds"": [42, 43, 44, 45, 46], ""sentence_transformer_model"": ""intfloat/multilingual-e5-small"", ""tfidf_lemmatize"": true, ""tfidf_max_df"": 0.9, ""tfidf_max_features"": 300, ""tfidf_min_df"": 3, ""tfidf_ngram_range"": [1, 2], ""tfidf_normalize_numbers"": true}",2026-09-09T11:19:22
E0_TFIDF,frozen,participant,01,no_augmentation,GAD7,43,RandomForest,4.747668,True,tfidf,defaults,"{""augmentation"": ""no_augmentation"", ""beto_model"": ""dccuchile/bert-base-spanish-wwm-cased"", ""chunk_stride"": 256, ""max_tokens"": 512, ""n_cv_splits"": 5, ""n_search_iter"": 0, ""seeds"": [42, 43, 44, 45, 46], ""sentence_transformer_model"": ""intfloat/multilingual-e5-small"", ""tfidf_lemmatize"": true, ""tfidf_max_df"": 0.9, ""tfidf_max_features"": 300, ""tfidf_min_df"": 3, ""tfidf_ngram_range"": [1, 2], ""tfidf_normalize_numbers"": true}",2026-09-09T11:19:22
E0_TFIDF,frozen,participant,01,no_augmentation,GAD7,43,ExtraTrees,4.80362,False,tfidf,defaults,"{""augmentation"": ""no_augmentation"", ""beto_model"": ""dccuchile/bert-base-spanish-wwm-cased"", ""chunk_stride"": 256, ""max_tokens"": 512, ""n_cv_splits"": 5, ""n_search_iter"": 0, ""seeds"": [42, 43, 44, 45, 46], ""sentence_transformer_model"": ""intfloat/multilingual-e5-small"", ""tfidf_lemmatize"": true, ""tfidf_max_df"": 0.9, ""tfidf_max_features"": 300, ""tfidf_min_df"": 3, ""tfidf_ngram_range"": [1, 2], ""tfidf_normalize_numbers"": true}",2026-09-09T11:19:22
E0_TFIDF,frozen,participant,01,no_augmentation,GAD7,43,GradientBoosting,4.804755,False,tfidf,defaults,"{""augmentation"": ""no_augmentation"", ""beto_model"": ""dccuchile/bert-base-spanish-wwm-cased"", ""chunk_stride"": 256, ""max_tokens"": 512, ""n_cv_splits"": 5, ""n_search_iter"": 0, ""seeds"": [42, 43, 44, 45, 46], ""sentence_transformer_model"": ""intfloat/multilingual-e5-small"", ""tfidf_lemmatize"": true, ""tfidf_max_df"": 0.9, ""tfidf_max_features"": 300, ""tfidf_min_df"": 3, ""tfidf_ngram_range"": [1, 2], ""tfidf_normalize_numbers"": true}",2026-09-09T11:19:22
E0_TFIDF,frozen,participant,01,no_augmentation,GAD7,43,LightGBM,5.01036,False,tfidf,defaults,"{""augmentation"": ""no_augmentation"", ""beto_model"": ""dccuchile/bert-base-spanish-wwm-cased"", ""chunk_stride"": 256, ""max_tokens"": 512, ""n_cv_splits"": 5, ""n_search_iter"": 0, ""seeds"": [42, 43, 44, 45, 46], ""sentence_transformer_model"": ""intfloat/multilingual-e5-small"", ""tfidf_lemmatize"": true, ""tfidf_max_df"": 0.9, ""tfidf_max_features"": 300, ""tfidf_min_df"": 3, ""tfidf_ngram_range"": [1, 2], ""tfidf_normalize_numbers"": true}",2026-09-09T11:19:22
E0_TFIDF,frozen,participant,01,no_augmentation,GAD7,43,KNN,5.156843,False,tfidf,defaults,"{""augmentation"": ""no_augmentation"", ""beto_model"": ""dccuchile/bert-base-spanish-wwm-cased"", ""chunk_stride"": 256, ""max_tokens"": 512, ""n_cv_splits"": 5, ""n_search_iter"": 0, ""seeds"": [42, 43, 44, 45, 46], ""sentence_transformer_model"": ""intfloat/multilingual-e5-small"", ""tfidf_lemmatize"": true, ""tfidf_max_df"": 0.9, ""tfidf_max_features"": 300, ""tfidf_min_df"": 3, ""tfidf_ngram_range"": [1, 2], ""tfidf_normalize_numbers"": true}",2026-09-09T11:19:22
E0_TFIDF,frozen,participant,01,no_augmentation,GAD7,43,DecisionTree,6.448431,False,tfidf,defaults,"{""augmentation"": ""no_augmentation"", ""beto_model"": ""dccuchile/bert-base-spanish-wwm-cased"", ""chunk_stride"": 256, ""max_tokens"": 512, ""n_cv_splits"": 5, ""n_search_iter"": 0, ""seeds"": [42, 43, 44, 45, 46], ""sentence_transformer_model"": ""intfloat/multilingual-e5-small"", ""tfidf_lemmatize"": true, ""tfidf_max_df"": 0.9, ""tfidf_max_features"": 300, ""tfidf_min_df"": 3, ""tfidf_ngram_range"": [1, 2], ""tfidf_normalize_numbers"": true}",2026-09-09T11:19:22
E0_TFIDF,frozen,participant,01,no_augmentation,GAD7,43,AdaBoost,4.82281,False,tfidf,defaults,"{""augmentation"": ""no_augmentation"", ""beto_model"": ""dccuchile/bert-base-spanish-wwm-cased"", ""chunk_stride"": 256, ""max_tokens"": 512, ""n_cv_splits"": 5, ""n_search_iter"": 0, ""seeds"": [42, 43, 44, 45, 46], ""sentence_transformer_model"": ""intfloat/multilingual-e5-small"", ""tfidf_lemmatize"": true, ""tfidf_max_df"": 0.9, ""tfidf_max_features"": 300, ""tfidf_min_df"": 3, ""tfidf_ngram_range"": [1, 2], ""tfidf_normalize_numbers"": true}",2026-09-09T11:19:22
E0_TFIDF,frozen,participant,01,no_augmentation,PHQ9,44,Ridge,5.732842,False,tfidf,defaults,"{""augmentation"": ""no_augmentation"", ""beto_model"": ""dccuchile/bert-base-spanish-wwm-cased"", ""chunk_stride"": 256, ""max_tokens"": 512, ""n_cv_splits"": 5, ""n_search_iter"": 0, ""seeds"": [42, 43, 44, 45, 46], ""sentence_transformer_model"": ""intfloat/multilingual-e5-small"", ""tfidf_lemmatize"": true, ""tfidf_max_df"": 0.9, ""tfidf_max_features"": 300, ""tfidf_min_df"": 3, ""tfidf_ngram_range"": [1, 2], ""tfidf_normalize_numbers"": true}",2026-09-09T11:19:35
E0_TFIDF,frozen,participant,01,no_augmentation,PHQ9,44,SVR,5.697108,False,tfidf,defaults,"{""augmentation"": ""no_augmentation"", ""beto_model"": ""dccuchile/bert-base-spanish-wwm-cased"", ""chunk_stride"": 256, ""max_tokens"": 512, ""n_cv_splits"": 5, ""n_search_iter"": 0, ""seeds"": [42, 43, 44, 45, 46], ""sentence_transformer_model"": ""intfloat/multilingual-e5-small"", ""tfidf_lemmatize"": true, ""tfidf_max_df"": 0.9, ""tfidf_max_features"": 300, ""tfidf_min_df"": 3, ""tfidf_ngram_range"": [1, 2], ""tfidf_normalize_numbers"": true}",2026-09-09T11:19:35
E0_TFIDF,frozen,participant,01,no_augmentation,PHQ9,44,RandomForest,5.662453,False,tfidf,defaults,"{""augmentation"": ""no_augmentation"", ""beto_model"": ""dccuchile/bert-base-spanish-wwm-cased"", ""chunk_stride"": 256, ""max_tokens"": 512, ""n_cv_splits"": 5, ""n_search_iter"": 0, ""seeds"": [42, 43, 44, 45, 46], ""sentence_transformer_model"": ""intfloat/multilingual-e5-small"", ""tfidf_lemmatize"": true, ""tfidf_max_df"": 0.9, ""tfidf_max_features"": 300, ""tfidf_min_df"": 3, ""tfidf_ngram_range"": [1, 2], ""tfidf_normalize_numbers"": true}",2026-09-09T11:19:35
E0_TFIDF,frozen,participant,01,no_augmentation,PHQ9,44,ExtraTrees,5.665005,False,tfidf,defaults,"{""augmentation"": ""no_augmentation"", ""beto_model"": ""dccuchile/bert-base-spanish-wwm-cased"", ""chunk_stride"": 256, ""max_tokens"": 512, ""n_cv_splits"": 5, ""n_search_iter"": 0, ""seeds"": [42, 43, 44, 45, 46], ""sentence_transformer_model"": ""intfloat/multilingual-e5-small"", ""tfidf_lemmatize"": true, ""tfidf_max_df"": 0.9, ""tfidf_max_features"": 300, ""tfidf_min_df"": 3, ""tfidf_ngram_range"": [1, 2], ""tfidf_normalize_numbers"": true}",2026-09-09T11:19:35
E0_TFIDF,frozen,participant,01,no_augmentation,PHQ9,44,GradientBoosting,5.625081,False,tfidf,defaults,"{""augmentation"": ""no_augmentation"", ""beto_model"": ""dccuchile/bert-base-spanish-wwm-cased"", ""chunk_stride"": 256, ""max_tokens"": 512, ""n_cv_splits"": 5, ""n_search_iter"": 0, ""seeds"": [42, 43, 44, 45, 46], ""sentence_transformer_model"": ""intfloat/multilingual-e5-small"", ""tfidf_lemmatize"": true, ""tfidf_max_df"": 0.9, ""tfidf_max_features"": 300, ""tfidf_min_df"": 3, ""tfidf_ngram_range"": [1, 2], ""tfidf_normalize_numbers"": true}",2026-09-09T11:19:35
E0_TFIDF,frozen,participant,01,no_augmentation,PHQ9,44,LightGBM,5.834944,False,tfidf,defaults,"{""augmentation"": ""no_augmentation"", ""beto_model"": ""dccuchile/bert-base-spanish-wwm-cased"", ""chunk_stride"": 256, ""max_tokens"": 512, ""n_cv_splits"": 5, ""n_search_iter"": 0, ""seeds"": [42, 43, 44, 45, 46], ""sentence_transformer_model"": ""intfloat/multilingual-e5-small"", ""tfidf_lemmatize"": true, ""tfidf_max_df"": 0.9, ""tfidf_max_features"": 300, ""tfidf_min_df"": 3, ""tfidf_ngram_range"": [1, 2], ""tfidf_normalize_numbers"": true}",2026-09-09T11:19:35
E0_TFIDF,frozen,participant,01,no_augmentation,PHQ9,44,KNN,5.971482,False,tfidf,defaults,"{""augmentation"": ""no_augmentation"", ""beto_model"": ""dccuchile/bert-base-spanish-wwm-cased"", ""chunk_stride"": 256, ""max_tokens"": 512, ""n_cv_splits"": 5, ""n_search_iter"": 0, ""seeds"": [42, 43, 44, 45, 46], ""sentence_transformer_model"": ""intfloat/multilingual-e5-small"", ""tfidf_lemmatize"": true, ""tfidf_max_df"": 0.9, ""tfidf_max_features"": 300, ""tfidf_min_df"": 3, ""tfidf_ngram_range"": [1, 2], ""tfidf_normalize_numbers"": true}",2026-09-09T11:19:35
E0_TFIDF,frozen,participant,01,no_augmentation,PHQ9,44,DecisionTree,7.789974,False,tfidf,defaults,"{""augmentation"": ""no_augmentation"", ""beto_model"": ""dccuchile/bert-base-spanish-wwm-cased"", ""chunk_stride"": 256, ""max_tokens"": 512, ""n_cv_splits"": 5, ""n_search_iter"": 0, ""seeds"": [42, 43, 44, 45, 46], ""sentence_transformer_model"": ""intfloat/multilingual-e5-small"", ""tfidf_lemmatize"": true, ""tfidf_max_df"": 0.9, ""tfidf_max_features"": 300, ""tfidf_min_df"": 3, ""tfidf_ngram_range"": [1, 2], ""tfidf_normalize_numbers"": true}",2026-09-09T11:19:35
E0_TFIDF,frozen,participant,01,no_augmentation,PHQ9,44,AdaBoost,5.579666,True,tfidf,defaults,"{""augmentation"": ""no_augmentation"", ""beto_model"": ""dccuchile/bert-base-spanish-wwm-cased"", ""chunk_stride"": 256, ""max_tokens"": 512, ""n_cv_splits"": 5, ""n_search_iter"": 0, ""seeds"": [42, 43, 44, 45, 46], ""sentence_transformer_model"": ""intfloat/multilingual-e5-small"", ""tfidf_lemmatize"": true, ""tfidf_max_df"": 0.9, ""tfidf_max_features"": 300, ""tfidf_min_df"": 3, ""tfidf_ngram_range"": [1, 2], ""tfidf_normalize_numbers"": true}",2026-09-09T11:19:35
E0_TFIDF,frozen,participant,01,no_augmentation,GAD7,44,Ridge,4.943945,False,tfidf,defaults,"{""augmentation"": ""no_augmentation"", ""beto_model"": ""dccuchile/bert-base-spanish-wwm-cased"", ""chunk_stride"": 256, ""max_tokens"": 512, ""n_cv_splits"": 5, ""n_search_iter"": 0, ""seeds"": [42, 43, 44, 45, 46], ""sentence_transformer_model"": ""intfloat/multilingual-e5-small"", ""tfidf_lemmatize"": true, ""tfidf_max_df"": 0.9, ""tfidf_max_features"": 300, ""tfidf_min_df"": 3, ""tfidf_ngram_range"": [1, 2], ""tfidf_normalize_numbers"": true}",2026-09-09T11:19:47
E0_TFIDF,frozen,participant,01,no_augmentation,GAD7,44,SVR,4.849524,False,tfidf,defaults,"{""augmentation"": ""no_augmentation"", ""beto_model"": ""dccuchile/bert-base-spanish-wwm-cased"", ""chunk_stride"": 256, ""max_tokens"": 512, ""n_cv_splits"": 5, ""n_search_iter"": 0, ""seeds"": [42, 43, 44, 45, 46], ""sentence_transformer_model"": ""intfloat/multilingual-e5-small"", ""tfidf_lemmatize"": true, ""tfidf_max_df"": 0.9, ""tfidf_max_features"": 300, ""tfidf_min_df"": 3, ""tfidf_ngram_range"": [1, 2], ""tfidf_normalize_numbers"": true}",2026-09-09T11:19:47
E0_TFIDF,frozen,participant,01,no_augmentation,GAD7,44,RandomForest,4.742291,True,tfidf,defaults,"{""augmentation"": ""no_augmentation"", ""beto_model"": ""dccuchile/bert-base-spanish-wwm-cased"", ""chunk_stride"": 256, ""max_tokens"": 512, ""n_cv_splits"": 5, ""n_search_iter"": 0, ""seeds"": [42, 43, 44, 45, 46], ""sentence_transformer_model"": ""intfloat/multilingual-e5-small"", ""tfidf_lemmatize"": true, ""tfidf_max_df"": 0.9, ""tfidf_max_features"": 300, ""tfidf_min_df"": 3, ""tfidf_ngram_range"": [1, 2], ""tfidf_normalize_numbers"": true}",2026-09-09T11:19:47
E0_TFIDF,frozen,participant,01,no_augmentation,GAD7,44,ExtraTrees,4.80311,False,tfidf,defaults,"{""augmentation"": ""no_augmentation"", ""beto_model"": ""dccuchile/bert-base-spanish-wwm-cased"", ""chunk_stride"": 256, ""max_tokens"": 512, ""n_cv_splits"": 5, ""n_search_iter"": 0, ""seeds"": [42, 43, 44, 45, 46], ""sentence_transformer_model"": ""intfloat/multilingual-e5-small"", ""tfidf_lemmatize"": true, ""tfidf_max_df"": 0.9, ""tfidf_max_features"": 300, ""tfidf_min_df"": 3, ""tfidf_ngram_range"": [1, 2], ""tfidf_normalize_numbers"": true}",2026-09-09T11:19:47
E0_TFIDF,frozen,participant,01,no_augmentation,GAD7,44,GradientBoosting,4.834256,False,tfidf,defaults,"{""augmentation"": ""no_augmentation"", ""beto_model"": ""dccuchile/bert-base-spanish-wwm-cased"", ""chunk_stride"": 256, ""max_tokens"": 512, ""n_cv_splits"": 5, ""n_search_iter"": 0, ""seeds"": [42, 43, 44, 45, 46], ""sentence_transformer_model"": ""intfloat/multilingual-e5-small"", ""tfidf_lemmatize"": true, ""tfidf_max_df"": 0.9, ""tfidf_max_features"": 300, ""tfidf_min_df"": 3, ""tfidf_ngram_range"": [1, 2], ""tfidf_normalize_numbers"": true}",2026-09-09T11:19:47
E0_TFIDF,frozen,participant,01,no_augmentation,GAD7,44,LightGBM,5.096624,False,tfidf,defaults,"{""augmentation"": ""no_augmentation"", ""beto_model"": ""dccuchile/bert-base-spanish-wwm-cased"", ""chunk_stride"": 256, ""max_tokens"": 512, ""n_cv_splits"": 5, ""n_search_iter"": 0, ""seeds"": [42, 43, 44, 45, 46], ""sentence_transformer_model"": ""intfloat/multilingual-e5-small"", ""tfidf_lemmatize"": true, ""tfidf_max_df"": 0.9, ""tfidf_max_features"": 300, ""tfidf_min_df"": 3, ""tfidf_ngram_range"": [1, 2], ""tfidf_normalize_numbers"": true}",2026-09-09T11:19:47
E0_TFIDF,frozen,participant,01,no_augmentation,GAD7,44,KNN,5.141261,False,tfidf,defaults,"{""augmentation"": ""no_augmentation"", ""beto_model"": ""dccuchile/bert-base-spanish-wwm-cased"", ""chunk_stride"": 256, ""max_tokens"": 512, ""n_cv_splits"": 5, ""n_search_iter"": 0, ""seeds"": [42, 43, 44, 45, 46], ""sentence_transformer_model"": ""intfloat/multilingual-e5-small"", ""tfidf_lemmatize"": true, ""tfidf_max_df"": 0.9, ""tfidf_max_features"": 300, ""tfidf_min_df"": 3, ""tfidf_ngram_range"": [1, 2], ""tfidf_normalize_numbers"": true}",2026-09-09T11:19:47
E0_TFIDF,frozen,participant,01,no_augmentation,GAD7,44,DecisionTree,5.932645,False,tfidf,defaults,"{""augmentation"": ""no_augmentation"", ""beto_model"": ""dccuchile/bert-base-spanish-wwm-cased"", ""chunk_stride"": 256, ""max_tokens"": 512, ""n_cv_splits"": 5, ""n_search_iter"": 0, ""seeds"": [42, 43, 44, 45, 46], ""sentence_transformer_model"": ""intfloat/multilingual-e5-small"", ""tfidf_lemmatize"": true, ""tfidf_max_df"": 0.9, ""tfidf_max_features"": 300, ""tfidf_min_df"": 3, ""tfidf_ngram_range"": [1, 2], ""tfidf_normalize_numbers"": true}",2026-09-09T11:19:47
E0_TFIDF,frozen,participant,01,no_augmentation,GAD7,44,AdaBoost,4.919351,False,tfidf,defaults,"{""augmentation"": ""no_augmentation"", ""beto_model"": ""dccuchile/bert-base-spanish-wwm-cased"", ""chunk_stride"": 256, ""max_tokens"": 512, ""n_cv_splits"": 5, ""n_search_iter"": 0, ""seeds"": [42, 43, 44, 45, 46], ""sentence_transformer_model"": ""intfloat/multilingual-e5-small"", ""tfidf_lemmatize"": true, ""tfidf_max_df"": 0.9, ""tfidf_max_features"": 300, ""tfidf_min_df"": 3, ""tfidf_ngram_range"": [1, 2], ""tfidf_normalize_numbers"": true}",2026-09-09T11:19:47
E0_TFIDF,frozen,participant,01,no_augmentation,PHQ9,45,Ridge,5.770239,False,tfidf,defaults,"{""augmentation"": ""no_augmentation"", ""beto_model"": ""dccuchile/bert-base-spanish-wwm-cased"", ""chunk_stride"": 256, ""max_tokens"": 512, ""n_cv_splits"": 5, ""n_search_iter"": 0, ""seeds"": [42, 43, 44, 45, 46], ""sentence_transformer_model"": ""intfloat/multilingual-e5-small"", ""tfidf_lemmatize"": true, ""tfidf_max_df"": 0.9, ""tfidf_max_features"": 300, ""tfidf_min_df"": 3, ""tfidf_ngram_range"": [1, 2], ""tfidf_normalize_numbers"": true}",2026-09-09T11:20:00
E0_TFIDF,frozen,participant,01,no_augmentation,PHQ9,45,SVR,5.78657,False,tfidf,defaults,"{""augmentation"": ""no_augmentation"", ""beto_model"": ""dccuchile/bert-base-spanish-wwm-cased"", ""chunk_stride"": 256, ""max_tokens"": 512, ""n_cv_splits"": 5, ""n_search_iter"": 0, ""seeds"": [42, 43, 44, 45, 46], ""sentence_transformer_model"": ""intfloat/multilingual-e5-small"", ""tfidf_lemmatize"": true, ""tfidf_max_df"": 0.9, ""tfidf_max_features"": 300, ""tfidf_min_df"": 3, ""tfidf_ngram_range"": [1, 2], ""tfidf_normalize_numbers"": true}",2026-09-09T11:20:00
E0_TFIDF,frozen,participant,01,no_augmentation,PHQ9,45,RandomForest,5.67775,False,tfidf,defaults,"{""augmentation"": ""no_augmentation"", ""beto_model"": ""dccuchile/bert-base-spanish-wwm-cased"", ""chunk_stride"": 256, ""max_tokens"": 512, ""n_cv_splits"": 5, ""n_search_iter"": 0, ""seeds"": [42, 43, 44, 45, 46], ""sentence_transformer_model"": ""intfloat/multilingual-e5-small"", ""tfidf_lemmatize"": true, ""tfidf_max_df"": 0.9, ""tfidf_max_features"": 300, ""tfidf_min_df"": 3, ""tfidf_ngram_range"": [1, 2], ""tfidf_normalize_numbers"": true}",2026-09-09T11:20:00
E0_TFIDF,frozen,participant,01,no_augmentation,PHQ9,45,ExtraTrees,5.655687,False,tfidf,defaults,"{""augmentation"": ""no_augmentation"", ""beto_model"": ""dccuchile/bert-base-spanish-wwm-cased"", ""chunk_stride"": 256, ""max_tokens"": 512, ""n_cv_splits"": 5, ""n_search_iter"": 0, ""seeds"": [42, 43, 44, 45, 46], ""sentence_transformer_model"": ""intfloat/multilingual-e5-small"", ""tfidf_lemmatize"": true, ""tfidf_max_df"": 0.9, ""tfidf_max_features"": 300, ""tfidf_min_df"": 3, ""tfidf_ngram_range"": [1, 2], ""tfidf_normalize_numbers"": true}",2026-09-09T11:20:00
E0_TFIDF,frozen,participant,01,no_augmentation,PHQ9,45,GradientBoosting,5.632468,False,tfidf,defaults,"{""augmentation"": ""no_augmentation"", ""beto_model"": ""dccuchile/bert-base-spanish-wwm-cased"", ""chunk_stride"": 256, ""max_tokens"": 512, ""n_cv_splits"": 5, ""n_search_iter"": 0, ""seeds"": [42, 43, 44, 45, 46], ""sentence_transformer_model"": ""intfloat/multilingual-e5-small"", ""tfidf_lemmatize"": true, ""tfidf_max_df"": 0.9, ""tfidf_max_features"": 300, ""tfidf_min_df"": 3, ""tfidf_ngram_range"": [1, 2], ""tfidf_normalize_numbers"": true}",2026-09-09T11:20:00
E0_TFIDF,frozen,participant,01,no_augmentation,PHQ9,45,LightGBM,6.054701,False,tfidf,defaults,"{""augmentation"": ""no_augmentation"", ""beto_model"": ""dccuchile/bert-base-spanish-wwm-cased"", ""chunk_stride"": 256, ""max_tokens"": 512, ""n_cv_splits"": 5, ""n_search_iter"": 0, ""seeds"": [42, 43, 44, 45, 46], ""sentence_transformer_model"": ""intfloat/multilingual-e5-small"", ""tfidf_lemmatize"": true, ""tfidf_max_df"": 0.9, ""tfidf_max_features"": 300, ""tfidf_min_df"": 3, ""tfidf_ngram_range"": [1, 2], ""tfidf_normalize_numbers"": true}",2026-09-09T11:20:00
E0_TFIDF,frozen,participant,01,no_augmentation,PHQ9,45,KNN,6.165998,False,tfidf,defaults,"{""augmentation"": ""no_augmentation"", ""beto_model"": ""dccuchile/bert-base-spanish-wwm-cased"", ""chunk_stride"": 256, ""max_tokens"": 512, ""n_cv_splits"": 5, ""n_search_iter"": 0, ""seeds"": [42, 43, 44, 45, 46], ""sentence_transformer_model"": ""intfloat/multilingual-e5-small"", ""tfidf_lemmatize"": true, ""tfidf_max_df"": 0.9, ""tfidf_max_features"": 300, ""tfidf_min_df"": 3, ""tfidf_ngram_range"": [1, 2], ""tfidf_normalize_numbers"": true}",2026-09-09T11:20:00
E0_TFIDF,frozen,participant,01,no_augmentation,PHQ9,45,DecisionTree,7.298937,False,tfidf,defaults,"{""augmentation"": ""no_augmentation"", ""beto_model"": ""dccuchile/bert-base-spanish-wwm-cased"", ""chunk_stride"": 256, ""max_tokens"": 512, ""n_cv_splits"": 5, ""n_search_iter"": 0, ""seeds"": [42, 43, 44, 45, 46], ""sentence_transformer_model"": ""intfloat/multilingual-e5-small"", ""tfidf_lemmatize"": true, ""tfidf_max_df"": 0.9, ""tfidf_max_features"": 300, ""tfidf_min_df"": 3, ""tfidf_ngram_range"": [1, 2], ""tfidf_normalize_numbers"": true}",2026-09-09T11:20:00
E0_TFIDF,frozen,participant,01,no_augmentation,PHQ9,45,AdaBoost,5.567352,True,tfidf,defaults,"{""augmentation"": ""no_augmentation"", ""beto_model"": ""dccuchile/bert-base-spanish-wwm-cased"", ""chunk_stride"": 256, ""max_tokens"": 512, ""n_cv_splits"": 5, ""n_search_iter"": 0, ""seeds"": [42, 43, 44, 45, 46], ""sentence_transformer_model"": ""intfloat/multilingual-e5-small"", ""tfidf_lemmatize"": true, ""tfidf_max_df"": 0.9, ""tfidf_max_features"": 300, ""tfidf_min_df"": 3, ""tfidf_ngram_range"": [1, 2], ""tfidf_normalize_numbers"": true}",2026-09-09T11:20:00
E0_TFIDF,frozen,participant,01,no_augmentation,GAD7,45,Ridge,4.942225,False,tfidf,defaults,"{""augmentation"": ""no_augmentation"", ""beto_model"": ""dccuchile/bert-base-spanish-wwm-cased"", ""chunk_stride"": 256, ""max_tokens"": 512, ""n_cv_splits"": 5, ""n_search_iter"": 0, ""seeds"": [42, 43, 44, 45, 46], ""sentence_transformer_model"": ""intfloat/multilingual-e5-small"", ""tfidf_lemmatize"": true, ""tfidf_max_df"": 0.9, ""tfidf_max_features"": 300, ""tfidf_min_df"": 3, ""tfidf_ngram_range"": [1, 2], ""tfidf_normalize_numbers"": true}",2026-09-09T11:20:13
E0_TFIDF,frozen,participant,01,no_augmentation,GAD7,45,SVR,4.882913,False,tfidf,defaults,"{""augmentation"": ""no_augmentation"", ""beto_model"": ""dccuchile/bert-base-spanish-wwm-cased"", ""chunk_stride"": 256, ""max_tokens"": 512, ""n_cv_splits"": 5, ""n_search_iter"": 0, ""seeds"": [42, 43, 44, 45, 46], ""sentence_transformer_model"": ""intfloat/multilingual-e5-small"", ""tfidf_lemmatize"": true, ""tfidf_max_df"": 0.9, ""tfidf_max_features"": 300, ""tfidf_min_df"": 3, ""tfidf_ngram_range"": [1, 2], ""tfidf_normalize_numbers"": true}",2026-09-09T11:20:13
E0_TFIDF,frozen,participant,01,no_augmentation,GAD7,45,RandomForest,4.788907,False,tfidf,defaults,"{""augmentation"": ""no_augmentation"", ""beto_model"": ""dccuchile/bert-base-spanish-wwm-cased"", ""chunk_stride"": 256, ""max_tokens"": 512, ""n_cv_splits"": 5, ""n_search_iter"": 0, ""seeds"": [42, 43, 44, 45, 46], ""sentence_transformer_model"": ""intfloat/multilingual-e5-small"", ""tfidf_lemmatize"": true, ""tfidf_max_df"": 0.9, ""tfidf_max_features"": 300, ""tfidf_min_df"": 3, ""tfidf_ngram_range"": [1, 2], ""tfidf_normalize_numbers"": true}",2026-09-09T11:20:13
E0_TFIDF,frozen,participant,01,no_augmentation,GAD7,45,ExtraTrees,4.871125,False,tfidf,defaults,"{""augmentation"": ""no_augmentation"", ""beto_model"": ""dccuchile/bert-base-spanish-wwm-cased"", ""chunk_stride"": 256, ""max_tokens"": 512, ""n_cv_splits"": 5, ""n_search_iter"": 0, ""seeds"": [42, 43, 44, 45, 46], ""sentence_transformer_model"": ""intfloat/multilingual-e5-small"", ""tfidf_lemmatize"": true, ""tfidf_max_df"": 0.9, ""tfidf_max_features"": 300, ""tfidf_min_df"": 3, ""tfidf_ngram_range"": [1, 2], ""tfidf_normalize_numbers"": true}",2026-09-09T11:20:13
E0_TFIDF,frozen,participant,01,no_augmentation,GAD7,45,GradientBoosting,4.903361,False,tfidf,defaults,"{""augmentation"": ""no_augmentation"", ""beto_model"": ""dccuchile/bert-base-spanish-wwm-cased"", ""chunk_stride"": 256, ""max_tokens"": 512, ""n_cv_splits"": 5, ""n_search_iter"": 0, ""seeds"": [42, 43, 44, 45, 46], ""sentence_transformer_model"": ""intfloat/multilingual-e5-small"", ""tfidf_lemmatize"": true, ""tfidf_max_df"": 0.9, ""tfidf_max_features"": 300, ""tfidf_min_df"": 3, ""tfidf_ngram_range"": [1, 2], ""tfidf_normalize_numbers"": true}",2026-09-09T11:20:13
E0_TFIDF,frozen,participant,01,no_augmentation,GAD7,45,LightGBM,4.973378,False,tfidf,defaults,"{""augmentation"": ""no_augmentation"", ""beto_model"": ""dccuchile/bert-base-spanish-wwm-cased"", ""chunk_stride"": 256, ""max_tokens"": 512, ""n_cv_splits"": 5, ""n_search_iter"": 0, ""seeds"": [42, 43, 44, 45, 46], ""sentence_transformer_model"": ""intfloat/multilingual-e5-small"", ""tfidf_lemmatize"": true, ""tfidf_max_df"": 0.9, ""tfidf_max_features"": 300, ""tfidf_min_df"": 3, ""tfidf_ngram_range"": [1, 2], ""tfidf_normalize_numbers"": true}",2026-09-09T11:20:13
E0_TFIDF,frozen,participant,01,no_augmentation,GAD7,45,KNN,5.184821,False,tfidf,defaults,"{""augmentation"": ""no_augmentation"", ""beto_model"": ""dccuchile/bert-base-spanish-wwm-cased"", ""chunk_stride"": 256, ""max_tokens"": 512, ""n_cv_splits"": 5, ""n_search_iter"": 0, ""seeds"": [42, 43, 44, 45, 46], ""sentence_transformer_model"": ""intfloat/multilingual-e5-small"", ""tfidf_lemmatize"": true, ""tfidf_max_df"": 0.9, ""tfidf_max_features"": 300, ""tfidf_min_df"": 3, ""tfidf_ngram_range"": [1, 2], ""tfidf_normalize_numbers"": true}",2026-09-09T11:20:13
E0_TFIDF,frozen,participant,01,no_augmentation,GAD7,45,DecisionTree,5.704454,False,tfidf,defaults,"{""augmentation"": ""no_augmentation"", ""beto_model"": ""dccuchile/bert-base-spanish-wwm-cased"", ""chunk_stride"": 256, ""max_tokens"": 512, ""n_cv_splits"": 5, ""n_search_iter"": 0, ""seeds"": [42, 43, 44, 45, 46], ""sentence_transformer_model"": ""intfloat/multilingual-e5-small"", ""tfidf_lemmatize"": true, ""tfidf_max_df"": 0.9, ""tfidf_max_features"": 300, ""tfidf_min_df"": 3, ""tfidf_ngram_range"": [1, 2], ""tfidf_normalize_numbers"": true}",2026-09-09T11:20:13
E0_TFIDF,frozen,participant,01,no_augmentation,GAD7,45,AdaBoost,4.785058,True,tfidf,defaults,"{""augmentation"": ""no_augmentation"", ""beto_model"": ""dccuchile/bert-base-spanish-wwm-cased"", ""chunk_stride"": 256, ""max_tokens"": 512, ""n_cv_splits"": 5, ""n_search_iter"": 0, ""seeds"": [42, 43, 44, 45, 46], ""sentence_transformer_model"": ""intfloat/multilingual-e5-small"", ""tfidf_lemmatize"": true, ""tfidf_max_df"": 0.9, ""tfidf_max_features"": 300, ""tfidf_min_df"": 3, ""tfidf_ngram_range"": [1, 2], ""tfidf_normalize_numbers"": true}",2026-09-09T11:20:13
E0_TFIDF,frozen,participant,01,no_augmentation,PHQ9,46,Ridge,5.668793,False,tfidf,defaults,"{""augmentation"": ""no_augmentation"", ""beto_model"": ""dccuchile/bert-base-spanish-wwm-cased"", ""chunk_stride"": 256, ""max_tokens"": 512, ""n_cv_splits"": 5, ""n_search_iter"": 0, ""seeds"": [42, 43, 44, 45, 46], ""sentence_transformer_model"": ""intfloat/multilingual-e5-small"", ""tfidf_lemmatize"": true, ""tfidf_max_df"": 0.9, ""tfidf_max_features"": 300, ""tfidf_min_df"": 3, ""tfidf_ngram_range"": [1, 2], ""tfidf_normalize_numbers"": true}",2026-09-09T11:20:26
E0_TFIDF,frozen,participant,01,no_augmentation,PHQ9,46,SVR,5.648735,False,tfidf,defaults,"{""augmentation"": ""no_augmentation"", ""beto_model"": ""dccuchile/bert-base-spanish-wwm-cased"", ""chunk_stride"": 256, ""max_tokens"": 512, ""n_cv_splits"": 5, ""n_search_iter"": 0, ""seeds"": [42, 43, 44, 45, 46], ""sentence_transformer_model"": ""intfloat/multilingual-e5-small"", ""tfidf_lemmatize"": true, ""tfidf_max_df"": 0.9, ""tfidf_max_features"": 300, ""tfidf_min_df"": 3, ""tfidf_ngram_range"": [1, 2], ""tfidf_normalize_numbers"": true}",2026-09-09T11:20:26
E0_TFIDF,frozen,participant,01,no_augmentation,PHQ9,46,RandomForest,5.603781,True,tfidf,defaults,"{""augmentation"": ""no_augmentation"", ""beto_model"": ""dccuchile/bert-base-spanish-wwm-cased"", ""chunk_stride"": 256, ""max_tokens"": 512, ""n_cv_splits"": 5, ""n_search_iter"": 0, ""seeds"": [42, 43, 44, 45, 46], ""sentence_transformer_model"": ""intfloat/multilingual-e5-small"", ""tfidf_lemmatize"": true, ""tfidf_max_df"": 0.9, ""tfidf_max_features"": 300, ""tfidf_min_df"": 3, ""tfidf_ngram_range"": [1, 2], ""tfidf_normalize_numbers"": true}",2026-09-09T11:20:26
E0_TFIDF,frozen,participant,01,no_augmentation,PHQ9,46,ExtraTrees,5.646212,False,tfidf,defaults,"{""augmentation"": ""no_augmentation"", ""beto_model"": ""dccuchile/bert-base-spanish-wwm-cased"", ""chunk_stride"": 256, ""max_tokens"": 512, ""n_cv_splits"": 5, ""n_search_iter"": 0, ""seeds"": [42, 43, 44, 45, 46], ""sentence_transformer_model"": ""intfloat/multilingual-e5-small"", ""tfidf_lemmatize"": true, ""tfidf_max_df"": 0.9, ""tfidf_max_features"": 300, ""tfidf_min_df"": 3, ""tfidf_ngram_range"": [1, 2], ""tfidf_normalize_numbers"": true}",2026-09-09T11:20:26
E0_TFIDF,frozen,participant,01,no_augmentation,PHQ9,46,GradientBoosting,5.679718,False,tfidf,defaults,"{""augmentation"": ""no_augmentation"", ""beto_model"": ""dccuchile/bert-base-spanish-wwm-cased"", ""chunk_stride"": 256, ""max_tokens"": 512, ""n_cv_splits"": 5, ""n_search_iter"": 0, ""seeds"": [42, 43, 44, 45, 46], ""sentence_transformer_model"": ""intfloat/multilingual-e5-small"", ""tfidf_lemmatize"": true, ""tfidf_max_df"": 0.9, ""tfidf_max_features"": 300, ""tfidf_min_df"": 3, ""tfidf_ngram_range"": [1, 2], ""tfidf_normalize_numbers"": true}",2026-09-09T11:20:26
E0_TFIDF,frozen,participant,01,no_augmentation,PHQ9,46,LightGBM,6.192441,False,tfidf,defaults,"{""augmentation"": ""no_augmentation"", ""beto_model"": ""dccuchile/bert-base-spanish-wwm-cased"", ""chunk_stride"": 256, ""max_tokens"": 512, ""n_cv_splits"": 5, ""n_search_iter"": 0, ""seeds"": [42, 43, 44, 45, 46], ""sentence_transformer_model"": ""intfloat/multilingual-e5-small"", ""tfidf_lemmatize"": true, ""tfidf_max_df"": 0.9, ""tfidf_max_features"": 300, ""tfidf_min_df"": 3, ""tfidf_ngram_range"": [1, 2], ""tfidf_normalize_numbers"": true}",2026-09-09T11:20:26
E0_TFIDF,frozen,participant,01,no_augmentation,PHQ9,46,KNN,6.007139,False,tfidf,defaults,"{""augmentation"": ""no_augmentation"", ""beto_model"": ""dccuchile/bert-base-spanish-wwm-cased"", ""chunk_stride"": 256, ""max_tokens"": 512, ""n_cv_splits"": 5, ""n_search_iter"": 0, ""seeds"": [42, 43, 44, 45, 46], ""sentence_transformer_model"": ""intfloat/multilingual-e5-small"", ""tfidf_lemmatize"": true, ""tfidf_max_df"": 0.9, ""tfidf_max_features"": 300, ""tfidf_min_df"": 3, ""tfidf_ngram_range"": [1, 2], ""tfidf_normalize_numbers"": true}",2026-09-09T11:20:26
E0_TFIDF,frozen,participant,01,no_augmentation,PHQ9,46,DecisionTree,7.715295,False,tfidf,defaults,"{""augmentation"": ""no_augmentation"", ""beto_model"": ""dccuchile/bert-base-spanish-wwm-cased"", ""chunk_stride"": 256, ""max_tokens"": 512, ""n_cv_splits"": 5, ""n_search_iter"": 0, ""seeds"": [42, 43, 44, 45, 46], ""sentence_transformer_model"": ""intfloat/multilingual-e5-small"", ""tfidf_lemmatize"": true, ""tfidf_max_df"": 0.9, ""tfidf_max_features"": 300, ""tfidf_min_df"": 3, ""tfidf_ngram_range"": [1, 2], ""tfidf_normalize_numbers"": true}",2026-09-09T11:20:26
E0_TFIDF,frozen,participant,01,no_augmentation,PHQ9,46,AdaBoost,5.661853,False,tfidf,defaults,"{""augmentation"": ""no_augmentation"", ""beto_model"": ""dccuchile/bert-base-spanish-wwm-cased"", ""chunk_stride"": 256, ""max_tokens"": 512, ""n_cv_splits"": 5, ""n_search_iter"": 0, ""seeds"": [42, 43, 44, 45, 46], ""sentence_transformer_model"": ""intfloat/multilingual-e5-small"", ""tfidf_lemmatize"": true, ""tfidf_max_df"": 0.9, ""tfidf_max_features"": 300, ""tfidf_min_df"": 3, ""tfidf_ngram_range"": [1, 2], ""tfidf_normalize_numbers"": true}",2026-09-09T11:20:26
E0_TFIDF,frozen,participant,01,no_augmentation,GAD7,46,Ridge,4.953532,False,tfidf,defaults,"{""augmentation"": ""no_augmentation"", ""beto_model"": ""dccuchile/bert-base-spanish-wwm-cased"", ""chunk_stride"": 256, ""max_tokens"": 512, ""n_cv_splits"": 5, ""n_search_iter"": 0, ""seeds"": [42, 43, 44, 45, 46], ""sentence_transformer_model"": ""intfloat/multilingual-e5-small"", ""tfidf_lemmatize"": true, ""tfidf_max_df"": 0.9, ""tfidf_max_features"": 300, ""tfidf_min_df"": 3, ""tfidf_ngram_range"": [1, 2], ""tfidf_normalize_numbers"": true}",2026-09-09T11:20:38
E0_TFIDF,frozen,participant,01,no_augmentation,GAD7,46,SVR,4.838326,False,tfidf,defaults,"{""augmentation"": ""no_augmentation"", ""beto_model"": ""dccuchile/bert-base-spanish-wwm-cased"", ""chunk_stride"": 256, ""max_tokens"": 512, ""n_cv_splits"": 5, ""n_search_iter"": 0, ""seeds"": [42, 43, 44, 45, 46], ""sentence_transformer_model"": ""intfloat/multilingual-e5-small"", ""tfidf_lemmatize"": true, ""tfidf_max_df"": 0.9, ""tfidf_max_features"": 300, ""tfidf_min_df"": 3, ""tfidf_ngram_range"": [1, 2], ""tfidf_normalize_numbers"": true}",2026-09-09T11:20:38
E0_TFIDF,frozen,participant,01,no_augmentation,GAD7,46,RandomForest,4.794129,True,tfidf,defaults,"{""augmentation"": ""no_augmentation"", ""beto_model"": ""dccuchile/bert-base-spanish-wwm-cased"", ""chunk_stride"": 256, ""max_tokens"": 512, ""n_cv_splits"": 5, ""n_search_iter"": 0, ""seeds"": [42, 43, 44, 45, 46], ""sentence_transformer_model"": ""intfloat/multilingual-e5-small"", ""tfidf_lemmatize"": true, ""tfidf_max_df"": 0.9, ""tfidf_max_features"": 300, ""tfidf_min_df"": 3, ""tfidf_ngram_range"": [1, 2], ""tfidf_normalize_numbers"": true}",2026-09-09T11:20:38
E0_TFIDF,frozen,participant,01,no_augmentation,GAD7,46,ExtraTrees,4.822762,False,tfidf,defaults,"{""augmentation"": ""no_augmentation"", ""beto_model"": ""dccuchile/bert-base-spanish-wwm-cased"", ""chunk_stride"": 256, ""max_tokens"": 512, ""n_cv_splits"": 5, ""n_search_iter"": 0, ""seeds"": [42, 43, 44, 45, 46], ""sentence_transformer_model"": ""intfloat/multilingual-e5-small"", ""tfidf_lemmatize"": true, ""tfidf_max_df"": 0.9, ""tfidf_max_features"": 300, ""tfidf_min_df"": 3, ""tfidf_ngram_range"": [1, 2], ""tfidf_normalize_numbers"": true}",2026-09-09T11:20:38
E0_TFIDF,frozen,participant,01,no_augmentation,GAD7,46,GradientBoosting,5.013369,False,tfidf,defaults,"{""augmentation"": ""no_augmentation"", ""beto_model"": ""dccuchile/bert-base-spanish-wwm-cased"", ""chunk_stride"": 256, ""max_tokens"": 512, ""n_cv_splits"": 5, ""n_search_iter"": 0, ""seeds"": [42, 43, 44, 45, 46], ""sentence_transformer_model"": ""intfloat/multilingual-e5-small"", ""tfidf_lemmatize"": true, ""tfidf_max_df"": 0.9, ""tfidf_max_features"": 300, ""tfidf_min_df"": 3, ""tfidf_ngram_range"": [1, 2], ""tfidf_normalize_numbers"": true}",2026-09-09T11:20:38
E0_TFIDF,frozen,participant,01,no_augmentation,GAD7,46,LightGBM,5.394472,False,tfidf,defaults,"{""augmentation"": ""no_augmentation"", ""beto_model"": ""dccuchile/bert-base-spanish-wwm-cased"", ""chunk_stride"": 256, ""max_tokens"": 512, ""n_cv_splits"": 5, ""n_search_iter"": 0, ""seeds"": [42, 43, 44, 45, 46], ""sentence_transformer_model"": ""intfloat/multilingual-e5-small"", ""tfidf_lemmatize"": true, ""tfidf_max_df"": 0.9, ""tfidf_max_features"": 300, ""tfidf_min_df"": 3, ""tfidf_ngram_range"": [1, 2], ""tfidf_normalize_numbers"": true}",2026-09-09T11:20:38
E0_TFIDF,frozen,participant,01,no_augmentation,GAD7,46,KNN,5.209854,False,tfidf,defaults,"{""augmentation"": ""no_augmentation"", ""beto_model"": ""dccuchile/bert-base-spanish-wwm-cased"", ""chunk_stride"": 256, ""max_tokens"": 512, ""n_cv_splits"": 5, ""n_search_iter"": 0, ""seeds"": [42, 43, 44, 45, 46], ""sentence_transformer_model"": ""intfloat/multilingual-e5-small"", ""tfidf_lemmatize"": true, ""tfidf_max_df"": 0.9, ""tfidf_max_features"": 300, ""tfidf_min_df"": 3, ""tfidf_ngram_range"": [1, 2], ""tfidf_normalize_numbers"": true}",2026-09-09T11:20:38
E0_TFIDF,frozen,participant,01,no_augmentation,GAD7,46,DecisionTree,6.053512,False,tfidf,defaults,"{""augmentation"": ""no_augmentation"", ""beto_model"": ""dccuchile/bert-base-spanish-wwm-cased"", ""chunk_stride"": 256, ""max_tokens"": 512, ""n_cv_splits"": 5, ""n_search_iter"": 0, ""seeds"": [42, 43, 44, 45, 46], ""sentence_transformer_model"": ""intfloat/multilingual-e5-small"", ""tfidf_lemmatize"": true, ""tfidf_max_df"": 0.9, ""tfidf_max_features"": 300, ""tfidf_min_df"": 3, ""tfidf_ngram_range"": [1, 2], ""tfidf_normalize_numbers"": true}",2026-09-09T11:20:38
E0_TFIDF,frozen,participant,01,no_augmentation,GAD7,46,AdaBoost,4.841306,False,tfidf,defaults,"{""augmentation"": ""no_augmentation"", ""beto_model"": ""dccuchile/bert-base-spanish-wwm-cased"", ""chunk_stride"": 256, ""max_tokens"": 512, ""n_cv_splits"": 5, ""n_search_iter"": 0, ""seeds"": [42, 43, 44, 45, 46], ""sentence_transformer_model"": ""intfloat/multilingual-e5-small"", ""tfidf_lemmatize"": true, ""tfidf_max_df"": 0.9, ""tfidf_max_features"": 300, ""tfidf_min_df"": 3, ""tfidf_ngram_range"": [1, 2], ""tfidf_normalize_numbers"": true}",2026-09-09T11:20:38
E1_BETO,frozen,participant,01,no_augmentation,PHQ9,42,Ridge,6.30277,False,dccuchile/bert-base-spanish-wwm-cased,defaults,"{""augmentation"": ""no_augmentation"", ""beto_model"": ""dccuchile/bert-base-spanish-wwm-cased"", ""chunk_stride"": 256, ""max_tokens"": 512, ""n_cv_splits"": 5, ""n_search_iter"": 0, ""seeds"": [42, 43, 44, 45, 46], ""sentence_transformer_model"": ""intfloat/multilingual-e5-small"", ""tfidf_lemmatize"": true, ""tfidf_max_df"": 0.9, ""tfidf_max_features"": 300, ""tfidf_min_df"": 3, ""tfidf_ngram_range"": [1, 2], ""tfidf_normalize_numbers"": true}",2026-09-09T11:21:17
E1_BETO,frozen,participant,01,no_augmentation,PHQ9,42,SVR,5.310129,True,dccuchile/bert-base-spanish-wwm-cased,defaults,"{""augmentation"": ""no_augmentation"", ""beto_model"": ""dccuchile/bert-base-spanish-wwm-cased"", ""chunk_stride"": 256, ""max_tokens"": 512, ""n_cv_splits"": 5, ""n_search_iter"": 0, ""seeds"": [42, 43, 44, 45, 46], ""sentence_transformer_model"": ""intfloat/multilingual-e5-small"", ""tfidf_lemmatize"": true, ""tfidf_max_df"": 0.9, ""tfidf_max_features"": 300, ""tfidf_min_df"": 3, ""tfidf_ngram_range"": [1, 2], ""tfidf_normalize_numbers"": true}",2026-09-09T11:21:17
E1_BETO,frozen,participant,01,no_augmentation,PHQ9,42,RandomForest,5.533563,False,dccuchile/bert-base-spanish-wwm-cased,defaults,"{""augmentation"": ""no_augmentation"", ""beto_model"": ""dccuchile/bert-base-spanish-wwm-cased"", ""chunk_stride"": 256, ""max_tokens"": 512, ""n_cv_splits"": 5, ""n_search_iter"": 0, ""seeds"": [42, 43, 44, 45, 46], ""sentence_transformer_model"": ""intfloat/multilingual-e5-small"", ""tfidf_lemmatize"": true, ""tfidf_max_df"": 0.9, ""tfidf_max_features"": 300, ""tfidf_min_df"": 3, ""tfidf_ngram_range"": [1, 2], ""tfidf_normalize_numbers"": true}",2026-09-09T11:21:17
E1_BETO,frozen,participant,01,no_augmentation,PHQ9,42,ExtraTrees,5.538566,False,dccuchile/bert-base-spanish-wwm-cased,defaults,"{""augmentation"": ""no_augmentation"", ""beto_model"": ""dccuchile/bert-base-spanish-wwm-cased"", ""chunk_stride"": 256, ""max_tokens"": 512, ""n_cv_splits"": 5, ""n_search_iter"": 0, ""seeds"": [42, 43, 44, 45, 46], ""sentence_transformer_model"": ""intfloat/multilingual-e5-small"", ""tfidf_lemmatize"": true, ""tfidf_max_df"": 0.9, ""tfidf_max_features"": 300, ""tfidf_min_df"": 3, ""tfidf_ngram_range"": [1, 2], ""tfidf_normalize_numbers"": true}",2026-09-09T11:21:17
E1_BETO,frozen,participant,01,no_augmentation,PHQ9,42,GradientBoosting,5.566803,False,dccuchile/bert-base-spanish-wwm-cased,defaults,"{""augmentation"": ""no_augmentation"", ""beto_model"": ""dccuchile/bert-base-spanish-wwm-cased"", ""chunk_stride"": 256, ""max_tokens"": 512, ""n_cv_splits"": 5, ""n_search_iter"": 0, ""seeds"": [42, 43, 44, 45, 46], ""sentence_transformer_model"": ""intfloat/multilingual-e5-small"", ""tfidf_lemmatize"": true, ""tfidf_max_df"": 0.9, ""tfidf_max_features"": 300, ""tfidf_min_df"": 3, ""tfidf_ngram_range"": [1, 2], ""tfidf_normalize_numbers"": true}",2026-09-09T11:21:17
E1_BETO,frozen,participant,01,no_augmentation,PHQ9,42,LightGBM,6.167107,False,dccuchile/bert-base-spanish-wwm-cased,defaults,"{""augmentation"": ""no_augmentation"", ""beto_model"": ""dccuchile/bert-base-spanish-wwm-cased"", ""chunk_stride"": 256, ""max_tokens"": 512, ""n_cv_splits"": 5, ""n_search_iter"": 0, ""seeds"": [42, 43, 44, 45, 46], ""sentence_transformer_model"": ""intfloat/multilingual-e5-small"", ""tfidf_lemmatize"": true, ""tfidf_max_df"": 0.9, ""tfidf_max_features"": 300, ""tfidf_min_df"": 3, ""tfidf_ngram_range"": [1, 2], ""tfidf_normalize_numbers"": true}",2026-09-09T11:21:17
E1_BETO,frozen,participant,01,no_augmentation,PHQ9,42,KNN,5.609571,False,dccuchile/bert-base-spanish-wwm-cased,defaults,"{""augmentation"": ""no_augmentation"", ""beto_model"": ""dccuchile/bert-base-spanish-wwm-cased"", ""chunk_stride"": 256, ""max_tokens"": 512, ""n_cv_splits"": 5, ""n_search_iter"": 0, ""seeds"": [42, 43, 44, 45, 46], ""sentence_transformer_model"": ""intfloat/multilingual-e5-small"", ""tfidf_lemmatize"": true, ""tfidf_max_df"": 0.9, ""tfidf_max_features"": 300, ""tfidf_min_df"": 3, ""tfidf_ngram_range"": [1, 2], ""tfidf_normalize_numbers"": true}",2026-09-09T11:21:17
E1_BETO,frozen,participant,01,no_augmentation,PHQ9,42,DecisionTree,7.096485,False,dccuchile/bert-base-spanish-wwm-cased,defaults,"{""augmentation"": ""no_augmentation"", ""beto_model"": ""dccuchile/bert-base-spanish-wwm-cased"", ""chunk_stride"": 256, ""max_tokens"": 512, ""n_cv_splits"": 5, ""n_search_iter"": 0, ""seeds"": [42, 43, 44, 45, 46], ""sentence_transformer_model"": ""intfloat/multilingual-e5-small"", ""tfidf_lemmatize"": true, ""tfidf_max_df"": 0.9, ""tfidf_max_features"": 300, ""tfidf_min_df"": 3, ""tfidf_ngram_range"": [1, 2], ""tfidf_normalize_numbers"": true}",2026-09-09T11:21:17
E1_BETO,frozen,participant,01,no_augmentation,PHQ9,42,AdaBoost,5.389987,False,dccuchile/bert-base-spanish-wwm-cased,defaults,"{""augmentation"": ""no_augmentation"", ""beto_model"": ""dccuchile/bert-base-spanish-wwm-cased"", ""chunk_stride"": 256, ""max_tokens"": 512, ""n_cv_splits"": 5, ""n_search_iter"": 0, ""seeds"": [42, 43, 44, 45, 46], ""sentence_transformer_model"": ""intfloat/multilingual-e5-small"", ""tfidf_lemmatize"": true, ""tfidf_max_df"": 0.9, ""tfidf_max_features"": 300, ""tfidf_min_df"": 3, ""tfidf_ngram_range"": [1, 2], ""tfidf_normalize_numbers"": true}",2026-09-09T11:21:17
E1_BETO,frozen,participant,01,no_augmentation,GAD7,42,Ridge,6.230106,False,dccuchile/bert-base-spanish-wwm-cased,defaults,"{""augmentation"": ""no_augmentation"", ""beto_model"": ""dccuchile/bert-base-spanish-wwm-cased"", ""chunk_stride"": 256, ""max_tokens"": 512, ""n_cv_splits"": 5, ""n_search_iter"": 0, ""seeds"": [42, 43, 44, 45, 46], ""sentence_transformer_model"": ""intfloat/multilingual-e5-small"", ""tfidf_lemmatize"": true, ""tfidf_max_df"": 0.9, ""tfidf_max_features"": 300, ""tfidf_min_df"": 3, ""tfidf_ngram_range"": [1, 2], ""tfidf_normalize_numbers"": true}",2026-09-09T11:21:55
E1_BETO,frozen,participant,01,no_augmentation,GAD7,42,SVR,4.513473,True,dccuchile/bert-base-spanish-wwm-cased,defaults,"{""augmentation"": ""no_augmentation"", ""beto_model"": ""dccuchile/bert-base-spanish-wwm-cased"", ""chunk_stride"": 256, ""max_tokens"": 512, ""n_cv_splits"": 5, ""n_search_iter"": 0, ""seeds"": [42, 43, 44, 45, 46], ""sentence_transformer_model"": ""intfloat/multilingual-e5-small"", ""tfidf_lemmatize"": true, ""tfidf_max_df"": 0.9, ""tfidf_max_features"": 300, ""tfidf_min_df"": 3, ""tfidf_ngram_range"": [1, 2], ""tfidf_normalize_numbers"": true}",2026-09-09T11:21:55
E1_BETO,frozen,participant,01,no_augmentation,GAD7,42,RandomForest,4.615606,False,dccuchile/bert-base-spanish-wwm-cased,defaults,"{""augmentation"": ""no_augmentation"", ""beto_model"": ""dccuchile/bert-base-spanish-wwm-cased"", ""chunk_stride"": 256, ""max_tokens"": 512, ""n_cv_splits"": 5, ""n_search_iter"": 0, ""seeds"": [42, 43, 44, 45, 46], ""sentence_transformer_model"": ""intfloat/multilingual-e5-small"", ""tfidf_lemmatize"": true, ""tfidf_max_df"": 0.9, ""tfidf_max_features"": 300, ""tfidf_min_df"": 3, ""tfidf_ngram_range"": [1, 2], ""tfidf_normalize_numbers"": true}",2026-09-09T11:21:55
E1_BETO,frozen,participant,01,no_augmentation,GAD7,42,ExtraTrees,4.613532,False,dccuchile/bert-base-spanish-wwm-cased,defaults,"{""augmentation"": ""no_augmentation"", ""beto_model"": ""dccuchile/bert-base-spanish-wwm-cased"", ""chunk_stride"": 256, ""max_tokens"": 512, ""n_cv_splits"": 5, ""n_search_iter"": 0, ""seeds"": [42, 43, 44, 45, 46], ""sentence_transformer_model"": ""intfloat/multilingual-e5-small"", ""tfidf_lemmatize"": true, ""tfidf_max_df"": 0.9, ""tfidf_max_features"": 300, ""tfidf_min_df"": 3, ""tfidf_ngram_range"": [1, 2], ""tfidf_normalize_numbers"": true}",2026-09-09T11:21:55
E1_BETO,frozen,participant,01,no_augmentation,GAD7,42,GradientBoosting,4.827985,False,dccuchile/bert-base-spanish-wwm-cased,defaults,"{""augmentation"": ""no_augmentation"", ""beto_model"": ""dccuchile/bert-base-spanish-wwm-cased"", ""chunk_stride"": 256, ""max_tokens"": 512, ""n_cv_splits"": 5, ""n_search_iter"": 0, ""seeds"": [42, 43, 44, 45, 46], ""sentence_transformer_model"": ""intfloat/multilingual-e5-small"", ""tfidf_lemmatize"": true, ""tfidf_max_df"": 0.9, ""tfidf_max_features"": 300, ""tfidf_min_df"": 3, ""tfidf_ngram_range"": [1, 2], ""tfidf_normalize_numbers"": true}",2026-09-09T11:21:55
E1_BETO,frozen,participant,01,no_augmentation,GAD7,42,LightGBM,5.249184,False,dccuchile/bert-base-spanish-wwm-cased,defaults,"{""augmentation"": ""no_augmentation"", ""beto_model"": ""dccuchile/bert-base-spanish-wwm-cased"", ""chunk_stride"": 256, ""max_tokens"": 512, ""n_cv_splits"": 5, ""n_search_iter"": 0, ""seeds"": [42, 43, 44, 45, 46], ""sentence_transformer_model"": ""intfloat/multilingual-e5-small"", ""tfidf_lemmatize"": true, ""tfidf_max_df"": 0.9, ""tfidf_max_features"": 300, ""tfidf_min_df"": 3, ""tfidf_ngram_range"": [1, 2], ""tfidf_normalize_numbers"": true}",2026-09-09T11:21:55
E1_BETO,frozen,participant,01,no_augmentation,GAD7,42,KNN,4.738897,False,dccuchile/bert-base-spanish-wwm-cased,defaults,"{""augmentation"": ""no_augmentation"", ""beto_model"": ""dccuchile/bert-base-spanish-wwm-cased"", ""chunk_stride"": 256, ""max_tokens"": 512, ""n_cv_splits"": 5, ""n_search_iter"": 0, ""seeds"": [42, 43, 44, 45, 46], ""sentence_transformer_model"": ""intfloat/multilingual-e5-small"", ""tfidf_lemmatize"": true, ""tfidf_max_df"": 0.9, ""tfidf_max_features"": 300, ""tfidf_min_df"": 3, ""tfidf_ngram_range"": [1, 2], ""tfidf_normalize_numbers"": true}",2026-09-09T11:21:55
E1_BETO,frozen,participant,01,no_augmentation,GAD7,42,DecisionTree,6.026691,False,dccuchile/bert-base-spanish-wwm-cased,defaults,"{""augmentation"": ""no_augmentation"", ""beto_model"": ""dccuchile/bert-base-spanish-wwm-cased"", ""chunk_stride"": 256, ""max_tokens"": 512, ""n_cv_splits"": 5, ""n_search_iter"": 0, ""seeds"": [42, 43, 44, 45, 46], ""sentence_transformer_model"": ""intfloat/multilingual-e5-small"", ""tfidf_lemmatize"": true, ""tfidf_max_df"": 0.9, ""tfidf_max_features"": 300, ""tfidf_min_df"": 3, ""tfidf_ngram_range"": [1, 2], ""tfidf_normalize_numbers"": true}",2026-09-09T11:21:55
E1_BETO,frozen,participant,01,no_augmentation,GAD7,42,AdaBoost,4.697947,False,dccuchile/bert-base-spanish-wwm-cased,defaults,"{""augmentation"": ""no_augmentation"", ""beto_model"": ""dccuchile/bert-base-spanish-wwm-cased"", ""chunk_stride"": 256, ""max_tokens"": 512, ""n_cv_splits"": 5, ""n_search_iter"": 0, ""seeds"": [42, 43, 44, 45, 46], ""sentence_transformer_model"": ""intfloat/multilingual-e5-small"", ""tfidf_lemmatize"": true, ""tfidf_max_df"": 0.9, ""tfidf_max_features"": 300, ""tfidf_min_df"": 3, ""tfidf_ngram_range"": [1, 2], ""tfidf_normalize_numbers"": true}",2026-09-09T11:21:55
E1_BETO,frozen,participant,01,no_augmentation,PHQ9,43,Ridge,5.951481,False,dccuchile/bert-base-spanish-wwm-cased,defaults,"{""augmentation"": ""no_augmentation"", ""beto_model"": ""dccuchile/bert-base-spanish-wwm-cased"", ""chunk_stride"": 256, ""max_tokens"": 512, ""n_cv_splits"": 5, ""n_search_iter"": 0, ""seeds"": [42, 43, 44, 45, 46], ""sentence_transformer_model"": ""intfloat/multilingual-e5-small"", ""tfidf_lemmatize"": true, ""tfidf_max_df"": 0.9, ""tfidf_max_features"": 300, ""tfidf_min_df"": 3, ""tfidf_ngram_range"": [1, 2], ""tfidf_normalize_numbers"": true}",2026-09-09T11:22:33
E1_BETO,frozen,participant,01,no_augmentation,PHQ9,43,SVR,5.243356,True,dccuchile/bert-base-spanish-wwm-cased,defaults,"{""augmentation"": ""no_augmentation"", ""beto_model"": ""dccuchile/bert-base-spanish-wwm-cased"", ""chunk_stride"": 256, ""max_tokens"": 512, ""n_cv_splits"": 5, ""n_search_iter"": 0, ""seeds"": [42, 43, 44, 45, 46], ""sentence_transformer_model"": ""intfloat/multilingual-e5-small"", ""tfidf_lemmatize"": true, ""tfidf_max_df"": 0.9, ""tfidf_max_features"": 300, ""tfidf_min_df"": 3, ""tfidf_ngram_range"": [1, 2], ""tfidf_normalize_numbers"": true}",2026-09-09T11:22:33
E1_BETO,frozen,participant,01,no_augmentation,PHQ9,43,RandomForest,5.509206,False,dccuchile/bert-base-spanish-wwm-cased,defaults,"{""augmentation"": ""no_augmentation"", ""beto_model"": ""dccuchile/bert-base-spanish-wwm-cased"", ""chunk_stride"": 256, ""max_tokens"": 512, ""n_cv_splits"": 5, ""n_search_iter"": 0, ""seeds"": [42, 43, 44, 45, 46], ""sentence_transformer_model"": ""intfloat/multilingual-e5-small"", ""tfidf_lemmatize"": true, ""tfidf_max_df"": 0.9, ""tfidf_max_features"": 300, ""tfidf_min_df"": 3, ""tfidf_ngram_range"": [1, 2], ""tfidf_normalize_numbers"": true}",2026-09-09T11:22:33
E1_BETO,frozen,participant,01,no_augmentation,PHQ9,43,ExtraTrees,5.571364,False,dccuchile/bert-base-spanish-wwm-cased,defaults,"{""augmentation"": ""no_augmentation"", ""beto_model"": ""dccuchile/bert-base-spanish-wwm-cased"", ""chunk_stride"": 256, ""max_tokens"": 512, ""n_cv_splits"": 5, ""n_search_iter"": 0, ""seeds"": [42, 43, 44, 45, 46], ""sentence_transformer_model"": ""intfloat/multilingual-e5-small"", ""tfidf_lemmatize"": true, ""tfidf_max_df"": 0.9, ""tfidf_max_features"": 300, ""tfidf_min_df"": 3, ""tfidf_ngram_range"": [1, 2], ""tfidf_normalize_numbers"": true}",2026-09-09T11:22:33
E1_BETO,frozen,participant,01,no_augmentation,PHQ9,43,GradientBoosting,5.273882,False,dccuchile/bert-base-spanish-wwm-cased,defaults,"{""augmentation"": ""no_augmentation"", ""beto_model"": ""dccuchile/bert-base-spanish-wwm-cased"", ""chunk_stride"": 256, ""max_tokens"": 512, ""n_cv_splits"": 5, ""n_search_iter"": 0, ""seeds"": [42, 43, 44, 45, 46], ""sentence_transformer_model"": ""intfloat/multilingual-e5-small"", ""tfidf_lemmatize"": true, ""tfidf_max_df"": 0.9, ""tfidf_max_features"": 300, ""tfidf_min_df"": 3, ""tfidf_ngram_range"": [1, 2], ""tfidf_normalize_numbers"": true}",2026-09-09T11:22:33
E1_BETO,frozen,participant,01,no_augmentation,PHQ9,43,LightGBM,5.671066,False,dccuchile/bert-base-spanish-wwm-cased,defaults,"{""augmentation"": ""no_augmentation"", ""beto_model"": ""dccuchile/bert-base-spanish-wwm-cased"", ""chunk_stride"": 256, ""max_tokens"": 512, ""n_cv_splits"": 5, ""n_search_iter"": 0, ""seeds"": [42, 43, 44, 45, 46], ""sentence_transformer_model"": ""intfloat/multilingual-e5-small"", ""tfidf_lemmatize"": true, ""tfidf_max_df"": 0.9, ""tfidf_max_features"": 300, ""tfidf_min_df"": 3, ""tfidf_ngram_range"": [1, 2], ""tfidf_normalize_numbers"": true}",2026-09-09T11:22:33
E1_BETO,frozen,participant,01,no_augmentation,PHQ9,43,KNN,5.541133,False,dccuchile/bert-base-spanish-wwm-cased,defaults,"{""augmentation"": ""no_augmentation"", ""beto_model"": ""dccuchile/bert-base-spanish-wwm-cased"", ""chunk_stride"": 256, ""max_tokens"": 512, ""n_cv_splits"": 5, ""n_search_iter"": 0, ""seeds"": [42, 43, 44, 45, 46], ""sentence_transformer_model"": ""intfloat/multilingual-e5-small"", ""tfidf_lemmatize"": true, ""tfidf_max_df"": 0.9, ""tfidf_max_features"": 300, ""tfidf_min_df"": 3, ""tfidf_ngram_range"": [1, 2], ""tfidf_normalize_numbers"": true}",2026-09-09T11:22:33
E1_BETO,frozen,participant,01,no_augmentation,PHQ9,43,DecisionTree,7.018279,False,dccuchile/bert-base-spanish-wwm-cased,defaults,"{""augmentation"": ""no_augmentation"", ""beto_model"": ""dccuchile/bert-base-spanish-wwm-cased"", ""chunk_stride"": 256, ""max_tokens"": 512, ""n_cv_splits"": 5, ""n_search_iter"": 0, ""seeds"": [42, 43, 44, 45, 46], ""sentence_transformer_model"": ""intfloat/multilingual-e5-small"", ""tfidf_lemmatize"": true, ""tfidf_max_df"": 0.9, ""tfidf_max_features"": 300, ""tfidf_min_df"": 3, ""tfidf_ngram_range"": [1, 2], ""tfidf_normalize_numbers"": true}",2026-09-09T11:22:33
E1_BETO,frozen,participant,01,no_augmentation,PHQ9,43,AdaBoost,5.308709,False,dccuchile/bert-base-spanish-wwm-cased,defaults,"{""augmentation"": ""no_augmentation"", ""beto_model"": ""dccuchile/bert-base-spanish-wwm-cased"", ""chunk_stride"": 256, ""max_tokens"": 512, ""n_cv_splits"": 5, ""n_search_iter"": 0, ""seeds"": [42, 43, 44, 45, 46], ""sentence_transformer_model"": ""intfloat/multilingual-e5-small"", ""tfidf_lemmatize"": true, ""tfidf_max_df"": 0.9, ""tfidf_max_features"": 300, ""tfidf_min_df"": 3, ""tfidf_ngram_range"": [1, 2], ""tfidf_normalize_numbers"": true}",2026-09-09T11:22:33
E1_BETO,frozen,participant,01,no_augmentation,GAD7,43,Ridge,6.176542,False,dccuchile/bert-base-spanish-wwm-cased,defaults,"{""augmentation"": ""no_augmentation"", ""beto_model"": ""dccuchile/bert-base-spanish-wwm-cased"", ""chunk_stride"": 256, ""max_tokens"": 512, ""n_cv_splits"": 5, ""n_search_iter"": 0, ""seeds"": [42, 43, 44, 45, 46], ""sentence_transformer_model"": ""intfloat/multilingual-e5-small"", ""tfidf_lemmatize"": true, ""tfidf_max_df"": 0.9, ""tfidf_max_features"": 300, ""tfidf_min_df"": 3, ""tfidf_ngram_range"": [1, 2], ""tfidf_normalize_numbers"": true}",2026-09-09T11:23:11
E1_BETO,frozen,participant,01,no_augmentation,GAD7,43,SVR,4.582826,True,dccuchile/bert-base-spanish-wwm-cased,defaults,"{""augmentation"": ""no_augmentation"", ""beto_model"": ""dccuchile/bert-base-spanish-wwm-cased"", ""chunk_stride"": 256, ""max_tokens"": 512, ""n_cv_splits"": 5, ""n_search_iter"": 0, ""seeds"": [42, 43, 44, 45, 46], ""sentence_transformer_model"": ""intfloat/multilingual-e5-small"", ""tfidf_lemmatize"": true, ""tfidf_max_df"": 0.9, ""tfidf_max_features"": 300, ""tfidf_min_df"": 3, ""tfidf_ngram_range"": [1, 2], ""tfidf_normalize_numbers"": true}",2026-09-09T11:23:11
E1_BETO,frozen,participant,01,no_augmentation,GAD7,43,RandomForest,4.611546,False,dccuchile/bert-base-spanish-wwm-cased,defaults,"{""augmentation"": ""no_augmentation"", ""beto_model"": ""dccuchile/bert-base-spanish-wwm-cased"", ""chunk_stride"": 256, ""max_tokens"": 512, ""n_cv_splits"": 5, ""n_search_iter"": 0, ""seeds"": [42, 43, 44, 45, 46], ""sentence_transformer_model"": ""intfloat/multilingual-e5-small"", ""tfidf_lemmatize"": true, ""tfidf_max_df"": 0.9, ""tfidf_max_features"": 300, ""tfidf_min_df"": 3, ""tfidf_ngram_range"": [1, 2], ""tfidf_normalize_numbers"": true}",2026-09-09T11:23:11
E1_BETO,frozen,participant,01,no_augmentation,GAD7,43,ExtraTrees,4.64377,False,dccuchile/bert-base-spanish-wwm-cased,defaults,"{""augmentation"": ""no_augmentation"", ""beto_model"": ""dccuchile/bert-base-spanish-wwm-cased"", ""chunk_stride"": 256, ""max_tokens"": 512, ""n_cv_splits"": 5, ""n_search_iter"": 0, ""seeds"": [42, 43, 44, 45, 46], ""sentence_transformer_model"": ""intfloat/multilingual-e5-small"", ""tfidf_lemmatize"": true, ""tfidf_max_df"": 0.9, ""tfidf_max_features"": 300, ""tfidf_min_df"": 3, ""tfidf_ngram_range"": [1, 2], ""tfidf_normalize_numbers"": true}",2026-09-09T11:23:11
E1_BETO,frozen,participant,01,no_augmentation,GAD7,43,GradientBoosting,4.824264,False,dccuchile/bert-base-spanish-wwm-cased,defaults,"{""augmentation"": ""no_augmentation"", ""beto_model"": ""dccuchile/bert-base-spanish-wwm-cased"", ""chunk_stride"": 256, ""max_tokens"": 512, ""n_cv_splits"": 5, ""n_search_iter"": 0, ""seeds"": [42, 43, 44, 45, 46], ""sentence_transformer_model"": ""intfloat/multilingual-e5-small"", ""tfidf_lemmatize"": true, ""tfidf_max_df"": 0.9, ""tfidf_max_features"": 300, ""tfidf_min_df"": 3, ""tfidf_ngram_range"": [1, 2], ""tfidf_normalize_numbers"": true}",2026-09-09T11:23:11
E1_BETO,frozen,participant,01,no_augmentation,GAD7,43,LightGBM,5.065062,False,dccuchile/bert-base-spanish-wwm-cased,defaults,"{""augmentation"": ""no_augmentation"", ""beto_model"": ""dccuchile/bert-base-spanish-wwm-cased"", ""chunk_stride"": 256, ""max_tokens"": 512, ""n_cv_splits"": 5, ""n_search_iter"": 0, ""seeds"": [42, 43, 44, 45, 46], ""sentence_transformer_model"": ""intfloat/multilingual-e5-small"", ""tfidf_lemmatize"": true, ""tfidf_max_df"": 0.9, ""tfidf_max_features"": 300, ""tfidf_min_df"": 3, ""tfidf_ngram_range"": [1, 2], ""tfidf_normalize_numbers"": true}",2026-09-09T11:23:11
E1_BETO,frozen,participant,01,no_augmentation,GAD7,43,KNN,4.744245,False,dccuchile/bert-base-spanish-wwm-cased,defaults,"{""augmentation"": ""no_augmentation"", ""beto_model"": ""dccuchile/bert-base-spanish-wwm-cased"", ""chunk_stride"": 256, ""max_tokens"": 512, ""n_cv_splits"": 5, ""n_search_iter"": 0, ""seeds"": [42, 43, 44, 45, 46], ""sentence_transformer_model"": ""intfloat/multilingual-e5-small"", ""tfidf_lemmatize"": true, ""tfidf_max_df"": 0.9, ""tfidf_max_features"": 300, ""tfidf_min_df"": 3, ""tfidf_ngram_range"": [1, 2], ""tfidf_normalize_numbers"": true}",2026-09-09T11:23:11
E1_BETO,frozen,participant,01,no_augmentation,GAD7,43,DecisionTree,6.467611,False,dccuchile/bert-base-spanish-wwm-cased,defaults,"{""augmentation"": ""no_augmentation"", ""beto_model"": ""dccuchile/bert-base-spanish-wwm-cased"", ""chunk_stride"": 256, ""max_tokens"": 512, ""n_cv_splits"": 5, ""n_search_iter"": 0, ""seeds"": [42, 43, 44, 45, 46], ""sentence_transformer_model"": ""intfloat/multilingual-e5-small"", ""tfidf_lemmatize"": true, ""tfidf_max_df"": 0.9, ""tfidf_max_features"": 300, ""tfidf_min_df"": 3, ""tfidf_ngram_range"": [1, 2], ""tfidf_normalize_numbers"": true}",2026-09-09T11:23:11
E1_BETO,frozen,participant,01,no_augmentation,GAD7,43,AdaBoost,4.705964,False,dccuchile/bert-base-spanish-wwm-cased,defaults,"{""augmentation"": ""no_augmentation"", ""beto_model"": ""dccuchile/bert-base-spanish-wwm-cased"", ""chunk_stride"": 256, ""max_tokens"": 512, ""n_cv_splits"": 5, ""n_search_iter"": 0, ""seeds"": [42, 43, 44, 45, 46], ""sentence_transformer_model"": ""intfloat/multilingual-e5-small"", ""tfidf_lemmatize"": true, ""tfidf_max_df"": 0.9, ""tfidf_max_features"": 300, ""tfidf_min_df"": 3, ""tfidf_ngram_range"": [1, 2], ""tfidf_normalize_numbers"": true}",2026-09-09T11:23:11
E1_BETO,frozen,participant,01,no_augmentation,PHQ9,44,Ridge,5.995421,False,dccuchile/bert-base-spanish-wwm-cased,defaults,"{""augmentation"": ""no_augmentation"", ""beto_model"": ""dccuchile/bert-base-spanish-wwm-cased"", ""chunk_stride"": 256, ""max_tokens"": 512, ""n_cv_splits"": 5, ""n_search_iter"": 0, ""seeds"": [42, 43, 44, 45, 46], ""sentence_transformer_model"": ""intfloat/multilingual-e5-small"", ""tfidf_lemmatize"": true, ""tfidf_max_df"": 0.9, ""tfidf_max_features"": 300, ""tfidf_min_df"": 3, ""tfidf_ngram_range"": [1, 2], ""tfidf_normalize_numbers"": true}",2026-09-09T11:23:50
E1_BETO,frozen,participant,01,no_augmentation,PHQ9,44,SVR,5.097922,True,dccuchile/bert-base-spanish-wwm-cased,defaults,"{""augmentation"": ""no_augmentation"", ""beto_model"": ""dccuchile/bert-base-spanish-wwm-cased"", ""chunk_stride"": 256, ""max_tokens"": 512, ""n_cv_splits"": 5, ""n_search_iter"": 0, ""seeds"": [42, 43, 44, 45, 46], ""sentence_transformer_model"": ""intfloat/multilingual-e5-small"", ""tfidf_lemmatize"": true, ""tfidf_max_df"": 0.9, ""tfidf_max_features"": 300, ""tfidf_min_df"": 3, ""tfidf_ngram_range"": [1, 2], ""tfidf_normalize_numbers"": true}",2026-09-09T11:23:50
E1_BETO,frozen,participant,01,no_augmentation,PHQ9,44,RandomForest,5.402098,False,dccuchile/bert-base-spanish-wwm-cased,defaults,"{""augmentation"": ""no_augmentation"", ""beto_model"": ""dccuchile/bert-base-spanish-wwm-cased"", ""chunk_stride"": 256, ""max_tokens"": 512, ""n_cv_splits"": 5, ""n_search_iter"": 0, ""seeds"": [42, 43, 44, 45, 46], ""sentence_transformer_model"": ""intfloat/multilingual-e5-small"", ""tfidf_lemmatize"": true, ""tfidf_max_df"": 0.9, ""tfidf_max_features"": 300, ""tfidf_min_df"": 3, ""tfidf_ngram_range"": [1, 2], ""tfidf_normalize_numbers"": true}",2026-09-09T11:23:50
E1_BETO,frozen,participant,01,no_augmentation,PHQ9,44,ExtraTrees,5.459006,False,dccuchile/bert-base-spanish-wwm-cased,defaults,"{""augmentation"": ""no_augmentation"", ""beto_model"": ""dccuchile/bert-base-spanish-wwm-cased"", ""chunk_stride"": 256, ""max_tokens"": 512, ""n_cv_splits"": 5, ""n_search_iter"": 0, ""seeds"": [42, 43, 44, 45, 46], ""sentence_transformer_model"": ""intfloat/multilingual-e5-small"", ""tfidf_lemmatize"": true, ""tfidf_max_df"": 0.9, ""tfidf_max_features"": 300, ""tfidf_min_df"": 3, ""tfidf_ngram_range"": [1, 2], ""tfidf_normalize_numbers"": true}",2026-09-09T11:23:50
E1_BETO,frozen,participant,01,no_augmentation,PHQ9,44,GradientBoosting,5.39731,False,dccuchile/bert-base-spanish-wwm-cased,defaults,"{""augmentation"": ""no_augmentation"", ""beto_model"": ""dccuchile/bert-base-spanish-wwm-cased"", ""chunk_stride"": 256, ""max_tokens"": 512, ""n_cv_splits"": 5, ""n_search_iter"": 0, ""seeds"": [42, 43, 44, 45, 46], ""sentence_transformer_model"": ""intfloat/multilingual-e5-small"", ""tfidf_lemmatize"": true, ""tfidf_max_df"": 0.9, ""tfidf_max_features"": 300, ""tfidf_min_df"": 3, ""tfidf_ngram_range"": [1, 2], ""tfidf_normalize_numbers"": true}",2026-09-09T11:23:50
E1_BETO,frozen,participant,01,no_augmentation,PHQ9,44,LightGBM,5.853034,False,dccuchile/bert-base-spanish-wwm-cased,defaults,"{""augmentation"": ""no_augmentation"", ""beto_model"": ""dccuchile/bert-base-spanish-wwm-cased"", ""chunk_stride"": 256, ""max_tokens"": 512, ""n_cv_splits"": 5, ""n_search_iter"": 0, ""seeds"": [42, 43, 44, 45, 46], ""sentence_transformer_model"": ""intfloat/multilingual-e5-small"", ""tfidf_lemmatize"": true, ""tfidf_max_df"": 0.9, ""tfidf_max_features"": 300, ""tfidf_min_df"": 3, ""tfidf_ngram_range"": [1, 2], ""tfidf_normalize_numbers"": true}",2026-09-09T11:23:50
E1_BETO,frozen,participant,01,no_augmentation,PHQ9,44,KNN,5.384723,False,dccuchile/bert-base-spanish-wwm-cased,defaults,"{""augmentation"": ""no_augmentation"", ""beto_model"": ""dccuchile/bert-base-spanish-wwm-cased"", ""chunk_stride"": 256, ""max_tokens"": 512, ""n_cv_splits"": 5, ""n_search_iter"": 0, ""seeds"": [42, 43, 44, 45, 46], ""sentence_transformer_model"": ""intfloat/multilingual-e5-small"", ""tfidf_lemmatize"": true, ""tfidf_max_df"": 0.9, ""tfidf_max_features"": 300, ""tfidf_min_df"": 3, ""tfidf_ngram_range"": [1, 2], ""tfidf_normalize_numbers"": true}",2026-09-09T11:23:50
E1_BETO,frozen,participant,01,no_augmentation,PHQ9,44,DecisionTree,7.515222,False,dccuchile/bert-base-spanish-wwm-cased,defaults,"{""augmentation"": ""no_augmentation"", ""beto_model"": ""dccuchile/bert-base-spanish-wwm-cased"", ""chunk_stride"": 256, ""max_tokens"": 512, ""n_cv_splits"": 5, ""n_search_iter"": 0, ""seeds"": [42, 43, 44, 45, 46], ""sentence_transformer_model"": ""intfloat/multilingual-e5-small"", ""tfidf_lemmatize"": true, ""tfidf_max_df"": 0.9, ""tfidf_max_features"": 300, ""tfidf_min_df"": 3, ""tfidf_ngram_range"": [1, 2], ""tfidf_normalize_numbers"": true}",2026-09-09T11:23:50
E1_BETO,frozen,participant,01,no_augmentation,PHQ9,44,AdaBoost,5.429345,False,dccuchile/bert-base-spanish-wwm-cased,defaults,"{""augmentation"": ""no_augmentation"", ""beto_model"": ""dccuchile/bert-base-spanish-wwm-cased"", ""chunk_stride"": 256, ""max_tokens"": 512, ""n_cv_splits"": 5, ""n_search_iter"": 0, ""seeds"": [42, 43, 44, 45, 46], ""sentence_transformer_model"": ""intfloat/multilingual-e5-small"", ""tfidf_lemmatize"": true, ""tfidf_max_df"": 0.9, ""tfidf_max_features"": 300, ""tfidf_min_df"": 3, ""tfidf_ngram_range"": [1, 2], ""tfidf_normalize_numbers"": true}",2026-09-09T11:23:50
E1_BETO,frozen,participant,01,no_augmentation,GAD7,44,Ridge,5.704956,False,dccuchile/bert-base-spanish-wwm-cased,defaults,"{""augmentation"": ""no_augmentation"", ""beto_model"": ""dccuchile/bert-base-spanish-wwm-cased"", ""chunk_stride"": 256, ""max_tokens"": 512, ""n_cv_splits"": 5, ""n_search_iter"": 0, ""seeds"": [42, 43, 44, 45, 46], ""sentence_transformer_model"": ""intfloat/multilingual-e5-small"", ""tfidf_lemmatize"": true, ""tfidf_max_df"": 0.9, ""tfidf_max_features"": 300, ""tfidf_min_df"": 3, ""tfidf_ngram_range"": [1, 2], ""tfidf_normalize_numbers"": true}",2026-09-09T11:24:38
E1_BETO,frozen,participant,01,no_augmentation,GAD7,44,SVR,4.317461,True,dccuchile/bert-base-spanish-wwm-cased,defaults,"{""augmentation"": ""no_augmentation"", ""beto_model"": ""dccuchile/bert-base-spanish-wwm-cased"", ""chunk_stride"": 256, ""max_tokens"": 512, ""n_cv_splits"": 5, ""n_search_iter"": 0, ""seeds"": [42, 43, 44, 45, 46], ""sentence_transformer_model"": ""intfloat/multilingual-e5-small"", ""tfidf_lemmatize"": true, ""tfidf_max_df"": 0.9, ""tfidf_max_features"": 300, ""tfidf_min_df"": 3, ""tfidf_ngram_range"": [1, 2], ""tfidf_normalize_numbers"": true}",2026-09-09T11:24:38
E1_BETO,frozen,participant,01,no_augmentation,GAD7,44,RandomForest,4.506747,False,dccuchile/bert-base-spanish-wwm-cased,defaults,"{""augmentation"": ""no_augmentation"", ""beto_model"": ""dccuchile/bert-base-spanish-wwm-cased"", ""chunk_stride"": 256, ""max_tokens"": 512, ""n_cv_splits"": 5, ""n_search_iter"": 0, ""seeds"": [42, 43, 44, 45, 46], ""sentence_transformer_model"": ""intfloat/multilingual-e5-small"", ""tfidf_lemmatize"": true, ""tfidf_max_df"": 0.9, ""tfidf_max_features"": 300, ""tfidf_min_df"": 3, ""tfidf_ngram_range"": [1, 2], ""tfidf_normalize_numbers"": true}",2026-09-09T11:24:38
E1_BETO,frozen,participant,01,no_augmentation,GAD7,44,ExtraTrees,4.473194,False,dccuchile/bert-base-spanish-wwm-cased,defaults,"{""augmentation"": ""no_augmentation"", ""beto_model"": ""dccuchile/bert-base-spanish-wwm-cased"", ""chunk_stride"": 256, ""max_tokens"": 512, ""n_cv_splits"": 5, ""n_search_iter"": 0, ""seeds"": [42, 43, 44, 45, 46], ""sentence_transformer_model"": ""intfloat/multilingual-e5-small"", ""tfidf_lemmatize"": true, ""tfidf_max_df"": 0.9, ""tfidf_max_features"": 300, ""tfidf_min_df"": 3, ""tfidf_ngram_range"": [1, 2], ""tfidf_normalize_numbers"": true}",2026-09-09T11:24:38
E1_BETO,frozen,participant,01,no_augmentation,GAD7,44,GradientBoosting,4.570149,False,dccuchile/bert-base-spanish-wwm-cased,defaults,"{""augmentation"": ""no_augmentation"", ""beto_model"": ""dccuchile/bert-base-spanish-wwm-cased"", ""chunk_stride"": 256, ""max_tokens"": 512, ""n_cv_splits"": 5, ""n_search_iter"": 0, ""seeds"": [42, 43, 44, 45, 46], ""sentence_transformer_model"": ""intfloat/multilingual-e5-small"", ""tfidf_lemmatize"": true, ""tfidf_max_df"": 0.9, ""tfidf_max_features"": 300, ""tfidf_min_df"": 3, ""tfidf_ngram_range"": [1, 2], ""tfidf_normalize_numbers"": true}",2026-09-09T11:24:38
E1_BETO,frozen,participant,01,no_augmentation,GAD7,44,LightGBM,4.900406,False,dccuchile/bert-base-spanish-wwm-cased,defaults,"{""augmentation"": ""no_augmentation"", ""beto_model"": ""dccuchile/bert-base-spanish-wwm-cased"", ""chunk_stride"": 256, ""max_tokens"": 512, ""n_cv_splits"": 5, ""n_search_iter"": 0, ""seeds"": [42, 43, 44, 45, 46], ""sentence_transformer_model"": ""intfloat/multilingual-e5-small"", ""tfidf_lemmatize"": true, ""tfidf_max_df"": 0.9, ""tfidf_max_features"": 300, ""tfidf_min_df"": 3, ""tfidf_ngram_range"": [1, 2], ""tfidf_normalize_numbers"": true}",2026-09-09T11:24:38
E1_BETO,frozen,participant,01,no_augmentation,GAD7,44,KNN,4.676282,False,dccuchile/bert-base-spanish-wwm-cased,defaults,"{""augmentation"": ""no_augmentation"", ""beto_model"": ""dccuchile/bert-base-spanish-wwm-cased"", ""chunk_stride"": 256, ""max_tokens"": 512, ""n_cv_splits"": 5, ""n_search_iter"": 0, ""seeds"": [42, 43, 44, 45, 46], ""sentence_transformer_model"": ""intfloat/multilingual-e5-small"", ""tfidf_lemmatize"": true, ""tfidf_max_df"": 0.9, ""tfidf_max_features"": 300, ""tfidf_min_df"": 3, ""tfidf_ngram_range"": [1, 2], ""tfidf_normalize_numbers"": true}",2026-09-09T11:24:38
E1_BETO,frozen,participant,01,no_augmentation,GAD7,44,DecisionTree,6.386215,False,dccuchile/bert-base-spanish-wwm-cased,defaults,"{""augmentation"": ""no_augmentation"", ""beto_model"": ""dccuchile/bert-base-spanish-wwm-cased"", ""chunk_stride"": 256, ""max_tokens"": 512, ""n_cv_splits"": 5, ""n_search_iter"": 0, ""seeds"": [42, 43, 44, 45, 46], ""sentence_transformer_model"": ""intfloat/multilingual-e5-small"", ""tfidf_lemmatize"": true, ""tfidf_max_df"": 0.9, ""tfidf_max_features"": 300, ""tfidf_min_df"": 3, ""tfidf_ngram_range"": [1, 2], ""tfidf_normalize_numbers"": true}",2026-09-09T11:24:38
E1_BETO,frozen,participant,01,no_augmentation,GAD7,44,AdaBoost,4.569348,False,dccuchile/bert-base-spanish-wwm-cased,defaults,"{""augmentation"": ""no_augmentation"", ""beto_model"": ""dccuchile/bert-base-spanish-wwm-cased"", ""chunk_stride"": 256, ""max_tokens"": 512, ""n_cv_splits"": 5, ""n_search_iter"": 0, ""seeds"": [42, 43, 44, 45, 46], ""sentence_transformer_model"": ""intfloat/multilingual-e5-small"", ""tfidf_lemmatize"": true, ""tfidf_max_df"": 0.9, ""tfidf_max_features"": 300, ""tfidf_min_df"": 3, ""tfidf_ngram_range"": [1, 2], ""tfidf_normalize_numbers"": true}",2026-09-09T11:24:38
E1_BETO,frozen,participant,01,no_augmentation,PHQ9,45,Ridge,6.054927,False,dccuchile/bert-base-spanish-wwm-cased,defaults,"{""augmentation"": ""no_augmentation"", ""beto_model"": ""dccuchile/bert-base-spanish-wwm-cased"", ""chunk_stride"": 256, ""max_tokens"": 512, ""n_cv_splits"": 5, ""n_search_iter"": 0, ""seeds"": [42, 43, 44, 45, 46], ""sentence_transformer_model"": ""intfloat/multilingual-e5-small"", ""tfidf_lemmatize"": true, ""tfidf_max_df"": 0.9, ""tfidf_max_features"": 300, ""tfidf_min_df"": 3, ""tfidf_ngram_range"": [1, 2], ""tfidf_normalize_numbers"": true}",2026-09-09T11:25:45
E1_BETO,frozen,participant,01,no_augmentation,PHQ9,45,SVR,5.23048,False,dccuchile/bert-base-spanish-wwm-cased,defaults,"{""augmentation"": ""no_augmentation"", ""beto_model"": ""dccuchile/bert-base-spanish-wwm-cased"", ""chunk_stride"": 256, ""max_tokens"": 512, ""n_cv_splits"": 5, ""n_search_iter"": 0, ""seeds"": [42, 43, 44, 45, 46], ""sentence_transformer_model"": ""intfloat/multilingual-e5-small"", ""tfidf_lemmatize"": true, ""tfidf_max_df"": 0.9, ""tfidf_max_features"": 300, ""tfidf_min_df"": 3, ""tfidf_ngram_range"": [1, 2], ""tfidf_normalize_numbers"": true}",2026-09-09T11:25:45
E1_BETO,frozen,participant,01,no_augmentation,PHQ9,45,RandomForest,5.448092,False,dccuchile/bert-base-spanish-wwm-cased,defaults,"{""augmentation"": ""no_augmentation"", ""beto_model"": ""dccuchile/bert-base-spanish-wwm-cased"", ""chunk_stride"": 256, ""max_tokens"": 512, ""n_cv_splits"": 5, ""n_search_iter"": 0, ""seeds"": [42, 43, 44, 45, 46], ""sentence_transformer_model"": ""intfloat/multilingual-e5-small"", ""tfidf_lemmatize"": true, ""tfidf_max_df"": 0.9, ""tfidf_max_features"": 300, ""tfidf_min_df"": 3, ""tfidf_ngram_range"": [1, 2], ""tfidf_normalize_numbers"": true}",2026-09-09T11:25:45
E1_BETO,frozen,participant,01,no_augmentation,PHQ9,45,ExtraTrees,5.503986,False,dccuchile/bert-base-spanish-wwm-cased,defaults,"{""augmentation"": ""no_augmentation"", ""beto_model"": ""dccuchile/bert-base-spanish-wwm-cased"", ""chunk_stride"": 256, ""max_tokens"": 512, ""n_cv_splits"": 5, ""n_search_iter"": 0, ""seeds"": [42, 43, 44, 45, 46], ""sentence_transformer_model"": ""intfloat/multilingual-e5-small"", ""tfidf_lemmatize"": true, ""tfidf_max_df"": 0.9, ""tfidf_max_features"": 300, ""tfidf_min_df"": 3, ""tfidf_ngram_range"": [1, 2], ""tfidf_normalize_numbers"": true}",2026-09-09T11:25:45
E1_BETO,frozen,participant,01,no_augmentation,PHQ9,45,GradientBoosting,5.126969,True,dccuchile/bert-base-spanish-wwm-cased,defaults,"{""augmentation"": ""no_augmentation"", ""beto_model"": ""dccuchile/bert-base-spanish-wwm-cased"", ""chunk_stride"": 256, ""max_tokens"": 512, ""n_cv_splits"": 5, ""n_search_iter"": 0, ""seeds"": [42, 43, 44, 45, 46], ""sentence_transformer_model"": ""intfloat/multilingual-e5-small"", ""tfidf_lemmatize"": true, ""tfidf_max_df"": 0.9, ""tfidf_max_features"": 300, ""tfidf_min_df"": 3, ""tfidf_ngram_range"": [1, 2], ""tfidf_normalize_numbers"": true}",2026-09-09T11:25:45
E1_BETO,frozen,participant,01,no_augmentation,PHQ9,45,LightGBM,5.861408,False,dccuchile/bert-base-spanish-wwm-cased,defaults,"{""augmentation"": ""no_augmentation"", ""beto_model"": ""dccuchile/bert-base-spanish-wwm-cased"", ""chunk_stride"": 256, ""max_tokens"": 512, ""n_cv_splits"": 5, ""n_search_iter"": 0, ""seeds"": [42, 43, 44, 45, 46], ""sentence_transformer_model"": ""intfloat/multilingual-e5-small"", ""tfidf_lemmatize"": true, ""tfidf_max_df"": 0.9, ""tfidf_max_features"": 300, ""tfidf_min_df"": 3, ""tfidf_ngram_range"": [1, 2], ""tfidf_normalize_numbers"": true}",2026-09-09T11:25:45
E1_BETO,frozen,participant,01,no_augmentation,PHQ9,45,KNN,5.44544,False,dccuchile/bert-base-spanish-wwm-cased,defaults,"{""augmentation"": ""no_augmentation"", ""beto_model"": ""dccuchile/bert-base-spanish-wwm-cased"", ""chunk_stride"": 256, ""max_tokens"": 512, ""n_cv_splits"": 5, ""n_search_iter"": 0, ""seeds"": [42, 43, 44, 45, 46], ""sentence_transformer_model"": ""intfloat/multilingual-e5-small"", ""tfidf_lemmatize"": true, ""tfidf_max_df"": 0.9, ""tfidf_max_features"": 300, ""tfidf_min_df"": 3, ""tfidf_ngram_range"": [1, 2], ""tfidf_normalize_numbers"": true}",2026-09-09T11:25:45
E1_BETO,frozen,participant,01,no_augmentation,PHQ9,45,DecisionTree,7.40284,False,dccuchile/bert-base-spanish-wwm-cased,defaults,"{""augmentation"": ""no_augmentation"", ""beto_model"": ""dccuchile/bert-base-spanish-wwm-cased"", ""chunk_stride"": 256, ""max_tokens"": 512, ""n_cv_splits"": 5, ""n_search_iter"": 0, ""seeds"": [42, 43, 44, 45, 46], ""sentence_transformer_model"": ""intfloat/multilingual-e5-small"", ""tfidf_lemmatize"": true, ""tfidf_max_df"": 0.9, ""tfidf_max_features"": 300, ""tfidf_min_df"": 3, ""tfidf_ngram_range"": [1, 2], ""tfidf_normalize_numbers"": true}",2026-09-09T11:25:45
E1_BETO,frozen,participant,01,no_augmentation,PHQ9,45,AdaBoost,5.250524,False,dccuchile/bert-base-spanish-wwm-cased,defaults,"{""augmentation"": ""no_augmentation"", ""beto_model"": ""dccuchile/bert-base-spanish-wwm-cased"", ""chunk_stride"": 256, ""max_tokens"": 512, ""n_cv_splits"": 5, ""n_search_iter"": 0, ""seeds"": [42, 43, 44, 45, 46], ""sentence_transformer_model"": ""intfloat/multilingual-e5-small"", ""tfidf_lemmatize"": true, ""tfidf_max_df"": 0.9, ""tfidf_max_features"": 300, ""tfidf_min_df"": 3, ""tfidf_ngram_range"": [1, 2], ""tfidf_normalize_numbers"": true}",2026-09-09T11:25:45
E1_BETO,frozen,participant,01,no_augmentation,GAD7,45,Ridge,6.045316,False,dccuchile/bert-base-spanish-wwm-cased,defaults,"{""augmentation"": ""no_augmentation"", ""beto_model"": ""dccuchile/bert-base-spanish-wwm-cased"", ""chunk_stride"": 256, ""max_tokens"": 512, ""n_cv_splits"": 5, ""n_search_iter"": 0, ""seeds"": [42, 43, 44, 45, 46], ""sentence_transformer_model"": ""intfloat/multilingual-e5-small"", ""tfidf_lemmatize"": true, ""tfidf_max_df"": 0.9, ""tfidf_max_features"": 300, ""tfidf_min_df"": 3, ""tfidf_ngram_range"": [1, 2], ""tfidf_normalize_numbers"": true}",2026-09-09T11:26:35
E1_BETO,frozen,participant,01,no_augmentation,GAD7,45,SVR,4.512018,True,dccuchile/bert-base-spanish-wwm-cased,defaults,"{""augmentation"": ""no_augmentation"", ""beto_model"": ""dccuchile/bert-base-spanish-wwm-cased"", ""chunk_stride"": 256, ""max_tokens"": 512, ""n_cv_splits"": 5, ""n_search_iter"": 0, ""seeds"": [42, 43, 44, 45, 46], ""sentence_transformer_model"": ""intfloat/multilingual-e5-small"", ""tfidf_lemmatize"": true, ""tfidf_max_df"": 0.9, ""tfidf_max_features"": 300, ""tfidf_min_df"": 3, ""tfidf_ngram_range"": [1, 2], ""tfidf_normalize_numbers"": true}",2026-09-09T11:26:35
E1_BETO,frozen,participant,01,no_augmentation,GAD7,45,RandomForest,4.699738,False,dccuchile/bert-base-spanish-wwm-cased,defaults,"{""augmentation"": ""no_augmentation"", ""beto_model"": ""dccuchile/bert-base-spanish-wwm-cased"", ""chunk_stride"": 256, ""max_tokens"": 512, ""n_cv_splits"": 5, ""n_search_iter"": 0, ""seeds"": [42, 43, 44, 45, 46], ""sentence_transformer_model"": ""intfloat/multilingual-e5-small"", ""tfidf_lemmatize"": true, ""tfidf_max_df"": 0.9, ""tfidf_max_features"": 300, ""tfidf_min_df"": 3, ""tfidf_ngram_range"": [1, 2], ""tfidf_normalize_numbers"": true}",2026-09-09T11:26:35
E1_BETO,frozen,participant,01,no_augmentation,GAD7,45,ExtraTrees,4.645549,False,dccuchile/bert-base-spanish-wwm-cased,defaults,"{""augmentation"": ""no_augmentation"", ""beto_model"": ""dccuchile/bert-base-spanish-wwm-cased"", ""chunk_stride"": 256, ""max_tokens"": 512, ""n_cv_splits"": 5, ""n_search_iter"": 0, ""seeds"": [42, 43, 44, 45, 46], ""sentence_transformer_model"": ""intfloat/multilingual-e5-small"", ""tfidf_lemmatize"": true, ""tfidf_max_df"": 0.9, ""tfidf_max_features"": 300, ""tfidf_min_df"": 3, ""tfidf_ngram_range"": [1, 2], ""tfidf_normalize_numbers"": true}",2026-09-09T11:26:35
E1_BETO,frozen,participant,01,no_augmentation,GAD7,45,GradientBoosting,4.784062,False,dccuchile/bert-base-spanish-wwm-cased,defaults,"{""augmentation"": ""no_augmentation"", ""beto_model"": ""dccuchile/bert-base-spanish-wwm-cased"", ""chunk_stride"": 256, ""max_tokens"": 512, ""n_cv_splits"": 5, ""n_search_iter"": 0, ""seeds"": [42, 43, 44, 45, 46], ""sentence_transformer_model"": ""intfloat/multilingual-e5-small"", ""tfidf_lemmatize"": true, ""tfidf_max_df"": 0.9, ""tfidf_max_features"": 300, ""tfidf_min_df"": 3, ""tfidf_ngram_range"": [1, 2], ""tfidf_normalize_numbers"": true}",2026-09-09T11:26:36
E1_BETO,frozen,participant,01,no_augmentation,GAD7,45,LightGBM,5.059188,False,dccuchile/bert-base-spanish-wwm-cased,defaults,"{""augmentation"": ""no_augmentation"", ""beto_model"": ""dccuchile/bert-base-spanish-wwm-cased"", ""chunk_stride"": 256, ""max_tokens"": 512, ""n_cv_splits"": 5, ""n_search_iter"": 0, ""seeds"": [42, 43, 44, 45, 46], ""sentence_transformer_model"": ""intfloat/multilingual-e5-small"", ""tfidf_lemmatize"": true, ""tfidf_max_df"": 0.9, ""tfidf_max_features"": 300, ""tfidf_min_df"": 3, ""tfidf_ngram_range"": [1, 2], ""tfidf_normalize_numbers"": true}",2026-09-09T11:26:36
E1_BETO,frozen,participant,01,no_augmentation,GAD7,45,KNN,4.653489,False,dccuchile/bert-base-spanish-wwm-cased,defaults,"{""augmentation"": ""no_augmentation"", ""beto_model"": ""dccuchile/bert-base-spanish-wwm-cased"", ""chunk_stride"": 256, ""max_tokens"": 512, ""n_cv_splits"": 5, ""n_search_iter"": 0, ""seeds"": [42, 43, 44, 45, 46], ""sentence_transformer_model"": ""intfloat/multilingual-e5-small"", ""tfidf_lemmatize"": true, ""tfidf_max_df"": 0.9, ""tfidf_max_features"": 300, ""tfidf_min_df"": 3, ""tfidf_ngram_range"": [1, 2], ""tfidf_normalize_numbers"": true}",2026-09-09T11:26:36
E1_BETO,frozen,participant,01,no_augmentation,GAD7,45,DecisionTree,6.489129,False,dccuchile/bert-base-spanish-wwm-cased,defaults,"{""augmentation"": ""no_augmentation"", ""beto_model"": ""dccuchile/bert-base-spanish-wwm-cased"", ""chunk_stride"": 256, ""max_tokens"": 512, ""n_cv_splits"": 5, ""n_search_iter"": 0, ""seeds"": [42, 43, 44, 45, 46], ""sentence_transformer_model"": ""intfloat/multilingual-e5-small"", ""tfidf_lemmatize"": true, ""tfidf_max_df"": 0.9, ""tfidf_max_features"": 300, ""tfidf_min_df"": 3, ""tfidf_ngram_range"": [1, 2], ""tfidf_normalize_numbers"": true}",2026-09-09T11:26:36
E1_BETO,frozen,participant,01,no_augmentation,GAD7,45,AdaBoost,4.82397,False,dccuchile/bert-base-spanish-wwm-cased,defaults,"{""augmentation"": ""no_augmentation"", ""beto_model"": ""dccuchile/bert-base-spanish-wwm-cased"", ""chunk_stride"": 256, ""max_tokens"": 512, ""n_cv_splits"": 5, ""n_search_iter"": 0, ""seeds"": [42, 43, 44, 45, 46], ""sentence_transformer_model"": ""intfloat/multilingual-e5-small"", ""tfidf_lemmatize"": true, ""tfidf_max_df"": 0.9, ""tfidf_max_features"": 300, ""tfidf_min_df"": 3, ""tfidf_ngram_range"": [1, 2], ""tfidf_normalize_numbers"": true}",2026-09-09T11:26:36
E1_BETO,frozen,participant,01,no_augmentation,PHQ9,46,Ridge,5.979892,False,dccuchile/bert-base-spanish-wwm-cased,defaults,"{""augmentation"": ""no_augmentation"", ""beto_model"": ""dccuchile/bert-base-spanish-wwm-cased"", ""chunk_stride"": 256, ""max_tokens"": 512, ""n_cv_splits"": 5, ""n_search_iter"": 0, ""seeds"": [42, 43, 44, 45, 46], ""sentence_transformer_model"": ""intfloat/multilingual-e5-small"", ""tfidf_lemmatize"": true, ""tfidf_max_df"": 0.9, ""tfidf_max_features"": 300, ""tfidf_min_df"": 3, ""tfidf_ngram_range"": [1, 2], ""tfidf_normalize_numbers"": true}",2026-09-09T11:27:14
E1_BETO,frozen,participant,01,no_augmentation,PHQ9,46,SVR,5.189922,True,dccuchile/bert-base-spanish-wwm-cased,defaults,"{""augmentation"": ""no_augmentation"", ""beto_model"": ""dccuchile/bert-base-spanish-wwm-cased"", ""chunk_stride"": 256, ""max_tokens"": 512, ""n_cv_splits"": 5, ""n_search_iter"": 0, ""seeds"": [42, 43, 44, 45, 46], ""sentence_transformer_model"": ""intfloat/multilingual-e5-small"", ""tfidf_lemmatize"": true, ""tfidf_max_df"": 0.9, ""tfidf_max_features"": 300, ""tfidf_min_df"": 3, ""tfidf_ngram_range"": [1, 2], ""tfidf_normalize_numbers"": true}",2026-09-09T11:27:14
E1_BETO,frozen,participant,01,no_augmentation,PHQ9,46,RandomForest,5.451573,False,dccuchile/bert-base-spanish-wwm-cased,defaults,"{""augmentation"": ""no_augmentation"", ""beto_model"": ""dccuchile/bert-base-spanish-wwm-cased"", ""chunk_stride"": 256, ""max_tokens"": 512, ""n_cv_splits"": 5, ""n_search_iter"": 0, ""seeds"": [42, 43, 44, 45, 46], ""sentence_transformer_model"": ""intfloat/multilingual-e5-small"", ""tfidf_lemmatize"": true, ""tfidf_max_df"": 0.9, ""tfidf_max_features"": 300, ""tfidf_min_df"": 3, ""tfidf_ngram_range"": [1, 2], ""tfidf_normalize_numbers"": true}",2026-09-09T11:27:14
E1_BETO,frozen,participant,01,no_augmentation,PHQ9,46,ExtraTrees,5.459763,False,dccuchile/bert-base-spanish-wwm-cased,defaults,"{""augmentation"": ""no_augmentation"", ""beto_model"": ""dccuchile/bert-base-spanish-wwm-cased"", ""chunk_stride"": 256, ""max_tokens"": 512, ""n_cv_splits"": 5, ""n_search_iter"": 0, ""seeds"": [42, 43, 44, 45, 46], ""sentence_transformer_model"": ""intfloat/multilingual-e5-small"", ""tfidf_lemmatize"": true, ""tfidf_max_df"": 0.9, ""tfidf_max_features"": 300, ""tfidf_min_df"": 3, ""tfidf_ngram_range"": [1, 2], ""tfidf_normalize_numbers"": true}",2026-09-09T11:27:14
E1_BETO,frozen,participant,01,no_augmentation,PHQ9,46,GradientBoosting,5.291804,False,dccuchile/bert-base-spanish-wwm-cased,defaults,"{""augmentation"": ""no_augmentation"", ""beto_model"": ""dccuchile/bert-base-spanish-wwm-cased"", ""chunk_stride"": 256, ""max_tokens"": 512, ""n_cv_splits"": 5, ""n_search_iter"": 0, ""seeds"": [42, 43, 44, 45, 46], ""sentence_transformer_model"": ""intfloat/multilingual-e5-small"", ""tfidf_lemmatize"": true, ""tfidf_max_df"": 0.9, ""tfidf_max_features"": 300, ""tfidf_min_df"": 3, ""tfidf_ngram_range"": [1, 2], ""tfidf_normalize_numbers"": true}",2026-09-09T11:27:14
E1_BETO,frozen,participant,01,no_augmentation,PHQ9,46,LightGBM,5.994998,False,dccuchile/bert-base-spanish-wwm-cased,defaults,"{""augmentation"": ""no_augmentation"", ""beto_model"": ""dccuchile/bert-base-spanish-wwm-cased"", ""chunk_stride"": 256, ""max_tokens"": 512, ""n_cv_splits"": 5, ""n_search_iter"": 0, ""seeds"": [42, 43, 44, 45, 46], ""sentence_transformer_model"": ""intfloat/multilingual-e5-small"", ""tfidf_lemmatize"": true, ""tfidf_max_df"": 0.9, ""tfidf_max_features"": 300, ""tfidf_min_df"": 3, ""tfidf_ngram_range"": [1, 2], ""tfidf_normalize_numbers"": true}",2026-09-09T11:27:14
E1_BETO,frozen,participant,01,no_augmentation,PHQ9,46,KNN,5.550067,False,dccuchile/bert-base-spanish-wwm-cased,defaults,"{""augmentation"": ""no_augmentation"", ""beto_model"": ""dccuchile/bert-base-spanish-wwm-cased"", ""chunk_stride"": 256, ""max_tokens"": 512, ""n_cv_splits"": 5, ""n_search_iter"": 0, ""seeds"": [42, 43, 44, 45, 46], ""sentence_transformer_model"": ""intfloat/multilingual-e5-small"", ""tfidf_lemmatize"": true, ""tfidf_max_df"": 0.9, ""tfidf_max_features"": 300, ""tfidf_min_df"": 3, ""tfidf_ngram_range"": [1, 2], ""tfidf_normalize_numbers"": true}",2026-09-09T11:27:14
E1_BETO,frozen,participant,01,no_augmentation,PHQ9,46,DecisionTree,7.183905,False,dccuchile/bert-base-spanish-wwm-cased,defaults,"{""augmentation"": ""no_augmentation"", ""beto_model"": ""dccuchile/bert-base-spanish-wwm-cased"", ""chunk_stride"": 256, ""max_tokens"": 512, ""n_cv_splits"": 5, ""n_search_iter"": 0, ""seeds"": [42, 43, 44, 45, 46], ""sentence_transformer_model"": ""intfloat/multilingual-e5-small"", ""tfidf_lemmatize"": true, ""tfidf_max_df"": 0.9, ""tfidf_max_features"": 300, ""tfidf_min_df"": 3, ""tfidf_ngram_range"": [1, 2], ""tfidf_normalize_numbers"": true}",2026-09-09T11:27:14
E1_BETO,frozen,participant,01,no_augmentation,PHQ9,46,AdaBoost,5.426139,False,dccuchile/bert-base-spanish-wwm-cased,defaults,"{""augmentation"": ""no_augmentation"", ""beto_model"": ""dccuchile/bert-base-spanish-wwm-cased"", ""chunk_stride"": 256, ""max_tokens"": 512, ""n_cv_splits"": 5, ""n_search_iter"": 0, ""seeds"": [42, 43, 44, 45, 46], ""sentence_transformer_model"": ""intfloat/multilingual-e5-small"", ""tfidf_lemmatize"": true, ""tfidf_max_df"": 0.9, ""tfidf_max_features"": 300, ""tfidf_min_df"": 3, ""tfidf_ngram_range"": [1, 2], ""tfidf_normalize_numbers"": true}",2026-09-09T11:27:14
E1_BETO,frozen,participant,01,no_augmentation,GAD7,46,Ridge,5.827746,False,dccuchile/bert-base-spanish-wwm-cased,defaults,"{""augmentation"": ""no_augmentation"", ""beto_model"": ""dccuchile/bert-base-spanish-wwm-cased"", ""chunk_stride"": 256, ""max_tokens"": 512, ""n_cv_splits"": 5, ""n_search_iter"": 0, ""seeds"": [42, 43, 44, 45, 46], ""sentence_transformer_model"": ""intfloat/multilingual-e5-small"", ""tfidf_lemmatize"": true, ""tfidf_max_df"": 0.9, ""tfidf_max_features"": 300, ""tfidf_min_df"": 3, ""tfidf_ngram_range"": [1, 2], ""tfidf_normalize_numbers"": true}",2026-09-09T11:27:53
E1_BETO,frozen,participant,01,no_augmentation,GAD7,46,SVR,4.471901,True,dccuchile/bert-base-spanish-wwm-cased,defaults,"{""augmentation"": ""no_augmentation"", ""beto_model"": ""dccuchile/bert-base-spanish-wwm-cased"", ""chunk_stride"": 256, ""max_tokens"": 512, ""n_cv_splits"": 5, ""n_search_iter"": 0, ""seeds"": [42, 43, 44, 45, 46], ""sentence_transformer_model"": ""intfloat/multilingual-e5-small"", ""tfidf_lemmatize"": true, ""tfidf_max_df"": 0.9, ""tfidf_max_features"": 300, ""tfidf_min_df"": 3, ""tfidf_ngram_range"": [1, 2], ""tfidf_normalize_numbers"": true}",2026-09-09T11:27:53
E1_BETO,frozen,participant,01,no_augmentation,GAD7,46,RandomForest,4.620553,False,dccuchile/bert-base-spanish-wwm-cased,defaults,"{""augmentation"": ""no_augmentation"", ""beto_model"": ""dccuchile/bert-base-spanish-wwm-cased"", ""chunk_stride"": 256, ""max_tokens"": 512, ""n_cv_splits"": 5, ""n_search_iter"": 0, ""seeds"": [42, 43, 44, 45, 46], ""sentence_transformer_model"": ""intfloat/multilingual-e5-small"", ""tfidf_lemmatize"": true, ""tfidf_max_df"": 0.9, ""tfidf_max_features"": 300, ""tfidf_min_df"": 3, ""tfidf_ngram_range"": [1, 2], ""tfidf_normalize_numbers"": true}",2026-09-09T11:27:53
E1_BETO,frozen,participant,01,no_augmentation,GAD7,46,ExtraTrees,4.636313,False,dccuchile/bert-base-spanish-wwm-cased,defaults,"{""augmentation"": ""no_augmentation"", ""beto_model"": ""dccuchile/bert-base-spanish-wwm-cased"", ""chunk_stride"": 256, ""max_tokens"": 512, ""n_cv_splits"": 5, ""n_search_iter"": 0, ""seeds"": [42, 43, 44, 45, 46], ""sentence_transformer_model"": ""intfloat/multilingual-e5-small"", ""tfidf_lemmatize"": true, ""tfidf_max_df"": 0.9, ""tfidf_max_features"": 300, ""tfidf_min_df"": 3, ""tfidf_ngram_range"": [1, 2], ""tfidf_normalize_numbers"": true}",2026-09-09T11:27:53
E1_BETO,frozen,participant,01,no_augmentation,GAD7,46,GradientBoosting,4.934657,False,dccuchile/bert-base-spanish-wwm-cased,defaults,"{""augmentation"": ""no_augmentation"", ""beto_model"": ""dccuchile/bert-base-spanish-wwm-cased"", ""chunk_stride"": 256, ""max_tokens"": 512, ""n_cv_splits"": 5, ""n_search_iter"": 0, ""seeds"": [42, 43, 44, 45, 46], ""sentence_transformer_model"": ""intfloat/multilingual-e5-small"", ""tfidf_lemmatize"": true, ""tfidf_max_df"": 0.9, ""tfidf_max_features"": 300, ""tfidf_min_df"": 3, ""tfidf_ngram_range"": [1, 2], ""tfidf_normalize_numbers"": true}",2026-09-09T11:27:53
E1_BETO,frozen,participant,01,no_augmentation,GAD7,46,LightGBM,5.131813,False,dccuchile/bert-base-spanish-wwm-cased,defaults,"{""augmentation"": ""no_augmentation"", ""beto_model"": ""dccuchile/bert-base-spanish-wwm-cased"", ""chunk_stride"": 256, ""max_tokens"": 512, ""n_cv_splits"": 5, ""n_search_iter"": 0, ""seeds"": [42, 43, 44, 45, 46], ""sentence_transformer_model"": ""intfloat/multilingual-e5-small"", ""tfidf_lemmatize"": true, ""tfidf_max_df"": 0.9, ""tfidf_max_features"": 300, ""tfidf_min_df"": 3, ""tfidf_ngram_range"": [1, 2], ""tfidf_normalize_numbers"": true}",2026-09-09T11:27:53
E1_BETO,frozen,participant,01,no_augmentation,GAD7,46,KNN,4.702419,False,dccuchile/bert-base-spanish-wwm-cased,defaults,"{""augmentation"": ""no_augmentation"", ""beto_model"": ""dccuchile/bert-base-spanish-wwm-cased"", ""chunk_stride"": 256, ""max_tokens"": 512, ""n_cv_splits"": 5, ""n_search_iter"": 0, ""seeds"": [42, 43, 44, 45, 46], ""sentence_transformer_model"": ""intfloat/multilingual-e5-small"", ""tfidf_lemmatize"": true, ""tfidf_max_df"": 0.9, ""tfidf_max_features"": 300, ""tfidf_min_df"": 3, ""tfidf_ngram_range"": [1, 2], ""tfidf_normalize_numbers"": true}",2026-09-09T11:27:53
E1_BETO,frozen,participant,01,no_augmentation,GAD7,46,DecisionTree,6.496377,False,dccuchile/bert-base-spanish-wwm-cased,defaults,"{""augmentation"": ""no_augmentation"", ""beto_model"": ""dccuchile/bert-base-spanish-wwm-cased"", ""chunk_stride"": 256, ""max_tokens"": 512, ""n_cv_splits"": 5, ""n_search_iter"": 0, ""seeds"": [42, 43, 44, 45, 46], ""sentence_transformer_model"": ""intfloat/multilingual-e5-small"", ""tfidf_lemmatize"": true, ""tfidf_max_df"": 0.9, ""tfidf_max_features"": 300, ""tfidf_min_df"": 3, ""tfidf_ngram_range"": [1, 2], ""tfidf_normalize_numbers"": true}",2026-09-09T11:27:53
E1_BETO,frozen,participant,01,no_augmentation,GAD7,46,AdaBoost,4.779963,False,dccuchile/bert-base-spanish-wwm-cased,defaults,"{""augmentation"": ""no_augmentation"", ""beto_model"": ""dccuchile/bert-base-spanish-wwm-cased"", ""chunk_stride"": 256, ""max_tokens"": 512, ""n_cv_splits"": 5, ""n_search_iter"": 0, ""seeds"": [42, 43, 44, 45, 46], ""sentence_transformer_model"": ""intfloat/multilingual-e5-small"", ""tfidf_lemmatize"": true, ""tfidf_max_df"": 0.9, ""tfidf_max_features"": 300, ""tfidf_min_df"": 3, ""tfidf_ngram_range"": [1, 2], ""tfidf_normalize_numbers"": true}",2026-09-09T11:27:53
E2_E5SMALL,frozen,participant,01,no_augmentation,PHQ9,42,Ridge,6.837709,False,intfloat/multilingual-e5-small,defaults,"{""augmentation"": ""no_augmentation"", ""beto_model"": ""dccuchile/bert-base-spanish-wwm-cased"", ""chunk_stride"": 256, ""max_tokens"": 512, ""n_cv_splits"": 5, ""n_search_iter"": 0, ""seeds"": [42, 43, 44, 45, 46], ""sentence_transformer_model"": ""intfloat/multilingual-e5-small"", ""tfidf_lemmatize"": true, ""tfidf_max_df"": 0.9, ""tfidf_max_features"": 300, ""tfidf_min_df"": 3, ""tfidf_ngram_range"": [1, 2], ""tfidf_normalize_numbers"": true}",2026-09-09T11:28:14
E2_E5SMALL,frozen,participant,01,no_augmentation,PHQ9,42,SVR,5.568736,False,intfloat/multilingual-e5-small,defaults,"{""augmentation"": ""no_augmentation"", ""beto_model"": ""dccuchile/bert-base-spanish-wwm-cased"", ""chunk_stride"": 256, ""max_tokens"": 512, ""n_cv_splits"": 5, ""n_search_iter"": 0, ""seeds"": [42, 43, 44, 45, 46], ""sentence_transformer_model"": ""intfloat/multilingual-e5-small"", ""tfidf_lemmatize"": true, ""tfidf_max_df"": 0.9, ""tfidf_max_features"": 300, ""tfidf_min_df"": 3, ""tfidf_ngram_range"": [1, 2], ""tfidf_normalize_numbers"": true}",2026-09-09T11:28:14
E2_E5SMALL,frozen,participant,01,no_augmentation,PHQ9,42,RandomForest,5.580059,False,intfloat/multilingual-e5-small,defaults,"{""augmentation"": ""no_augmentation"", ""beto_model"": ""dccuchile/bert-base-spanish-wwm-cased"", ""chunk_stride"": 256, ""max_tokens"": 512, ""n_cv_splits"": 5, ""n_search_iter"": 0, ""seeds"": [42, 43, 44, 45, 46], ""sentence_transformer_model"": ""intfloat/multilingual-e5-small"", ""tfidf_lemmatize"": true, ""tfidf_max_df"": 0.9, ""tfidf_max_features"": 300, ""tfidf_min_df"": 3, ""tfidf_ngram_range"": [1, 2], ""tfidf_normalize_numbers"": true}",2026-09-09T11:28:14
E2_E5SMALL,frozen,participant,01,no_augmentation,PHQ9,42,ExtraTrees,5.578678,False,intfloat/multilingual-e5-small,defaults,"{""augmentation"": ""no_augmentation"", ""beto_model"": ""dccuchile/bert-base-spanish-wwm-cased"", ""chunk_stride"": 256, ""max_tokens"": 512, ""n_cv_splits"": 5, ""n_search_iter"": 0, ""seeds"": [42, 43, 44, 45, 46], ""sentence_transformer_model"": ""intfloat/multilingual-e5-small"", ""tfidf_lemmatize"": true, ""tfidf_max_df"": 0.9, ""tfidf_max_features"": 300, ""tfidf_min_df"": 3, ""tfidf_ngram_range"": [1, 2], ""tfidf_normalize_numbers"": true}",2026-09-09T11:28:14
E2_E5SMALL,frozen,participant,01,no_augmentation,PHQ9,42,GradientBoosting,5.807749,False,intfloat/multilingual-e5-small,defaults,"{""augmentation"": ""no_augmentation"", ""beto_model"": ""dccuchile/bert-base-spanish-wwm-cased"", ""chunk_stride"": 256, ""max_tokens"": 512, ""n_cv_splits"": 5, ""n_search_iter"": 0, ""seeds"": [42, 43, 44, 45, 46], ""sentence_transformer_model"": ""intfloat/multilingual-e5-small"", ""tfidf_lemmatize"": true, ""tfidf_max_df"": 0.9, ""tfidf_max_features"": 300, ""tfidf_min_df"": 3, ""tfidf_ngram_range"": [1, 2], ""tfidf_normalize_numbers"": true}",2026-09-09T11:28:14
E2_E5SMALL,frozen,participant,01,no_augmentation,PHQ9,42,LightGBM,5.894356,False,intfloat/multilingual-e5-small,defaults,"{""augmentation"": ""no_augmentation"", ""beto_model"": ""dccuchile/bert-base-spanish-wwm-cased"", ""chunk_stride"": 256, ""max_tokens"": 512, ""n_cv_splits"": 5, ""n_search_iter"": 0, ""seeds"": [42, 43, 44, 45, 46], ""sentence_transformer_model"": ""intfloat/multilingual-e5-small"", ""tfidf_lemmatize"": true, ""tfidf_max_df"": 0.9, ""tfidf_max_features"": 300, ""tfidf_min_df"": 3, ""tfidf_ngram_range"": [1, 2], ""tfidf_normalize_numbers"": true}",2026-09-09T11:28:14
E2_E5SMALL,frozen,participant,01,no_augmentation,PHQ9,42,KNN,5.71955,False,intfloat/multilingual-e5-small,defaults,"{""augmentation"": ""no_augmentation"", ""beto_model"": ""dccuchile/bert-base-spanish-wwm-cased"", ""chunk_stride"": 256, ""max_tokens"": 512, ""n_cv_splits"": 5, ""n_search_iter"": 0, ""seeds"": [42, 43, 44, 45, 46], ""sentence_transformer_model"": ""intfloat/multilingual-e5-small"", ""tfidf_lemmatize"": true, ""tfidf_max_df"": 0.9, ""tfidf_max_features"": 300, ""tfidf_min_df"": 3, ""tfidf_ngram_range"": [1, 2], ""tfidf_normalize_numbers"": true}",2026-09-09T11:28:14
E2_E5SMALL,frozen,participant,01,no_augmentation,PHQ9,42,DecisionTree,8.272205,False,intfloat/multilingual-e5-small,defaults,"{""augmentation"": ""no_augmentation"", ""beto_model"": ""dccuchile/bert-base-spanish-wwm-cased"", ""chunk_stride"": 256, ""max_tokens"": 512, ""n_cv_splits"": 5, ""n_search_iter"": 0, ""seeds"": [42, 43, 44, 45, 46], ""sentence_transformer_model"": ""intfloat/multilingual-e5-small"", ""tfidf_lemmatize"": true, ""tfidf_max_df"": 0.9, ""tfidf_max_features"": 300, ""tfidf_min_df"": 3, ""tfidf_ngram_range"": [1, 2], ""tfidf_normalize_numbers"": true}",2026-09-09T11:28:14
E2_E5SMALL,frozen,participant,01,no_augmentation,PHQ9,42,AdaBoost,5.516649,True,intfloat/multilingual-e5-small,defaults,"{""augmentation"": ""no_augmentation"", ""beto_model"": ""dccuchile/bert-base-spanish-wwm-cased"", ""chunk_stride"": 256, ""max_tokens"": 512, ""n_cv_splits"": 5, ""n_search_iter"": 0, ""seeds"": [42, 43, 44, 45, 46], ""sentence_transformer_model"": ""intfloat/multilingual-e5-small"", ""tfidf_lemmatize"": true, ""tfidf_max_df"": 0.9, ""tfidf_max_features"": 300, ""tfidf_min_df"": 3, ""tfidf_ngram_range"": [1, 2], ""tfidf_normalize_numbers"": true}",2026-09-09T11:28:14
E2_E5SMALL,frozen,participant,01,no_augmentation,GAD7,42,Ridge,5.624098,False,intfloat/multilingual-e5-small,defaults,"{""augmentation"": ""no_augmentation"", ""beto_model"": ""dccuchile/bert-base-spanish-wwm-cased"", ""chunk_stride"": 256, ""max_tokens"": 512, ""n_cv_splits"": 5, ""n_search_iter"": 0, ""seeds"": [42, 43, 44, 45, 46], ""sentence_transformer_model"": ""intfloat/multilingual-e5-small"", ""tfidf_lemmatize"": true, ""tfidf_max_df"": 0.9, ""tfidf_max_features"": 300, ""tfidf_min_df"": 3, ""tfidf_ngram_range"": [1, 2], ""tfidf_normalize_numbers"": true}",2026-09-09T11:28:35
E2_E5SMALL,frozen,participant,01,no_augmentation,GAD7,42,SVR,4.564414,False,intfloat/multilingual-e5-small,defaults,"{""augmentation"": ""no_augmentation"", ""beto_model"": ""dccuchile/bert-base-spanish-wwm-cased"", ""chunk_stride"": 256, ""max_tokens"": 512, ""n_cv_splits"": 5, ""n_search_iter"": 0, ""seeds"": [42, 43, 44, 45, 46], ""sentence_transformer_model"": ""intfloat/multilingual-e5-small"", ""tfidf_lemmatize"": true, ""tfidf_max_df"": 0.9, ""tfidf_max_features"": 300, ""tfidf_min_df"": 3, ""tfidf_ngram_range"": [1, 2], ""tfidf_normalize_numbers"": true}",2026-09-09T11:28:35
E2_E5SMALL,frozen,participant,01,no_augmentation,GAD7,42,RandomForest,4.563336,True,intfloat/multilingual-e5-small,defaults,"{""augmentation"": ""no_augmentation"", ""beto_model"": ""dccuchile/bert-base-spanish-wwm-cased"", ""chunk_stride"": 256, ""max_tokens"": 512, ""n_cv_splits"": 5, ""n_search_iter"": 0, ""seeds"": [42, 43, 44, 45, 46], ""sentence_transformer_model"": ""intfloat/multilingual-e5-small"", ""tfidf_lemmatize"": true, ""tfidf_max_df"": 0.9, ""tfidf_max_features"": 300, ""tfidf_min_df"": 3, ""tfidf_ngram_range"": [1, 2], ""tfidf_normalize_numbers"": true}",2026-09-09T11:28:35
E2_E5SMALL,frozen,participant,01,no_augmentation,GAD7,42,ExtraTrees,4.656309,False,intfloat/multilingual-e5-small,defaults,"{""augmentation"": ""no_augmentation"", ""beto_model"": ""dccuchile/bert-base-spanish-wwm-cased"", ""chunk_stride"": 256, ""max_tokens"": 512, ""n_cv_splits"": 5, ""n_search_iter"": 0, ""seeds"": [42, 43, 44, 45, 46], ""sentence_transformer_model"": ""intfloat/multilingual-e5-small"", ""tfidf_lemmatize"": true, ""tfidf_max_df"": 0.9, ""tfidf_max_features"": 300, ""tfidf_min_df"": 3, ""tfidf_ngram_range"": [1, 2], ""tfidf_normalize_numbers"": true}",2026-09-09T11:28:35
E2_E5SMALL,frozen,participant,01,no_augmentation,GAD7,42,GradientBoosting,4.711605,False,intfloat/multilingual-e5-small,defaults,"{""augmentation"": ""no_augmentation"", ""beto_model"": ""dccuchile/bert-base-spanish-wwm-cased"", ""chunk_stride"": 256, ""max_tokens"": 512, ""n_cv_splits"": 5, ""n_search_iter"": 0, ""seeds"": [42, 43, 44, 45, 46], ""sentence_transformer_model"": ""intfloat/multilingual-e5-small"", ""tfidf_lemmatize"": true, ""tfidf_max_df"": 0.9, ""tfidf_max_features"": 300, ""tfidf_min_df"": 3, ""tfidf_ngram_range"": [1, 2], ""tfidf_normalize_numbers"": true}",2026-09-09T11:28:35
E2_E5SMALL,frozen,participant,01,no_augmentation,GAD7,42,LightGBM,4.744371,False,intfloat/multilingual-e5-small,defaults,"{""augmentation"": ""no_augmentation"", ""beto_model"": ""dccuchile/bert-base-spanish-wwm-cased"", ""chunk_stride"": 256, ""max_tokens"": 512, ""n_cv_splits"": 5, ""n_search_iter"": 0, ""seeds"": [42, 43, 44, 45, 46], ""sentence_transformer_model"": ""intfloat/multilingual-e5-small"", ""tfidf_lemmatize"": true, ""tfidf_max_df"": 0.9, ""tfidf_max_features"": 300, ""tfidf_min_df"": 3, ""tfidf_ngram_range"": [1, 2], ""tfidf_normalize_numbers"": true}",2026-09-09T11:28:35
E2_E5SMALL,frozen,participant,01,no_augmentation,GAD7,42,KNN,4.799106,False,intfloat/multilingual-e5-small,defaults,"{""augmentation"": ""no_augmentation"", ""beto_model"": ""dccuchile/bert-base-spanish-wwm-cased"", ""chunk_stride"": 256, ""max_tokens"": 512, ""n_cv_splits"": 5, ""n_search_iter"": 0, ""seeds"": [42, 43, 44, 45, 46], ""sentence_transformer_model"": ""intfloat/multilingual-e5-small"", ""tfidf_lemmatize"": true, ""tfidf_max_df"": 0.9, ""tfidf_max_features"": 300, ""tfidf_min_df"": 3, ""tfidf_ngram_range"": [1, 2], ""tfidf_normalize_numbers"": true}",2026-09-09T11:28:35
E2_E5SMALL,frozen,participant,01,no_augmentation,GAD7,42,DecisionTree,6.421207,False,intfloat/multilingual-e5-small,defaults,"{""augmentation"": ""no_augmentation"", ""beto_model"": ""dccuchile/bert-base-spanish-wwm-cased"", ""chunk_stride"": 256, ""max_tokens"": 512, ""n_cv_splits"": 5, ""n_search_iter"": 0, ""seeds"": [42, 43, 44, 45, 46], ""sentence_transformer_model"": ""intfloat/multilingual-e5-small"", ""tfidf_lemmatize"": true, ""tfidf_max_df"": 0.9, ""tfidf_max_features"": 300, ""tfidf_min_df"": 3, ""tfidf_ngram_range"": [1, 2], ""tfidf_normalize_numbers"": true}",2026-09-09T11:28:35
E2_E5SMALL,frozen,participant,01,no_augmentation,GAD7,42,AdaBoost,4.57554,False,intfloat/multilingual-e5-small,defaults,"{""augmentation"": ""no_augmentation"", ""beto_model"": ""dccuchile/bert-base-spanish-wwm-cased"", ""chunk_stride"": 256, ""max_tokens"": 512, ""n_cv_splits"": 5, ""n_search_iter"": 0, ""seeds"": [42, 43, 44, 45, 46], ""sentence_transformer_model"": ""intfloat/multilingual-e5-small"", ""tfidf_lemmatize"": true, ""tfidf_max_df"": 0.9, ""tfidf_max_features"": 300, ""tfidf_min_df"": 3, ""tfidf_ngram_range"": [1, 2], ""tfidf_normalize_numbers"": true}",2026-09-09T11:28:35
E2_E5SMALL,frozen,participant,01,no_augmentation,PHQ9,43,Ridge,6.156767,False,intfloat/multilingual-e5-small,defaults,"{""augmentation"": ""no_augmentation"", ""beto_model"": ""dccuchile/bert-base-spanish-wwm-cased"", ""chunk_stride"": 256, ""max_tokens"": 512, ""n_cv_splits"": 5, ""n_search_iter"": 0, ""seeds"": [42, 43, 44, 45, 46], ""sentence_transformer_model"": ""intfloat/multilingual-e5-small"", ""tfidf_lemmatize"": true, ""tfidf_max_df"": 0.9, ""tfidf_max_features"": 300, ""tfidf_min_df"": 3, ""tfidf_ngram_range"": [1, 2], ""tfidf_normalize_numbers"": true}",2026-09-09T11:28:57
E2_E5SMALL,frozen,participant,01,no_augmentation,PHQ9,43,SVR,5.294964,False,intfloat/multilingual-e5-small,defaults,"{""augmentation"": ""no_augmentation"", ""beto_model"": ""dccuchile/bert-base-spanish-wwm-cased"", ""chunk_stride"": 256, ""max_tokens"": 512, ""n_cv_splits"": 5, ""n_search_iter"": 0, ""seeds"": [42, 43, 44, 45, 46], ""sentence_transformer_model"": ""intfloat/multilingual-e5-small"", ""tfidf_lemmatize"": true, ""tfidf_max_df"": 0.9, ""tfidf_max_features"": 300, ""tfidf_min_df"": 3, ""tfidf_ngram_range"": [1, 2], ""tfidf_normalize_numbers"": true}",2026-09-09T11:28:57
E2_E5SMALL,frozen,participant,01,no_augmentation,PHQ9,43,RandomForest,5.445542,False,intfloat/multilingual-e5-small,defaults,"{""augmentation"": ""no_augmentation"", ""beto_model"": ""dccuchile/bert-base-spanish-wwm-cased"", ""chunk_stride"": 256, ""max_tokens"": 512, ""n_cv_splits"": 5, ""n_search_iter"": 0, ""seeds"": [42, 43, 44, 45, 46], ""sentence_transformer_model"": ""intfloat/multilingual-e5-small"", ""tfidf_lemmatize"": true, ""tfidf_max_df"": 0.9, ""tfidf_max_features"": 300, ""tfidf_min_df"": 3, ""tfidf_ngram_range"": [1, 2], ""tfidf_normalize_numbers"": true}",2026-09-09T11:28:57
E2_E5SMALL,frozen,participant,01,no_augmentation,PHQ9,43,ExtraTrees,5.455757,False,intfloat/multilingual-e5-small,defaults,"{""augmentation"": ""no_augmentation"", ""beto_model"": ""dccuchile/bert-base-spanish-wwm-cased"", ""chunk_stride"": 256, ""max_tokens"": 512, ""n_cv_splits"": 5, ""n_search_iter"": 0, ""seeds"": [42, 43, 44, 45, 46], ""sentence_transformer_model"": ""intfloat/multilingual-e5-small"", ""tfidf_lemmatize"": true, ""tfidf_max_df"": 0.9, ""tfidf_max_features"": 300, ""tfidf_min_df"": 3, ""tfidf_ngram_range"": [1, 2], ""tfidf_normalize_numbers"": true}",2026-09-09T11:28:57
E2_E5SMALL,frozen,participant,01,no_augmentation,PHQ9,43,GradientBoosting,5.625824,False,intfloat/multilingual-e5-small,defaults,"{""augmentation"": ""no_augmentation"", ""beto_model"": ""dccuchile/bert-base-spanish-wwm-cased"", ""chunk_stride"": 256, ""max_tokens"": 512, ""n_cv_splits"": 5, ""n_search_iter"": 0, ""seeds"": [42, 43, 44, 45, 46], ""sentence_transformer_model"": ""intfloat/multilingual-e5-small"", ""tfidf_lemmatize"": true, ""tfidf_max_df"": 0.9, ""tfidf_max_features"": 300, ""tfidf_min_df"": 3, ""tfidf_ngram_range"": [1, 2], ""tfidf_normalize_numbers"": true}",2026-09-09T11:28:57
E2_E5SMALL,frozen,participant,01,no_augmentation,PHQ9,43,LightGBM,5.254296,True,intfloat/multilingual-e5-small,defaults,"{""augmentation"": ""no_augmentation"", ""beto_model"": ""dccuchile/bert-base-spanish-wwm-cased"", ""chunk_stride"": 256, ""max_tokens"": 512, ""n_cv_splits"": 5, ""n_search_iter"": 0, ""seeds"": [42, 43, 44, 45, 46], ""sentence_transformer_model"": ""intfloat/multilingual-e5-small"", ""tfidf_lemmatize"": true, ""tfidf_max_df"": 0.9, ""tfidf_max_features"": 300, ""tfidf_min_df"": 3, ""tfidf_ngram_range"": [1, 2], ""tfidf_normalize_numbers"": true}",2026-09-09T11:28:57
E2_E5SMALL,frozen,participant,01,no_augmentation,PHQ9,43,KNN,5.448699,False,intfloat/multilingual-e5-small,defaults,"{""augmentation"": ""no_augmentation"", ""beto_model"": ""dccuchile/bert-base-spanish-wwm-cased"", ""chunk_stride"": 256, ""max_tokens"": 512, ""n_cv_splits"": 5, ""n_search_iter"": 0, ""seeds"": [42, 43, 44, 45, 46], ""sentence_transformer_model"": ""intfloat/multilingual-e5-small"", ""tfidf_lemmatize"": true, ""tfidf_max_df"": 0.9, ""tfidf_max_features"": 300, ""tfidf_min_df"": 3, ""tfidf_ngram_range"": [1, 2], ""tfidf_normalize_numbers"": true}",2026-09-09T11:28:57
E2_E5SMALL,frozen,participant,01,no_augmentation,PHQ9,43,DecisionTree,7.560996,False,intfloat/multilingual-e5-small,defaults,"{""augmentation"": ""no_augmentation"", ""beto_model"": ""dccuchile/bert-base-spanish-wwm-cased"", ""chunk_stride"": 256, ""max_tokens"": 512, ""n_cv_splits"": 5, ""n_search_iter"": 0, ""seeds"": [42, 43, 44, 45, 46], ""sentence_transformer_model"": ""intfloat/multilingual-e5-small"", ""tfidf_lemmatize"": true, ""tfidf_max_df"": 0.9, ""tfidf_max_features"": 300, ""tfidf_min_df"": 3, ""tfidf_ngram_range"": [1, 2], ""tfidf_normalize_numbers"": true}",2026-09-09T11:28:57
E2_E5SMALL,frozen,participant,01,no_augmentation,PHQ9,43,AdaBoost,5.326643,False,intfloat/multilingual-e5-small,defaults,"{""augmentation"": ""no_augmentation"", ""beto_model"": ""dccuchile/bert-base-spanish-wwm-cased"", ""chunk_stride"": 256, ""max_tokens"": 512, ""n_cv_splits"": 5, ""n_search_iter"": 0, ""seeds"": [42, 43, 44, 45, 46], ""sentence_transformer_model"": ""intfloat/multilingual-e5-small"", ""tfidf_lemmatize"": true, ""tfidf_max_df"": 0.9, ""tfidf_max_features"": 300, ""tfidf_min_df"": 3, ""tfidf_ngram_range"": [1, 2], ""tfidf_normalize_numbers"": true}",2026-09-09T11:28:57
E2_E5SMALL,frozen,participant,01,no_augmentation,GAD7,43,Ridge,5.474594,False,intfloat/multilingual-e5-small,defaults,"{""augmentation"": ""no_augmentation"", ""beto_model"": ""dccuchile/bert-base-spanish-wwm-cased"", ""chunk_stride"": 256, ""max_tokens"": 512, ""n_cv_splits"": 5, ""n_search_iter"": 0, ""seeds"": [42, 43, 44, 45, 46], ""sentence_transformer_model"": ""intfloat/multilingual-e5-small"", ""tfidf_lemmatize"": true, ""tfidf_max_df"": 0.9, ""tfidf_max_features"": 300, ""tfidf_min_df"": 3, ""tfidf_ngram_range"": [1, 2], ""tfidf_normalize_numbers"": true}",2026-09-09T11:29:18
E2_E5SMALL,frozen,participant,01,no_augmentation,GAD7,43,SVR,4.45765,False,intfloat/multilingual-e5-small,defaults,"{""augmentation"": ""no_augmentation"", ""beto_model"": ""dccuchile/bert-base-spanish-wwm-cased"", ""chunk_stride"": 256, ""max_tokens"": 512, ""n_cv_splits"": 5, ""n_search_iter"": 0, ""seeds"": [42, 43, 44, 45, 46], ""sentence_transformer_model"": ""intfloat/multilingual-e5-small"", ""tfidf_lemmatize"": true, ""tfidf_max_df"": 0.9, ""tfidf_max_features"": 300, ""tfidf_min_df"": 3, ""tfidf_ngram_range"": [1, 2], ""tfidf_normalize_numbers"": true}",2026-09-09T11:29:18
E2_E5SMALL,frozen,participant,01,no_augmentation,GAD7,43,RandomForest,4.573069,False,intfloat/multilingual-e5-small,defaults,"{""augmentation"": ""no_augmentation"", ""beto_model"": ""dccuchile/bert-base-spanish-wwm-cased"", ""chunk_stride"": 256, ""max_tokens"": 512, ""n_cv_splits"": 5, ""n_search_iter"": 0, ""seeds"": [42, 43, 44, 45, 46], ""sentence_transformer_model"": ""intfloat/multilingual-e5-small"", ""tfidf_lemmatize"": true, ""tfidf_max_df"": 0.9, ""tfidf_max_features"": 300, ""tfidf_min_df"": 3, ""tfidf_ngram_range"": [1, 2], ""tfidf_normalize_numbers"": true}",2026-09-09T11:29:18
E2_E5SMALL,frozen,participant,01,no_augmentation,GAD7,43,ExtraTrees,4.56974,False,intfloat/multilingual-e5-small,defaults,"{""augmentation"": ""no_augmentation"", ""beto_model"": ""dccuchile/bert-base-spanish-wwm-cased"", ""chunk_stride"": 256, ""max_tokens"": 512, ""n_cv_splits"": 5, ""n_search_iter"": 0, ""seeds"": [42, 43, 44, 45, 46], ""sentence_transformer_model"": ""intfloat/multilingual-e5-small"", ""tfidf_lemmatize"": true, ""tfidf_max_df"": 0.9, ""tfidf_max_features"": 300, ""tfidf_min_df"": 3, ""tfidf_ngram_range"": [1, 2], ""tfidf_normalize_numbers"": true}",2026-09-09T11:29:18
E2_E5SMALL,frozen,participant,01,no_augmentation,GAD7,43,GradientBoosting,4.451671,False,intfloat/multilingual-e5-small,defaults,"{""augmentation"": ""no_augmentation"", ""beto_model"": ""dccuchile/bert-base-spanish-wwm-cased"", ""chunk_stride"": 256, ""max_tokens"": 512, ""n_cv_splits"": 5, ""n_search_iter"": 0, ""seeds"": [42, 43, 44, 45, 46], ""sentence_transformer_model"": ""intfloat/multilingual-e5-small"", ""tfidf_lemmatize"": true, ""tfidf_max_df"": 0.9, ""tfidf_max_features"": 300, ""tfidf_min_df"": 3, ""tfidf_ngram_range"": [1, 2], ""tfidf_normalize_numbers"": true}",2026-09-09T11:29:18
E2_E5SMALL,frozen,participant,01,no_augmentation,GAD7,43,LightGBM,4.602383,False,intfloat/multilingual-e5-small,defaults,"{""augmentation"": ""no_augmentation"", ""beto_model"": ""dccuchile/bert-base-spanish-wwm-cased"", ""chunk_stride"": 256, ""max_tokens"": 512, ""n_cv_splits"": 5, ""n_search_iter"": 0, ""seeds"": [42, 43, 44, 45, 46], ""sentence_transformer_model"": ""intfloat/multilingual-e5-small"", ""tfidf_lemmatize"": true, ""tfidf_max_df"": 0.9, ""tfidf_max_features"": 300, ""tfidf_min_df"": 3, ""tfidf_ngram_range"": [1, 2], ""tfidf_normalize_numbers"": true}",2026-09-09T11:29:18
E2_E5SMALL,frozen,participant,01,no_augmentation,GAD7,43,KNN,4.556167,False,intfloat/multilingual-e5-small,defaults,"{""augmentation"": ""no_augmentation"", ""beto_model"": ""dccuchile/bert-base-spanish-wwm-cased"", ""chunk_stride"": 256, ""max_tokens"": 512, ""n_cv_splits"": 5, ""n_search_iter"": 0, ""seeds"": [42, 43, 44, 45, 46], ""sentence_transformer_model"": ""intfloat/multilingual-e5-small"", ""tfidf_lemmatize"": true, ""tfidf_max_df"": 0.9, ""tfidf_max_features"": 300, ""tfidf_min_df"": 3, ""tfidf_ngram_range"": [1, 2], ""tfidf_normalize_numbers"": true}",2026-09-09T11:29:18
E2_E5SMALL,frozen,participant,01,no_augmentation,GAD7,43,DecisionTree,6.826005,False,intfloat/multilingual-e5-small,defaults,"{""augmentation"": ""no_augmentation"", ""beto_model"": ""dccuchile/bert-base-spanish-wwm-cased"", ""chunk_stride"": 256, ""max_tokens"": 512, ""n_cv_splits"": 5, ""n_search_iter"": 0, ""seeds"": [42, 43, 44, 45, 46], ""sentence_transformer_model"": ""intfloat/multilingual-e5-small"", ""tfidf_lemmatize"": true, ""tfidf_max_df"": 0.9, ""tfidf_max_features"": 300, ""tfidf_min_df"": 3, ""tfidf_ngram_range"": [1, 2], ""tfidf_normalize_numbers"": true}",2026-09-09T11:29:18
E2_E5SMALL,frozen,participant,01,no_augmentation,GAD7,43,AdaBoost,4.407583,True,intfloat/multilingual-e5-small,defaults,"{""augmentation"": ""no_augmentation"", ""beto_model"": ""dccuchile/bert-base-spanish-wwm-cased"", ""chunk_stride"": 256, ""max_tokens"": 512, ""n_cv_splits"": 5, ""n_search_iter"": 0, ""seeds"": [42, 43, 44, 45, 46], ""sentence_transformer_model"": ""intfloat/multilingual-e5-small"", ""tfidf_lemmatize"": true, ""tfidf_max_df"": 0.9, ""tfidf_max_features"": 300, ""tfidf_min_df"": 3, ""tfidf_ngram_range"": [1, 2], ""tfidf_normalize_numbers"": true}",2026-09-09T11:29:18
E2_E5SMALL,frozen,participant,01,no_augmentation,PHQ9,44,Ridge,6.659058,False,intfloat/multilingual-e5-small,defaults,"{""augmentation"": ""no_augmentation"", ""beto_model"": ""dccuchile/bert-base-spanish-wwm-cased"", ""chunk_stride"": 256, ""max_tokens"": 512, ""n_cv_splits"": 5, ""n_search_iter"": 0, ""seeds"": [42, 43, 44, 45, 46], ""sentence_transformer_model"": ""intfloat/multilingual-e5-small"", ""tfidf_lemmatize"": true, ""tfidf_max_df"": 0.9, ""tfidf_max_features"": 300, ""tfidf_min_df"": 3, ""tfidf_ngram_range"": [1, 2], ""tfidf_normalize_numbers"": true}",2026-09-09T11:29:39
E2_E5SMALL,frozen,participant,01,no_augmentation,PHQ9,44,SVR,5.316698,False,intfloat/multilingual-e5-small,defaults,"{""augmentation"": ""no_augmentation"", ""beto_model"": ""dccuchile/bert-base-spanish-wwm-cased"", ""chunk_stride"": 256, ""max_tokens"": 512, ""n_cv_splits"": 5, ""n_search_iter"": 0, ""seeds"": [42, 43, 44, 45, 46], ""sentence_transformer_model"": ""intfloat/multilingual-e5-small"", ""tfidf_lemmatize"": true, ""tfidf_max_df"": 0.9, ""tfidf_max_features"": 300, ""tfidf_min_df"": 3, ""tfidf_ngram_range"": [1, 2], ""tfidf_normalize_numbers"": true}",2026-09-09T11:29:39
E2_E5SMALL,frozen,participant,01,no_augmentation,PHQ9,44,RandomForest,5.498385,False,intfloat/multilingual-e5-small,defaults,"{""augmentation"": ""no_augmentation"", ""beto_model"": ""dccuchile/bert-base-spanish-wwm-cased"", ""chunk_stride"": 256, ""max_tokens"": 512, ""n_cv_splits"": 5, ""n_search_iter"": 0, ""seeds"": [42, 43, 44, 45, 46], ""sentence_transformer_model"": ""intfloat/multilingual-e5-small"", ""tfidf_lemmatize"": true, ""tfidf_max_df"": 0.9, ""tfidf_max_features"": 300, ""tfidf_min_df"": 3, ""tfidf_ngram_range"": [1, 2], ""tfidf_normalize_numbers"": true}",2026-09-09T11:29:39
E2_E5SMALL,frozen,participant,01,no_augmentation,PHQ9,44,ExtraTrees,5.465785,False,intfloat/multilingual-e5-small,defaults,"{""augmentation"": ""no_augmentation"", ""beto_model"": ""dccuchile/bert-base-spanish-wwm-cased"", ""chunk_stride"": 256, ""max_tokens"": 512, ""n_cv_splits"": 5, ""n_search_iter"": 0, ""seeds"": [42, 43, 44, 45, 46], ""sentence_transformer_model"": ""intfloat/multilingual-e5-small"", ""tfidf_lemmatize"": true, ""tfidf_max_df"": 0.9, ""tfidf_max_features"": 300, ""tfidf_min_df"": 3, ""tfidf_ngram_range"": [1, 2], ""tfidf_normalize_numbers"": true}",2026-09-09T11:29:39
E2_E5SMALL,frozen,participant,01,no_augmentation,PHQ9,44,GradientBoosting,5.544404,False,intfloat/multilingual-e5-small,defaults,"{""augmentation"": ""no_augmentation"", ""beto_model"": ""dccuchile/bert-base-spanish-wwm-cased"", ""chunk_stride"": 256, ""max_tokens"": 512, ""n_cv_splits"": 5, ""n_search_iter"": 0, ""seeds"": [42, 43, 44, 45, 46], ""sentence_transformer_model"": ""intfloat/multilingual-e5-small"", ""tfidf_lemmatize"": true, ""tfidf_max_df"": 0.9, ""tfidf_max_features"": 300, ""tfidf_min_df"": 3, ""tfidf_ngram_range"": [1, 2], ""tfidf_normalize_numbers"": true}",2026-09-09T11:29:39
E2_E5SMALL,frozen,participant,01,no_augmentation,PHQ9,44,LightGBM,5.21322,True,intfloat/multilingual-e5-small,defaults,"{""augmentation"": ""no_augmentation"", ""beto_model"": ""dccuchile/bert-base-spanish-wwm-cased"", ""chunk_stride"": 256, ""max_tokens"": 512, ""n_cv_splits"": 5, ""n_search_iter"": 0, ""seeds"": [42, 43, 44, 45, 46], ""sentence_transformer_model"": ""intfloat/multilingual-e5-small"", ""tfidf_lemmatize"": true, ""tfidf_max_df"": 0.9, ""tfidf_max_features"": 300, ""tfidf_min_df"": 3, ""tfidf_ngram_range"": [1, 2], ""tfidf_normalize_numbers"": true}",2026-09-09T11:29:39
E2_E5SMALL,frozen,participant,01,no_augmentation,PHQ9,44,KNN,5.462718,False,intfloat/multilingual-e5-small,defaults,"{""augmentation"": ""no_augmentation"", ""beto_model"": ""dccuchile/bert-base-spanish-wwm-cased"", ""chunk_stride"": 256, ""max_tokens"": 512, ""n_cv_splits"": 5, ""n_search_iter"": 0, ""seeds"": [42, 43, 44, 45, 46], ""sentence_transformer_model"": ""intfloat/multilingual-e5-small"", ""tfidf_lemmatize"": true, ""tfidf_max_df"": 0.9, ""tfidf_max_features"": 300, ""tfidf_min_df"": 3, ""tfidf_ngram_range"": [1, 2], ""tfidf_normalize_numbers"": true}",2026-09-09T11:29:39
E2_E5SMALL,frozen,participant,01,no_augmentation,PHQ9,44,DecisionTree,7.224112,False,intfloat/multilingual-e5-small,defaults,"{""augmentation"": ""no_augmentation"", ""beto_model"": ""dccuchile/bert-base-spanish-wwm-cased"", ""chunk_stride"": 256, ""max_tokens"": 512, ""n_cv_splits"": 5, ""n_search_iter"": 0, ""seeds"": [42, 43, 44, 45, 46], ""sentence_transformer_model"": ""intfloat/multilingual-e5-small"", ""tfidf_lemmatize"": true, ""tfidf_max_df"": 0.9, ""tfidf_max_features"": 300, ""tfidf_min_df"": 3, ""tfidf_ngram_range"": [1, 2], ""tfidf_normalize_numbers"": true}",2026-09-09T11:29:39
E2_E5SMALL,frozen,participant,01,no_augmentation,PHQ9,44,AdaBoost,5.469156,False,intfloat/multilingual-e5-small,defaults,"{""augmentation"": ""no_augmentation"", ""beto_model"": ""dccuchile/bert-base-spanish-wwm-cased"", ""chunk_stride"": 256, ""max_tokens"": 512, ""n_cv_splits"": 5, ""n_search_iter"": 0, ""seeds"": [42, 43, 44, 45, 46], ""sentence_transformer_model"": ""intfloat/multilingual-e5-small"", ""tfidf_lemmatize"": true, ""tfidf_max_df"": 0.9, ""tfidf_max_features"": 300, ""tfidf_min_df"": 3, ""tfidf_ngram_range"": [1, 2], ""tfidf_normalize_numbers"": true}",2026-09-09T11:29:39
E2_E5SMALL,frozen,participant,01,no_augmentation,GAD7,44,Ridge,5.409739,False,intfloat/multilingual-e5-small,defaults,"{""augmentation"": ""no_augmentation"", ""beto_model"": ""dccuchile/bert-base-spanish-wwm-cased"", ""chunk_stride"": 256, ""max_tokens"": 512, ""n_cv_splits"": 5, ""n_search_iter"": 0, ""seeds"": [42, 43, 44, 45, 46], ""sentence_transformer_model"": ""intfloat/multilingual-e5-small"", ""tfidf_lemmatize"": true, ""tfidf_max_df"": 0.9, ""tfidf_max_features"": 300, ""tfidf_min_df"": 3, ""tfidf_ngram_range"": [1, 2], ""tfidf_normalize_numbers"": true}",2026-09-09T11:30:00
E2_E5SMALL,frozen,participant,01,no_augmentation,GAD7,44,SVR,4.432954,True,intfloat/multilingual-e5-small,defaults,"{""augmentation"": ""no_augmentation"", ""beto_model"": ""dccuchile/bert-base-spanish-wwm-cased"", ""chunk_stride"": 256, ""max_tokens"": 512, ""n_cv_splits"": 5, ""n_search_iter"": 0, ""seeds"": [42, 43, 44, 45, 46], ""sentence_transformer_model"": ""intfloat/multilingual-e5-small"", ""tfidf_lemmatize"": true, ""tfidf_max_df"": 0.9, ""tfidf_max_features"": 300, ""tfidf_min_df"": 3, ""tfidf_ngram_range"": [1, 2], ""tfidf_normalize_numbers"": true}",2026-09-09T11:30:00
E2_E5SMALL,frozen,participant,01,no_augmentation,GAD7,44,RandomForest,4.532878,False,intfloat/multilingual-e5-small,defaults,"{""augmentation"": ""no_augmentation"", ""beto_model"": ""dccuchile/bert-base-spanish-wwm-cased"", ""chunk_stride"": 256, ""max_tokens"": 512, ""n_cv_splits"": 5, ""n_search_iter"": 0, ""seeds"": [42, 43, 44, 45, 46], ""sentence_transformer_model"": ""intfloat/multilingual-e5-small"", ""tfidf_lemmatize"": true, ""tfidf_max_df"": 0.9, ""tfidf_max_features"": 300, ""tfidf_min_df"": 3, ""tfidf_ngram_range"": [1, 2], ""tfidf_normalize_numbers"": true}",2026-09-09T11:30:00
E2_E5SMALL,frozen,participant,01,no_augmentation,GAD7,44,ExtraTrees,4.538776,False,intfloat/multilingual-e5-small,defaults,"{""augmentation"": ""no_augmentation"", ""beto_model"": ""dccuchile/bert-base-spanish-wwm-cased"", ""chunk_stride"": 256, ""max_tokens"": 512, ""n_cv_splits"": 5, ""n_search_iter"": 0, ""seeds"": [42, 43, 44, 45, 46], ""sentence_transformer_model"": ""intfloat/multilingual-e5-small"", ""tfidf_lemmatize"": true, ""tfidf_max_df"": 0.9, ""tfidf_max_features"": 300, ""tfidf_min_df"": 3, ""tfidf_ngram_range"": [1, 2], ""tfidf_normalize_numbers"": true}",2026-09-09T11:30:00
E2_E5SMALL,frozen,participant,01,no_augmentation,GAD7,44,GradientBoosting,4.668678,False,intfloat/multilingual-e5-small,defaults,"{""augmentation"": ""no_augmentation"", ""beto_model"": ""dccuchile/bert-base-spanish-wwm-cased"", ""chunk_stride"": 256, ""max_tokens"": 512, ""n_cv_splits"": 5, ""n_search_iter"": 0, ""seeds"": [42, 43, 44, 45, 46], ""sentence_transformer_model"": ""intfloat/multilingual-e5-small"", ""tfidf_lemmatize"": true, ""tfidf_max_df"": 0.9, ""tfidf_max_features"": 300, ""tfidf_min_df"": 3, ""tfidf_ngram_range"": [1, 2], ""tfidf_normalize_numbers"": true}",2026-09-09T11:30:00
E2_E5SMALL,frozen,participant,01,no_augmentation,GAD7,44,LightGBM,4.691069,False,intfloat/multilingual-e5-small,defaults,"{""augmentation"": ""no_augmentation"", ""beto_model"": ""dccuchile/bert-base-spanish-wwm-cased"", ""chunk_stride"": 256, ""max_tokens"": 512, ""n_cv_splits"": 5, ""n_search_iter"": 0, ""seeds"": [42, 43, 44, 45, 46], ""sentence_transformer_model"": ""intfloat/multilingual-e5-small"", ""tfidf_lemmatize"": true, ""tfidf_max_df"": 0.9, ""tfidf_max_features"": 300, ""tfidf_min_df"": 3, ""tfidf_ngram_range"": [1, 2], ""tfidf_normalize_numbers"": true}",2026-09-09T11:30:00
E2_E5SMALL,frozen,participant,01,no_augmentation,GAD7,44,KNN,4.699786,False,intfloat/multilingual-e5-small,defaults,"{""augmentation"": ""no_augmentation"", ""beto_model"": ""dccuchile/bert-base-spanish-wwm-cased"", ""chunk_stride"": 256, ""max_tokens"": 512, ""n_cv_splits"": 5, ""n_search_iter"": 0, ""seeds"": [42, 43, 44, 45, 46], ""sentence_transformer_model"": ""intfloat/multilingual-e5-small"", ""tfidf_lemmatize"": true, ""tfidf_max_df"": 0.9, ""tfidf_max_features"": 300, ""tfidf_min_df"": 3, ""tfidf_ngram_range"": [1, 2], ""tfidf_normalize_numbers"": true}",2026-09-09T11:30:00
E2_E5SMALL,frozen,participant,01,no_augmentation,GAD7,44,DecisionTree,5.917662,False,intfloat/multilingual-e5-small,defaults,"{""augmentation"": ""no_augmentation"", ""beto_model"": ""dccuchile/bert-base-spanish-wwm-cased"", ""chunk_stride"": 256, ""max_tokens"": 512, ""n_cv_splits"": 5, ""n_search_iter"": 0, ""seeds"": [42, 43, 44, 45, 46], ""sentence_transformer_model"": ""intfloat/multilingual-e5-small"", ""tfidf_lemmatize"": true, ""tfidf_max_df"": 0.9, ""tfidf_max_features"": 300, ""tfidf_min_df"": 3, ""tfidf_ngram_range"": [1, 2], ""tfidf_normalize_numbers"": true}",2026-09-09T11:30:00
E2_E5SMALL,frozen,participant,01,no_augmentation,GAD7,44,AdaBoost,4.540449,False,intfloat/multilingual-e5-small,defaults,"{""augmentation"": ""no_augmentation"", ""beto_model"": ""dccuchile/bert-base-spanish-wwm-cased"", ""chunk_stride"": 256, ""max_tokens"": 512, ""n_cv_splits"": 5, ""n_search_iter"": 0, ""seeds"": [42, 43, 44, 45, 46], ""sentence_transformer_model"": ""intfloat/multilingual-e5-small"", ""tfidf_lemmatize"": true, ""tfidf_max_df"": 0.9, ""tfidf_max_features"": 300, ""tfidf_min_df"": 3, ""tfidf_ngram_range"": [1, 2], ""tfidf_normalize_numbers"": true}",2026-09-09T11:30:00
E2_E5SMALL,frozen,participant,01,no_augmentation,PHQ9,45,Ridge,6.932044,False,intfloat/multilingual-e5-small,defaults,"{""augmentation"": ""no_augmentation"", ""beto_model"": ""dccuchile/bert-base-spanish-wwm-cased"", ""chunk_stride"": 256, ""max_tokens"": 512, ""n_cv_splits"": 5, ""n_search_iter"": 0, ""seeds"": [42, 43, 44, 45, 46], ""sentence_transformer_model"": ""intfloat/multilingual-e5-small"", ""tfidf_lemmatize"": true, ""tfidf_max_df"": 0.9, ""tfidf_max_features"": 300, ""tfidf_min_df"": 3, ""tfidf_ngram_range"": [1, 2], ""tfidf_normalize_numbers"": true}",2026-09-09T11:30:21
E2_E5SMALL,frozen,participant,01,no_augmentation,PHQ9,45,SVR,5.506494,True,intfloat/multilingual-e5-small,defaults,"{""augmentation"": ""no_augmentation"", ""beto_model"": ""dccuchile/bert-base-spanish-wwm-cased"", ""chunk_stride"": 256, ""max_tokens"": 512, ""n_cv_splits"": 5, ""n_search_iter"": 0, ""seeds"": [42, 43, 44, 45, 46], ""sentence_transformer_model"": ""intfloat/multilingual-e5-small"", ""tfidf_lemmatize"": true, ""tfidf_max_df"": 0.9, ""tfidf_max_features"": 300, ""tfidf_min_df"": 3, ""tfidf_ngram_range"": [1, 2], ""tfidf_normalize_numbers"": true}",2026-09-09T11:30:21
E2_E5SMALL,frozen,participant,01,no_augmentation,PHQ9,45,RandomForest,5.568759,False,intfloat/multilingual-e5-small,defaults,"{""augmentation"": ""no_augmentation"", ""beto_model"": ""dccuchile/bert-base-spanish-wwm-cased"", ""chunk_stride"": 256, ""max_tokens"": 512, ""n_cv_splits"": 5, ""n_search_iter"": 0, ""seeds"": [42, 43, 44, 45, 46], ""sentence_transformer_model"": ""intfloat/multilingual-e5-small"", ""tfidf_lemmatize"": true, ""tfidf_max_df"": 0.9, ""tfidf_max_features"": 300, ""tfidf_min_df"": 3, ""tfidf_ngram_range"": [1, 2], ""tfidf_normalize_numbers"": true}",2026-09-09T11:30:21
E2_E5SMALL,frozen,participant,01,no_augmentation,PHQ9,45,ExtraTrees,5.612258,False,intfloat/multilingual-e5-small,defaults,"{""augmentation"": ""no_augmentation"", ""beto_model"": ""dccuchile/bert-base-spanish-wwm-cased"", ""chunk_stride"": 256, ""max_tokens"": 512, ""n_cv_splits"": 5, ""n_search_iter"": 0, ""seeds"": [42, 43, 44, 45, 46], ""sentence_transformer_model"": ""intfloat/multilingual-e5-small"", ""tfidf_lemmatize"": true, ""tfidf_max_df"": 0.9, ""tfidf_max_features"": 300, ""tfidf_min_df"": 3, ""tfidf_ngram_range"": [1, 2], ""tfidf_normalize_numbers"": true}",2026-09-09T11:30:21
E2_E5SMALL,frozen,participant,01,no_augmentation,PHQ9,45,GradientBoosting,5.758546,False,intfloat/multilingual-e5-small,defaults,"{""augmentation"": ""no_augmentation"", ""beto_model"": ""dccuchile/bert-base-spanish-wwm-cased"", ""chunk_stride"": 256, ""max_tokens"": 512, ""n_cv_splits"": 5, ""n_search_iter"": 0, ""seeds"": [42, 43, 44, 45, 46], ""sentence_transformer_model"": ""intfloat/multilingual-e5-small"", ""tfidf_lemmatize"": true, ""tfidf_max_df"": 0.9, ""tfidf_max_features"": 300, ""tfidf_min_df"": 3, ""tfidf_ngram_range"": [1, 2], ""tfidf_normalize_numbers"": true}",2026-09-09T11:30:21
E2_E5SMALL,frozen,participant,01,no_augmentation,PHQ9,45,LightGBM,5.578737,False,intfloat/multilingual-e5-small,defaults,"{""augmentation"": ""no_augmentation"", ""beto_model"": ""dccuchile/bert-base-spanish-wwm-cased"", ""chunk_stride"": 256, ""max_tokens"": 512, ""n_cv_splits"": 5, ""n_search_iter"": 0, ""seeds"": [42, 43, 44, 45, 46], ""sentence_transformer_model"": ""intfloat/multilingual-e5-small"", ""tfidf_lemmatize"": true, ""tfidf_max_df"": 0.9, ""tfidf_max_features"": 300, ""tfidf_min_df"": 3, ""tfidf_ngram_range"": [1, 2], ""tfidf_normalize_numbers"": true}",2026-09-09T11:30:21
E2_E5SMALL,frozen,participant,01,no_augmentation,PHQ9,45,KNN,5.801616,False,intfloat/multilingual-e5-small,defaults,"{""augmentation"": ""no_augmentation"", ""beto_model"": ""dccuchile/bert-base-spanish-wwm-cased"", ""chunk_stride"": 256, ""max_tokens"": 512, ""n_cv_splits"": 5, ""n_search_iter"": 0, ""seeds"": [42, 43, 44, 45, 46], ""sentence_transformer_model"": ""intfloat/multilingual-e5-small"", ""tfidf_lemmatize"": true, ""tfidf_max_df"": 0.9, ""tfidf_max_features"": 300, ""tfidf_min_df"": 3, ""tfidf_ngram_range"": [1, 2], ""tfidf_normalize_numbers"": true}",2026-09-09T11:30:21
E2_E5SMALL,frozen,participant,01,no_augmentation,PHQ9,45,DecisionTree,8.690528,False,intfloat/multilingual-e5-small,defaults,"{""augmentation"": ""no_augmentation"", ""beto_model"": ""dccuchile/bert-base-spanish-wwm-cased"", ""chunk_stride"": 256, ""max_tokens"": 512, ""n_cv_splits"": 5, ""n_search_iter"": 0, ""seeds"": [42, 43, 44, 45, 46], ""sentence_transformer_model"": ""intfloat/multilingual-e5-small"", ""tfidf_lemmatize"": true, ""tfidf_max_df"": 0.9, ""tfidf_max_features"": 300, ""tfidf_min_df"": 3, ""tfidf_ngram_range"": [1, 2], ""tfidf_normalize_numbers"": true}",2026-09-09T11:30:21
E2_E5SMALL,frozen,participant,01,no_augmentation,PHQ9,45,AdaBoost,5.686505,False,intfloat/multilingual-e5-small,defaults,"{""augmentation"": ""no_augmentation"", ""beto_model"": ""dccuchile/bert-base-spanish-wwm-cased"", ""chunk_stride"": 256, ""max_tokens"": 512, ""n_cv_splits"": 5, ""n_search_iter"": 0, ""seeds"": [42, 43, 44, 45, 46], ""sentence_transformer_model"": ""intfloat/multilingual-e5-small"", ""tfidf_lemmatize"": true, ""tfidf_max_df"": 0.9, ""tfidf_max_features"": 300, ""tfidf_min_df"": 3, ""tfidf_ngram_range"": [1, 2], ""tfidf_normalize_numbers"": true}",2026-09-09T11:30:21
E2_E5SMALL,frozen,participant,01,no_augmentation,GAD7,45,Ridge,6.162157,False,intfloat/multilingual-e5-small,defaults,"{""augmentation"": ""no_augmentation"", ""beto_model"": ""dccuchile/bert-base-spanish-wwm-cased"", ""chunk_stride"": 256, ""max_tokens"": 512, ""n_cv_splits"": 5, ""n_search_iter"": 0, ""seeds"": [42, 43, 44, 45, 46], ""sentence_transformer_model"": ""intfloat/multilingual-e5-small"", ""tfidf_lemmatize"": true, ""tfidf_max_df"": 0.9, ""tfidf_max_features"": 300, ""tfidf_min_df"": 3, ""tfidf_ngram_range"": [1, 2], ""tfidf_normalize_numbers"": true}",2026-09-09T11:30:42
E2_E5SMALL,frozen,participant,01,no_augmentation,GAD7,45,SVR,4.596119,False,intfloat/multilingual-e5-small,defaults,"{""augmentation"": ""no_augmentation"", ""beto_model"": ""dccuchile/bert-base-spanish-wwm-cased"", ""chunk_stride"": 256, ""max_tokens"": 512, ""n_cv_splits"": 5, ""n_search_iter"": 0, ""seeds"": [42, 43, 44, 45, 46], ""sentence_transformer_model"": ""intfloat/multilingual-e5-small"", ""tfidf_lemmatize"": true, ""tfidf_max_df"": 0.9, ""tfidf_max_features"": 300, ""tfidf_min_df"": 3, ""tfidf_ngram_range"": [1, 2], ""tfidf_normalize_numbers"": true}",2026-09-09T11:30:42
E2_E5SMALL,frozen,participant,01,no_augmentation,GAD7,45,RandomForest,4.640385,False,intfloat/multilingual-e5-small,defaults,"{""augmentation"": ""no_augmentation"", ""beto_model"": ""dccuchile/bert-base-spanish-wwm-cased"", ""chunk_stride"": 256, ""max_tokens"": 512, ""n_cv_splits"": 5, ""n_search_iter"": 0, ""seeds"": [42, 43, 44, 45, 46], ""sentence_transformer_model"": ""intfloat/multilingual-e5-small"", ""tfidf_lemmatize"": true, ""tfidf_max_df"": 0.9, ""tfidf_max_features"": 300, ""tfidf_min_df"": 3, ""tfidf_ngram_range"": [1, 2], ""tfidf_normalize_numbers"": true}",2026-09-09T11:30:42
E2_E5SMALL,frozen,participant,01,no_augmentation,GAD7,45,ExtraTrees,4.646752,False,intfloat/multilingual-e5-small,defaults,"{""augmentation"": ""no_augmentation"", ""beto_model"": ""dccuchile/bert-base-spanish-wwm-cased"", ""chunk_stride"": 256, ""max_tokens"": 512, ""n_cv_splits"": 5, ""n_search_iter"": 0, ""seeds"": [42, 43, 44, 45, 46], ""sentence_transformer_model"": ""intfloat/multilingual-e5-small"", ""tfidf_lemmatize"": true, ""tfidf_max_df"": 0.9, ""tfidf_max_features"": 300, ""tfidf_min_df"": 3, ""tfidf_ngram_range"": [1, 2], ""tfidf_normalize_numbers"": true}",2026-09-09T11:30:42
E2_E5SMALL,frozen,participant,01,no_augmentation,GAD7,45,GradientBoosting,4.61094,False,intfloat/multilingual-e5-small,defaults,"{""augmentation"": ""no_augmentation"", ""beto_model"": ""dccuchile/bert-base-spanish-wwm-cased"", ""chunk_stride"": 256, ""max_tokens"": 512, ""n_cv_splits"": 5, ""n_search_iter"": 0, ""seeds"": [42, 43, 44, 45, 46], ""sentence_transformer_model"": ""intfloat/multilingual-e5-small"", ""tfidf_lemmatize"": true, ""tfidf_max_df"": 0.9, ""tfidf_max_features"": 300, ""tfidf_min_df"": 3, ""tfidf_ngram_range"": [1, 2], ""tfidf_normalize_numbers"": true}",2026-09-09T11:30:42
E2_E5SMALL,frozen,participant,01,no_augmentation,GAD7,45,LightGBM,4.725719,False,intfloat/multilingual-e5-small,defaults,"{""augmentation"": ""no_augmentation"", ""beto_model"": ""dccuchile/bert-base-spanish-wwm-cased"", ""chunk_stride"": 256, ""max_tokens"": 512, ""n_cv_splits"": 5, ""n_search_iter"": 0, ""seeds"": [42, 43, 44, 45, 46], ""sentence_transformer_model"": ""intfloat/multilingual-e5-small"", ""tfidf_lemmatize"": true, ""tfidf_max_df"": 0.9, ""tfidf_max_features"": 300, ""tfidf_min_df"": 3, ""tfidf_ngram_range"": [1, 2], ""tfidf_normalize_numbers"": true}",2026-09-09T11:30:42
E2_E5SMALL,frozen,participant,01,no_augmentation,GAD7,45,KNN,4.910399,False,intfloat/multilingual-e5-small,defaults,"{""augmentation"": ""no_augmentation"", ""beto_model"": ""dccuchile/bert-base-spanish-wwm-cased"", ""chunk_stride"": 256, ""max_tokens"": 512, ""n_cv_splits"": 5, ""n_search_iter"": 0, ""seeds"": [42, 43, 44, 45, 46], ""sentence_transformer_model"": ""intfloat/multilingual-e5-small"", ""tfidf_lemmatize"": true, ""tfidf_max_df"": 0.9, ""tfidf_max_features"": 300, ""tfidf_min_df"": 3, ""tfidf_ngram_range"": [1, 2], ""tfidf_normalize_numbers"": true}",2026-09-09T11:30:42
E2_E5SMALL,frozen,participant,01,no_augmentation,GAD7,45,DecisionTree,6.669894,False,intfloat/multilingual-e5-small,defaults,"{""augmentation"": ""no_augmentation"", ""beto_model"": ""dccuchile/bert-base-spanish-wwm-cased"", ""chunk_stride"": 256, ""max_tokens"": 512, ""n_cv_splits"": 5, ""n_search_iter"": 0, ""seeds"": [42, 43, 44, 45, 46], ""sentence_transformer_model"": ""intfloat/multilingual-e5-small"", ""tfidf_lemmatize"": true, ""tfidf_max_df"": 0.9, ""tfidf_max_features"": 300, ""tfidf_min_df"": 3, ""tfidf_ngram_range"": [1, 2], ""tfidf_normalize_numbers"": true}",2026-09-09T11:30:42
E2_E5SMALL,frozen,participant,01,no_augmentation,GAD7,45,AdaBoost,4.566139,True,intfloat/multilingual-e5-small,defaults,"{""augmentation"": ""no_augmentation"", ""beto_model"": ""dccuchile/bert-base-spanish-wwm-cased"", ""chunk_stride"": 256, ""max_tokens"": 512, ""n_cv_splits"": 5, ""n_search_iter"": 0, ""seeds"": [42, 43, 44, 45, 46], ""sentence_transformer_model"": ""intfloat/multilingual-e5-small"", ""tfidf_lemmatize"": true, ""tfidf_max_df"": 0.9, ""tfidf_max_features"": 300, ""tfidf_min_df"": 3, ""tfidf_ngram_range"": [1, 2], ""tfidf_normalize_numbers"": true}",2026-09-09T11:30:43
E2_E5SMALL,frozen,participant,01,no_augmentation,PHQ9,46,Ridge,6.372007,False,intfloat/multilingual-e5-small,defaults,"{""augmentation"": ""no_augmentation"", ""beto_model"": ""dccuchile/bert-base-spanish-wwm-cased"", ""chunk_stride"": 256, ""max_tokens"": 512, ""n_cv_splits"": 5, ""n_search_iter"": 0, ""seeds"": [42, 43, 44, 45, 46], ""sentence_transformer_model"": ""intfloat/multilingual-e5-small"", ""tfidf_lemmatize"": true, ""tfidf_max_df"": 0.9, ""tfidf_max_features"": 300, ""tfidf_min_df"": 3, ""tfidf_ngram_range"": [1, 2], ""tfidf_normalize_numbers"": true}",2026-09-09T11:31:04
E2_E5SMALL,frozen,participant,01,no_augmentation,PHQ9,46,SVR,5.375197,False,intfloat/multilingual-e5-small,defaults,"{""augmentation"": ""no_augmentation"", ""beto_model"": ""dccuchile/bert-base-spanish-wwm-cased"", ""chunk_stride"": 256, ""max_tokens"": 512, ""n_cv_splits"": 5, ""n_search_iter"": 0, ""seeds"": [42, 43, 44, 45, 46], ""sentence_transformer_model"": ""intfloat/multilingual-e5-small"", ""tfidf_lemmatize"": true, ""tfidf_max_df"": 0.9, ""tfidf_max_features"": 300, ""tfidf_min_df"": 3, ""tfidf_ngram_range"": [1, 2], ""tfidf_normalize_numbers"": true}",2026-09-09T11:31:04
E2_E5SMALL,frozen,participant,01,no_augmentation,PHQ9,46,RandomForest,5.498561,False,intfloat/multilingual-e5-small,defaults,"{""augmentation"": ""no_augmentation"", ""beto_model"": ""dccuchile/bert-base-spanish-wwm-cased"", ""chunk_stride"": 256, ""max_tokens"": 512, ""n_cv_splits"": 5, ""n_search_iter"": 0, ""seeds"": [42, 43, 44, 45, 46], ""sentence_transformer_model"": ""intfloat/multilingual-e5-small"", ""tfidf_lemmatize"": true, ""tfidf_max_df"": 0.9, ""tfidf_max_features"": 300, ""tfidf_min_df"": 3, ""tfidf_ngram_range"": [1, 2], ""tfidf_normalize_numbers"": true}",2026-09-09T11:31:04
E2_E5SMALL,frozen,participant,01,no_augmentation,PHQ9,46,ExtraTrees,5.550591,False,intfloat/multilingual-e5-small,defaults,"{""augmentation"": ""no_augmentation"", ""beto_model"": ""dccuchile/bert-base-spanish-wwm-cased"", ""chunk_stride"": 256, ""max_tokens"": 512, ""n_cv_splits"": 5, ""n_search_iter"": 0, ""seeds"": [42, 43, 44, 45, 46], ""sentence_transformer_model"": ""intfloat/multilingual-e5-small"", ""tfidf_lemmatize"": true, ""tfidf_max_df"": 0.9, ""tfidf_max_features"": 300, ""tfidf_min_df"": 3, ""tfidf_ngram_range"": [1, 2], ""tfidf_normalize_numbers"": true}",2026-09-09T11:31:04
E2_E5SMALL,frozen,participant,01,no_augmentation,PHQ9,46,GradientBoosting,5.537195,False,intfloat/multilingual-e5-small,defaults,"{""augmentation"": ""no_augmentation"", ""beto_model"": ""dccuchile/bert-base-spanish-wwm-cased"", ""chunk_stride"": 256, ""max_tokens"": 512, ""n_cv_splits"": 5, ""n_search_iter"": 0, ""seeds"": [42, 43, 44, 45, 46], ""sentence_transformer_model"": ""intfloat/multilingual-e5-small"", ""tfidf_lemmatize"": true, ""tfidf_max_df"": 0.9, ""tfidf_max_features"": 300, ""tfidf_min_df"": 3, ""tfidf_ngram_range"": [1, 2], ""tfidf_normalize_numbers"": true}",2026-09-09T11:31:04
E2_E5SMALL,frozen,participant,01,no_augmentation,PHQ9,46,LightGBM,5.183873,True,intfloat/multilingual-e5-small,defaults,"{""augmentation"": ""no_augmentation"", ""beto_model"": ""dccuchile/bert-base-spanish-wwm-cased"", ""chunk_stride"": 256, ""max_tokens"": 512, ""n_cv_splits"": 5, ""n_search_iter"": 0, ""seeds"": [42, 43, 44, 45, 46], ""sentence_transformer_model"": ""intfloat/multilingual-e5-small"", ""tfidf_lemmatize"": true, ""tfidf_max_df"": 0.9, ""tfidf_max_features"": 300, ""tfidf_min_df"": 3, ""tfidf_ngram_range"": [1, 2], ""tfidf_normalize_numbers"": true}",2026-09-09T11:31:04
E2_E5SMALL,frozen,participant,01,no_augmentation,PHQ9,46,KNN,5.704814,False,intfloat/multilingual-e5-small,defaults,"{""augmentation"": ""no_augmentation"", ""beto_model"": ""dccuchile/bert-base-spanish-wwm-cased"", ""chunk_stride"": 256, ""max_tokens"": 512, ""n_cv_splits"": 5, ""n_search_iter"": 0, ""seeds"": [42, 43, 44, 45, 46], ""sentence_transformer_model"": ""intfloat/multilingual-e5-small"", ""tfidf_lemmatize"": true, ""tfidf_max_df"": 0.9, ""tfidf_max_features"": 300, ""tfidf_min_df"": 3, ""tfidf_ngram_range"": [1, 2], ""tfidf_normalize_numbers"": true}",2026-09-09T11:31:04
E2_E5SMALL,frozen,participant,01,no_augmentation,PHQ9,46,DecisionTree,8.000018,False,intfloat/multilingual-e5-small,defaults,"{""augmentation"": ""no_augmentation"", ""beto_model"": ""dccuchile/bert-base-spanish-wwm-cased"", ""chunk_stride"": 256, ""max_tokens"": 512, ""n_cv_splits"": 5, ""n_search_iter"": 0, ""seeds"": [42, 43, 44, 45, 46], ""sentence_transformer_model"": ""intfloat/multilingual-e5-small"", ""tfidf_lemmatize"": true, ""tfidf_max_df"": 0.9, ""tfidf_max_features"": 300, ""tfidf_min_df"": 3, ""tfidf_ngram_range"": [1, 2], ""tfidf_normalize_numbers"": true}",2026-09-09T11:31:04
E2_E5SMALL,frozen,participant,01,no_augmentation,PHQ9,46,AdaBoost,5.477078,False,intfloat/multilingual-e5-small,defaults,"{""augmentation"": ""no_augmentation"", ""beto_model"": ""dccuchile/bert-base-spanish-wwm-cased"", ""chunk_stride"": 256, ""max_tokens"": 512, ""n_cv_splits"": 5, ""n_search_iter"": 0, ""seeds"": [42, 43, 44, 45, 46], ""sentence_transformer_model"": ""intfloat/multilingual-e5-small"", ""tfidf_lemmatize"": true, ""tfidf_max_df"": 0.9, ""tfidf_max_features"": 300, ""tfidf_min_df"": 3, ""tfidf_ngram_range"": [1, 2], ""tfidf_normalize_numbers"": true}",2026-09-09T11:31:04
E2_E5SMALL,frozen,participant,01,no_augmentation,GAD7,46,Ridge,5.810767,False,intfloat/multilingual-e5-small,defaults,"{""augmentation"": ""no_augmentation"", ""beto_model"": ""dccuchile/bert-base-spanish-wwm-cased"", ""chunk_stride"": 256, ""max_tokens"": 512, ""n_cv_splits"": 5, ""n_search_iter"": 0, ""seeds"": [42, 43, 44, 45, 46], ""sentence_transformer_model"": ""intfloat/multilingual-e5-small"", ""tfidf_lemmatize"": true, ""tfidf_max_df"": 0.9, ""tfidf_max_features"": 300, ""tfidf_min_df"": 3, ""tfidf_ngram_range"": [1, 2], ""tfidf_normalize_numbers"": true}",2026-09-09T11:31:25
E2_E5SMALL,frozen,participant,01,no_augmentation,GAD7,46,SVR,4.513049,False,intfloat/multilingual-e5-small,defaults,"{""augmentation"": ""no_augmentation"", ""beto_model"": ""dccuchile/bert-base-spanish-wwm-cased"", ""chunk_stride"": 256, ""max_tokens"": 512, ""n_cv_splits"": 5, ""n_search_iter"": 0, ""seeds"": [42, 43, 44, 45, 46], ""sentence_transformer_model"": ""intfloat/multilingual-e5-small"", ""tfidf_lemmatize"": true, ""tfidf_max_df"": 0.9, ""tfidf_max_features"": 300, ""tfidf_min_df"": 3, ""tfidf_ngram_range"": [1, 2], ""tfidf_normalize_numbers"": true}",2026-09-09T11:31:25
E2_E5SMALL,frozen,participant,01,no_augmentation,GAD7,46,RandomForest,4.655654,False,intfloat/multilingual-e5-small,defaults,"{""augmentation"": ""no_augmentation"", ""beto_model"": ""dccuchile/bert-base-spanish-wwm-cased"", ""chunk_stride"": 256, ""max_tokens"": 512, ""n_cv_splits"": 5, ""n_search_iter"": 0, ""seeds"": [42, 43, 44, 45, 46], ""sentence_transformer_model"": ""intfloat/multilingual-e5-small"", ""tfidf_lemmatize"": true, ""tfidf_max_df"": 0.9, ""tfidf_max_features"": 300, ""tfidf_min_df"": 3, ""tfidf_ngram_range"": [1, 2], ""tfidf_normalize_numbers"": true}",2026-09-09T11:31:25
E2_E5SMALL,frozen,participant,01,no_augmentation,GAD7,46,ExtraTrees,4.614804,False,intfloat/multilingual-e5-small,defaults,"{""augmentation"": ""no_augmentation"", ""beto_model"": ""dccuchile/bert-base-spanish-wwm-cased"", ""chunk_stride"": 256, ""max_tokens"": 512, ""n_cv_splits"": 5, ""n_search_iter"": 0, ""seeds"": [42, 43, 44, 45, 46], ""sentence_transformer_model"": ""intfloat/multilingual-e5-small"", ""tfidf_lemmatize"": true, ""tfidf_max_df"": 0.9, ""tfidf_max_features"": 300, ""tfidf_min_df"": 3, ""tfidf_ngram_range"": [1, 2], ""tfidf_normalize_numbers"": true}",2026-09-09T11:31:25
E2_E5SMALL,frozen,participant,01,no_augmentation,GAD7,46,GradientBoosting,4.745277,False,intfloat/multilingual-e5-small,defaults,"{""augmentation"": ""no_augmentation"", ""beto_model"": ""dccuchile/bert-base-spanish-wwm-cased"", ""chunk_stride"": 256, ""max_tokens"": 512, ""n_cv_splits"": 5, ""n_search_iter"": 0, ""seeds"": [42, 43, 44, 45, 46], ""sentence_transformer_model"": ""intfloat/multilingual-e5-small"", ""tfidf_lemmatize"": true, ""tfidf_max_df"": 0.9, ""tfidf_max_features"": 300, ""tfidf_min_df"": 3, ""tfidf_ngram_range"": [1, 2], ""tfidf_normalize_numbers"": true}",2026-09-09T11:31:25
E2_E5SMALL,frozen,participant,01,no_augmentation,GAD7,46,LightGBM,4.580676,False,intfloat/multilingual-e5-small,defaults,"{""augmentation"": ""no_augmentation"", ""beto_model"": ""dccuchile/bert-base-spanish-wwm-cased"", ""chunk_stride"": 256, ""max_tokens"": 512, ""n_cv_splits"": 5, ""n_search_iter"": 0, ""seeds"": [42, 43, 44, 45, 46], ""sentence_transformer_model"": ""intfloat/multilingual-e5-small"", ""tfidf_lemmatize"": true, ""tfidf_max_df"": 0.9, ""tfidf_max_features"": 300, ""tfidf_min_df"": 3, ""tfidf_ngram_range"": [1, 2], ""tfidf_normalize_numbers"": true}",2026-09-09T11:31:25
E2_E5SMALL,frozen,participant,01,no_augmentation,GAD7,46,KNN,4.734501,False,intfloat/multilingual-e5-small,defaults,"{""augmentation"": ""no_augmentation"", ""beto_model"": ""dccuchile/bert-base-spanish-wwm-cased"", ""chunk_stride"": 256, ""max_tokens"": 512, ""n_cv_splits"": 5, ""n_search_iter"": 0, ""seeds"": [42, 43, 44, 45, 46], ""sentence_transformer_model"": ""intfloat/multilingual-e5-small"", ""tfidf_lemmatize"": true, ""tfidf_max_df"": 0.9, ""tfidf_max_features"": 300, ""tfidf_min_df"": 3, ""tfidf_ngram_range"": [1, 2], ""tfidf_normalize_numbers"": true}",2026-09-09T11:31:25
E2_E5SMALL,frozen,participant,01,no_augmentation,GAD7,46,DecisionTree,6.27403,False,intfloat/multilingual-e5-small,defaults,"{""augmentation"": ""no_augmentation"", ""beto_model"": ""dccuchile/bert-base-spanish-wwm-cased"", ""chunk_stride"": 256, ""max_tokens"": 512, ""n_cv_splits"": 5, ""n_search_iter"": 0, ""seeds"": [42, 43, 44, 45, 46], ""sentence_transformer_model"": ""intfloat/multilingual-e5-small"", ""tfidf_lemmatize"": true, ""tfidf_max_df"": 0.9, ""tfidf_max_features"": 300, ""tfidf_min_df"": 3, ""tfidf_ngram_range"": [1, 2], ""tfidf_normalize_numbers"": true}",2026-09-09T11:31:25
E2_E5SMALL,frozen,participant,01,no_augmentation,GAD7,46,AdaBoost,4.507123,True,intfloat/multilingual-e5-small,defaults,"{""augmentation"": ""no_augmentation"", ""beto_model"": ""dccuchile/bert-base-spanish-wwm-cased"", ""chunk_stride"": 256, ""max_tokens"": 512, ""n_cv_splits"": 5, ""n_search_iter"": 0, ""seeds"": [42, 43, 44, 45, 46], ""sentence_transformer_model"": ""intfloat/multilingual-e5-small"", ""tfidf_lemmatize"": true, ""tfidf_max_df"": 0.9, ""tfidf_max_features"": 300, ""tfidf_min_df"": 3, ""tfidf_ngram_range"": [1, 2], ""tfidf_normalize_numbers"": true}",2026-09-09T11:31:25
E2_E5BASE,frozen,participant,01,no_augmentation,PHQ9,42,Ridge,6.212348,False,intfloat/multilingual-e5-base,defaults,"{""augmentation"": ""no_augmentation"", ""beto_model"": ""dccuchile/bert-base-spanish-wwm-cased"", ""chunk_stride"": 256, ""max_tokens"": 512, ""n_cv_splits"": 5, ""n_search_iter"": 0, ""seeds"": [42, 43, 44, 45, 46], ""sentence_transformer_model"": ""intfloat/multilingual-e5-small"", ""tfidf_lemmatize"": true, ""tfidf_max_df"": 0.9, ""tfidf_max_features"": 300, ""tfidf_min_df"": 3, ""tfidf_ngram_range"": [1, 2], ""tfidf_normalize_numbers"": true}",2026-09-09T11:32:04
E2_E5BASE,frozen,participant,01,no_augmentation,PHQ9,42,SVR,5.157867,False,intfloat/multilingual-e5-base,defaults,"{""augmentation"": ""no_augmentation"", ""beto_model"": ""dccuchile/bert-base-spanish-wwm-cased"", ""chunk_stride"": 256, ""max_tokens"": 512, ""n_cv_splits"": 5, ""n_search_iter"": 0, ""seeds"": [42, 43, 44, 45, 46], ""sentence_transformer_model"": ""intfloat/multilingual-e5-small"", ""tfidf_lemmatize"": true, ""tfidf_max_df"": 0.9, ""tfidf_max_features"": 300, ""tfidf_min_df"": 3, ""tfidf_ngram_range"": [1, 2], ""tfidf_normalize_numbers"": true}",2026-09-09T11:32:04
E2_E5BASE,frozen,participant,01,no_augmentation,PHQ9,42,RandomForest,5.161188,False,intfloat/multilingual-e5-base,defaults,"{""augmentation"": ""no_augmentation"", ""beto_model"": ""dccuchile/bert-base-spanish-wwm-cased"", ""chunk_stride"": 256, ""max_tokens"": 512, ""n_cv_splits"": 5, ""n_search_iter"": 0, ""seeds"": [42, 43, 44, 45, 46], ""sentence_transformer_model"": ""intfloat/multilingual-e5-small"", ""tfidf_lemmatize"": true, ""tfidf_max_df"": 0.9, ""tfidf_max_features"": 300, ""tfidf_min_df"": 3, ""tfidf_ngram_range"": [1, 2], ""tfidf_normalize_numbers"": true}",2026-09-09T11:32:04
E2_E5BASE,frozen,participant,01,no_augmentation,PHQ9,42,ExtraTrees,5.234627,False,intfloat/multilingual-e5-base,defaults,"{""augmentation"": ""no_augmentation"", ""beto_model"": ""dccuchile/bert-base-spanish-wwm-cased"", ""chunk_stride"": 256, ""max_tokens"": 512, ""n_cv_splits"": 5, ""n_search_iter"": 0, ""seeds"": [42, 43, 44, 45, 46], ""sentence_transformer_model"": ""intfloat/multilingual-e5-small"", ""tfidf_lemmatize"": true, ""tfidf_max_df"": 0.9, ""tfidf_max_features"": 300, ""tfidf_min_df"": 3, ""tfidf_ngram_range"": [1, 2], ""tfidf_normalize_numbers"": true}",2026-09-09T11:32:04
E2_E5BASE,frozen,participant,01,no_augmentation,PHQ9,42,GradientBoosting,5.311426,False,intfloat/multilingual-e5-base,defaults,"{""augmentation"": ""no_augmentation"", ""beto_model"": ""dccuchile/bert-base-spanish-wwm-cased"", ""chunk_stride"": 256, ""max_tokens"": 512, ""n_cv_splits"": 5, ""n_search_iter"": 0, ""seeds"": [42, 43, 44, 45, 46], ""sentence_transformer_model"": ""intfloat/multilingual-e5-small"", ""tfidf_lemmatize"": true, ""tfidf_max_df"": 0.9, ""tfidf_max_features"": 300, ""tfidf_min_df"": 3, ""tfidf_ngram_range"": [1, 2], ""tfidf_normalize_numbers"": true}",2026-09-09T11:32:04
E2_E5BASE,frozen,participant,01,no_augmentation,PHQ9,42,LightGBM,5.21505,False,intfloat/multilingual-e5-base,defaults,"{""augmentation"": ""no_augmentation"", ""beto_model"": ""dccuchile/bert-base-spanish-wwm-cased"", ""chunk_stride"": 256, ""max_tokens"": 512, ""n_cv_splits"": 5, ""n_search_iter"": 0, ""seeds"": [42, 43, 44, 45, 46], ""sentence_transformer_model"": ""intfloat/multilingual-e5-small"", ""tfidf_lemmatize"": true, ""tfidf_max_df"": 0.9, ""tfidf_max_features"": 300, ""tfidf_min_df"": 3, ""tfidf_ngram_range"": [1, 2], ""tfidf_normalize_numbers"": true}",2026-09-09T11:32:04
E2_E5BASE,frozen,participant,01,no_augmentation,PHQ9,42,KNN,5.73176,False,intfloat/multilingual-e5-base,defaults,"{""augmentation"": ""no_augmentation"", ""beto_model"": ""dccuchile/bert-base-spanish-wwm-cased"", ""chunk_stride"": 256, ""max_tokens"": 512, ""n_cv_splits"": 5, ""n_search_iter"": 0, ""seeds"": [42, 43, 44, 45, 46], ""sentence_transformer_model"": ""intfloat/multilingual-e5-small"", ""tfidf_lemmatize"": true, ""tfidf_max_df"": 0.9, ""tfidf_max_features"": 300, ""tfidf_min_df"": 3, ""tfidf_ngram_range"": [1, 2], ""tfidf_normalize_numbers"": true}",2026-09-09T11:32:04
E2_E5BASE,frozen,participant,01,no_augmentation,PHQ9,42,DecisionTree,7.63936,False,intfloat/multilingual-e5-base,defaults,"{""augmentation"": ""no_augmentation"", ""beto_model"": ""dccuchile/bert-base-spanish-wwm-cased"", ""chunk_stride"": 256, ""max_tokens"": 512, ""n_cv_splits"": 5, ""n_search_iter"": 0, ""seeds"": [42, 43, 44, 45, 46], ""sentence_transformer_model"": ""intfloat/multilingual-e5-small"", ""tfidf_lemmatize"": true, ""tfidf_max_df"": 0.9, ""tfidf_max_features"": 300, ""tfidf_min_df"": 3, ""tfidf_ngram_range"": [1, 2], ""tfidf_normalize_numbers"": true}",2026-09-09T11:32:04
E2_E5BASE,frozen,participant,01,no_augmentation,PHQ9,42,AdaBoost,5.153795,True,intfloat/multilingual-e5-base,defaults,"{""augmentation"": ""no_augmentation"", ""beto_model"": ""dccuchile/bert-base-spanish-wwm-cased"", ""chunk_stride"": 256, ""max_tokens"": 512, ""n_cv_splits"": 5, ""n_search_iter"": 0, ""seeds"": [42, 43, 44, 45, 46], ""sentence_transformer_model"": ""intfloat/multilingual-e5-small"", ""tfidf_lemmatize"": true, ""tfidf_max_df"": 0.9, ""tfidf_max_features"": 300, ""tfidf_min_df"": 3, ""tfidf_ngram_range"": [1, 2], ""tfidf_normalize_numbers"": true}",2026-09-09T11:32:04
E2_E5BASE,frozen,participant,01,no_augmentation,GAD7,42,Ridge,5.059153,False,intfloat/multilingual-e5-base,defaults,"{""augmentation"": ""no_augmentation"", ""beto_model"": ""dccuchile/bert-base-spanish-wwm-cased"", ""chunk_stride"": 256, ""max_tokens"": 512, ""n_cv_splits"": 5, ""n_search_iter"": 0, ""seeds"": [42, 43, 44, 45, 46], ""sentence_transformer_model"": ""intfloat/multilingual-e5-small"", ""tfidf_lemmatize"": true, ""tfidf_max_df"": 0.9, ""tfidf_max_features"": 300, ""tfidf_min_df"": 3, ""tfidf_ngram_range"": [1, 2], ""tfidf_normalize_numbers"": true}",2026-09-09T11:32:42
E2_E5BASE,frozen,participant,01,no_augmentation,GAD7,42,SVR,4.372536,True,intfloat/multilingual-e5-base,defaults,"{""augmentation"": ""no_augmentation"", ""beto_model"": ""dccuchile/bert-base-spanish-wwm-cased"", ""chunk_stride"": 256, ""max_tokens"": 512, ""n_cv_splits"": 5, ""n_search_iter"": 0, ""seeds"": [42, 43, 44, 45, 46], ""sentence_transformer_model"": ""intfloat/multilingual-e5-small"", ""tfidf_lemmatize"": true, ""tfidf_max_df"": 0.9, ""tfidf_max_features"": 300, ""tfidf_min_df"": 3, ""tfidf_ngram_range"": [1, 2], ""tfidf_normalize_numbers"": true}",2026-09-09T11:32:42
E2_E5BASE,frozen,participant,01,no_augmentation,GAD7,42,RandomForest,4.492278,False,intfloat/multilingual-e5-base,defaults,"{""augmentation"": ""no_augmentation"", ""beto_model"": ""dccuchile/bert-base-spanish-wwm-cased"", ""chunk_stride"": 256, ""max_tokens"": 512, ""n_cv_splits"": 5, ""n_search_iter"": 0, ""seeds"": [42, 43, 44, 45, 46], ""sentence_transformer_model"": ""intfloat/multilingual-e5-small"", ""tfidf_lemmatize"": true, ""tfidf_max_df"": 0.9, ""tfidf_max_features"": 300, ""tfidf_min_df"": 3, ""tfidf_ngram_range"": [1, 2], ""tfidf_normalize_numbers"": true}",2026-09-09T11:32:42
E2_E5BASE,frozen,participant,01,no_augmentation,GAD7,42,ExtraTrees,4.454728,False,intfloat/multilingual-e5-base,defaults,"{""augmentation"": ""no_augmentation"", ""beto_model"": ""dccuchile/bert-base-spanish-wwm-cased"", ""chunk_stride"": 256, ""max_tokens"": 512, ""n_cv_splits"": 5, ""n_search_iter"": 0, ""seeds"": [42, 43, 44, 45, 46], ""sentence_transformer_model"": ""intfloat/multilingual-e5-small"", ""tfidf_lemmatize"": true, ""tfidf_max_df"": 0.9, ""tfidf_max_features"": 300, ""tfidf_min_df"": 3, ""tfidf_ngram_range"": [1, 2], ""tfidf_normalize_numbers"": true}",2026-09-09T11:32:42
E2_E5BASE,frozen,participant,01,no_augmentation,GAD7,42,GradientBoosting,4.561536,False,intfloat/multilingual-e5-base,defaults,"{""augmentation"": ""no_augmentation"", ""beto_model"": ""dccuchile/bert-base-spanish-wwm-cased"", ""chunk_stride"": 256, ""max_tokens"": 512, ""n_cv_splits"": 5, ""n_search_iter"": 0, ""seeds"": [42, 43, 44, 45, 46], ""sentence_transformer_model"": ""intfloat/multilingual-e5-small"", ""tfidf_lemmatize"": true, ""tfidf_max_df"": 0.9, ""tfidf_max_features"": 300, ""tfidf_min_df"": 3, ""tfidf_ngram_range"": [1, 2], ""tfidf_normalize_numbers"": true}",2026-09-09T11:32:42
E2_E5BASE,frozen,participant,01,no_augmentation,GAD7,42,LightGBM,4.656415,False,intfloat/multilingual-e5-base,defaults,"{""augmentation"": ""no_augmentation"", ""beto_model"": ""dccuchile/bert-base-spanish-wwm-cased"", ""chunk_stride"": 256, ""max_tokens"": 512, ""n_cv_splits"": 5, ""n_search_iter"": 0, ""seeds"": [42, 43, 44, 45, 46], ""sentence_transformer_model"": ""intfloat/multilingual-e5-small"", ""tfidf_lemmatize"": true, ""tfidf_max_df"": 0.9, ""tfidf_max_features"": 300, ""tfidf_min_df"": 3, ""tfidf_ngram_range"": [1, 2], ""tfidf_normalize_numbers"": true}",2026-09-09T11:32:42
E2_E5BASE,frozen,participant,01,no_augmentation,GAD7,42,KNN,4.808392,False,intfloat/multilingual-e5-base,defaults,"{""augmentation"": ""no_augmentation"", ""beto_model"": ""dccuchile/bert-base-spanish-wwm-cased"", ""chunk_stride"": 256, ""max_tokens"": 512, ""n_cv_splits"": 5, ""n_search_iter"": 0, ""seeds"": [42, 43, 44, 45, 46], ""sentence_transformer_model"": ""intfloat/multilingual-e5-small"", ""tfidf_lemmatize"": true, ""tfidf_max_df"": 0.9, ""tfidf_max_features"": 300, ""tfidf_min_df"": 3, ""tfidf_ngram_range"": [1, 2], ""tfidf_normalize_numbers"": true}",2026-09-09T11:32:42
E2_E5BASE,frozen,participant,01,no_augmentation,GAD7,42,DecisionTree,6.145487,False,intfloat/multilingual-e5-base,defaults,"{""augmentation"": ""no_augmentation"", ""beto_model"": ""dccuchile/bert-base-spanish-wwm-cased"", ""chunk_stride"": 256, ""max_tokens"": 512, ""n_cv_splits"": 5, ""n_search_iter"": 0, ""seeds"": [42, 43, 44, 45, 46], ""sentence_transformer_model"": ""intfloat/multilingual-e5-small"", ""tfidf_lemmatize"": true, ""tfidf_max_df"": 0.9, ""tfidf_max_features"": 300, ""tfidf_min_df"": 3, ""tfidf_ngram_range"": [1, 2], ""tfidf_normalize_numbers"": true}",2026-09-09T11:32:42
E2_E5BASE,frozen,participant,01,no_augmentation,GAD7,42,AdaBoost,4.535725,False,intfloat/multilingual-e5-base,defaults,"{""augmentation"": ""no_augmentation"", ""beto_model"": ""dccuchile/bert-base-spanish-wwm-cased"", ""chunk_stride"": 256, ""max_tokens"": 512, ""n_cv_splits"": 5, ""n_search_iter"": 0, ""seeds"": [42, 43, 44, 45, 46], ""sentence_transformer_model"": ""intfloat/multilingual-e5-small"", ""tfidf_lemmatize"": true, ""tfidf_max_df"": 0.9, ""tfidf_max_features"": 300, ""tfidf_min_df"": 3, ""tfidf_ngram_range"": [1, 2], ""tfidf_normalize_numbers"": true}",2026-09-09T11:32:42
E2_E5BASE,frozen,participant,01,no_augmentation,PHQ9,43,Ridge,6.08705,False,intfloat/multilingual-e5-base,defaults,"{""augmentation"": ""no_augmentation"", ""beto_model"": ""dccuchile/bert-base-spanish-wwm-cased"", ""chunk_stride"": 256, ""max_tokens"": 512, ""n_cv_splits"": 5, ""n_search_iter"": 0, ""seeds"": [42, 43, 44, 45, 46], ""sentence_transformer_model"": ""intfloat/multilingual-e5-small"", ""tfidf_lemmatize"": true, ""tfidf_max_df"": 0.9, ""tfidf_max_features"": 300, ""tfidf_min_df"": 3, ""tfidf_ngram_range"": [1, 2], ""tfidf_normalize_numbers"": true}",2026-09-09T11:33:20
E2_E5BASE,frozen,participant,01,no_augmentation,PHQ9,43,SVR,5.055131,False,intfloat/multilingual-e5-base,defaults,"{""augmentation"": ""no_augmentation"", ""beto_model"": ""dccuchile/bert-base-spanish-wwm-cased"", ""chunk_stride"": 256, ""max_tokens"": 512, ""n_cv_splits"": 5, ""n_search_iter"": 0, ""seeds"": [42, 43, 44, 45, 46], ""sentence_transformer_model"": ""intfloat/multilingual-e5-small"", ""tfidf_lemmatize"": true, ""tfidf_max_df"": 0.9, ""tfidf_max_features"": 300, ""tfidf_min_df"": 3, ""tfidf_ngram_range"": [1, 2], ""tfidf_normalize_numbers"": true}",2026-09-09T11:33:20
E2_E5BASE,frozen,participant,01,no_augmentation,PHQ9,43,RandomForest,5.193018,False,intfloat/multilingual-e5-base,defaults,"{""augmentation"": ""no_augmentation"", ""beto_model"": ""dccuchile/bert-base-spanish-wwm-cased"", ""chunk_stride"": 256, ""max_tokens"": 512, ""n_cv_splits"": 5, ""n_search_iter"": 0, ""seeds"": [42, 43, 44, 45, 46], ""sentence_transformer_model"": ""intfloat/multilingual-e5-small"", ""tfidf_lemmatize"": true, ""tfidf_max_df"": 0.9, ""tfidf_max_features"": 300, ""tfidf_min_df"": 3, ""tfidf_ngram_range"": [1, 2], ""tfidf_normalize_numbers"": true}",2026-09-09T11:33:20
E2_E5BASE,frozen,participant,01,no_augmentation,PHQ9,43,ExtraTrees,5.229425,False,intfloat/multilingual-e5-base,defaults,"{""augmentation"": ""no_augmentation"", ""beto_model"": ""dccuchile/bert-base-spanish-wwm-cased"", ""chunk_stride"": 256, ""max_tokens"": 512, ""n_cv_splits"": 5, ""n_search_iter"": 0, ""seeds"": [42, 43, 44, 45, 46], ""sentence_transformer_model"": ""intfloat/multilingual-e5-small"", ""tfidf_lemmatize"": true, ""tfidf_max_df"": 0.9, ""tfidf_max_features"": 300, ""tfidf_min_df"": 3, ""tfidf_ngram_range"": [1, 2], ""tfidf_normalize_numbers"": true}",2026-09-09T11:33:20
E2_E5BASE,frozen,participant,01,no_augmentation,PHQ9,43,GradientBoosting,5.139385,False,intfloat/multilingual-e5-base,defaults,"{""augmentation"": ""no_augmentation"", ""beto_model"": ""dccuchile/bert-base-spanish-wwm-cased"", ""chunk_stride"": 256, ""max_tokens"": 512, ""n_cv_splits"": 5, ""n_search_iter"": 0, ""seeds"": [42, 43, 44, 45, 46], ""sentence_transformer_model"": ""intfloat/multilingual-e5-small"", ""tfidf_lemmatize"": true, ""tfidf_max_df"": 0.9, ""tfidf_max_features"": 300, ""tfidf_min_df"": 3, ""tfidf_ngram_range"": [1, 2], ""tfidf_normalize_numbers"": true}",2026-09-09T11:33:20
E2_E5BASE,frozen,participant,01,no_augmentation,PHQ9,43,LightGBM,5.227705,False,intfloat/multilingual-e5-base,defaults,"{""augmentation"": ""no_augmentation"", ""beto_model"": ""dccuchile/bert-base-spanish-wwm-cased"", ""chunk_stride"": 256, ""max_tokens"": 512, ""n_cv_splits"": 5, ""n_search_iter"": 0, ""seeds"": [42, 43, 44, 45, 46], ""sentence_transformer_model"": ""intfloat/multilingual-e5-small"", ""tfidf_lemmatize"": true, ""tfidf_max_df"": 0.9, ""tfidf_max_features"": 300, ""tfidf_min_df"": 3, ""tfidf_ngram_range"": [1, 2], ""tfidf_normalize_numbers"": true}",2026-09-09T11:33:20
E2_E5BASE,frozen,participant,01,no_augmentation,PHQ9,43,KNN,5.439856,False,intfloat/multilingual-e5-base,defaults,"{""augmentation"": ""no_augmentation"", ""beto_model"": ""dccuchile/bert-base-spanish-wwm-cased"", ""chunk_stride"": 256, ""max_tokens"": 512, ""n_cv_splits"": 5, ""n_search_iter"": 0, ""seeds"": [42, 43, 44, 45, 46], ""sentence_transformer_model"": ""intfloat/multilingual-e5-small"", ""tfidf_lemmatize"": true, ""tfidf_max_df"": 0.9, ""tfidf_max_features"": 300, ""tfidf_min_df"": 3, ""tfidf_ngram_range"": [1, 2], ""tfidf_normalize_numbers"": true}",2026-09-09T11:33:20
E2_E5BASE,frozen,participant,01,no_augmentation,PHQ9,43,DecisionTree,7.000052,False,intfloat/multilingual-e5-base,defaults,"{""augmentation"": ""no_augmentation"", ""beto_model"": ""dccuchile/bert-base-spanish-wwm-cased"", ""chunk_stride"": 256, ""max_tokens"": 512, ""n_cv_splits"": 5, ""n_search_iter"": 0, ""seeds"": [42, 43, 44, 45, 46], ""sentence_transformer_model"": ""intfloat/multilingual-e5-small"", ""tfidf_lemmatize"": true, ""tfidf_max_df"": 0.9, ""tfidf_max_features"": 300, ""tfidf_min_df"": 3, ""tfidf_ngram_range"": [1, 2], ""tfidf_normalize_numbers"": true}",2026-09-09T11:33:20
E2_E5BASE,frozen,participant,01,no_augmentation,PHQ9,43,AdaBoost,5.039192,True,intfloat/multilingual-e5-base,defaults,"{""augmentation"": ""no_augmentation"", ""beto_model"": ""dccuchile/bert-base-spanish-wwm-cased"", ""chunk_stride"": 256, ""max_tokens"": 512, ""n_cv_splits"": 5, ""n_search_iter"": 0, ""seeds"": [42, 43, 44, 45, 46], ""sentence_transformer_model"": ""intfloat/multilingual-e5-small"", ""tfidf_lemmatize"": true, ""tfidf_max_df"": 0.9, ""tfidf_max_features"": 300, ""tfidf_min_df"": 3, ""tfidf_ngram_range"": [1, 2], ""tfidf_normalize_numbers"": true}",2026-09-09T11:33:20
E2_E5BASE,frozen,participant,01,no_augmentation,GAD7,43,Ridge,5.160957,False,intfloat/multilingual-e5-base,defaults,"{""augmentation"": ""no_augmentation"", ""beto_model"": ""dccuchile/bert-base-spanish-wwm-cased"", ""chunk_stride"": 256, ""max_tokens"": 512, ""n_cv_splits"": 5, ""n_search_iter"": 0, ""seeds"": [42, 43, 44, 45, 46], ""sentence_transformer_model"": ""intfloat/multilingual-e5-small"", ""tfidf_lemmatize"": true, ""tfidf_max_df"": 0.9, ""tfidf_max_features"": 300, ""tfidf_min_df"": 3, ""tfidf_ngram_range"": [1, 2], ""tfidf_normalize_numbers"": true}",2026-09-09T11:33:58
E2_E5BASE,frozen,participant,01,no_augmentation,GAD7,43,SVR,4.392131,True,intfloat/multilingual-e5-base,defaults,"{""augmentation"": ""no_augmentation"", ""beto_model"": ""dccuchile/bert-base-spanish-wwm-cased"", ""chunk_stride"": 256, ""max_tokens"": 512, ""n_cv_splits"": 5, ""n_search_iter"": 0, ""seeds"": [42, 43, 44, 45, 46], ""sentence_transformer_model"": ""intfloat/multilingual-e5-small"", ""tfidf_lemmatize"": true, ""tfidf_max_df"": 0.9, ""tfidf_max_features"": 300, ""tfidf_min_df"": 3, ""tfidf_ngram_range"": [1, 2], ""tfidf_normalize_numbers"": true}",2026-09-09T11:33:58
E2_E5BASE,frozen,participant,01,no_augmentation,GAD7,43,RandomForest,4.470909,False,intfloat/multilingual-e5-base,defaults,"{""augmentation"": ""no_augmentation"", ""beto_model"": ""dccuchile/bert-base-spanish-wwm-cased"", ""chunk_stride"": 256, ""max_tokens"": 512, ""n_cv_splits"": 5, ""n_search_iter"": 0, ""seeds"": [42, 43, 44, 45, 46], ""sentence_transformer_model"": ""intfloat/multilingual-e5-small"", ""tfidf_lemmatize"": true, ""tfidf_max_df"": 0.9, ""tfidf_max_features"": 300, ""tfidf_min_df"": 3, ""tfidf_ngram_range"": [1, 2], ""tfidf_normalize_numbers"": true}",2026-09-09T11:33:58
E2_E5BASE,frozen,participant,01,no_augmentation,GAD7,43,ExtraTrees,4.472513,False,intfloat/multilingual-e5-base,defaults,"{""augmentation"": ""no_augmentation"", ""beto_model"": ""dccuchile/bert-base-spanish-wwm-cased"", ""chunk_stride"": 256, ""max_tokens"": 512, ""n_cv_splits"": 5, ""n_search_iter"": 0, ""seeds"": [42, 43, 44, 45, 46], ""sentence_transformer_model"": ""intfloat/multilingual-e5-small"", ""tfidf_lemmatize"": true, ""tfidf_max_df"": 0.9, ""tfidf_max_features"": 300, ""tfidf_min_df"": 3, ""tfidf_ngram_range"": [1, 2], ""tfidf_normalize_numbers"": true}",2026-09-09T11:33:58
E2_E5BASE,frozen,participant,01,no_augmentation,GAD7,43,GradientBoosting,4.643203,False,intfloat/multilingual-e5-base,defaults,"{""augmentation"": ""no_augmentation"", ""beto_model"": ""dccuchile/bert-base-spanish-wwm-cased"", ""chunk_stride"": 256, ""max_tokens"": 512, ""n_cv_splits"": 5, ""n_search_iter"": 0, ""seeds"": [42, 43, 44, 45, 46], ""sentence_transformer_model"": ""intfloat/multilingual-e5-small"", ""tfidf_lemmatize"": true, ""tfidf_max_df"": 0.9, ""tfidf_max_features"": 300, ""tfidf_min_df"": 3, ""tfidf_ngram_range"": [1, 2], ""tfidf_normalize_numbers"": true}",2026-09-09T11:33:58
E2_E5BASE,frozen,participant,01,no_augmentation,GAD7,43,LightGBM,4.732874,False,intfloat/multilingual-e5-base,defaults,"{""augmentation"": ""no_augmentation"", ""beto_model"": ""dccuchile/bert-base-spanish-wwm-cased"", ""chunk_stride"": 256, ""max_tokens"": 512, ""n_cv_splits"": 5, ""n_search_iter"": 0, ""seeds"": [42, 43, 44, 45, 46], ""sentence_transformer_model"": ""intfloat/multilingual-e5-small"", ""tfidf_lemmatize"": true, ""tfidf_max_df"": 0.9, ""tfidf_max_features"": 300, ""tfidf_min_df"": 3, ""tfidf_ngram_range"": [1, 2], ""tfidf_normalize_numbers"": true}",2026-09-09T11:33:58
E2_E5BASE,frozen,participant,01,no_augmentation,GAD7,43,KNN,4.625098,False,intfloat/multilingual-e5-base,defaults,"{""augmentation"": ""no_augmentation"", ""beto_model"": ""dccuchile/bert-base-spanish-wwm-cased"", ""chunk_stride"": 256, ""max_tokens"": 512, ""n_cv_splits"": 5, ""n_search_iter"": 0, ""seeds"": [42, 43, 44, 45, 46], ""sentence_transformer_model"": ""intfloat/multilingual-e5-small"", ""tfidf_lemmatize"": true, ""tfidf_max_df"": 0.9, ""tfidf_max_features"": 300, ""tfidf_min_df"": 3, ""tfidf_ngram_range"": [1, 2], ""tfidf_normalize_numbers"": true}",2026-09-09T11:33:58
E2_E5BASE,frozen,participant,01,no_augmentation,GAD7,43,DecisionTree,5.94349,False,intfloat/multilingual-e5-base,defaults,"{""augmentation"": ""no_augmentation"", ""beto_model"": ""dccuchile/bert-base-spanish-wwm-cased"", ""chunk_stride"": 256, ""max_tokens"": 512, ""n_cv_splits"": 5, ""n_search_iter"": 0, ""seeds"": [42, 43, 44, 45, 46], ""sentence_transformer_model"": ""intfloat/multilingual-e5-small"", ""tfidf_lemmatize"": true, ""tfidf_max_df"": 0.9, ""tfidf_max_features"": 300, ""tfidf_min_df"": 3, ""tfidf_ngram_range"": [1, 2], ""tfidf_normalize_numbers"": true}",2026-09-09T11:33:58
E2_E5BASE,frozen,participant,01,no_augmentation,GAD7,43,AdaBoost,4.510493,False,intfloat/multilingual-e5-base,defaults,"{""augmentation"": ""no_augmentation"", ""beto_model"": ""dccuchile/bert-base-spanish-wwm-cased"", ""chunk_stride"": 256, ""max_tokens"": 512, ""n_cv_splits"": 5, ""n_search_iter"": 0, ""seeds"": [42, 43, 44, 45, 46], ""sentence_transformer_model"": ""intfloat/multilingual-e5-small"", ""tfidf_lemmatize"": true, ""tfidf_max_df"": 0.9, ""tfidf_max_features"": 300, ""tfidf_min_df"": 3, ""tfidf_ngram_range"": [1, 2], ""tfidf_normalize_numbers"": true}",2026-09-09T11:33:58
E2_E5BASE,frozen,participant,01,no_augmentation,PHQ9,44,Ridge,6.131486,False,intfloat/multilingual-e5-base,defaults,"{""augmentation"": ""no_augmentation"", ""beto_model"": ""dccuchile/bert-base-spanish-wwm-cased"", ""chunk_stride"": 256, ""max_tokens"": 512, ""n_cv_splits"": 5, ""n_search_iter"": 0, ""seeds"": [42, 43, 44, 45, 46], ""sentence_transformer_model"": ""intfloat/multilingual-e5-small"", ""tfidf_lemmatize"": true, ""tfidf_max_df"": 0.9, ""tfidf_max_features"": 300, ""tfidf_min_df"": 3, ""tfidf_ngram_range"": [1, 2], ""tfidf_normalize_numbers"": true}",2026-09-09T11:34:37
E2_E5BASE,frozen,participant,01,no_augmentation,PHQ9,44,SVR,4.966787,True,intfloat/multilingual-e5-base,defaults,"{""augmentation"": ""no_augmentation"", ""beto_model"": ""dccuchile/bert-base-spanish-wwm-cased"", ""chunk_stride"": 256, ""max_tokens"": 512, ""n_cv_splits"": 5, ""n_search_iter"": 0, ""seeds"": [42, 43, 44, 45, 46], ""sentence_transformer_model"": ""intfloat/multilingual-e5-small"", ""tfidf_lemmatize"": true, ""tfidf_max_df"": 0.9, ""tfidf_max_features"": 300, ""tfidf_min_df"": 3, ""tfidf_ngram_range"": [1, 2], ""tfidf_normalize_numbers"": true}",2026-09-09T11:34:37
E2_E5BASE,frozen,participant,01,no_augmentation,PHQ9,44,RandomForest,5.139122,False,intfloat/multilingual-e5-base,defaults,"{""augmentation"": ""no_augmentation"", ""beto_model"": ""dccuchile/bert-base-spanish-wwm-cased"", ""chunk_stride"": 256, ""max_tokens"": 512, ""n_cv_splits"": 5, ""n_search_iter"": 0, ""seeds"": [42, 43, 44, 45, 46], ""sentence_transformer_model"": ""intfloat/multilingual-e5-small"", ""tfidf_lemmatize"": true, ""tfidf_max_df"": 0.9, ""tfidf_max_features"": 300, ""tfidf_min_df"": 3, ""tfidf_ngram_range"": [1, 2], ""tfidf_normalize_numbers"": true}",2026-09-09T11:34:37
E2_E5BASE,frozen,participant,01,no_augmentation,PHQ9,44,ExtraTrees,5.111864,False,intfloat/multilingual-e5-base,defaults,"{""augmentation"": ""no_augmentation"", ""beto_model"": ""dccuchile/bert-base-spanish-wwm-cased"", ""chunk_stride"": 256, ""max_tokens"": 512, ""n_cv_splits"": 5, ""n_search_iter"": 0, ""seeds"": [42, 43, 44, 45, 46], ""sentence_transformer_model"": ""intfloat/multilingual-e5-small"", ""tfidf_lemmatize"": true, ""tfidf_max_df"": 0.9, ""tfidf_max_features"": 300, ""tfidf_min_df"": 3, ""tfidf_ngram_range"": [1, 2], ""tfidf_normalize_numbers"": true}",2026-09-09T11:34:37
E2_E5BASE,frozen,participant,01,no_augmentation,PHQ9,44,GradientBoosting,5.033957,False,intfloat/multilingual-e5-base,defaults,"{""augmentation"": ""no_augmentation"", ""beto_model"": ""dccuchile/bert-base-spanish-wwm-cased"", ""chunk_stride"": 256, ""max_tokens"": 512, ""n_cv_splits"": 5, ""n_search_iter"": 0, ""seeds"": [42, 43, 44, 45, 46], ""sentence_transformer_model"": ""intfloat/multilingual-e5-small"", ""tfidf_lemmatize"": true, ""tfidf_max_df"": 0.9, ""tfidf_max_features"": 300, ""tfidf_min_df"": 3, ""tfidf_ngram_range"": [1, 2], ""tfidf_normalize_numbers"": true}",2026-09-09T11:34:37
E2_E5BASE,frozen,participant,01,no_augmentation,PHQ9,44,LightGBM,5.151748,False,intfloat/multilingual-e5-base,defaults,"{""augmentation"": ""no_augmentation"", ""beto_model"": ""dccuchile/bert-base-spanish-wwm-cased"", ""chunk_stride"": 256, ""max_tokens"": 512, ""n_cv_splits"": 5, ""n_search_iter"": 0, ""seeds"": [42, 43, 44, 45, 46], ""sentence_transformer_model"": ""intfloat/multilingual-e5-small"", ""tfidf_lemmatize"": true, ""tfidf_max_df"": 0.9, ""tfidf_max_features"": 300, ""tfidf_min_df"": 3, ""tfidf_ngram_range"": [1, 2], ""tfidf_normalize_numbers"": true}",2026-09-09T11:34:37
E2_E5BASE,frozen,participant,01,no_augmentation,PHQ9,44,KNN,5.406267,False,intfloat/multilingual-e5-base,defaults,"{""augmentation"": ""no_augmentation"", ""beto_model"": ""dccuchile/bert-base-spanish-wwm-cased"", ""chunk_stride"": 256, ""max_tokens"": 512, ""n_cv_splits"": 5, ""n_search_iter"": 0, ""seeds"": [42, 43, 44, 45, 46], ""sentence_transformer_model"": ""intfloat/multilingual-e5-small"", ""tfidf_lemmatize"": true, ""tfidf_max_df"": 0.9, ""tfidf_max_features"": 300, ""tfidf_min_df"": 3, ""tfidf_ngram_range"": [1, 2], ""tfidf_normalize_numbers"": true}",2026-09-09T11:34:37
E2_E5BASE,frozen,participant,01,no_augmentation,PHQ9,44,DecisionTree,7.127849,False,intfloat/multilingual-e5-base,defaults,"{""augmentation"": ""no_augmentation"", ""beto_model"": ""dccuchile/bert-base-spanish-wwm-cased"", ""chunk_stride"": 256, ""max_tokens"": 512, ""n_cv_splits"": 5, ""n_search_iter"": 0, ""seeds"": [42, 43, 44, 45, 46], ""sentence_transformer_model"": ""intfloat/multilingual-e5-small"", ""tfidf_lemmatize"": true, ""tfidf_max_df"": 0.9, ""tfidf_max_features"": 300, ""tfidf_min_df"": 3, ""tfidf_ngram_range"": [1, 2], ""tfidf_normalize_numbers"": true}",2026-09-09T11:34:37
E2_E5BASE,frozen,participant,01,no_augmentation,PHQ9,44,AdaBoost,4.988942,False,intfloat/multilingual-e5-base,defaults,"{""augmentation"": ""no_augmentation"", ""beto_model"": ""dccuchile/bert-base-spanish-wwm-cased"", ""chunk_stride"": 256, ""max_tokens"": 512, ""n_cv_splits"": 5, ""n_search_iter"": 0, ""seeds"": [42, 43, 44, 45, 46], ""sentence_transformer_model"": ""intfloat/multilingual-e5-small"", ""tfidf_lemmatize"": true, ""tfidf_max_df"": 0.9, ""tfidf_max_features"": 300, ""tfidf_min_df"": 3, ""tfidf_ngram_range"": [1, 2], ""tfidf_normalize_numbers"": true}",2026-09-09T11:34:37
E2_E5BASE,frozen,participant,01,no_augmentation,GAD7,44,Ridge,4.949089,False,intfloat/multilingual-e5-base,defaults,"{""augmentation"": ""no_augmentation"", ""beto_model"": ""dccuchile/bert-base-spanish-wwm-cased"", ""chunk_stride"": 256, ""max_tokens"": 512, ""n_cv_splits"": 5, ""n_search_iter"": 0, ""seeds"": [42, 43, 44, 45, 46], ""sentence_transformer_model"": ""intfloat/multilingual-e5-small"", ""tfidf_lemmatize"": true, ""tfidf_max_df"": 0.9, ""tfidf_max_features"": 300, ""tfidf_min_df"": 3, ""tfidf_ngram_range"": [1, 2], ""tfidf_normalize_numbers"": true}",2026-09-09T11:35:15
E2_E5BASE,frozen,participant,01,no_augmentation,GAD7,44,SVR,4.270382,True,intfloat/multilingual-e5-base,defaults,"{""augmentation"": ""no_augmentation"", ""beto_model"": ""dccuchile/bert-base-spanish-wwm-cased"", ""chunk_stride"": 256, ""max_tokens"": 512, ""n_cv_splits"": 5, ""n_search_iter"": 0, ""seeds"": [42, 43, 44, 45, 46], ""sentence_transformer_model"": ""intfloat/multilingual-e5-small"", ""tfidf_lemmatize"": true, ""tfidf_max_df"": 0.9, ""tfidf_max_features"": 300, ""tfidf_min_df"": 3, ""tfidf_ngram_range"": [1, 2], ""tfidf_normalize_numbers"": true}",2026-09-09T11:35:15
E2_E5BASE,frozen,participant,01,no_augmentation,GAD7,44,RandomForest,4.386315,False,intfloat/multilingual-e5-base,defaults,"{""augmentation"": ""no_augmentation"", ""beto_model"": ""dccuchile/bert-base-spanish-wwm-cased"", ""chunk_stride"": 256, ""max_tokens"": 512, ""n_cv_splits"": 5, ""n_search_iter"": 0, ""seeds"": [42, 43, 44, 45, 46], ""sentence_transformer_model"": ""intfloat/multilingual-e5-small"", ""tfidf_lemmatize"": true, ""tfidf_max_df"": 0.9, ""tfidf_max_features"": 300, ""tfidf_min_df"": 3, ""tfidf_ngram_range"": [1, 2], ""tfidf_normalize_numbers"": true}",2026-09-09T11:35:15
E2_E5BASE,frozen,participant,01,no_augmentation,GAD7,44,ExtraTrees,4.393777,False,intfloat/multilingual-e5-base,defaults,"{""augmentation"": ""no_augmentation"", ""beto_model"": ""dccuchile/bert-base-spanish-wwm-cased"", ""chunk_stride"": 256, ""max_tokens"": 512, ""n_cv_splits"": 5, ""n_search_iter"": 0, ""seeds"": [42, 43, 44, 45, 46], ""sentence_transformer_model"": ""intfloat/multilingual-e5-small"", ""tfidf_lemmatize"": true, ""tfidf_max_df"": 0.9, ""tfidf_max_features"": 300, ""tfidf_min_df"": 3, ""tfidf_ngram_range"": [1, 2], ""tfidf_normalize_numbers"": true}",2026-09-09T11:35:15
E2_E5BASE,frozen,participant,01,no_augmentation,GAD7,44,GradientBoosting,4.392525,False,intfloat/multilingual-e5-base,defaults,"{""augmentation"": ""no_augmentation"", ""beto_model"": ""dccuchile/bert-base-spanish-wwm-cased"", ""chunk_stride"": 256, ""max_tokens"": 512, ""n_cv_splits"": 5, ""n_search_iter"": 0, ""seeds"": [42, 43, 44, 45, 46], ""sentence_transformer_model"": ""intfloat/multilingual-e5-small"", ""tfidf_lemmatize"": true, ""tfidf_max_df"": 0.9, ""tfidf_max_features"": 300, ""tfidf_min_df"": 3, ""tfidf_ngram_range"": [1, 2], ""tfidf_normalize_numbers"": true}",2026-09-09T11:35:15
E2_E5BASE,frozen,participant,01,no_augmentation,GAD7,44,LightGBM,4.326505,False,intfloat/multilingual-e5-base,defaults,"{""augmentation"": ""no_augmentation"", ""beto_model"": ""dccuchile/bert-base-spanish-wwm-cased"", ""chunk_stride"": 256, ""max_tokens"": 512, ""n_cv_splits"": 5, ""n_search_iter"": 0, ""seeds"": [42, 43, 44, 45, 46], ""sentence_transformer_model"": ""intfloat/multilingual-e5-small"", ""tfidf_lemmatize"": true, ""tfidf_max_df"": 0.9, ""tfidf_max_features"": 300, ""tfidf_min_df"": 3, ""tfidf_ngram_range"": [1, 2], ""tfidf_normalize_numbers"": true}",2026-09-09T11:35:15
E2_E5BASE,frozen,participant,01,no_augmentation,GAD7,44,KNN,4.676836,False,intfloat/multilingual-e5-base,defaults,"{""augmentation"": ""no_augmentation"", ""beto_model"": ""dccuchile/bert-base-spanish-wwm-cased"", ""chunk_stride"": 256, ""max_tokens"": 512, ""n_cv_splits"": 5, ""n_search_iter"": 0, ""seeds"": [42, 43, 44, 45, 46], ""sentence_transformer_model"": ""intfloat/multilingual-e5-small"", ""tfidf_lemmatize"": true, ""tfidf_max_df"": 0.9, ""tfidf_max_features"": 300, ""tfidf_min_df"": 3, ""tfidf_ngram_range"": [1, 2], ""tfidf_normalize_numbers"": true}",2026-09-09T11:35:15
E2_E5BASE,frozen,participant,01,no_augmentation,GAD7,44,DecisionTree,6.281823,False,intfloat/multilingual-e5-base,defaults,"{""augmentation"": ""no_augmentation"", ""beto_model"": ""dccuchile/bert-base-spanish-wwm-cased"", ""chunk_stride"": 256, ""max_tokens"": 512, ""n_cv_splits"": 5, ""n_search_iter"": 0, ""seeds"": [42, 43, 44, 45, 46], ""sentence_transformer_model"": ""intfloat/multilingual-e5-small"", ""tfidf_lemmatize"": true, ""tfidf_max_df"": 0.9, ""tfidf_max_features"": 300, ""tfidf_min_df"": 3, ""tfidf_ngram_range"": [1, 2], ""tfidf_normalize_numbers"": true}",2026-09-09T11:35:15
E2_E5BASE,frozen,participant,01,no_augmentation,GAD7,44,AdaBoost,4.285287,False,intfloat/multilingual-e5-base,defaults,"{""augmentation"": ""no_augmentation"", ""beto_model"": ""dccuchile/bert-base-spanish-wwm-cased"", ""chunk_stride"": 256, ""max_tokens"": 512, ""n_cv_splits"": 5, ""n_search_iter"": 0, ""seeds"": [42, 43, 44, 45, 46], ""sentence_transformer_model"": ""intfloat/multilingual-e5-small"", ""tfidf_lemmatize"": true, ""tfidf_max_df"": 0.9, ""tfidf_max_features"": 300, ""tfidf_min_df"": 3, ""tfidf_ngram_range"": [1, 2], ""tfidf_normalize_numbers"": true}",2026-09-09T11:35:15
E2_E5BASE,frozen,participant,01,no_augmentation,PHQ9,45,Ridge,6.343438,False,intfloat/multilingual-e5-base,defaults,"{""augmentation"": ""no_augmentation"", ""beto_model"": ""dccuchile/bert-base-spanish-wwm-cased"", ""chunk_stride"": 256, ""max_tokens"": 512, ""n_cv_splits"": 5, ""n_search_iter"": 0, ""seeds"": [42, 43, 44, 45, 46], ""sentence_transformer_model"": ""intfloat/multilingual-e5-small"", ""tfidf_lemmatize"": true, ""tfidf_max_df"": 0.9, ""tfidf_max_features"": 300, ""tfidf_min_df"": 3, ""tfidf_ngram_range"": [1, 2], ""tfidf_normalize_numbers"": true}",2026-09-09T11:35:53
E2_E5BASE,frozen,participant,01,no_augmentation,PHQ9,45,SVR,5.100048,True,intfloat/multilingual-e5-base,defaults,"{""augmentation"": ""no_augmentation"", ""beto_model"": ""dccuchile/bert-base-spanish-wwm-cased"", ""chunk_stride"": 256, ""max_tokens"": 512, ""n_cv_splits"": 5, ""n_search_iter"": 0, ""seeds"": [42, 43, 44, 45, 46], ""sentence_transformer_model"": ""intfloat/multilingual-e5-small"", ""tfidf_lemmatize"": true, ""tfidf_max_df"": 0.9, ""tfidf_max_features"": 300, ""tfidf_min_df"": 3, ""tfidf_ngram_range"": [1, 2], ""tfidf_normalize_numbers"": true}",2026-09-09T11:35:53
E2_E5BASE,frozen,participant,01,no_augmentation,PHQ9,45,RandomForest,5.164883,False,intfloat/multilingual-e5-base,defaults,"{""augmentation"": ""no_augmentation"", ""beto_model"": ""dccuchile/bert-base-spanish-wwm-cased"", ""chunk_stride"": 256, ""max_tokens"": 512, ""n_cv_splits"": 5, ""n_search_iter"": 0, ""seeds"": [42, 43, 44, 45, 46], ""sentence_transformer_model"": ""intfloat/multilingual-e5-small"", ""tfidf_lemmatize"": true, ""tfidf_max_df"": 0.9, ""tfidf_max_features"": 300, ""tfidf_min_df"": 3, ""tfidf_ngram_range"": [1, 2], ""tfidf_normalize_numbers"": true}",2026-09-09T11:35:53
E2_E5BASE,frozen,participant,01,no_augmentation,PHQ9,45,ExtraTrees,5.25041,False,intfloat/multilingual-e5-base,defaults,"{""augmentation"": ""no_augmentation"", ""beto_model"": ""dccuchile/bert-base-spanish-wwm-cased"", ""chunk_stride"": 256, ""max_tokens"": 512, ""n_cv_splits"": 5, ""n_search_iter"": 0, ""seeds"": [42, 43, 44, 45, 46], ""sentence_transformer_model"": ""intfloat/multilingual-e5-small"", ""tfidf_lemmatize"": true, ""tfidf_max_df"": 0.9, ""tfidf_max_features"": 300, ""tfidf_min_df"": 3, ""tfidf_ngram_range"": [1, 2], ""tfidf_normalize_numbers"": true}",2026-09-09T11:35:53
E2_E5BASE,frozen,participant,01,no_augmentation,PHQ9,45,GradientBoosting,5.53808,False,intfloat/multilingual-e5-base,defaults,"{""augmentation"": ""no_augmentation"", ""beto_model"": ""dccuchile/bert-base-spanish-wwm-cased"", ""chunk_stride"": 256, ""max_tokens"": 512, ""n_cv_splits"": 5, ""n_search_iter"": 0, ""seeds"": [42, 43, 44, 45, 46], ""sentence_transformer_model"": ""intfloat/multilingual-e5-small"", ""tfidf_lemmatize"": true, ""tfidf_max_df"": 0.9, ""tfidf_max_features"": 300, ""tfidf_min_df"": 3, ""tfidf_ngram_range"": [1, 2], ""tfidf_normalize_numbers"": true}",2026-09-09T11:35:53
E2_E5BASE,frozen,participant,01,no_augmentation,PHQ9,45,LightGBM,5.314831,False,intfloat/multilingual-e5-base,defaults,"{""augmentation"": ""no_augmentation"", ""beto_model"": ""dccuchile/bert-base-spanish-wwm-cased"", ""chunk_stride"": 256, ""max_tokens"": 512, ""n_cv_splits"": 5, ""n_search_iter"": 0, ""seeds"": [42, 43, 44, 45, 46], ""sentence_transformer_model"": ""intfloat/multilingual-e5-small"", ""tfidf_lemmatize"": true, ""tfidf_max_df"": 0.9, ""tfidf_max_features"": 300, ""tfidf_min_df"": 3, ""tfidf_ngram_range"": [1, 2], ""tfidf_normalize_numbers"": true}",2026-09-09T11:35:53
E2_E5BASE,frozen,participant,01,no_augmentation,PHQ9,45,KNN,5.539825,False,intfloat/multilingual-e5-base,defaults,"{""augmentation"": ""no_augmentation"", ""beto_model"": ""dccuchile/bert-base-spanish-wwm-cased"", ""chunk_stride"": 256, ""max_tokens"": 512, ""n_cv_splits"": 5, ""n_search_iter"": 0, ""seeds"": [42, 43, 44, 45, 46], ""sentence_transformer_model"": ""intfloat/multilingual-e5-small"", ""tfidf_lemmatize"": true, ""tfidf_max_df"": 0.9, ""tfidf_max_features"": 300, ""tfidf_min_df"": 3, ""tfidf_ngram_range"": [1, 2], ""tfidf_normalize_numbers"": true}",2026-09-09T11:35:53
E2_E5BASE,frozen,participant,01,no_augmentation,PHQ9,45,DecisionTree,8.362739,False,intfloat/multilingual-e5-base,defaults,"{""augmentation"": ""no_augmentation"", ""beto_model"": ""dccuchile/bert-base-spanish-wwm-cased"", ""chunk_stride"": 256, ""max_tokens"": 512, ""n_cv_splits"": 5, ""n_search_iter"": 0, ""seeds"": [42, 43, 44, 45, 46], ""sentence_transformer_model"": ""intfloat/multilingual-e5-small"", ""tfidf_lemmatize"": true, ""tfidf_max_df"": 0.9, ""tfidf_max_features"": 300, ""tfidf_min_df"": 3, ""tfidf_ngram_range"": [1, 2], ""tfidf_normalize_numbers"": true}",2026-09-09T11:35:53
E2_E5BASE,frozen,participant,01,no_augmentation,PHQ9,45,AdaBoost,5.183996,False,intfloat/multilingual-e5-base,defaults,"{""augmentation"": ""no_augmentation"", ""beto_model"": ""dccuchile/bert-base-spanish-wwm-cased"", ""chunk_stride"": 256, ""max_tokens"": 512, ""n_cv_splits"": 5, ""n_search_iter"": 0, ""seeds"": [42, 43, 44, 45, 46], ""sentence_transformer_model"": ""intfloat/multilingual-e5-small"", ""tfidf_lemmatize"": true, ""tfidf_max_df"": 0.9, ""tfidf_max_features"": 300, ""tfidf_min_df"": 3, ""tfidf_ngram_range"": [1, 2], ""tfidf_normalize_numbers"": true}",2026-09-09T11:35:53
E2_E5BASE,frozen,participant,01,no_augmentation,GAD7,45,Ridge,5.14593,False,intfloat/multilingual-e5-base,defaults,"{""augmentation"": ""no_augmentation"", ""beto_model"": ""dccuchile/bert-base-spanish-wwm-cased"", ""chunk_stride"": 256, ""max_tokens"": 512, ""n_cv_splits"": 5, ""n_search_iter"": 0, ""seeds"": [42, 43, 44, 45, 46], ""sentence_transformer_model"": ""intfloat/multilingual-e5-small"", ""tfidf_lemmatize"": true, ""tfidf_max_df"": 0.9, ""tfidf_max_features"": 300, ""tfidf_min_df"": 3, ""tfidf_ngram_range"": [1, 2], ""tfidf_normalize_numbers"": true}",2026-09-09T11:36:31
E2_E5BASE,frozen,participant,01,no_augmentation,GAD7,45,SVR,4.456174,True,intfloat/multilingual-e5-base,defaults,"{""augmentation"": ""no_augmentation"", ""beto_model"": ""dccuchile/bert-base-spanish-wwm-cased"", ""chunk_stride"": 256, ""max_tokens"": 512, ""n_cv_splits"": 5, ""n_search_iter"": 0, ""seeds"": [42, 43, 44, 45, 46], ""sentence_transformer_model"": ""intfloat/multilingual-e5-small"", ""tfidf_lemmatize"": true, ""tfidf_max_df"": 0.9, ""tfidf_max_features"": 300, ""tfidf_min_df"": 3, ""tfidf_ngram_range"": [1, 2], ""tfidf_normalize_numbers"": true}",2026-09-09T11:36:31
E2_E5BASE,frozen,participant,01,no_augmentation,GAD7,45,RandomForest,4.512851,False,intfloat/multilingual-e5-base,defaults,"{""augmentation"": ""no_augmentation"", ""beto_model"": ""dccuchile/bert-base-spanish-wwm-cased"", ""chunk_stride"": 256, ""max_tokens"": 512, ""n_cv_splits"": 5, ""n_search_iter"": 0, ""seeds"": [42, 43, 44, 45, 46], ""sentence_transformer_model"": ""intfloat/multilingual-e5-small"", ""tfidf_lemmatize"": true, ""tfidf_max_df"": 0.9, ""tfidf_max_features"": 300, ""tfidf_min_df"": 3, ""tfidf_ngram_range"": [1, 2], ""tfidf_normalize_numbers"": true}",2026-09-09T11:36:32
E2_E5BASE,frozen,participant,01,no_augmentation,GAD7,45,ExtraTrees,4.546737,False,intfloat/multilingual-e5-base,defaults,"{""augmentation"": ""no_augmentation"", ""beto_model"": ""dccuchile/bert-base-spanish-wwm-cased"", ""chunk_stride"": 256, ""max_tokens"": 512, ""n_cv_splits"": 5, ""n_search_iter"": 0, ""seeds"": [42, 43, 44, 45, 46], ""sentence_transformer_model"": ""intfloat/multilingual-e5-small"", ""tfidf_lemmatize"": true, ""tfidf_max_df"": 0.9, ""tfidf_max_features"": 300, ""tfidf_min_df"": 3, ""tfidf_ngram_range"": [1, 2], ""tfidf_normalize_numbers"": true}",2026-09-09T11:36:32
E2_E5BASE,frozen,participant,01,no_augmentation,GAD7,45,GradientBoosting,4.574535,False,intfloat/multilingual-e5-base,defaults,"{""augmentation"": ""no_augmentation"", ""beto_model"": ""dccuchile/bert-base-spanish-wwm-cased"", ""chunk_stride"": 256, ""max_tokens"": 512, ""n_cv_splits"": 5, ""n_search_iter"": 0, ""seeds"": [42, 43, 44, 45, 46], ""sentence_transformer_model"": ""intfloat/multilingual-e5-small"", ""tfidf_lemmatize"": true, ""tfidf_max_df"": 0.9, ""tfidf_max_features"": 300, ""tfidf_min_df"": 3, ""tfidf_ngram_range"": [1, 2], ""tfidf_normalize_numbers"": true}",2026-09-09T11:36:32
E2_E5BASE,frozen,participant,01,no_augmentation,GAD7,45,LightGBM,4.645166,False,intfloat/multilingual-e5-base,defaults,"{""augmentation"": ""no_augmentation"", ""beto_model"": ""dccuchile/bert-base-spanish-wwm-cased"", ""chunk_stride"": 256, ""max_tokens"": 512, ""n_cv_splits"": 5, ""n_search_iter"": 0, ""seeds"": [42, 43, 44, 45, 46], ""sentence_transformer_model"": ""intfloat/multilingual-e5-small"", ""tfidf_lemmatize"": true, ""tfidf_max_df"": 0.9, ""tfidf_max_features"": 300, ""tfidf_min_df"": 3, ""tfidf_ngram_range"": [1, 2], ""tfidf_normalize_numbers"": true}",2026-09-09T11:36:32
E2_E5BASE,frozen,participant,01,no_augmentation,GAD7,45,KNN,4.838635,False,intfloat/multilingual-e5-base,defaults,"{""augmentation"": ""no_augmentation"", ""beto_model"": ""dccuchile/bert-base-spanish-wwm-cased"", ""chunk_stride"": 256, ""max_tokens"": 512, ""n_cv_splits"": 5, ""n_search_iter"": 0, ""seeds"": [42, 43, 44, 45, 46], ""sentence_transformer_model"": ""intfloat/multilingual-e5-small"", ""tfidf_lemmatize"": true, ""tfidf_max_df"": 0.9, ""tfidf_max_features"": 300, ""tfidf_min_df"": 3, ""tfidf_ngram_range"": [1, 2], ""tfidf_normalize_numbers"": true}",2026-09-09T11:36:32
E2_E5BASE,frozen,participant,01,no_augmentation,GAD7,45,DecisionTree,6.169039,False,intfloat/multilingual-e5-base,defaults,"{""augmentation"": ""no_augmentation"", ""beto_model"": ""dccuchile/bert-base-spanish-wwm-cased"", ""chunk_stride"": 256, ""max_tokens"": 512, ""n_cv_splits"": 5, ""n_search_iter"": 0, ""seeds"": [42, 43, 44, 45, 46], ""sentence_transformer_model"": ""intfloat/multilingual-e5-small"", ""tfidf_lemmatize"": true, ""tfidf_max_df"": 0.9, ""tfidf_max_features"": 300, ""tfidf_min_df"": 3, ""tfidf_ngram_range"": [1, 2], ""tfidf_normalize_numbers"": true}",2026-09-09T11:36:32
E2_E5BASE,frozen,participant,01,no_augmentation,GAD7,45,AdaBoost,4.551107,False,intfloat/multilingual-e5-base,defaults,"{""augmentation"": ""no_augmentation"", ""beto_model"": ""dccuchile/bert-base-spanish-wwm-cased"", ""chunk_stride"": 256, ""max_tokens"": 512, ""n_cv_splits"": 5, ""n_search_iter"": 0, ""seeds"": [42, 43, 44, 45, 46], ""sentence_transformer_model"": ""intfloat/multilingual-e5-small"", ""tfidf_lemmatize"": true, ""tfidf_max_df"": 0.9, ""tfidf_max_features"": 300, ""tfidf_min_df"": 3, ""tfidf_ngram_range"": [1, 2], ""tfidf_normalize_numbers"": true}",2026-09-09T11:36:32
E2_E5BASE,frozen,participant,01,no_augmentation,PHQ9,46,Ridge,6.087215,False,intfloat/multilingual-e5-base,defaults,"{""augmentation"": ""no_augmentation"", ""beto_model"": ""dccuchile/bert-base-spanish-wwm-cased"", ""chunk_stride"": 256, ""max_tokens"": 512, ""n_cv_splits"": 5, ""n_search_iter"": 0, ""seeds"": [42, 43, 44, 45, 46], ""sentence_transformer_model"": ""intfloat/multilingual-e5-small"", ""tfidf_lemmatize"": true, ""tfidf_max_df"": 0.9, ""tfidf_max_features"": 300, ""tfidf_min_df"": 3, ""tfidf_ngram_range"": [1, 2], ""tfidf_normalize_numbers"": true}",2026-09-09T11:37:10
E2_E5BASE,frozen,participant,01,no_augmentation,PHQ9,46,SVR,4.968434,False,intfloat/multilingual-e5-base,defaults,"{""augmentation"": ""no_augmentation"", ""beto_model"": ""dccuchile/bert-base-spanish-wwm-cased"", ""chunk_stride"": 256, ""max_tokens"": 512, ""n_cv_splits"": 5, ""n_search_iter"": 0, ""seeds"": [42, 43, 44, 45, 46], ""sentence_transformer_model"": ""intfloat/multilingual-e5-small"", ""tfidf_lemmatize"": true, ""tfidf_max_df"": 0.9, ""tfidf_max_features"": 300, ""tfidf_min_df"": 3, ""tfidf_ngram_range"": [1, 2], ""tfidf_normalize_numbers"": true}",2026-09-09T11:37:10
E2_E5BASE,frozen,participant,01,no_augmentation,PHQ9,46,RandomForest,5.058425,False,intfloat/multilingual-e5-base,defaults,"{""augmentation"": ""no_augmentation"", ""beto_model"": ""dccuchile/bert-base-spanish-wwm-cased"", ""chunk_stride"": 256, ""max_tokens"": 512, ""n_cv_splits"": 5, ""n_search_iter"": 0, ""seeds"": [42, 43, 44, 45, 46], ""sentence_transformer_model"": ""intfloat/multilingual-e5-small"", ""tfidf_lemmatize"": true, ""tfidf_max_df"": 0.9, ""tfidf_max_features"": 300, ""tfidf_min_df"": 3, ""tfidf_ngram_range"": [1, 2], ""tfidf_normalize_numbers"": true}",2026-09-09T11:37:10
E2_E5BASE,frozen,participant,01,no_augmentation,PHQ9,46,ExtraTrees,5.15024,False,intfloat/multilingual-e5-base,defaults,"{""augmentation"": ""no_augmentation"", ""beto_model"": ""dccuchile/bert-base-spanish-wwm-cased"", ""chunk_stride"": 256, ""max_tokens"": 512, ""n_cv_splits"": 5, ""n_search_iter"": 0, ""seeds"": [42, 43, 44, 45, 46], ""sentence_transformer_model"": ""intfloat/multilingual-e5-small"", ""tfidf_lemmatize"": true, ""tfidf_max_df"": 0.9, ""tfidf_max_features"": 300, ""tfidf_min_df"": 3, ""tfidf_ngram_range"": [1, 2], ""tfidf_normalize_numbers"": true}",2026-09-09T11:37:10
E2_E5BASE,frozen,participant,01,no_augmentation,PHQ9,46,GradientBoosting,4.781477,True,intfloat/multilingual-e5-base,defaults,"{""augmentation"": ""no_augmentation"", ""beto_model"": ""dccuchile/bert-base-spanish-wwm-cased"", ""chunk_stride"": 256, ""max_tokens"": 512, ""n_cv_splits"": 5, ""n_search_iter"": 0, ""seeds"": [42, 43, 44, 45, 46], ""sentence_transformer_model"": ""intfloat/multilingual-e5-small"", ""tfidf_lemmatize"": true, ""tfidf_max_df"": 0.9, ""tfidf_max_features"": 300, ""tfidf_min_df"": 3, ""tfidf_ngram_range"": [1, 2], ""tfidf_normalize_numbers"": true}",2026-09-09T11:37:10
E2_E5BASE,frozen,participant,01,no_augmentation,PHQ9,46,LightGBM,4.831089,False,intfloat/multilingual-e5-base,defaults,"{""augmentation"": ""no_augmentation"", ""beto_model"": ""dccuchile/bert-base-spanish-wwm-cased"", ""chunk_stride"": 256, ""max_tokens"": 512, ""n_cv_splits"": 5, ""n_search_iter"": 0, ""seeds"": [42, 43, 44, 45, 46], ""sentence_transformer_model"": ""intfloat/multilingual-e5-small"", ""tfidf_lemmatize"": true, ""tfidf_max_df"": 0.9, ""tfidf_max_features"": 300, ""tfidf_min_df"": 3, ""tfidf_ngram_range"": [1, 2], ""tfidf_normalize_numbers"": true}",2026-09-09T11:37:10
E2_E5BASE,frozen,participant,01,no_augmentation,PHQ9,46,KNN,5.280697,False,intfloat/multilingual-e5-base,defaults,"{""augmentation"": ""no_augmentation"", ""beto_model"": ""dccuchile/bert-base-spanish-wwm-cased"", ""chunk_stride"": 256, ""max_tokens"": 512, ""n_cv_splits"": 5, ""n_search_iter"": 0, ""seeds"": [42, 43, 44, 45, 46], ""sentence_transformer_model"": ""intfloat/multilingual-e5-small"", ""tfidf_lemmatize"": true, ""tfidf_max_df"": 0.9, ""tfidf_max_features"": 300, ""tfidf_min_df"": 3, ""tfidf_ngram_range"": [1, 2], ""tfidf_normalize_numbers"": true}",2026-09-09T11:37:10
E2_E5BASE,frozen,participant,01,no_augmentation,PHQ9,46,DecisionTree,6.986682,False,intfloat/multilingual-e5-base,defaults,"{""augmentation"": ""no_augmentation"", ""beto_model"": ""dccuchile/bert-base-spanish-wwm-cased"", ""chunk_stride"": 256, ""max_tokens"": 512, ""n_cv_splits"": 5, ""n_search_iter"": 0, ""seeds"": [42, 43, 44, 45, 46], ""sentence_transformer_model"": ""intfloat/multilingual-e5-small"", ""tfidf_lemmatize"": true, ""tfidf_max_df"": 0.9, ""tfidf_max_features"": 300, ""tfidf_min_df"": 3, ""tfidf_ngram_range"": [1, 2], ""tfidf_normalize_numbers"": true}",2026-09-09T11:37:10
E2_E5BASE,frozen,participant,01,no_augmentation,PHQ9,46,AdaBoost,4.911752,False,intfloat/multilingual-e5-base,defaults,"{""augmentation"": ""no_augmentation"", ""beto_model"": ""dccuchile/bert-base-spanish-wwm-cased"", ""chunk_stride"": 256, ""max_tokens"": 512, ""n_cv_splits"": 5, ""n_search_iter"": 0, ""seeds"": [42, 43, 44, 45, 46], ""sentence_transformer_model"": ""intfloat/multilingual-e5-small"", ""tfidf_lemmatize"": true, ""tfidf_max_df"": 0.9, ""tfidf_max_features"": 300, ""tfidf_min_df"": 3, ""tfidf_ngram_range"": [1, 2], ""tfidf_normalize_numbers"": true}",2026-09-09T11:37:10
E2_E5BASE,frozen,participant,01,no_augmentation,GAD7,46,Ridge,5.38399,False,intfloat/multilingual-e5-base,defaults,"{""augmentation"": ""no_augmentation"", ""beto_model"": ""dccuchile/bert-base-spanish-wwm-cased"", ""chunk_stride"": 256, ""max_tokens"": 512, ""n_cv_splits"": 5, ""n_search_iter"": 0, ""seeds"": [42, 43, 44, 45, 46], ""sentence_transformer_model"": ""intfloat/multilingual-e5-small"", ""tfidf_lemmatize"": true, ""tfidf_max_df"": 0.9, ""tfidf_max_features"": 300, ""tfidf_min_df"": 3, ""tfidf_ngram_range"": [1, 2], ""tfidf_normalize_numbers"": true}",2026-09-09T11:37:48
E2_E5BASE,frozen,participant,01,no_augmentation,GAD7,46,SVR,4.423701,False,intfloat/multilingual-e5-base,defaults,"{""augmentation"": ""no_augmentation"", ""beto_model"": ""dccuchile/bert-base-spanish-wwm-cased"", ""chunk_stride"": 256, ""max_tokens"": 512, ""n_cv_splits"": 5, ""n_search_iter"": 0, ""seeds"": [42, 43, 44, 45, 46], ""sentence_transformer_model"": ""intfloat/multilingual-e5-small"", ""tfidf_lemmatize"": true, ""tfidf_max_df"": 0.9, ""tfidf_max_features"": 300, ""tfidf_min_df"": 3, ""tfidf_ngram_range"": [1, 2], ""tfidf_normalize_numbers"": true}",2026-09-09T11:37:48
E2_E5BASE,frozen,participant,01,no_augmentation,GAD7,46,RandomForest,4.481172,False,intfloat/multilingual-e5-base,defaults,"{""augmentation"": ""no_augmentation"", ""beto_model"": ""dccuchile/bert-base-spanish-wwm-cased"", ""chunk_stride"": 256, ""max_tokens"": 512, ""n_cv_splits"": 5, ""n_search_iter"": 0, ""seeds"": [42, 43, 44, 45, 46], ""sentence_transformer_model"": ""intfloat/multilingual-e5-small"", ""tfidf_lemmatize"": true, ""tfidf_max_df"": 0.9, ""tfidf_max_features"": 300, ""tfidf_min_df"": 3, ""tfidf_ngram_range"": [1, 2], ""tfidf_normalize_numbers"": true}",2026-09-09T11:37:48
E2_E5BASE,frozen,participant,01,no_augmentation,GAD7,46,ExtraTrees,4.515206,False,intfloat/multilingual-e5-base,defaults,"{""augmentation"": ""no_augmentation"", ""beto_model"": ""dccuchile/bert-base-spanish-wwm-cased"", ""chunk_stride"": 256, ""max_tokens"": 512, ""n_cv_splits"": 5, ""n_search_iter"": 0, ""seeds"": [42, 43, 44, 45, 46], ""sentence_transformer_model"": ""intfloat/multilingual-e5-small"", ""tfidf_lemmatize"": true, ""tfidf_max_df"": 0.9, ""tfidf_max_features"": 300, ""tfidf_min_df"": 3, ""tfidf_ngram_range"": [1, 2], ""tfidf_normalize_numbers"": true}",2026-09-09T11:37:48
E2_E5BASE,frozen,participant,01,no_augmentation,GAD7,46,GradientBoosting,4.498321,False,intfloat/multilingual-e5-base,defaults,"{""augmentation"": ""no_augmentation"", ""beto_model"": ""dccuchile/bert-base-spanish-wwm-cased"", ""chunk_stride"": 256, ""max_tokens"": 512, ""n_cv_splits"": 5, ""n_search_iter"": 0, ""seeds"": [42, 43, 44, 45, 46], ""sentence_transformer_model"": ""intfloat/multilingual-e5-small"", ""tfidf_lemmatize"": true, ""tfidf_max_df"": 0.9, ""tfidf_max_features"": 300, ""tfidf_min_df"": 3, ""tfidf_ngram_range"": [1, 2], ""tfidf_normalize_numbers"": true}",2026-09-09T11:37:48
E2_E5BASE,frozen,participant,01,no_augmentation,GAD7,46,LightGBM,4.397078,True,intfloat/multilingual-e5-base,defaults,"{""augmentation"": ""no_augmentation"", ""beto_model"": ""dccuchile/bert-base-spanish-wwm-cased"", ""chunk_stride"": 256, ""max_tokens"": 512, ""n_cv_splits"": 5, ""n_search_iter"": 0, ""seeds"": [42, 43, 44, 45, 46], ""sentence_transformer_model"": ""intfloat/multilingual-e5-small"", ""tfidf_lemmatize"": true, ""tfidf_max_df"": 0.9, ""tfidf_max_features"": 300, ""tfidf_min_df"": 3, ""tfidf_ngram_range"": [1, 2], ""tfidf_normalize_numbers"": true}",2026-09-09T11:37:48
E2_E5BASE,frozen,participant,01,no_augmentation,GAD7,46,KNN,4.706413,False,intfloat/multilingual-e5-base,defaults,"{""augmentation"": ""no_augmentation"", ""beto_model"": ""dccuchile/bert-base-spanish-wwm-cased"", ""chunk_stride"": 256, ""max_tokens"": 512, ""n_cv_splits"": 5, ""n_search_iter"": 0, ""seeds"": [42, 43, 44, 45, 46], ""sentence_transformer_model"": ""intfloat/multilingual-e5-small"", ""tfidf_lemmatize"": true, ""tfidf_max_df"": 0.9, ""tfidf_max_features"": 300, ""tfidf_min_df"": 3, ""tfidf_ngram_range"": [1, 2], ""tfidf_normalize_numbers"": true}",2026-09-09T11:37:48
E2_E5BASE,frozen,participant,01,no_augmentation,GAD7,46,DecisionTree,5.693702,False,intfloat/multilingual-e5-base,defaults,"{""augmentation"": ""no_augmentation"", ""beto_model"": ""dccuchile/bert-base-spanish-wwm-cased"", ""chunk_stride"": 256, ""max_tokens"": 512, ""n_cv_splits"": 5, ""n_search_iter"": 0, ""seeds"": [42, 43, 44, 45, 46], ""sentence_transformer_model"": ""intfloat/multilingual-e5-small"", ""tfidf_lemmatize"": true, ""tfidf_max_df"": 0.9, ""tfidf_max_features"": 300, ""tfidf_min_df"": 3, ""tfidf_ngram_range"": [1, 2], ""tfidf_normalize_numbers"": true}",2026-09-09T11:37:48
E2_E5BASE,frozen,participant,01,no_augmentation,GAD7,46,AdaBoost,4.459756,False,intfloat/multilingual-e5-base,defaults,"{""augmentation"": ""no_augmentation"", ""beto_model"": ""dccuchile/bert-base-spanish-wwm-cased"", ""chunk_stride"": 256, ""max_tokens"": 512, ""n_cv_splits"": 5, ""n_search_iter"": 0, ""seeds"": [42, 43, 44, 45, 46], ""sentence_transformer_model"": ""intfloat/multilingual-e5-small"", ""tfidf_lemmatize"": true, ""tfidf_max_df"": 0.9, ""tfidf_max_features"": 300, ""tfidf_min_df"": 3, ""tfidf_ngram_range"": [1, 2], ""tfidf_normalize_numbers"": true}",2026-09-09T11:37:48
E2_E5LARGE,frozen,participant,01,no_augmentation,PHQ9,42,Ridge,6.190602,False,intfloat/multilingual-e5-large,defaults,"{""augmentation"": ""no_augmentation"", ""beto_model"": ""dccuchile/bert-base-spanish-wwm-cased"", ""chunk_stride"": 256, ""max_tokens"": 512, ""n_cv_splits"": 5, ""n_search_iter"": 0, ""seeds"": [42, 43, 44, 45, 46], ""sentence_transformer_model"": ""intfloat/multilingual-e5-small"", ""tfidf_lemmatize"": true, ""tfidf_max_df"": 0.9, ""tfidf_max_features"": 300, ""tfidf_min_df"": 3, ""tfidf_ngram_range"": [1, 2], ""tfidf_normalize_numbers"": true}",2026-09-09T11:38:38
E2_E5LARGE,frozen,participant,01,no_augmentation,PHQ9,42,SVR,4.991432,True,intfloat/multilingual-e5-large,defaults,"{""augmentation"": ""no_augmentation"", ""beto_model"": ""dccuchile/bert-base-spanish-wwm-cased"", ""chunk_stride"": 256, ""max_tokens"": 512, ""n_cv_splits"": 5, ""n_search_iter"": 0, ""seeds"": [42, 43, 44, 45, 46], ""sentence_transformer_model"": ""intfloat/multilingual-e5-small"", ""tfidf_lemmatize"": true, ""tfidf_max_df"": 0.9, ""tfidf_max_features"": 300, ""tfidf_min_df"": 3, ""tfidf_ngram_range"": [1, 2], ""tfidf_normalize_numbers"": true}",2026-09-09T11:38:38
E2_E5LARGE,frozen,participant,01,no_augmentation,PHQ9,42,RandomForest,5.145748,False,intfloat/multilingual-e5-large,defaults,"{""augmentation"": ""no_augmentation"", ""beto_model"": ""dccuchile/bert-base-spanish-wwm-cased"", ""chunk_stride"": 256, ""max_tokens"": 512, ""n_cv_splits"": 5, ""n_search_iter"": 0, ""seeds"": [42, 43, 44, 45, 46], ""sentence_transformer_model"": ""intfloat/multilingual-e5-small"", ""tfidf_lemmatize"": true, ""tfidf_max_df"": 0.9, ""tfidf_max_features"": 300, ""tfidf_min_df"": 3, ""tfidf_ngram_range"": [1, 2], ""tfidf_normalize_numbers"": true}",2026-09-09T11:38:38
E2_E5LARGE,frozen,participant,01,no_augmentation,PHQ9,42,ExtraTrees,5.159636,False,intfloat/multilingual-e5-large,defaults,"{""augmentation"": ""no_augmentation"", ""beto_model"": ""dccuchile/bert-base-spanish-wwm-cased"", ""chunk_stride"": 256, ""max_tokens"": 512, ""n_cv_splits"": 5, ""n_search_iter"": 0, ""seeds"": [42, 43, 44, 45, 46], ""sentence_transformer_model"": ""intfloat/multilingual-e5-small"", ""tfidf_lemmatize"": true, ""tfidf_max_df"": 0.9, ""tfidf_max_features"": 300, ""tfidf_min_df"": 3, ""tfidf_ngram_range"": [1, 2], ""tfidf_normalize_numbers"": true}",2026-09-09T11:38:38
E2_E5LARGE,frozen,participant,01,no_augmentation,PHQ9,42,GradientBoosting,5.364609,False,intfloat/multilingual-e5-large,defaults,"{""augmentation"": ""no_augmentation"", ""beto_model"": ""dccuchile/bert-base-spanish-wwm-cased"", ""chunk_stride"": 256, ""max_tokens"": 512, ""n_cv_splits"": 5, ""n_search_iter"": 0, ""seeds"": [42, 43, 44, 45, 46], ""sentence_transformer_model"": ""intfloat/multilingual-e5-small"", ""tfidf_lemmatize"": true, ""tfidf_max_df"": 0.9, ""tfidf_max_features"": 300, ""tfidf_min_df"": 3, ""tfidf_ngram_range"": [1, 2], ""tfidf_normalize_numbers"": true}",2026-09-09T11:38:38
E2_E5LARGE,frozen,participant,01,no_augmentation,PHQ9,42,LightGBM,5.601032,False,intfloat/multilingual-e5-large,defaults,"{""augmentation"": ""no_augmentation"", ""beto_model"": ""dccuchile/bert-base-spanish-wwm-cased"", ""chunk_stride"": 256, ""max_tokens"": 512, ""n_cv_splits"": 5, ""n_search_iter"": 0, ""seeds"": [42, 43, 44, 45, 46], ""sentence_transformer_model"": ""intfloat/multilingual-e5-small"", ""tfidf_lemmatize"": true, ""tfidf_max_df"": 0.9, ""tfidf_max_features"": 300, ""tfidf_min_df"": 3, ""tfidf_ngram_range"": [1, 2], ""tfidf_normalize_numbers"": true}",2026-09-09T11:38:38
E2_E5LARGE,frozen,participant,01,no_augmentation,PHQ9,42,KNN,5.457582,False,intfloat/multilingual-e5-large,defaults,"{""augmentation"": ""no_augmentation"", ""beto_model"": ""dccuchile/bert-base-spanish-wwm-cased"", ""chunk_stride"": 256, ""max_tokens"": 512, ""n_cv_splits"": 5, ""n_search_iter"": 0, ""seeds"": [42, 43, 44, 45, 46], ""sentence_transformer_model"": ""intfloat/multilingual-e5-small"", ""tfidf_lemmatize"": true, ""tfidf_max_df"": 0.9, ""tfidf_max_features"": 300, ""tfidf_min_df"": 3, ""tfidf_ngram_range"": [1, 2], ""tfidf_normalize_numbers"": true}",2026-09-09T11:38:38
E2_E5LARGE,frozen,participant,01,no_augmentation,PHQ9,42,DecisionTree,7.155038,False,intfloat/multilingual-e5-large,defaults,"{""augmentation"": ""no_augmentation"", ""beto_model"": ""dccuchile/bert-base-spanish-wwm-cased"", ""chunk_stride"": 256, ""max_tokens"": 512, ""n_cv_splits"": 5, ""n_search_iter"": 0, ""seeds"": [42, 43, 44, 45, 46], ""sentence_transformer_model"": ""intfloat/multilingual-e5-small"", ""tfidf_lemmatize"": true, ""tfidf_max_df"": 0.9, ""tfidf_max_features"": 300, ""tfidf_min_df"": 3, ""tfidf_ngram_range"": [1, 2], ""tfidf_normalize_numbers"": true}",2026-09-09T11:38:38
E2_E5LARGE,frozen,participant,01,no_augmentation,PHQ9,42,AdaBoost,5.186731,False,intfloat/multilingual-e5-large,defaults,"{""augmentation"": ""no_augmentation"", ""beto_model"": ""dccuchile/bert-base-spanish-wwm-cased"", ""chunk_stride"": 256, ""max_tokens"": 512, ""n_cv_splits"": 5, ""n_search_iter"": 0, ""seeds"": [42, 43, 44, 45, 46], ""sentence_transformer_model"": ""intfloat/multilingual-e5-small"", ""tfidf_lemmatize"": true, ""tfidf_max_df"": 0.9, ""tfidf_max_features"": 300, ""tfidf_min_df"": 3, ""tfidf_ngram_range"": [1, 2], ""tfidf_normalize_numbers"": true}",2026-09-09T11:38:38
E2_E5LARGE,frozen,participant,01,no_augmentation,GAD7,42,Ridge,5.031379,False,intfloat/multilingual-e5-large,defaults,"{""augmentation"": ""no_augmentation"", ""beto_model"": ""dccuchile/bert-base-spanish-wwm-cased"", ""chunk_stride"": 256, ""max_tokens"": 512, ""n_cv_splits"": 5, ""n_search_iter"": 0, ""seeds"": [42, 43, 44, 45, 46], ""sentence_transformer_model"": ""intfloat/multilingual-e5-small"", ""tfidf_lemmatize"": true, ""tfidf_max_df"": 0.9, ""tfidf_max_features"": 300, ""tfidf_min_df"": 3, ""tfidf_ngram_range"": [1, 2], ""tfidf_normalize_numbers"": true}",2026-09-09T11:39:27
E2_E5LARGE,frozen,participant,01,no_augmentation,GAD7,42,SVR,4.247929,True,intfloat/multilingual-e5-large,defaults,"{""augmentation"": ""no_augmentation"", ""beto_model"": ""dccuchile/bert-base-spanish-wwm-cased"", ""chunk_stride"": 256, ""max_tokens"": 512, ""n_cv_splits"": 5, ""n_search_iter"": 0, ""seeds"": [42, 43, 44, 45, 46], ""sentence_transformer_model"": ""intfloat/multilingual-e5-small"", ""tfidf_lemmatize"": true, ""tfidf_max_df"": 0.9, ""tfidf_max_features"": 300, ""tfidf_min_df"": 3, ""tfidf_ngram_range"": [1, 2], ""tfidf_normalize_numbers"": true}",2026-09-09T11:39:27
E2_E5LARGE,frozen,participant,01,no_augmentation,GAD7,42,RandomForest,4.329954,False,intfloat/multilingual-e5-large,defaults,"{""augmentation"": ""no_augmentation"", ""beto_model"": ""dccuchile/bert-base-spanish-wwm-cased"", ""chunk_stride"": 256, ""max_tokens"": 512, ""n_cv_splits"": 5, ""n_search_iter"": 0, ""seeds"": [42, 43, 44, 45, 46], ""sentence_transformer_model"": ""intfloat/multilingual-e5-small"", ""tfidf_lemmatize"": true, ""tfidf_max_df"": 0.9, ""tfidf_max_features"": 300, ""tfidf_min_df"": 3, ""tfidf_ngram_range"": [1, 2], ""tfidf_normalize_numbers"": true}",2026-09-09T11:39:27
E2_E5LARGE,frozen,participant,01,no_augmentation,GAD7,42,ExtraTrees,4.326449,False,intfloat/multilingual-e5-large,defaults,"{""augmentation"": ""no_augmentation"", ""beto_model"": ""dccuchile/bert-base-spanish-wwm-cased"", ""chunk_stride"": 256, ""max_tokens"": 512, ""n_cv_splits"": 5, ""n_search_iter"": 0, ""seeds"": [42, 43, 44, 45, 46], ""sentence_transformer_model"": ""intfloat/multilingual-e5-small"", ""tfidf_lemmatize"": true, ""tfidf_max_df"": 0.9, ""tfidf_max_features"": 300, ""tfidf_min_df"": 3, ""tfidf_ngram_range"": [1, 2], ""tfidf_normalize_numbers"": true}",2026-09-09T11:39:27
E2_E5LARGE,frozen,participant,01,no_augmentation,GAD7,42,GradientBoosting,4.579416,False,intfloat/multilingual-e5-large,defaults,"{""augmentation"": ""no_augmentation"", ""beto_model"": ""dccuchile/bert-base-spanish-wwm-cased"", ""chunk_stride"": 256, ""max_tokens"": 512, ""n_cv_splits"": 5, ""n_search_iter"": 0, ""seeds"": [42, 43, 44, 45, 46], ""sentence_transformer_model"": ""intfloat/multilingual-e5-small"", ""tfidf_lemmatize"": true, ""tfidf_max_df"": 0.9, ""tfidf_max_features"": 300, ""tfidf_min_df"": 3, ""tfidf_ngram_range"": [1, 2], ""tfidf_normalize_numbers"": true}",2026-09-09T11:39:27
E2_E5LARGE,frozen,participant,01,no_augmentation,GAD7,42,LightGBM,4.537524,False,intfloat/multilingual-e5-large,defaults,"{""augmentation"": ""no_augmentation"", ""beto_model"": ""dccuchile/bert-base-spanish-wwm-cased"", ""chunk_stride"": 256, ""max_tokens"": 512, ""n_cv_splits"": 5, ""n_search_iter"": 0, ""seeds"": [42, 43, 44, 45, 46], ""sentence_transformer_model"": ""intfloat/multilingual-e5-small"", ""tfidf_lemmatize"": true, ""tfidf_max_df"": 0.9, ""tfidf_max_features"": 300, ""tfidf_min_df"": 3, ""tfidf_ngram_range"": [1, 2], ""tfidf_normalize_numbers"": true}",2026-09-09T11:39:27
E2_E5LARGE,frozen,participant,01,no_augmentation,GAD7,42,KNN,4.640617,False,intfloat/multilingual-e5-large,defaults,"{""augmentation"": ""no_augmentation"", ""beto_model"": ""dccuchile/bert-base-spanish-wwm-cased"", ""chunk_stride"": 256, ""max_tokens"": 512, ""n_cv_splits"": 5, ""n_search_iter"": 0, ""seeds"": [42, 43, 44, 45, 46], ""sentence_transformer_model"": ""intfloat/multilingual-e5-small"", ""tfidf_lemmatize"": true, ""tfidf_max_df"": 0.9, ""tfidf_max_features"": 300, ""tfidf_min_df"": 3, ""tfidf_ngram_range"": [1, 2], ""tfidf_normalize_numbers"": true}",2026-09-09T11:39:27
E2_E5LARGE,frozen,participant,01,no_augmentation,GAD7,42,DecisionTree,6.163757,False,intfloat/multilingual-e5-large,defaults,"{""augmentation"": ""no_augmentation"", ""beto_model"": ""dccuchile/bert-base-spanish-wwm-cased"", ""chunk_stride"": 256, ""max_tokens"": 512, ""n_cv_splits"": 5, ""n_search_iter"": 0, ""seeds"": [42, 43, 44, 45, 46], ""sentence_transformer_model"": ""intfloat/multilingual-e5-small"", ""tfidf_lemmatize"": true, ""tfidf_max_df"": 0.9, ""tfidf_max_features"": 300, ""tfidf_min_df"": 3, ""tfidf_ngram_range"": [1, 2], ""tfidf_normalize_numbers"": true}",2026-09-09T11:39:27
E2_E5LARGE,frozen,participant,01,no_augmentation,GAD7,42,AdaBoost,4.392679,False,intfloat/multilingual-e5-large,defaults,"{""augmentation"": ""no_augmentation"", ""beto_model"": ""dccuchile/bert-base-spanish-wwm-cased"", ""chunk_stride"": 256, ""max_tokens"": 512, ""n_cv_splits"": 5, ""n_search_iter"": 0, ""seeds"": [42, 43, 44, 45, 46], ""sentence_transformer_model"": ""intfloat/multilingual-e5-small"", ""tfidf_lemmatize"": true, ""tfidf_max_df"": 0.9, ""tfidf_max_features"": 300, ""tfidf_min_df"": 3, ""tfidf_ngram_range"": [1, 2], ""tfidf_normalize_numbers"": true}",2026-09-09T11:39:27
E2_E5LARGE,frozen,participant,01,no_augmentation,PHQ9,43,Ridge,5.643444,False,intfloat/multilingual-e5-large,defaults,"{""augmentation"": ""no_augmentation"", ""beto_model"": ""dccuchile/bert-base-spanish-wwm-cased"", ""chunk_stride"": 256, ""max_tokens"": 512, ""n_cv_splits"": 5, ""n_search_iter"": 0, ""seeds"": [42, 43, 44, 45, 46], ""sentence_transformer_model"": ""intfloat/multilingual-e5-small"", ""tfidf_lemmatize"": true, ""tfidf_max_df"": 0.9, ""tfidf_max_features"": 300, ""tfidf_min_df"": 3, ""tfidf_ngram_range"": [1, 2], ""tfidf_normalize_numbers"": true}",2026-09-09T11:40:16
E2_E5LARGE,frozen,participant,01,no_augmentation,PHQ9,43,SVR,4.792898,True,intfloat/multilingual-e5-large,defaults,"{""augmentation"": ""no_augmentation"", ""beto_model"": ""dccuchile/bert-base-spanish-wwm-cased"", ""chunk_stride"": 256, ""max_tokens"": 512, ""n_cv_splits"": 5, ""n_search_iter"": 0, ""seeds"": [42, 43, 44, 45, 46], ""sentence_transformer_model"": ""intfloat/multilingual-e5-small"", ""tfidf_lemmatize"": true, ""tfidf_max_df"": 0.9, ""tfidf_max_features"": 300, ""tfidf_min_df"": 3, ""tfidf_ngram_range"": [1, 2], ""tfidf_normalize_numbers"": true}",2026-09-09T11:40:17
E2_E5LARGE,frozen,participant,01,no_augmentation,PHQ9,43,RandomForest,5.144749,False,intfloat/multilingual-e5-large,defaults,"{""augmentation"": ""no_augmentation"", ""beto_model"": ""dccuchile/bert-base-spanish-wwm-cased"", ""chunk_stride"": 256, ""max_tokens"": 512, ""n_cv_splits"": 5, ""n_search_iter"": 0, ""seeds"": [42, 43, 44, 45, 46], ""sentence_transformer_model"": ""intfloat/multilingual-e5-small"", ""tfidf_lemmatize"": true, ""tfidf_max_df"": 0.9, ""tfidf_max_features"": 300, ""tfidf_min_df"": 3, ""tfidf_ngram_range"": [1, 2], ""tfidf_normalize_numbers"": true}",2026-09-09T11:40:17
E2_E5LARGE,frozen,participant,01,no_augmentation,PHQ9,43,ExtraTrees,5.053765,False,intfloat/multilingual-e5-large,defaults,"{""augmentation"": ""no_augmentation"", ""beto_model"": ""dccuchile/bert-base-spanish-wwm-cased"", ""chunk_stride"": 256, ""max_tokens"": 512, ""n_cv_splits"": 5, ""n_search_iter"": 0, ""seeds"": [42, 43, 44, 45, 46], ""sentence_transformer_model"": ""intfloat/multilingual-e5-small"", ""tfidf_lemmatize"": true, ""tfidf_max_df"": 0.9, ""tfidf_max_features"": 300, ""tfidf_min_df"": 3, ""tfidf_ngram_range"": [1, 2], ""tfidf_normalize_numbers"": true}",2026-09-09T11:40:17
E2_E5LARGE,frozen,participant,01,no_augmentation,PHQ9,43,GradientBoosting,5.119007,False,intfloat/multilingual-e5-large,defaults,"{""augmentation"": ""no_augmentation"", ""beto_model"": ""dccuchile/bert-base-spanish-wwm-cased"", ""chunk_stride"": 256, ""max_tokens"": 512, ""n_cv_splits"": 5, ""n_search_iter"": 0, ""seeds"": [42, 43, 44, 45, 46], ""sentence_transformer_model"": ""intfloat/multilingual-e5-small"", ""tfidf_lemmatize"": true, ""tfidf_max_df"": 0.9, ""tfidf_max_features"": 300, ""tfidf_min_df"": 3, ""tfidf_ngram_range"": [1, 2], ""tfidf_normalize_numbers"": true}",2026-09-09T11:40:17
E2_E5LARGE,frozen,participant,01,no_augmentation,PHQ9,43,LightGBM,5.250305,False,intfloat/multilingual-e5-large,defaults,"{""augmentation"": ""no_augmentation"", ""beto_model"": ""dccuchile/bert-base-spanish-wwm-cased"", ""chunk_stride"": 256, ""max_tokens"": 512, ""n_cv_splits"": 5, ""n_search_iter"": 0, ""seeds"": [42, 43, 44, 45, 46], ""sentence_transformer_model"": ""intfloat/multilingual-e5-small"", ""tfidf_lemmatize"": true, ""tfidf_max_df"": 0.9, ""tfidf_max_features"": 300, ""tfidf_min_df"": 3, ""tfidf_ngram_range"": [1, 2], ""tfidf_normalize_numbers"": true}",2026-09-09T11:40:17
E2_E5LARGE,frozen,participant,01,no_augmentation,PHQ9,43,KNN,5.285351,False,intfloat/multilingual-e5-large,defaults,"{""augmentation"": ""no_augmentation"", ""beto_model"": ""dccuchile/bert-base-spanish-wwm-cased"", ""chunk_stride"": 256, ""max_tokens"": 512, ""n_cv_splits"": 5, ""n_search_iter"": 0, ""seeds"": [42, 43, 44, 45, 46], ""sentence_transformer_model"": ""intfloat/multilingual-e5-small"", ""tfidf_lemmatize"": true, ""tfidf_max_df"": 0.9, ""tfidf_max_features"": 300, ""tfidf_min_df"": 3, ""tfidf_ngram_range"": [1, 2], ""tfidf_normalize_numbers"": true}",2026-09-09T11:40:17
E2_E5LARGE,frozen,participant,01,no_augmentation,PHQ9,43,DecisionTree,7.194176,False,intfloat/multilingual-e5-large,defaults,"{""augmentation"": ""no_augmentation"", ""beto_model"": ""dccuchile/bert-base-spanish-wwm-cased"", ""chunk_stride"": 256, ""max_tokens"": 512, ""n_cv_splits"": 5, ""n_search_iter"": 0, ""seeds"": [42, 43, 44, 45, 46], ""sentence_transformer_model"": ""intfloat/multilingual-e5-small"", ""tfidf_lemmatize"": true, ""tfidf_max_df"": 0.9, ""tfidf_max_features"": 300, ""tfidf_min_df"": 3, ""tfidf_ngram_range"": [1, 2], ""tfidf_normalize_numbers"": true}",2026-09-09T11:40:17
E2_E5LARGE,frozen,participant,01,no_augmentation,PHQ9,43,AdaBoost,5.076088,False,intfloat/multilingual-e5-large,defaults,"{""augmentation"": ""no_augmentation"", ""beto_model"": ""dccuchile/bert-base-spanish-wwm-cased"", ""chunk_stride"": 256, ""max_tokens"": 512, ""n_cv_splits"": 5, ""n_search_iter"": 0, ""seeds"": [42, 43, 44, 45, 46], ""sentence_transformer_model"": ""intfloat/multilingual-e5-small"", ""tfidf_lemmatize"": true, ""tfidf_max_df"": 0.9, ""tfidf_max_features"": 300, ""tfidf_min_df"": 3, ""tfidf_ngram_range"": [1, 2], ""tfidf_normalize_numbers"": true}",2026-09-09T11:40:17
E2_E5LARGE,frozen,participant,01,no_augmentation,GAD7,43,Ridge,4.958331,False,intfloat/multilingual-e5-large,defaults,"{""augmentation"": ""no_augmentation"", ""beto_model"": ""dccuchile/bert-base-spanish-wwm-cased"", ""chunk_stride"": 256, ""max_tokens"": 512, ""n_cv_splits"": 5, ""n_search_iter"": 0, ""seeds"": [42, 43, 44, 45, 46], ""sentence_transformer_model"": ""intfloat/multilingual-e5-small"", ""tfidf_lemmatize"": true, ""tfidf_max_df"": 0.9, ""tfidf_max_features"": 300, ""tfidf_min_df"": 3, ""tfidf_ngram_range"": [1, 2], ""tfidf_normalize_numbers"": true}",2026-09-09T11:41:07
E2_E5LARGE,frozen,participant,01,no_augmentation,GAD7,43,SVR,4.209803,True,intfloat/multilingual-e5-large,defaults,"{""augmentation"": ""no_augmentation"", ""beto_model"": ""dccuchile/bert-base-spanish-wwm-cased"", ""chunk_stride"": 256, ""max_tokens"": 512, ""n_cv_splits"": 5, ""n_search_iter"": 0, ""seeds"": [42, 43, 44, 45, 46], ""sentence_transformer_model"": ""intfloat/multilingual-e5-small"", ""tfidf_lemmatize"": true, ""tfidf_max_df"": 0.9, ""tfidf_max_features"": 300, ""tfidf_min_df"": 3, ""tfidf_ngram_range"": [1, 2], ""tfidf_normalize_numbers"": true}",2026-09-09T11:41:07
E2_E5LARGE,frozen,participant,01,no_augmentation,GAD7,43,RandomForest,4.388085,False,intfloat/multilingual-e5-large,defaults,"{""augmentation"": ""no_augmentation"", ""beto_model"": ""dccuchile/bert-base-spanish-wwm-cased"", ""chunk_stride"": 256, ""max_tokens"": 512, ""n_cv_splits"": 5, ""n_search_iter"": 0, ""seeds"": [42, 43, 44, 45, 46], ""sentence_transformer_model"": ""intfloat/multilingual-e5-small"", ""tfidf_lemmatize"": true, ""tfidf_max_df"": 0.9, ""tfidf_max_features"": 300, ""tfidf_min_df"": 3, ""tfidf_ngram_range"": [1, 2], ""tfidf_normalize_numbers"": true}",2026-09-09T11:41:07
E2_E5LARGE,frozen,participant,01,no_augmentation,GAD7,43,ExtraTrees,4.323919,False,intfloat/multilingual-e5-large,defaults,"{""augmentation"": ""no_augmentation"", ""beto_model"": ""dccuchile/bert-base-spanish-wwm-cased"", ""chunk_stride"": 256, ""max_tokens"": 512, ""n_cv_splits"": 5, ""n_search_iter"": 0, ""seeds"": [42, 43, 44, 45, 46], ""sentence_transformer_model"": ""intfloat/multilingual-e5-small"", ""tfidf_lemmatize"": true, ""tfidf_max_df"": 0.9, ""tfidf_max_features"": 300, ""tfidf_min_df"": 3, ""tfidf_ngram_range"": [1, 2], ""tfidf_normalize_numbers"": true}",2026-09-09T11:41:07
E2_E5LARGE,frozen,participant,01,no_augmentation,GAD7,43,GradientBoosting,4.534691,False,intfloat/multilingual-e5-large,defaults,"{""augmentation"": ""no_augmentation"", ""beto_model"": ""dccuchile/bert-base-spanish-wwm-cased"", ""chunk_stride"": 256, ""max_tokens"": 512, ""n_cv_splits"": 5, ""n_search_iter"": 0, ""seeds"": [42, 43, 44, 45, 46], ""sentence_transformer_model"": ""intfloat/multilingual-e5-small"", ""tfidf_lemmatize"": true, ""tfidf_max_df"": 0.9, ""tfidf_max_features"": 300, ""tfidf_min_df"": 3, ""tfidf_ngram_range"": [1, 2], ""tfidf_normalize_numbers"": true}",2026-09-09T11:41:07
E2_E5LARGE,frozen,participant,01,no_augmentation,GAD7,43,LightGBM,4.700062,False,intfloat/multilingual-e5-large,defaults,"{""augmentation"": ""no_augmentation"", ""beto_model"": ""dccuchile/bert-base-spanish-wwm-cased"", ""chunk_stride"": 256, ""max_tokens"": 512, ""n_cv_splits"": 5, ""n_search_iter"": 0, ""seeds"": [42, 43, 44, 45, 46], ""sentence_transformer_model"": ""intfloat/multilingual-e5-small"", ""tfidf_lemmatize"": true, ""tfidf_max_df"": 0.9, ""tfidf_max_features"": 300, ""tfidf_min_df"": 3, ""tfidf_ngram_range"": [1, 2], ""tfidf_normalize_numbers"": true}",2026-09-09T11:41:07
E2_E5LARGE,frozen,participant,01,no_augmentation,GAD7,43,KNN,4.447401,False,intfloat/multilingual-e5-large,defaults,"{""augmentation"": ""no_augmentation"", ""beto_model"": ""dccuchile/bert-base-spanish-wwm-cased"", ""chunk_stride"": 256, ""max_tokens"": 512, ""n_cv_splits"": 5, ""n_search_iter"": 0, ""seeds"": [42, 43, 44, 45, 46], ""sentence_transformer_model"": ""intfloat/multilingual-e5-small"", ""tfidf_lemmatize"": true, ""tfidf_max_df"": 0.9, ""tfidf_max_features"": 300, ""tfidf_min_df"": 3, ""tfidf_ngram_range"": [1, 2], ""tfidf_normalize_numbers"": true}",2026-09-09T11:41:07
E2_E5LARGE,frozen,participant,01,no_augmentation,GAD7,43,DecisionTree,6.244354,False,intfloat/multilingual-e5-large,defaults,"{""augmentation"": ""no_augmentation"", ""beto_model"": ""dccuchile/bert-base-spanish-wwm-cased"", ""chunk_stride"": 256, ""max_tokens"": 512, ""n_cv_splits"": 5, ""n_search_iter"": 0, ""seeds"": [42, 43, 44, 45, 46], ""sentence_transformer_model"": ""intfloat/multilingual-e5-small"", ""tfidf_lemmatize"": true, ""tfidf_max_df"": 0.9, ""tfidf_max_features"": 300, ""tfidf_min_df"": 3, ""tfidf_ngram_range"": [1, 2], ""tfidf_normalize_numbers"": true}",2026-09-09T11:41:07
E2_E5LARGE,frozen,participant,01,no_augmentation,GAD7,43,AdaBoost,4.368409,False,intfloat/multilingual-e5-large,defaults,"{""augmentation"": ""no_augmentation"", ""beto_model"": ""dccuchile/bert-base-spanish-wwm-cased"", ""chunk_stride"": 256, ""max_tokens"": 512, ""n_cv_splits"": 5, ""n_search_iter"": 0, ""seeds"": [42, 43, 44, 45, 46], ""sentence_transformer_model"": ""intfloat/multilingual-e5-small"", ""tfidf_lemmatize"": true, ""tfidf_max_df"": 0.9, ""tfidf_max_features"": 300, ""tfidf_min_df"": 3, ""tfidf_ngram_range"": [1, 2], ""tfidf_normalize_numbers"": true}",2026-09-09T11:41:07
E2_E5LARGE,frozen,participant,01,no_augmentation,PHQ9,44,Ridge,5.648289,False,intfloat/multilingual-e5-large,defaults,"{""augmentation"": ""no_augmentation"", ""beto_model"": ""dccuchile/bert-base-spanish-wwm-cased"", ""chunk_stride"": 256, ""max_tokens"": 512, ""n_cv_splits"": 5, ""n_search_iter"": 0, ""seeds"": [42, 43, 44, 45, 46], ""sentence_transformer_model"": ""intfloat/multilingual-e5-small"", ""tfidf_lemmatize"": true, ""tfidf_max_df"": 0.9, ""tfidf_max_features"": 300, ""tfidf_min_df"": 3, ""tfidf_ngram_range"": [1, 2], ""tfidf_normalize_numbers"": true}",2026-09-09T11:41:59
E2_E5LARGE,frozen,participant,01,no_augmentation,PHQ9,44,SVR,4.754797,True,intfloat/multilingual-e5-large,defaults,"{""augmentation"": ""no_augmentation"", ""beto_model"": ""dccuchile/bert-base-spanish-wwm-cased"", ""chunk_stride"": 256, ""max_tokens"": 512, ""n_cv_splits"": 5, ""n_search_iter"": 0, ""seeds"": [42, 43, 44, 45, 46], ""sentence_transformer_model"": ""intfloat/multilingual-e5-small"", ""tfidf_lemmatize"": true, ""tfidf_max_df"": 0.9, ""tfidf_max_features"": 300, ""tfidf_min_df"": 3, ""tfidf_ngram_range"": [1, 2], ""tfidf_normalize_numbers"": true}",2026-09-09T11:41:59
E2_E5LARGE,frozen,participant,01,no_augmentation,PHQ9,44,RandomForest,4.949376,False,intfloat/multilingual-e5-large,defaults,"{""augmentation"": ""no_augmentation"", ""beto_model"": ""dccuchile/bert-base-spanish-wwm-cased"", ""chunk_stride"": 256, ""max_tokens"": 512, ""n_cv_splits"": 5, ""n_search_iter"": 0, ""seeds"": [42, 43, 44, 45, 46], ""sentence_transformer_model"": ""intfloat/multilingual-e5-small"", ""tfidf_lemmatize"": true, ""tfidf_max_df"": 0.9, ""tfidf_max_features"": 300, ""tfidf_min_df"": 3, ""tfidf_ngram_range"": [1, 2], ""tfidf_normalize_numbers"": true}",2026-09-09T11:41:59
E2_E5LARGE,frozen,participant,01,no_augmentation,PHQ9,44,ExtraTrees,4.992053,False,intfloat/multilingual-e5-large,defaults,"{""augmentation"": ""no_augmentation"", ""beto_model"": ""dccuchile/bert-base-spanish-wwm-cased"", ""chunk_stride"": 256, ""max_tokens"": 512, ""n_cv_splits"": 5, ""n_search_iter"": 0, ""seeds"": [42, 43, 44, 45, 46], ""sentence_transformer_model"": ""intfloat/multilingual-e5-small"", ""tfidf_lemmatize"": true, ""tfidf_max_df"": 0.9, ""tfidf_max_features"": 300, ""tfidf_min_df"": 3, ""tfidf_ngram_range"": [1, 2], ""tfidf_normalize_numbers"": true}",2026-09-09T11:41:59
E2_E5LARGE,frozen,participant,01,no_augmentation,PHQ9,44,GradientBoosting,5.006926,False,intfloat/multilingual-e5-large,defaults,"{""augmentation"": ""no_augmentation"", ""beto_model"": ""dccuchile/bert-base-spanish-wwm-cased"", ""chunk_stride"": 256, ""max_tokens"": 512, ""n_cv_splits"": 5, ""n_search_iter"": 0, ""seeds"": [42, 43, 44, 45, 46], ""sentence_transformer_model"": ""intfloat/multilingual-e5-small"", ""tfidf_lemmatize"": true, ""tfidf_max_df"": 0.9, ""tfidf_max_features"": 300, ""tfidf_min_df"": 3, ""tfidf_ngram_range"": [1, 2], ""tfidf_normalize_numbers"": true}",2026-09-09T11:41:59
E2_E5LARGE,frozen,participant,01,no_augmentation,PHQ9,44,LightGBM,5.040956,False,intfloat/multilingual-e5-large,defaults,"{""augmentation"": ""no_augmentation"", ""beto_model"": ""dccuchile/bert-base-spanish-wwm-cased"", ""chunk_stride"": 256, ""max_tokens"": 512, ""n_cv_splits"": 5, ""n_search_iter"": 0, ""seeds"": [42, 43, 44, 45, 46], ""sentence_transformer_model"": ""intfloat/multilingual-e5-small"", ""tfidf_lemmatize"": true, ""tfidf_max_df"": 0.9, ""tfidf_max_features"": 300, ""tfidf_min_df"": 3, ""tfidf_ngram_range"": [1, 2], ""tfidf_normalize_numbers"": true}",2026-09-09T11:41:59
E2_E5LARGE,frozen,participant,01,no_augmentation,PHQ9,44,KNN,5.124377,False,intfloat/multilingual-e5-large,defaults,"{""augmentation"": ""no_augmentation"", ""beto_model"": ""dccuchile/bert-base-spanish-wwm-cased"", ""chunk_stride"": 256, ""max_tokens"": 512, ""n_cv_splits"": 5, ""n_search_iter"": 0, ""seeds"": [42, 43, 44, 45, 46], ""sentence_transformer_model"": ""intfloat/multilingual-e5-small"", ""tfidf_lemmatize"": true, ""tfidf_max_df"": 0.9, ""tfidf_max_features"": 300, ""tfidf_min_df"": 3, ""tfidf_ngram_range"": [1, 2], ""tfidf_normalize_numbers"": true}",2026-09-09T11:41:59
E2_E5LARGE,frozen,participant,01,no_augmentation,PHQ9,44,DecisionTree,6.610311,False,intfloat/multilingual-e5-large,defaults,"{""augmentation"": ""no_augmentation"", ""beto_model"": ""dccuchile/bert-base-spanish-wwm-cased"", ""chunk_stride"": 256, ""max_tokens"": 512, ""n_cv_splits"": 5, ""n_search_iter"": 0, ""seeds"": [42, 43, 44, 45, 46], ""sentence_transformer_model"": ""intfloat/multilingual-e5-small"", ""tfidf_lemmatize"": true, ""tfidf_max_df"": 0.9, ""tfidf_max_features"": 300, ""tfidf_min_df"": 3, ""tfidf_ngram_range"": [1, 2], ""tfidf_normalize_numbers"": true}",2026-09-09T11:41:59
E2_E5LARGE,frozen,participant,01,no_augmentation,PHQ9,44,AdaBoost,4.847088,False,intfloat/multilingual-e5-large,defaults,"{""augmentation"": ""no_augmentation"", ""beto_model"": ""dccuchile/bert-base-spanish-wwm-cased"", ""chunk_stride"": 256, ""max_tokens"": 512, ""n_cv_splits"": 5, ""n_search_iter"": 0, ""seeds"": [42, 43, 44, 45, 46], ""sentence_transformer_model"": ""intfloat/multilingual-e5-small"", ""tfidf_lemmatize"": true, ""tfidf_max_df"": 0.9, ""tfidf_max_features"": 300, ""tfidf_min_df"": 3, ""tfidf_ngram_range"": [1, 2], ""tfidf_normalize_numbers"": true}",2026-09-09T11:41:59
E2_E5LARGE,frozen,participant,01,no_augmentation,GAD7,44,Ridge,4.728966,False,intfloat/multilingual-e5-large,defaults,"{""augmentation"": ""no_augmentation"", ""beto_model"": ""dccuchile/bert-base-spanish-wwm-cased"", ""chunk_stride"": 256, ""max_tokens"": 512, ""n_cv_splits"": 5, ""n_search_iter"": 0, ""seeds"": [42, 43, 44, 45, 46], ""sentence_transformer_model"": ""intfloat/multilingual-e5-small"", ""tfidf_lemmatize"": true, ""tfidf_max_df"": 0.9, ""tfidf_max_features"": 300, ""tfidf_min_df"": 3, ""tfidf_ngram_range"": [1, 2], ""tfidf_normalize_numbers"": true}",2026-09-09T11:42:49
E2_E5LARGE,frozen,participant,01,no_augmentation,GAD7,44,SVR,4.127417,True,intfloat/multilingual-e5-large,defaults,"{""augmentation"": ""no_augmentation"", ""beto_model"": ""dccuchile/bert-base-spanish-wwm-cased"", ""chunk_stride"": 256, ""max_tokens"": 512, ""n_cv_splits"": 5, ""n_search_iter"": 0, ""seeds"": [42, 43, 44, 45, 46], ""sentence_transformer_model"": ""intfloat/multilingual-e5-small"", ""tfidf_lemmatize"": true, ""tfidf_max_df"": 0.9, ""tfidf_max_features"": 300, ""tfidf_min_df"": 3, ""tfidf_ngram_range"": [1, 2], ""tfidf_normalize_numbers"": true}",2026-09-09T11:42:49
E2_E5LARGE,frozen,participant,01,no_augmentation,GAD7,44,RandomForest,4.197307,False,intfloat/multilingual-e5-large,defaults,"{""augmentation"": ""no_augmentation"", ""beto_model"": ""dccuchile/bert-base-spanish-wwm-cased"", ""chunk_stride"": 256, ""max_tokens"": 512, ""n_cv_splits"": 5, ""n_search_iter"": 0, ""seeds"": [42, 43, 44, 45, 46], ""sentence_transformer_model"": ""intfloat/multilingual-e5-small"", ""tfidf_lemmatize"": true, ""tfidf_max_df"": 0.9, ""tfidf_max_features"": 300, ""tfidf_min_df"": 3, ""tfidf_ngram_range"": [1, 2], ""tfidf_normalize_numbers"": true}",2026-09-09T11:42:49
E2_E5LARGE,frozen,participant,01,no_augmentation,GAD7,44,ExtraTrees,4.251428,False,intfloat/multilingual-e5-large,defaults,"{""augmentation"": ""no_augmentation"", ""beto_model"": ""dccuchile/bert-base-spanish-wwm-cased"", ""chunk_stride"": 256, ""max_tokens"": 512, ""n_cv_splits"": 5, ""n_search_iter"": 0, ""seeds"": [42, 43, 44, 45, 46], ""sentence_transformer_model"": ""intfloat/multilingual-e5-small"", ""tfidf_lemmatize"": true, ""tfidf_max_df"": 0.9, ""tfidf_max_features"": 300, ""tfidf_min_df"": 3, ""tfidf_ngram_range"": [1, 2], ""tfidf_normalize_numbers"": true}",2026-09-09T11:42:49
E2_E5LARGE,frozen,participant,01,no_augmentation,GAD7,44,GradientBoosting,4.15505,False,intfloat/multilingual-e5-large,defaults,"{""augmentation"": ""no_augmentation"", ""beto_model"": ""dccuchile/bert-base-spanish-wwm-cased"", ""chunk_stride"": 256, ""max_tokens"": 512, ""n_cv_splits"": 5, ""n_search_iter"": 0, ""seeds"": [42, 43, 44, 45, 46], ""sentence_transformer_model"": ""intfloat/multilingual-e5-small"", ""tfidf_lemmatize"": true, ""tfidf_max_df"": 0.9, ""tfidf_max_features"": 300, ""tfidf_min_df"": 3, ""tfidf_ngram_range"": [1, 2], ""tfidf_normalize_numbers"": true}",2026-09-09T11:42:49
E2_E5LARGE,frozen,participant,01,no_augmentation,GAD7,44,LightGBM,4.517383,False,intfloat/multilingual-e5-large,defaults,"{""augmentation"": ""no_augmentation"", ""beto_model"": ""dccuchile/bert-base-spanish-wwm-cased"", ""chunk_stride"": 256, ""max_tokens"": 512, ""n_cv_splits"": 5, ""n_search_iter"": 0, ""seeds"": [42, 43, 44, 45, 46], ""sentence_transformer_model"": ""intfloat/multilingual-e5-small"", ""tfidf_lemmatize"": true, ""tfidf_max_df"": 0.9, ""tfidf_max_features"": 300, ""tfidf_min_df"": 3, ""tfidf_ngram_range"": [1, 2], ""tfidf_normalize_numbers"": true}",2026-09-09T11:42:49
E2_E5LARGE,frozen,participant,01,no_augmentation,GAD7,44,KNN,4.718889,False,intfloat/multilingual-e5-large,defaults,"{""augmentation"": ""no_augmentation"", ""beto_model"": ""dccuchile/bert-base-spanish-wwm-cased"", ""chunk_stride"": 256, ""max_tokens"": 512, ""n_cv_splits"": 5, ""n_search_iter"": 0, ""seeds"": [42, 43, 44, 45, 46], ""sentence_transformer_model"": ""intfloat/multilingual-e5-small"", ""tfidf_lemmatize"": true, ""tfidf_max_df"": 0.9, ""tfidf_max_features"": 300, ""tfidf_min_df"": 3, ""tfidf_ngram_range"": [1, 2], ""tfidf_normalize_numbers"": true}",2026-09-09T11:42:49
E2_E5LARGE,frozen,participant,01,no_augmentation,GAD7,44,DecisionTree,6.125595,False,intfloat/multilingual-e5-large,defaults,"{""augmentation"": ""no_augmentation"", ""beto_model"": ""dccuchile/bert-base-spanish-wwm-cased"", ""chunk_stride"": 256, ""max_tokens"": 512, ""n_cv_splits"": 5, ""n_search_iter"": 0, ""seeds"": [42, 43, 44, 45, 46], ""sentence_transformer_model"": ""intfloat/multilingual-e5-small"", ""tfidf_lemmatize"": true, ""tfidf_max_df"": 0.9, ""tfidf_max_features"": 300, ""tfidf_min_df"": 3, ""tfidf_ngram_range"": [1, 2], ""tfidf_normalize_numbers"": true}",2026-09-09T11:42:49
E2_E5LARGE,frozen,participant,01,no_augmentation,GAD7,44,AdaBoost,4.15956,False,intfloat/multilingual-e5-large,defaults,"{""augmentation"": ""no_augmentation"", ""beto_model"": ""dccuchile/bert-base-spanish-wwm-cased"", ""chunk_stride"": 256, ""max_tokens"": 512, ""n_cv_splits"": 5, ""n_search_iter"": 0, ""seeds"": [42, 43, 44, 45, 46], ""sentence_transformer_model"": ""intfloat/multilingual-e5-small"", ""tfidf_lemmatize"": true, ""tfidf_max_df"": 0.9, ""tfidf_max_features"": 300, ""tfidf_min_df"": 3, ""tfidf_ngram_range"": [1, 2], ""tfidf_normalize_numbers"": true}",2026-09-09T11:42:49
E2_E5LARGE,frozen,participant,01,no_augmentation,PHQ9,45,Ridge,5.871783,False,intfloat/multilingual-e5-large,defaults,"{""augmentation"": ""no_augmentation"", ""beto_model"": ""dccuchile/bert-base-spanish-wwm-cased"", ""chunk_stride"": 256, ""max_tokens"": 512, ""n_cv_splits"": 5, ""n_search_iter"": 0, ""seeds"": [42, 43, 44, 45, 46], ""sentence_transformer_model"": ""intfloat/multilingual-e5-small"", ""tfidf_lemmatize"": true, ""tfidf_max_df"": 0.9, ""tfidf_max_features"": 300, ""tfidf_min_df"": 3, ""tfidf_ngram_range"": [1, 2], ""tfidf_normalize_numbers"": true}",2026-09-09T11:43:39
E2_E5LARGE,frozen,participant,01,no_augmentation,PHQ9,45,SVR,4.866771,True,intfloat/multilingual-e5-large,defaults,"{""augmentation"": ""no_augmentation"", ""beto_model"": ""dccuchile/bert-base-spanish-wwm-cased"", ""chunk_stride"": 256, ""max_tokens"": 512, ""n_cv_splits"": 5, ""n_search_iter"": 0, ""seeds"": [42, 43, 44, 45, 46], ""sentence_transformer_model"": ""intfloat/multilingual-e5-small"", ""tfidf_lemmatize"": true, ""tfidf_max_df"": 0.9, ""tfidf_max_features"": 300, ""tfidf_min_df"": 3, ""tfidf_ngram_range"": [1, 2], ""tfidf_normalize_numbers"": true}",2026-09-09T11:43:39
E2_E5LARGE,frozen,participant,01,no_augmentation,PHQ9,45,RandomForest,5.056785,False,intfloat/multilingual-e5-large,defaults,"{""augmentation"": ""no_augmentation"", ""beto_model"": ""dccuchile/bert-base-spanish-wwm-cased"", ""chunk_stride"": 256, ""max_tokens"": 512, ""n_cv_splits"": 5, ""n_search_iter"": 0, ""seeds"": [42, 43, 44, 45, 46], ""sentence_transformer_model"": ""intfloat/multilingual-e5-small"", ""tfidf_lemmatize"": true, ""tfidf_max_df"": 0.9, ""tfidf_max_features"": 300, ""tfidf_min_df"": 3, ""tfidf_ngram_range"": [1, 2], ""tfidf_normalize_numbers"": true}",2026-09-09T11:43:39
E2_E5LARGE,frozen,participant,01,no_augmentation,PHQ9,45,ExtraTrees,5.046304,False,intfloat/multilingual-e5-large,defaults,"{""augmentation"": ""no_augmentation"", ""beto_model"": ""dccuchile/bert-base-spanish-wwm-cased"", ""chunk_stride"": 256, ""max_tokens"": 512, ""n_cv_splits"": 5, ""n_search_iter"": 0, ""seeds"": [42, 43, 44, 45, 46], ""sentence_transformer_model"": ""intfloat/multilingual-e5-small"", ""tfidf_lemmatize"": true, ""tfidf_max_df"": 0.9, ""tfidf_max_features"": 300, ""tfidf_min_df"": 3, ""tfidf_ngram_range"": [1, 2], ""tfidf_normalize_numbers"": true}",2026-09-09T11:43:39
E2_E5LARGE,frozen,participant,01,no_augmentation,PHQ9,45,GradientBoosting,5.121412,False,intfloat/multilingual-e5-large,defaults,"{""augmentation"": ""no_augmentation"", ""beto_model"": ""dccuchile/bert-base-spanish-wwm-cased"", ""chunk_stride"": 256, ""max_tokens"": 512, ""n_cv_splits"": 5, ""n_search_iter"": 0, ""seeds"": [42, 43, 44, 45, 46], ""sentence_transformer_model"": ""intfloat/multilingual-e5-small"", ""tfidf_lemmatize"": true, ""tfidf_max_df"": 0.9, ""tfidf_max_features"": 300, ""tfidf_min_df"": 3, ""tfidf_ngram_range"": [1, 2], ""tfidf_normalize_numbers"": true}",2026-09-09T11:43:39
E2_E5LARGE,frozen,participant,01,no_augmentation,PHQ9,45,LightGBM,5.293705,False,intfloat/multilingual-e5-large,defaults,"{""augmentation"": ""no_augmentation"", ""beto_model"": ""dccuchile/bert-base-spanish-wwm-cased"", ""chunk_stride"": 256, ""max_tokens"": 512, ""n_cv_splits"": 5, ""n_search_iter"": 0, ""seeds"": [42, 43, 44, 45, 46], ""sentence_transformer_model"": ""intfloat/multilingual-e5-small"", ""tfidf_lemmatize"": true, ""tfidf_max_df"": 0.9, ""tfidf_max_features"": 300, ""tfidf_min_df"": 3, ""tfidf_ngram_range"": [1, 2], ""tfidf_normalize_numbers"": true}",2026-09-09T11:43:39
E2_E5LARGE,frozen,participant,01,no_augmentation,PHQ9,45,KNN,5.502001,False,intfloat/multilingual-e5-large,defaults,"{""augmentation"": ""no_augmentation"", ""beto_model"": ""dccuchile/bert-base-spanish-wwm-cased"", ""chunk_stride"": 256, ""max_tokens"": 512, ""n_cv_splits"": 5, ""n_search_iter"": 0, ""seeds"": [42, 43, 44, 45, 46], ""sentence_transformer_model"": ""intfloat/multilingual-e5-small"", ""tfidf_lemmatize"": true, ""tfidf_max_df"": 0.9, ""tfidf_max_features"": 300, ""tfidf_min_df"": 3, ""tfidf_ngram_range"": [1, 2], ""tfidf_normalize_numbers"": true}",2026-09-09T11:43:39
E2_E5LARGE,frozen,participant,01,no_augmentation,PHQ9,45,DecisionTree,7.180138,False,intfloat/multilingual-e5-large,defaults,"{""augmentation"": ""no_augmentation"", ""beto_model"": ""dccuchile/bert-base-spanish-wwm-cased"", ""chunk_stride"": 256, ""max_tokens"": 512, ""n_cv_splits"": 5, ""n_search_iter"": 0, ""seeds"": [42, 43, 44, 45, 46], ""sentence_transformer_model"": ""intfloat/multilingual-e5-small"", ""tfidf_lemmatize"": true, ""tfidf_max_df"": 0.9, ""tfidf_max_features"": 300, ""tfidf_min_df"": 3, ""tfidf_ngram_range"": [1, 2], ""tfidf_normalize_numbers"": true}",2026-09-09T11:43:39
E2_E5LARGE,frozen,participant,01,no_augmentation,PHQ9,45,AdaBoost,5.120631,False,intfloat/multilingual-e5-large,defaults,"{""augmentation"": ""no_augmentation"", ""beto_model"": ""dccuchile/bert-base-spanish-wwm-cased"", ""chunk_stride"": 256, ""max_tokens"": 512, ""n_cv_splits"": 5, ""n_search_iter"": 0, ""seeds"": [42, 43, 44, 45, 46], ""sentence_transformer_model"": ""intfloat/multilingual-e5-small"", ""tfidf_lemmatize"": true, ""tfidf_max_df"": 0.9, ""tfidf_max_features"": 300, ""tfidf_min_df"": 3, ""tfidf_ngram_range"": [1, 2], ""tfidf_normalize_numbers"": true}",2026-09-09T11:43:39
E2_E5LARGE,frozen,participant,01,no_augmentation,GAD7,45,Ridge,5.265013,False,intfloat/multilingual-e5-large,defaults,"{""augmentation"": ""no_augmentation"", ""beto_model"": ""dccuchile/bert-base-spanish-wwm-cased"", ""chunk_stride"": 256, ""max_tokens"": 512, ""n_cv_splits"": 5, ""n_search_iter"": 0, ""seeds"": [42, 43, 44, 45, 46], ""sentence_transformer_model"": ""intfloat/multilingual-e5-small"", ""tfidf_lemmatize"": true, ""tfidf_max_df"": 0.9, ""tfidf_max_features"": 300, ""tfidf_min_df"": 3, ""tfidf_ngram_range"": [1, 2], ""tfidf_normalize_numbers"": true}",2026-09-09T11:44:55
E2_E5LARGE,frozen,participant,01,no_augmentation,GAD7,45,SVR,4.26801,False,intfloat/multilingual-e5-large,defaults,"{""augmentation"": ""no_augmentation"", ""beto_model"": ""dccuchile/bert-base-spanish-wwm-cased"", ""chunk_stride"": 256, ""max_tokens"": 512, ""n_cv_splits"": 5, ""n_search_iter"": 0, ""seeds"": [42, 43, 44, 45, 46], ""sentence_transformer_model"": ""intfloat/multilingual-e5-small"", ""tfidf_lemmatize"": true, ""tfidf_max_df"": 0.9, ""tfidf_max_features"": 300, ""tfidf_min_df"": 3, ""tfidf_ngram_range"": [1, 2], ""tfidf_normalize_numbers"": true}",2026-09-09T11:44:55
E2_E5LARGE,frozen,participant,01,no_augmentation,GAD7,45,RandomForest,4.319031,False,intfloat/multilingual-e5-large,defaults,"{""augmentation"": ""no_augmentation"", ""beto_model"": ""dccuchile/bert-base-spanish-wwm-cased"", ""chunk_stride"": 256, ""max_tokens"": 512, ""n_cv_splits"": 5, ""n_search_iter"": 0, ""seeds"": [42, 43, 44, 45, 46], ""sentence_transformer_model"": ""intfloat/multilingual-e5-small"", ""tfidf_lemmatize"": true, ""tfidf_max_df"": 0.9, ""tfidf_max_features"": 300, ""tfidf_min_df"": 3, ""tfidf_ngram_range"": [1, 2], ""tfidf_normalize_numbers"": true}",2026-09-09T11:44:55
E2_E5LARGE,frozen,participant,01,no_augmentation,GAD7,45,ExtraTrees,4.349668,False,intfloat/multilingual-e5-large,defaults,"{""augmentation"": ""no_augmentation"", ""beto_model"": ""dccuchile/bert-base-spanish-wwm-cased"", ""chunk_stride"": 256, ""max_tokens"": 512, ""n_cv_splits"": 5, ""n_search_iter"": 0, ""seeds"": [42, 43, 44, 45, 46], ""sentence_transformer_model"": ""intfloat/multilingual-e5-small"", ""tfidf_lemmatize"": true, ""tfidf_max_df"": 0.9, ""tfidf_max_features"": 300, ""tfidf_min_df"": 3, ""tfidf_ngram_range"": [1, 2], ""tfidf_normalize_numbers"": true}",2026-09-09T11:44:55
E2_E5LARGE,frozen,participant,01,no_augmentation,GAD7,45,GradientBoosting,4.31838,False,intfloat/multilingual-e5-large,defaults,"{""augmentation"": ""no_augmentation"", ""beto_model"": ""dccuchile/bert-base-spanish-wwm-cased"", ""chunk_stride"": 256, ""max_tokens"": 512, ""n_cv_splits"": 5, ""n_search_iter"": 0, ""seeds"": [42, 43, 44, 45, 46], ""sentence_transformer_model"": ""intfloat/multilingual-e5-small"", ""tfidf_lemmatize"": true, ""tfidf_max_df"": 0.9, ""tfidf_max_features"": 300, ""tfidf_min_df"": 3, ""tfidf_ngram_range"": [1, 2], ""tfidf_normalize_numbers"": true}",2026-09-09T11:44:55
E2_E5LARGE,frozen,participant,01,no_augmentation,GAD7,45,LightGBM,4.467235,False,intfloat/multilingual-e5-large,defaults,"{""augmentation"": ""no_augmentation"", ""beto_model"": ""dccuchile/bert-base-spanish-wwm-cased"", ""chunk_stride"": 256, ""max_tokens"": 512, ""n_cv_splits"": 5, ""n_search_iter"": 0, ""seeds"": [42, 43, 44, 45, 46], ""sentence_transformer_model"": ""intfloat/multilingual-e5-small"", ""tfidf_lemmatize"": true, ""tfidf_max_df"": 0.9, ""tfidf_max_features"": 300, ""tfidf_min_df"": 3, ""tfidf_ngram_range"": [1, 2], ""tfidf_normalize_numbers"": true}",2026-09-09T11:44:55
E2_E5LARGE,frozen,participant,01,no_augmentation,GAD7,45,KNN,4.699915,False,intfloat/multilingual-e5-large,defaults,"{""augmentation"": ""no_augmentation"", ""beto_model"": ""dccuchile/bert-base-spanish-wwm-cased"", ""chunk_stride"": 256, ""max_tokens"": 512, ""n_cv_splits"": 5, ""n_search_iter"": 0, ""seeds"": [42, 43, 44, 45, 46], ""sentence_transformer_model"": ""intfloat/multilingual-e5-small"", ""tfidf_lemmatize"": true, ""tfidf_max_df"": 0.9, ""tfidf_max_features"": 300, ""tfidf_min_df"": 3, ""tfidf_ngram_range"": [1, 2], ""tfidf_normalize_numbers"": true}",2026-09-09T11:44:55
E2_E5LARGE,frozen,participant,01,no_augmentation,GAD7,45,DecisionTree,5.941265,False,intfloat/multilingual-e5-large,defaults,"{""augmentation"": ""no_augmentation"", ""beto_model"": ""dccuchile/bert-base-spanish-wwm-cased"", ""chunk_stride"": 256, ""max_tokens"": 512, ""n_cv_splits"": 5, ""n_search_iter"": 0, ""seeds"": [42, 43, 44, 45, 46], ""sentence_transformer_model"": ""intfloat/multilingual-e5-small"", ""tfidf_lemmatize"": true, ""tfidf_max_df"": 0.9, ""tfidf_max_features"": 300, ""tfidf_min_df"": 3, ""tfidf_ngram_range"": [1, 2], ""tfidf_normalize_numbers"": true}",2026-09-09T11:44:55
E2_E5LARGE,frozen,participant,01,no_augmentation,GAD7,45,AdaBoost,4.256094,True,intfloat/multilingual-e5-large,defaults,"{""augmentation"": ""no_augmentation"", ""beto_model"": ""dccuchile/bert-base-spanish-wwm-cased"", ""chunk_stride"": 256, ""max_tokens"": 512, ""n_cv_splits"": 5, ""n_search_iter"": 0, ""seeds"": [42, 43, 44, 45, 46], ""sentence_transformer_model"": ""intfloat/multilingual-e5-small"", ""tfidf_lemmatize"": true, ""tfidf_max_df"": 0.9, ""tfidf_max_features"": 300, ""tfidf_min_df"": 3, ""tfidf_ngram_range"": [1, 2], ""tfidf_normalize_numbers"": true}",2026-09-09T11:44:56
E2_E5LARGE,frozen,participant,01,no_augmentation,PHQ9,46,Ridge,5.679672,False,intfloat/multilingual-e5-large,defaults,"{""augmentation"": ""no_augmentation"", ""beto_model"": ""dccuchile/bert-base-spanish-wwm-cased"", ""chunk_stride"": 256, ""max_tokens"": 512, ""n_cv_splits"": 5, ""n_search_iter"": 0, ""seeds"": [42, 43, 44, 45, 46], ""sentence_transformer_model"": ""intfloat/multilingual-e5-small"", ""tfidf_lemmatize"": true, ""tfidf_max_df"": 0.9, ""tfidf_max_features"": 300, ""tfidf_min_df"": 3, ""tfidf_ngram_range"": [1, 2], ""tfidf_normalize_numbers"": true}",2026-09-09T11:45:51
E2_E5LARGE,frozen,participant,01,no_augmentation,PHQ9,46,SVR,4.735211,True,intfloat/multilingual-e5-large,defaults,"{""augmentation"": ""no_augmentation"", ""beto_model"": ""dccuchile/bert-base-spanish-wwm-cased"", ""chunk_stride"": 256, ""max_tokens"": 512, ""n_cv_splits"": 5, ""n_search_iter"": 0, ""seeds"": [42, 43, 44, 45, 46], ""sentence_transformer_model"": ""intfloat/multilingual-e5-small"", ""tfidf_lemmatize"": true, ""tfidf_max_df"": 0.9, ""tfidf_max_features"": 300, ""tfidf_min_df"": 3, ""tfidf_ngram_range"": [1, 2], ""tfidf_normalize_numbers"": true}",2026-09-09T11:45:51
E2_E5LARGE,frozen,participant,01,no_augmentation,PHQ9,46,RandomForest,4.99944,False,intfloat/multilingual-e5-large,defaults,"{""augmentation"": ""no_augmentation"", ""beto_model"": ""dccuchile/bert-base-spanish-wwm-cased"", ""chunk_stride"": 256, ""max_tokens"": 512, ""n_cv_splits"": 5, ""n_search_iter"": 0, ""seeds"": [42, 43, 44, 45, 46], ""sentence_transformer_model"": ""intfloat/multilingual-e5-small"", ""tfidf_lemmatize"": true, ""tfidf_max_df"": 0.9, ""tfidf_max_features"": 300, ""tfidf_min_df"": 3, ""tfidf_ngram_range"": [1, 2], ""tfidf_normalize_numbers"": true}",2026-09-09T11:45:51
E2_E5LARGE,frozen,participant,01,no_augmentation,PHQ9,46,ExtraTrees,5.012602,False,intfloat/multilingual-e5-large,defaults,"{""augmentation"": ""no_augmentation"", ""beto_model"": ""dccuchile/bert-base-spanish-wwm-cased"", ""chunk_stride"": 256, ""max_tokens"": 512, ""n_cv_splits"": 5, ""n_search_iter"": 0, ""seeds"": [42, 43, 44, 45, 46], ""sentence_transformer_model"": ""intfloat/multilingual-e5-small"", ""tfidf_lemmatize"": true, ""tfidf_max_df"": 0.9, ""tfidf_max_features"": 300, ""tfidf_min_df"": 3, ""tfidf_ngram_range"": [1, 2], ""tfidf_normalize_numbers"": true}",2026-09-09T11:45:51
E2_E5LARGE,frozen,participant,01,no_augmentation,PHQ9,46,GradientBoosting,5.018602,False,intfloat/multilingual-e5-large,defaults,"{""augmentation"": ""no_augmentation"", ""beto_model"": ""dccuchile/bert-base-spanish-wwm-cased"", ""chunk_stride"": 256, ""max_tokens"": 512, ""n_cv_splits"": 5, ""n_search_iter"": 0, ""seeds"": [42, 43, 44, 45, 46], ""sentence_transformer_model"": ""intfloat/multilingual-e5-small"", ""tfidf_lemmatize"": true, ""tfidf_max_df"": 0.9, ""tfidf_max_features"": 300, ""tfidf_min_df"": 3, ""tfidf_ngram_range"": [1, 2], ""tfidf_normalize_numbers"": true}",2026-09-09T11:45:51
E2_E5LARGE,frozen,participant,01,no_augmentation,PHQ9,46,LightGBM,5.002902,False,intfloat/multilingual-e5-large,defaults,"{""augmentation"": ""no_augmentation"", ""beto_model"": ""dccuchile/bert-base-spanish-wwm-cased"", ""chunk_stride"": 256, ""max_tokens"": 512, ""n_cv_splits"": 5, ""n_search_iter"": 0, ""seeds"": [42, 43, 44, 45, 46], ""sentence_transformer_model"": ""intfloat/multilingual-e5-small"", ""tfidf_lemmatize"": true, ""tfidf_max_df"": 0.9, ""tfidf_max_features"": 300, ""tfidf_min_df"": 3, ""tfidf_ngram_range"": [1, 2], ""tfidf_normalize_numbers"": true}",2026-09-09T11:45:51
E2_E5LARGE,frozen,participant,01,no_augmentation,PHQ9,46,KNN,5.239307,False,intfloat/multilingual-e5-large,defaults,"{""augmentation"": ""no_augmentation"", ""beto_model"": ""dccuchile/bert-base-spanish-wwm-cased"", ""chunk_stride"": 256, ""max_tokens"": 512, ""n_cv_splits"": 5, ""n_search_iter"": 0, ""seeds"": [42, 43, 44, 45, 46], ""sentence_transformer_model"": ""intfloat/multilingual-e5-small"", ""tfidf_lemmatize"": true, ""tfidf_max_df"": 0.9, ""tfidf_max_features"": 300, ""tfidf_min_df"": 3, ""tfidf_ngram_range"": [1, 2], ""tfidf_normalize_numbers"": true}",2026-09-09T11:45:51
E2_E5LARGE,frozen,participant,01,no_augmentation,PHQ9,46,DecisionTree,7.301849,False,intfloat/multilingual-e5-large,defaults,"{""augmentation"": ""no_augmentation"", ""beto_model"": ""dccuchile/bert-base-spanish-wwm-cased"", ""chunk_stride"": 256, ""max_tokens"": 512, ""n_cv_splits"": 5, ""n_search_iter"": 0, ""seeds"": [42, 43, 44, 45, 46], ""sentence_transformer_model"": ""intfloat/multilingual-e5-small"", ""tfidf_lemmatize"": true, ""tfidf_max_df"": 0.9, ""tfidf_max_features"": 300, ""tfidf_min_df"": 3, ""tfidf_ngram_range"": [1, 2], ""tfidf_normalize_numbers"": true}",2026-09-09T11:45:51
E2_E5LARGE,frozen,participant,01,no_augmentation,PHQ9,46,AdaBoost,4.954352,False,intfloat/multilingual-e5-large,defaults,"{""augmentation"": ""no_augmentation"", ""beto_model"": ""dccuchile/bert-base-spanish-wwm-cased"", ""chunk_stride"": 256, ""max_tokens"": 512, ""n_cv_splits"": 5, ""n_search_iter"": 0, ""seeds"": [42, 43, 44, 45, 46], ""sentence_transformer_model"": ""intfloat/multilingual-e5-small"", ""tfidf_lemmatize"": true, ""tfidf_max_df"": 0.9, ""tfidf_max_features"": 300, ""tfidf_min_df"": 3, ""tfidf_ngram_range"": [1, 2], ""tfidf_normalize_numbers"": true}",2026-09-09T11:45:51
E2_E5LARGE,frozen,participant,01,no_augmentation,GAD7,46,Ridge,5.442189,False,intfloat/multilingual-e5-large,defaults,"{""augmentation"": ""no_augmentation"", ""beto_model"": ""dccuchile/bert-base-spanish-wwm-cased"", ""chunk_stride"": 256, ""max_tokens"": 512, ""n_cv_splits"": 5, ""n_search_iter"": 0, ""seeds"": [42, 43, 44, 45, 46], ""sentence_transformer_model"": ""intfloat/multilingual-e5-small"", ""tfidf_lemmatize"": true, ""tfidf_max_df"": 0.9, ""tfidf_max_features"": 300, ""tfidf_min_df"": 3, ""tfidf_ngram_range"": [1, 2], ""tfidf_normalize_numbers"": true}",2026-09-09T11:47:21
E2_E5LARGE,frozen,participant,01,no_augmentation,GAD7,46,SVR,4.258725,False,intfloat/multilingual-e5-large,defaults,"{""augmentation"": ""no_augmentation"", ""beto_model"": ""dccuchile/bert-base-spanish-wwm-cased"", ""chunk_stride"": 256, ""max_tokens"": 512, ""n_cv_splits"": 5, ""n_search_iter"": 0, ""seeds"": [42, 43, 44, 45, 46], ""sentence_transformer_model"": ""intfloat/multilingual-e5-small"", ""tfidf_lemmatize"": true, ""tfidf_max_df"": 0.9, ""tfidf_max_features"": 300, ""tfidf_min_df"": 3, ""tfidf_ngram_range"": [1, 2], ""tfidf_normalize_numbers"": true}",2026-09-09T11:47:21
E2_E5LARGE,frozen,participant,01,no_augmentation,GAD7,46,RandomForest,4.334994,False,intfloat/multilingual-e5-large,defaults,"{""augmentation"": ""no_augmentation"", ""beto_model"": ""dccuchile/bert-base-spanish-wwm-cased"", ""chunk_stride"": 256, ""max_tokens"": 512, ""n_cv_splits"": 5, ""n_search_iter"": 0, ""seeds"": [42, 43, 44, 45, 46], ""sentence_transformer_model"": ""intfloat/multilingual-e5-small"", ""tfidf_lemmatize"": true, ""tfidf_max_df"": 0.9, ""tfidf_max_features"": 300, ""tfidf_min_df"": 3, ""tfidf_ngram_range"": [1, 2], ""tfidf_normalize_numbers"": true}",2026-09-09T11:47:21
E2_E5LARGE,frozen,participant,01,no_augmentation,GAD7,46,ExtraTrees,4.345251,False,intfloat/multilingual-e5-large,defaults,"{""augmentation"": ""no_augmentation"", ""beto_model"": ""dccuchile/bert-base-spanish-wwm-cased"", ""chunk_stride"": 256, ""max_tokens"": 512, ""n_cv_splits"": 5, ""n_search_iter"": 0, ""seeds"": [42, 43, 44, 45, 46], ""sentence_transformer_model"": ""intfloat/multilingual-e5-small"", ""tfidf_lemmatize"": true, ""tfidf_max_df"": 0.9, ""tfidf_max_features"": 300, ""tfidf_min_df"": 3, ""tfidf_ngram_range"": [1, 2], ""tfidf_normalize_numbers"": true}",2026-09-09T11:47:21
E2_E5LARGE,frozen,participant,01,no_augmentation,GAD7,46,GradientBoosting,4.412142,False,intfloat/multilingual-e5-large,defaults,"{""augmentation"": ""no_augmentation"", ""beto_model"": ""dccuchile/bert-base-spanish-wwm-cased"", ""chunk_stride"": 256, ""max_tokens"": 512, ""n_cv_splits"": 5, ""n_search_iter"": 0, ""seeds"": [42, 43, 44, 45, 46], ""sentence_transformer_model"": ""intfloat/multilingual-e5-small"", ""tfidf_lemmatize"": true, ""tfidf_max_df"": 0.9, ""tfidf_max_features"": 300, ""tfidf_min_df"": 3, ""tfidf_ngram_range"": [1, 2], ""tfidf_normalize_numbers"": true}",2026-09-09T11:47:21
E2_E5LARGE,frozen,participant,01,no_augmentation,GAD7,46,LightGBM,4.728271,False,intfloat/multilingual-e5-large,defaults,"{""augmentation"": ""no_augmentation"", ""beto_model"": ""dccuchile/bert-base-spanish-wwm-cased"", ""chunk_stride"": 256, ""max_tokens"": 512, ""n_cv_splits"": 5, ""n_search_iter"": 0, ""seeds"": [42, 43, 44, 45, 46], ""sentence_transformer_model"": ""intfloat/multilingual-e5-small"", ""tfidf_lemmatize"": true, ""tfidf_max_df"": 0.9, ""tfidf_max_features"": 300, ""tfidf_min_df"": 3, ""tfidf_ngram_range"": [1, 2], ""tfidf_normalize_numbers"": true}",2026-09-09T11:47:21
E2_E5LARGE,frozen,participant,01,no_augmentation,GAD7,46,KNN,4.668642,False,intfloat/multilingual-e5-large,defaults,"{""augmentation"": ""no_augmentation"", ""beto_model"": ""dccuchile/bert-base-spanish-wwm-cased"", ""chunk_stride"": 256, ""max_tokens"": 512, ""n_cv_splits"": 5, ""n_search_iter"": 0, ""seeds"": [42, 43, 44, 45, 46], ""sentence_transformer_model"": ""intfloat/multilingual-e5-small"", ""tfidf_lemmatize"": true, ""tfidf_max_df"": 0.9, ""tfidf_max_features"": 300, ""tfidf_min_df"": 3, ""tfidf_ngram_range"": [1, 2], ""tfidf_normalize_numbers"": true}",2026-09-09T11:47:21
E2_E5LARGE,frozen,participant,01,no_augmentation,GAD7,46,DecisionTree,6.312396,False,intfloat/multilingual-e5-large,defaults,"{""augmentation"": ""no_augmentation"", ""beto_model"": ""dccuchile/bert-base-spanish-wwm-cased"", ""chunk_stride"": 256, ""max_tokens"": 512, ""n_cv_splits"": 5, ""n_search_iter"": 0, ""seeds"": [42, 43, 44, 45, 46], ""sentence_transformer_model"": ""intfloat/multilingual-e5-small"", ""tfidf_lemmatize"": true, ""tfidf_max_df"": 0.9, ""tfidf_max_features"": 300, ""tfidf_min_df"": 3, ""tfidf_ngram_range"": [1, 2], ""tfidf_normalize_numbers"": true}",2026-09-09T11:47:21
E2_E5LARGE,frozen,participant,01,no_augmentation,GAD7,46,AdaBoost,4.244201,True,intfloat/multilingual-e5-large,defaults,"{""augmentation"": ""no_augmentation"", ""beto_model"": ""dccuchile/bert-base-spanish-wwm-cased"", ""chunk_stride"": 256, ""max_tokens"": 512, ""n_cv_splits"": 5, ""n_search_iter"": 0, ""seeds"": [42, 43, 44, 45, 46], ""sentence_transformer_model"": ""intfloat/multilingual-e5-small"", ""tfidf_lemmatize"": true, ""tfidf_max_df"": 0.9, ""tfidf_max_features"": 300, ""tfidf_min_df"": 3, ""tfidf_ngram_range"": [1, 2], ""tfidf_normalize_numbers"": true}",2026-09-09T11:47:21
E3_TSDAE_EP05,frozen,participant,03,no_augmentation,PHQ9,42,Ridge,7.739993,False,models/tsdae_e5_small/ep05,defaults,"{""augmentation"": ""no_augmentation"", ""beto_model"": ""dccuchile/bert-base-spanish-wwm-cased"", ""chunk_stride"": 256, ""max_tokens"": 512, ""n_cv_splits"": 5, ""n_search_iter"": 0, ""seeds"": [42, 43, 44, 45, 46], ""sentence_transformer_model"": ""intfloat/multilingual-e5-small"", ""tfidf_lemmatize"": true, ""tfidf_max_df"": 0.9, ""tfidf_max_features"": 300, ""tfidf_min_df"": 3, ""tfidf_ngram_range"": [1, 2], ""tfidf_normalize_numbers"": true}",2026-09-09T15:36:57
E3_TSDAE_EP05,frozen,participant,03,no_augmentation,PHQ9,42,SVR,5.952889,False,models/tsdae_e5_small/ep05,defaults,"{""augmentation"": ""no_augmentation"", ""beto_model"": ""dccuchile/bert-base-spanish-wwm-cased"", ""chunk_stride"": 256, ""max_tokens"": 512, ""n_cv_splits"": 5, ""n_search_iter"": 0, ""seeds"": [42, 43, 44, 45, 46], ""sentence_transformer_model"": ""intfloat/multilingual-e5-small"", ""tfidf_lemmatize"": true, ""tfidf_max_df"": 0.9, ""tfidf_max_features"": 300, ""tfidf_min_df"": 3, ""tfidf_ngram_range"": [1, 2], ""tfidf_normalize_numbers"": true}",2026-09-09T15:36:57
E3_TSDAE_EP05,frozen,participant,03,no_augmentation,PHQ9,42,RandomForest,5.884935,False,models/tsdae_e5_small/ep05,defaults,"{""augmentation"": ""no_augmentation"", ""beto_model"": ""dccuchile/bert-base-spanish-wwm-cased"", ""chunk_stride"": 256, ""max_tokens"": 512, ""n_cv_splits"": 5, ""n_search_iter"": 0, ""seeds"": [42, 43, 44, 45, 46], ""sentence_transformer_model"": ""intfloat/multilingual-e5-small"", ""tfidf_lemmatize"": true, ""tfidf_max_df"": 0.9, ""tfidf_max_features"": 300, ""tfidf_min_df"": 3, ""tfidf_ngram_range"": [1, 2], ""tfidf_normalize_numbers"": true}",2026-09-09T15:36:57
E3_TSDAE_EP05,frozen,participant,03,no_augmentation,PHQ9,42,ExtraTrees,5.833328,True,models/tsdae_e5_small/ep05,defaults,"{""augmentation"": ""no_augmentation"", ""beto_model"": ""dccuchile/bert-base-spanish-wwm-cased"", ""chunk_stride"": 256, ""max_tokens"": 512, ""n_cv_splits"": 5, ""n_search_iter"": 0, ""seeds"": [42, 43, 44, 45, 46], ""sentence_transformer_model"": ""intfloat/multilingual-e5-small"", ""tfidf_lemmatize"": true, ""tfidf_max_df"": 0.9, ""tfidf_max_features"": 300, ""tfidf_min_df"": 3, ""tfidf_ngram_range"": [1, 2], ""tfidf_normalize_numbers"": true}",2026-09-09T15:36:57
E3_TSDAE_EP05,frozen,participant,03,no_augmentation,PHQ9,42,GradientBoosting,6.064614,False,models/tsdae_e5_small/ep05,defaults,"{""augmentation"": ""no_augmentation"", ""beto_model"": ""dccuchile/bert-base-spanish-wwm-cased"", ""chunk_stride"": 256, ""max_tokens"": 512, ""n_cv_splits"": 5, ""n_search_iter"": 0, ""seeds"": [42, 43, 44, 45, 46], ""sentence_transformer_model"": ""intfloat/multilingual-e5-small"", ""tfidf_lemmatize"": true, ""tfidf_max_df"": 0.9, ""tfidf_max_features"": 300, ""tfidf_min_df"": 3, ""tfidf_ngram_range"": [1, 2], ""tfidf_normalize_numbers"": true}",2026-09-09T15:36:57
E3_TSDAE_EP05,frozen,participant,03,no_augmentation,PHQ9,42,LightGBM,6.487946,False,models/tsdae_e5_small/ep05,defaults,"{""augmentation"": ""no_augmentation"", ""beto_model"": ""dccuchile/bert-base-spanish-wwm-cased"", ""chunk_stride"": 256, ""max_tokens"": 512, ""n_cv_splits"": 5, ""n_search_iter"": 0, ""seeds"": [42, 43, 44, 45, 46], ""sentence_transformer_model"": ""intfloat/multilingual-e5-small"", ""tfidf_lemmatize"": true, ""tfidf_max_df"": 0.9, ""tfidf_max_features"": 300, ""tfidf_min_df"": 3, ""tfidf_ngram_range"": [1, 2], ""tfidf_normalize_numbers"": true}",2026-09-09T15:36:57
E3_TSDAE_EP05,frozen,participant,03,no_augmentation,PHQ9,42,KNN,5.995137,False,models/tsdae_e5_small/ep05,defaults,"{""augmentation"": ""no_augmentation"", ""beto_model"": ""dccuchile/bert-base-spanish-wwm-cased"", ""chunk_stride"": 256, ""max_tokens"": 512, ""n_cv_splits"": 5, ""n_search_iter"": 0, ""seeds"": [42, 43, 44, 45, 46], ""sentence_transformer_model"": ""intfloat/multilingual-e5-small"", ""tfidf_lemmatize"": true, ""tfidf_max_df"": 0.9, ""tfidf_max_features"": 300, ""tfidf_min_df"": 3, ""tfidf_ngram_range"": [1, 2], ""tfidf_normalize_numbers"": true}",2026-09-09T15:36:57
E3_TSDAE_EP05,frozen,participant,03,no_augmentation,PHQ9,42,DecisionTree,8.25095,False,models/tsdae_e5_small/ep05,defaults,"{""augmentation"": ""no_augmentation"", ""beto_model"": ""dccuchile/bert-base-spanish-wwm-cased"", ""chunk_stride"": 256, ""max_tokens"": 512, ""n_cv_splits"": 5, ""n_search_iter"": 0, ""seeds"": [42, 43, 44, 45, 46], ""sentence_transformer_model"": ""intfloat/multilingual-e5-small"", ""tfidf_lemmatize"": true, ""tfidf_max_df"": 0.9, ""tfidf_max_features"": 300, ""tfidf_min_df"": 3, ""tfidf_ngram_range"": [1, 2], ""tfidf_normalize_numbers"": true}",2026-09-09T15:36:57
E3_TSDAE_EP05,frozen,participant,03,no_augmentation,PHQ9,42,AdaBoost,6.088149,False,models/tsdae_e5_small/ep05,defaults,"{""augmentation"": ""no_augmentation"", ""beto_model"": ""dccuchile/bert-base-spanish-wwm-cased"", ""chunk_stride"": 256, ""max_tokens"": 512, ""n_cv_splits"": 5, ""n_search_iter"": 0, ""seeds"": [42, 43, 44, 45, 46], ""sentence_transformer_model"": ""intfloat/multilingual-e5-small"", ""tfidf_lemmatize"": true, ""tfidf_max_df"": 0.9, ""tfidf_max_features"": 300, ""tfidf_min_df"": 3, ""tfidf_ngram_range"": [1, 2], ""tfidf_normalize_numbers"": true}",2026-09-09T15:36:57
E3_TSDAE_EP05,frozen,participant,03,no_augmentation,GAD7,42,Ridge,5.768151,False,models/tsdae_e5_small/ep05,defaults,"{""augmentation"": ""no_augmentation"", ""beto_model"": ""dccuchile/bert-base-spanish-wwm-cased"", ""chunk_stride"": 256, ""max_tokens"": 512, ""n_cv_splits"": 5, ""n_search_iter"": 0, ""seeds"": [42, 43, 44, 45, 46], ""sentence_transformer_model"": ""intfloat/multilingual-e5-small"", ""tfidf_lemmatize"": true, ""tfidf_max_df"": 0.9, ""tfidf_max_features"": 300, ""tfidf_min_df"": 3, ""tfidf_ngram_range"": [1, 2], ""tfidf_normalize_numbers"": true}",2026-09-09T15:37:34
E3_TSDAE_EP05,frozen,participant,03,no_augmentation,GAD7,42,SVR,4.665924,False,models/tsdae_e5_small/ep05,defaults,"{""augmentation"": ""no_augmentation"", ""beto_model"": ""dccuchile/bert-base-spanish-wwm-cased"", ""chunk_stride"": 256, ""max_tokens"": 512, ""n_cv_splits"": 5, ""n_search_iter"": 0, ""seeds"": [42, 43, 44, 45, 46], ""sentence_transformer_model"": ""intfloat/multilingual-e5-small"", ""tfidf_lemmatize"": true, ""tfidf_max_df"": 0.9, ""tfidf_max_features"": 300, ""tfidf_min_df"": 3, ""tfidf_ngram_range"": [1, 2], ""tfidf_normalize_numbers"": true}",2026-09-09T15:37:34
E3_TSDAE_EP05,frozen,participant,03,no_augmentation,GAD7,42,RandomForest,4.702408,False,models/tsdae_e5_small/ep05,defaults,"{""augmentation"": ""no_augmentation"", ""beto_model"": ""dccuchile/bert-base-spanish-wwm-cased"", ""chunk_stride"": 256, ""max_tokens"": 512, ""n_cv_splits"": 5, ""n_search_iter"": 0, ""seeds"": [42, 43, 44, 45, 46], ""sentence_transformer_model"": ""intfloat/multilingual-e5-small"", ""tfidf_lemmatize"": true, ""tfidf_max_df"": 0.9, ""tfidf_max_features"": 300, ""tfidf_min_df"": 3, ""tfidf_ngram_range"": [1, 2], ""tfidf_normalize_numbers"": true}",2026-09-09T15:37:35
E3_TSDAE_EP05,frozen,participant,03,no_augmentation,GAD7,42,ExtraTrees,4.656978,True,models/tsdae_e5_small/ep05,defaults,"{""augmentation"": ""no_augmentation"", ""beto_model"": ""dccuchile/bert-base-spanish-wwm-cased"", ""chunk_stride"": 256, ""max_tokens"": 512, ""n_cv_splits"": 5, ""n_search_iter"": 0, ""seeds"": [42, 43, 44, 45, 46], ""sentence_transformer_model"": ""intfloat/multilingual-e5-small"", ""tfidf_lemmatize"": true, ""tfidf_max_df"": 0.9, ""tfidf_max_features"": 300, ""tfidf_min_df"": 3, ""tfidf_ngram_range"": [1, 2], ""tfidf_normalize_numbers"": true}",2026-09-09T15:37:35
E3_TSDAE_EP05,frozen,participant,03,no_augmentation,GAD7,42,GradientBoosting,4.97863,False,models/tsdae_e5_small/ep05,defaults,"{""augmentation"": ""no_augmentation"", ""beto_model"": ""dccuchile/bert-base-spanish-wwm-cased"", ""chunk_stride"": 256, ""max_tokens"": 512, ""n_cv_splits"": 5, ""n_search_iter"": 0, ""seeds"": [42, 43, 44, 45, 46], ""sentence_transformer_model"": ""intfloat/multilingual-e5-small"", ""tfidf_lemmatize"": true, ""tfidf_max_df"": 0.9, ""tfidf_max_features"": 300, ""tfidf_min_df"": 3, ""tfidf_ngram_range"": [1, 2], ""tfidf_normalize_numbers"": true}",2026-09-09T15:37:35
E3_TSDAE_EP05,frozen,participant,03,no_augmentation,GAD7,42,LightGBM,4.800782,False,models/tsdae_e5_small/ep05,defaults,"{""augmentation"": ""no_augmentation"", ""beto_model"": ""dccuchile/bert-base-spanish-wwm-cased"", ""chunk_stride"": 256, ""max_tokens"": 512, ""n_cv_splits"": 5, ""n_search_iter"": 0, ""seeds"": [42, 43, 44, 45, 46], ""sentence_transformer_model"": ""intfloat/multilingual-e5-small"", ""tfidf_lemmatize"": true, ""tfidf_max_df"": 0.9, ""tfidf_max_features"": 300, ""tfidf_min_df"": 3, ""tfidf_ngram_range"": [1, 2], ""tfidf_normalize_numbers"": true}",2026-09-09T15:37:35
E3_TSDAE_EP05,frozen,participant,03,no_augmentation,GAD7,42,KNN,4.747778,False,models/tsdae_e5_small/ep05,defaults,"{""augmentation"": ""no_augmentation"", ""beto_model"": ""dccuchile/bert-base-spanish-wwm-cased"", ""chunk_stride"": 256, ""max_tokens"": 512, ""n_cv_splits"": 5, ""n_search_iter"": 0, ""seeds"": [42, 43, 44, 45, 46], ""sentence_transformer_model"": ""intfloat/multilingual-e5-small"", ""tfidf_lemmatize"": true, ""tfidf_max_df"": 0.9, ""tfidf_max_features"": 300, ""tfidf_min_df"": 3, ""tfidf_ngram_range"": [1, 2], ""tfidf_normalize_numbers"": true}",2026-09-09T15:37:35
E3_TSDAE_EP05,frozen,participant,03,no_augmentation,GAD7,42,DecisionTree,7.01067,False,models/tsdae_e5_small/ep05,defaults,"{""augmentation"": ""no_augmentation"", ""beto_model"": ""dccuchile/bert-base-spanish-wwm-cased"", ""chunk_stride"": 256, ""max_tokens"": 512, ""n_cv_splits"": 5, ""n_search_iter"": 0, ""seeds"": [42, 43, 44, 45, 46], ""sentence_transformer_model"": ""intfloat/multilingual-e5-small"", ""tfidf_lemmatize"": true, ""tfidf_max_df"": 0.9, ""tfidf_max_features"": 300, ""tfidf_min_df"": 3, ""tfidf_ngram_range"": [1, 2], ""tfidf_normalize_numbers"": true}",2026-09-09T15:37:35
E3_TSDAE_EP05,frozen,participant,03,no_augmentation,GAD7,42,AdaBoost,4.860807,False,models/tsdae_e5_small/ep05,defaults,"{""augmentation"": ""no_augmentation"", ""beto_model"": ""dccuchile/bert-base-spanish-wwm-cased"", ""chunk_stride"": 256, ""max_tokens"": 512, ""n_cv_splits"": 5, ""n_search_iter"": 0, ""seeds"": [42, 43, 44, 45, 46], ""sentence_transformer_model"": ""intfloat/multilingual-e5-small"", ""tfidf_lemmatize"": true, ""tfidf_max_df"": 0.9, ""tfidf_max_features"": 300, ""tfidf_min_df"": 3, ""tfidf_ngram_range"": [1, 2], ""tfidf_normalize_numbers"": true}",2026-09-09T15:37:35
E3_TSDAE_EP05,frozen,participant,03,no_augmentation,PHQ9,43,Ridge,8.217031,False,models/tsdae_e5_small/ep05,defaults,"{""augmentation"": ""no_augmentation"", ""beto_model"": ""dccuchile/bert-base-spanish-wwm-cased"", ""chunk_stride"": 256, ""max_tokens"": 512, ""n_cv_splits"": 5, ""n_search_iter"": 0, ""seeds"": [42, 43, 44, 45, 46], ""sentence_transformer_model"": ""intfloat/multilingual-e5-small"", ""tfidf_lemmatize"": true, ""tfidf_max_df"": 0.9, ""tfidf_max_features"": 300, ""tfidf_min_df"": 3, ""tfidf_ngram_range"": [1, 2], ""tfidf_normalize_numbers"": true}",2026-09-09T15:38:12
E3_TSDAE_EP05,frozen,participant,03,no_augmentation,PHQ9,43,SVR,5.797392,False,models/tsdae_e5_small/ep05,defaults,"{""augmentation"": ""no_augmentation"", ""beto_model"": ""dccuchile/bert-base-spanish-wwm-cased"", ""chunk_stride"": 256, ""max_tokens"": 512, ""n_cv_splits"": 5, ""n_search_iter"": 0, ""seeds"": [42, 43, 44, 45, 46], ""sentence_transformer_model"": ""intfloat/multilingual-e5-small"", ""tfidf_lemmatize"": true, ""tfidf_max_df"": 0.9, ""tfidf_max_features"": 300, ""tfidf_min_df"": 3, ""tfidf_ngram_range"": [1, 2], ""tfidf_normalize_numbers"": true}",2026-09-09T15:38:12
E3_TSDAE_EP05,frozen,participant,03,no_augmentation,PHQ9,43,RandomForest,5.65287,False,models/tsdae_e5_small/ep05,defaults,"{""augmentation"": ""no_augmentation"", ""beto_model"": ""dccuchile/bert-base-spanish-wwm-cased"", ""chunk_stride"": 256, ""max_tokens"": 512, ""n_cv_splits"": 5, ""n_search_iter"": 0, ""seeds"": [42, 43, 44, 45, 46], ""sentence_transformer_model"": ""intfloat/multilingual-e5-small"", ""tfidf_lemmatize"": true, ""tfidf_max_df"": 0.9, ""tfidf_max_features"": 300, ""tfidf_min_df"": 3, ""tfidf_ngram_range"": [1, 2], ""tfidf_normalize_numbers"": true}",2026-09-09T15:38:12
E3_TSDAE_EP05,frozen,participant,03,no_augmentation,PHQ9,43,ExtraTrees,5.605997,True,models/tsdae_e5_small/ep05,defaults,"{""augmentation"": ""no_augmentation"", ""beto_model"": ""dccuchile/bert-base-spanish-wwm-cased"", ""chunk_stride"": 256, ""max_tokens"": 512, ""n_cv_splits"": 5, ""n_search_iter"": 0, ""seeds"": [42, 43, 44, 45, 46], ""sentence_transformer_model"": ""intfloat/multilingual-e5-small"", ""tfidf_lemmatize"": true, ""tfidf_max_df"": 0.9, ""tfidf_max_features"": 300, ""tfidf_min_df"": 3, ""tfidf_ngram_range"": [1, 2], ""tfidf_normalize_numbers"": true}",2026-09-09T15:38:12
E3_TSDAE_EP05,frozen,participant,03,no_augmentation,PHQ9,43,GradientBoosting,5.707448,False,models/tsdae_e5_small/ep05,defaults,"{""augmentation"": ""no_augmentation"", ""beto_model"": ""dccuchile/bert-base-spanish-wwm-cased"", ""chunk_stride"": 256, ""max_tokens"": 512, ""n_cv_splits"": 5, ""n_search_iter"": 0, ""seeds"": [42, 43, 44, 45, 46], ""sentence_transformer_model"": ""intfloat/multilingual-e5-small"", ""tfidf_lemmatize"": true, ""tfidf_max_df"": 0.9, ""tfidf_max_features"": 300, ""tfidf_min_df"": 3, ""tfidf_ngram_range"": [1, 2], ""tfidf_normalize_numbers"": true}",2026-09-09T15:38:12
E3_TSDAE_EP05,frozen,participant,03,no_augmentation,PHQ9,43,LightGBM,6.182609,False,models/tsdae_e5_small/ep05,defaults,"{""augmentation"": ""no_augmentation"", ""beto_model"": ""dccuchile/bert-base-spanish-wwm-cased"", ""chunk_stride"": 256, ""max_tokens"": 512, ""n_cv_splits"": 5, ""n_search_iter"": 0, ""seeds"": [42, 43, 44, 45, 46], ""sentence_transformer_model"": ""intfloat/multilingual-e5-small"", ""tfidf_lemmatize"": true, ""tfidf_max_df"": 0.9, ""tfidf_max_features"": 300, ""tfidf_min_df"": 3, ""tfidf_ngram_range"": [1, 2], ""tfidf_normalize_numbers"": true}",2026-09-09T15:38:12
E3_TSDAE_EP05,frozen,participant,03,no_augmentation,PHQ9,43,KNN,5.827008,False,models/tsdae_e5_small/ep05,defaults,"{""augmentation"": ""no_augmentation"", ""beto_model"": ""dccuchile/bert-base-spanish-wwm-cased"", ""chunk_stride"": 256, ""max_tokens"": 512, ""n_cv_splits"": 5, ""n_search_iter"": 0, ""seeds"": [42, 43, 44, 45, 46], ""sentence_transformer_model"": ""intfloat/multilingual-e5-small"", ""tfidf_lemmatize"": true, ""tfidf_max_df"": 0.9, ""tfidf_max_features"": 300, ""tfidf_min_df"": 3, ""tfidf_ngram_range"": [1, 2], ""tfidf_normalize_numbers"": true}",2026-09-09T15:38:12
E3_TSDAE_EP05,frozen,participant,03,no_augmentation,PHQ9,43,DecisionTree,7.601141,False,models/tsdae_e5_small/ep05,defaults,"{""augmentation"": ""no_augmentation"", ""beto_model"": ""dccuchile/bert-base-spanish-wwm-cased"", ""chunk_stride"": 256, ""max_tokens"": 512, ""n_cv_splits"": 5, ""n_search_iter"": 0, ""seeds"": [42, 43, 44, 45, 46], ""sentence_transformer_model"": ""intfloat/multilingual-e5-small"", ""tfidf_lemmatize"": true, ""tfidf_max_df"": 0.9, ""tfidf_max_features"": 300, ""tfidf_min_df"": 3, ""tfidf_ngram_range"": [1, 2], ""tfidf_normalize_numbers"": true}",2026-09-09T15:38:12
E3_TSDAE_EP05,frozen,participant,03,no_augmentation,PHQ9,43,AdaBoost,5.744924,False,models/tsdae_e5_small/ep05,defaults,"{""augmentation"": ""no_augmentation"", ""beto_model"": ""dccuchile/bert-base-spanish-wwm-cased"", ""chunk_stride"": 256, ""max_tokens"": 512, ""n_cv_splits"": 5, ""n_search_iter"": 0, ""seeds"": [42, 43, 44, 45, 46], ""sentence_transformer_model"": ""intfloat/multilingual-e5-small"", ""tfidf_lemmatize"": true, ""tfidf_max_df"": 0.9, ""tfidf_max_features"": 300, ""tfidf_min_df"": 3, ""tfidf_ngram_range"": [1, 2], ""tfidf_normalize_numbers"": true}",2026-09-09T15:38:12
E3_TSDAE_EP05,frozen,participant,03,no_augmentation,GAD7,43,Ridge,6.08358,False,models/tsdae_e5_small/ep05,defaults,"{""augmentation"": ""no_augmentation"", ""beto_model"": ""dccuchile/bert-base-spanish-wwm-cased"", ""chunk_stride"": 256, ""max_tokens"": 512, ""n_cv_splits"": 5, ""n_search_iter"": 0, ""seeds"": [42, 43, 44, 45, 46], ""sentence_transformer_model"": ""intfloat/multilingual-e5-small"", ""tfidf_lemmatize"": true, ""tfidf_max_df"": 0.9, ""tfidf_max_features"": 300, ""tfidf_min_df"": 3, ""tfidf_ngram_range"": [1, 2], ""tfidf_normalize_numbers"": true}",2026-09-09T15:38:50
E3_TSDAE_EP05,frozen,participant,03,no_augmentation,GAD7,43,SVR,4.619064,True,models/tsdae_e5_small/ep05,defaults,"{""augmentation"": ""no_augmentation"", ""beto_model"": ""dccuchile/bert-base-spanish-wwm-cased"", ""chunk_stride"": 256, ""max_tokens"": 512, ""n_cv_splits"": 5, ""n_search_iter"": 0, ""seeds"": [42, 43, 44, 45, 46], ""sentence_transformer_model"": ""intfloat/multilingual-e5-small"", ""tfidf_lemmatize"": true, ""tfidf_max_df"": 0.9, ""tfidf_max_features"": 300, ""tfidf_min_df"": 3, ""tfidf_ngram_range"": [1, 2], ""tfidf_normalize_numbers"": true}",2026-09-09T15:38:50
E3_TSDAE_EP05,frozen,participant,03,no_augmentation,GAD7,43,RandomForest,4.662303,False,models/tsdae_e5_small/ep05,defaults,"{""augmentation"": ""no_augmentation"", ""beto_model"": ""dccuchile/bert-base-spanish-wwm-cased"", ""chunk_stride"": 256, ""max_tokens"": 512, ""n_cv_splits"": 5, ""n_search_iter"": 0, ""seeds"": [42, 43, 44, 45, 46], ""sentence_transformer_model"": ""intfloat/multilingual-e5-small"", ""tfidf_lemmatize"": true, ""tfidf_max_df"": 0.9, ""tfidf_max_features"": 300, ""tfidf_min_df"": 3, ""tfidf_ngram_range"": [1, 2], ""tfidf_normalize_numbers"": true}",2026-09-09T15:38:50
E3_TSDAE_EP05,frozen,participant,03,no_augmentation,GAD7,43,ExtraTrees,4.62162,False,models/tsdae_e5_small/ep05,defaults,"{""augmentation"": ""no_augmentation"", ""beto_model"": ""dccuchile/bert-base-spanish-wwm-cased"", ""chunk_stride"": 256, ""max_tokens"": 512, ""n_cv_splits"": 5, ""n_search_iter"": 0, ""seeds"": [42, 43, 44, 45, 46], ""sentence_transformer_model"": ""intfloat/multilingual-e5-small"", ""tfidf_lemmatize"": true, ""tfidf_max_df"": 0.9, ""tfidf_max_features"": 300, ""tfidf_min_df"": 3, ""tfidf_ngram_range"": [1, 2], ""tfidf_normalize_numbers"": true}",2026-09-09T15:38:50
E3_TSDAE_EP05,frozen,participant,03,no_augmentation,GAD7,43,GradientBoosting,4.855537,False,models/tsdae_e5_small/ep05,defaults,"{""augmentation"": ""no_augmentation"", ""beto_model"": ""dccuchile/bert-base-spanish-wwm-cased"", ""chunk_stride"": 256, ""max_tokens"": 512, ""n_cv_splits"": 5, ""n_search_iter"": 0, ""seeds"": [42, 43, 44, 45, 46], ""sentence_transformer_model"": ""intfloat/multilingual-e5-small"", ""tfidf_lemmatize"": true, ""tfidf_max_df"": 0.9, ""tfidf_max_features"": 300, ""tfidf_min_df"": 3, ""tfidf_ngram_range"": [1, 2], ""tfidf_normalize_numbers"": true}",2026-09-09T15:38:50
E3_TSDAE_EP05,frozen,participant,03,no_augmentation,GAD7,43,LightGBM,4.835558,False,models/tsdae_e5_small/ep05,defaults,"{""augmentation"": ""no_augmentation"", ""beto_model"": ""dccuchile/bert-base-spanish-wwm-cased"", ""chunk_stride"": 256, ""max_tokens"": 512, ""n_cv_splits"": 5, ""n_search_iter"": 0, ""seeds"": [42, 43, 44, 45, 46], ""sentence_transformer_model"": ""intfloat/multilingual-e5-small"", ""tfidf_lemmatize"": true, ""tfidf_max_df"": 0.9, ""tfidf_max_features"": 300, ""tfidf_min_df"": 3, ""tfidf_ngram_range"": [1, 2], ""tfidf_normalize_numbers"": true}",2026-09-09T15:38:50
E3_TSDAE_EP05,frozen,participant,03,no_augmentation,GAD7,43,KNN,4.717896,False,models/tsdae_e5_small/ep05,defaults,"{""augmentation"": ""no_augmentation"", ""beto_model"": ""dccuchile/bert-base-spanish-wwm-cased"", ""chunk_stride"": 256, ""max_tokens"": 512, ""n_cv_splits"": 5, ""n_search_iter"": 0, ""seeds"": [42, 43, 44, 45, 46], ""sentence_transformer_model"": ""intfloat/multilingual-e5-small"", ""tfidf_lemmatize"": true, ""tfidf_max_df"": 0.9, ""tfidf_max_features"": 300, ""tfidf_min_df"": 3, ""tfidf_ngram_range"": [1, 2], ""tfidf_normalize_numbers"": true}",2026-09-09T15:38:50
E3_TSDAE_EP05,frozen,participant,03,no_augmentation,GAD7,43,DecisionTree,6.612022,False,models/tsdae_e5_small/ep05,defaults,"{""augmentation"": ""no_augmentation"", ""beto_model"": ""dccuchile/bert-base-spanish-wwm-cased"", ""chunk_stride"": 256, ""max_tokens"": 512, ""n_cv_splits"": 5, ""n_search_iter"": 0, ""seeds"": [42, 43, 44, 45, 46], ""sentence_transformer_model"": ""intfloat/multilingual-e5-small"", ""tfidf_lemmatize"": true, ""tfidf_max_df"": 0.9, ""tfidf_max_features"": 300, ""tfidf_min_df"": 3, ""tfidf_ngram_range"": [1, 2], ""tfidf_normalize_numbers"": true}",2026-09-09T15:38:50
E3_TSDAE_EP05,frozen,participant,03,no_augmentation,GAD7,43,AdaBoost,4.709371,False,models/tsdae_e5_small/ep05,defaults,"{""augmentation"": ""no_augmentation"", ""beto_model"": ""dccuchile/bert-base-spanish-wwm-cased"", ""chunk_stride"": 256, ""max_tokens"": 512, ""n_cv_splits"": 5, ""n_search_iter"": 0, ""seeds"": [42, 43, 44, 45, 46], ""sentence_transformer_model"": ""intfloat/multilingual-e5-small"", ""tfidf_lemmatize"": true, ""tfidf_max_df"": 0.9, ""tfidf_max_features"": 300, ""tfidf_min_df"": 3, ""tfidf_ngram_range"": [1, 2], ""tfidf_normalize_numbers"": true}",2026-09-09T15:38:50
E3_TSDAE_EP05,frozen,participant,03,no_augmentation,PHQ9,44,Ridge,8.807508,False,models/tsdae_e5_small/ep05,defaults,"{""augmentation"": ""no_augmentation"", ""beto_model"": ""dccuchile/bert-base-spanish-wwm-cased"", ""chunk_stride"": 256, ""max_tokens"": 512, ""n_cv_splits"": 5, ""n_search_iter"": 0, ""seeds"": [42, 43, 44, 45, 46], ""sentence_transformer_model"": ""intfloat/multilingual-e5-small"", ""tfidf_lemmatize"": true, ""tfidf_max_df"": 0.9, ""tfidf_max_features"": 300, ""tfidf_min_df"": 3, ""tfidf_ngram_range"": [1, 2], ""tfidf_normalize_numbers"": true}",2026-09-09T15:39:27
E3_TSDAE_EP05,frozen,participant,03,no_augmentation,PHQ9,44,SVR,5.851358,False,models/tsdae_e5_small/ep05,defaults,"{""augmentation"": ""no_augmentation"", ""beto_model"": ""dccuchile/bert-base-spanish-wwm-cased"", ""chunk_stride"": 256, ""max_tokens"": 512, ""n_cv_splits"": 5, ""n_search_iter"": 0, ""seeds"": [42, 43, 44, 45, 46], ""sentence_transformer_model"": ""intfloat/multilingual-e5-small"", ""tfidf_lemmatize"": true, ""tfidf_max_df"": 0.9, ""tfidf_max_features"": 300, ""tfidf_min_df"": 3, ""tfidf_ngram_range"": [1, 2], ""tfidf_normalize_numbers"": true}",2026-09-09T15:39:27
E3_TSDAE_EP05,frozen,participant,03,no_augmentation,PHQ9,44,RandomForest,5.67335,True,models/tsdae_e5_small/ep05,defaults,"{""augmentation"": ""no_augmentation"", ""beto_model"": ""dccuchile/bert-base-spanish-wwm-cased"", ""chunk_stride"": 256, ""max_tokens"": 512, ""n_cv_splits"": 5, ""n_search_iter"": 0, ""seeds"": [42, 43, 44, 45, 46], ""sentence_transformer_model"": ""intfloat/multilingual-e5-small"", ""tfidf_lemmatize"": true, ""tfidf_max_df"": 0.9, ""tfidf_max_features"": 300, ""tfidf_min_df"": 3, ""tfidf_ngram_range"": [1, 2], ""tfidf_normalize_numbers"": true}",2026-09-09T15:39:27
E3_TSDAE_EP05,frozen,participant,03,no_augmentation,PHQ9,44,ExtraTrees,5.725755,False,models/tsdae_e5_small/ep05,defaults,"{""augmentation"": ""no_augmentation"", ""beto_model"": ""dccuchile/bert-base-spanish-wwm-cased"", ""chunk_stride"": 256, ""max_tokens"": 512, ""n_cv_splits"": 5, ""n_search_iter"": 0, ""seeds"": [42, 43, 44, 45, 46], ""sentence_transformer_model"": ""intfloat/multilingual-e5-small"", ""tfidf_lemmatize"": true, ""tfidf_max_df"": 0.9, ""tfidf_max_features"": 300, ""tfidf_min_df"": 3, ""tfidf_ngram_range"": [1, 2], ""tfidf_normalize_numbers"": true}",2026-09-09T15:39:27
E3_TSDAE_EP05,frozen,participant,03,no_augmentation,PHQ9,44,GradientBoosting,6.023418,False,models/tsdae_e5_small/ep05,defaults,"{""augmentation"": ""no_augmentation"", ""beto_model"": ""dccuchile/bert-base-spanish-wwm-cased"", ""chunk_stride"": 256, ""max_tokens"": 512, ""n_cv_splits"": 5, ""n_search_iter"": 0, ""seeds"": [42, 43, 44, 45, 46], ""sentence_transformer_model"": ""intfloat/multilingual-e5-small"", ""tfidf_lemmatize"": true, ""tfidf_max_df"": 0.9, ""tfidf_max_features"": 300, ""tfidf_min_df"": 3, ""tfidf_ngram_range"": [1, 2], ""tfidf_normalize_numbers"": true}",2026-09-09T15:39:27
E3_TSDAE_EP05,frozen,participant,03,no_augmentation,PHQ9,44,LightGBM,6.337531,False,models/tsdae_e5_small/ep05,defaults,"{""augmentation"": ""no_augmentation"", ""beto_model"": ""dccuchile/bert-base-spanish-wwm-cased"", ""chunk_stride"": 256, ""max_tokens"": 512, ""n_cv_splits"": 5, ""n_search_iter"": 0, ""seeds"": [42, 43, 44, 45, 46], ""sentence_transformer_model"": ""intfloat/multilingual-e5-small"", ""tfidf_lemmatize"": true, ""tfidf_max_df"": 0.9, ""tfidf_max_features"": 300, ""tfidf_min_df"": 3, ""tfidf_ngram_range"": [1, 2], ""tfidf_normalize_numbers"": true}",2026-09-09T15:39:27
E3_TSDAE_EP05,frozen,participant,03,no_augmentation,PHQ9,44,KNN,5.809421,False,models/tsdae_e5_small/ep05,defaults,"{""augmentation"": ""no_augmentation"", ""beto_model"": ""dccuchile/bert-base-spanish-wwm-cased"", ""chunk_stride"": 256, ""max_tokens"": 512, ""n_cv_splits"": 5, ""n_search_iter"": 0, ""seeds"": [42, 43, 44, 45, 46], ""sentence_transformer_model"": ""intfloat/multilingual-e5-small"", ""tfidf_lemmatize"": true, ""tfidf_max_df"": 0.9, ""tfidf_max_features"": 300, ""tfidf_min_df"": 3, ""tfidf_ngram_range"": [1, 2], ""tfidf_normalize_numbers"": true}",2026-09-09T15:39:27
E3_TSDAE_EP05,frozen,participant,03,no_augmentation,PHQ9,44,DecisionTree,7.89764,False,models/tsdae_e5_small/ep05,defaults,"{""augmentation"": ""no_augmentation"", ""beto_model"": ""dccuchile/bert-base-spanish-wwm-cased"", ""chunk_stride"": 256, ""max_tokens"": 512, ""n_cv_splits"": 5, ""n_search_iter"": 0, ""seeds"": [42, 43, 44, 45, 46], ""sentence_transformer_model"": ""intfloat/multilingual-e5-small"", ""tfidf_lemmatize"": true, ""tfidf_max_df"": 0.9, ""tfidf_max_features"": 300, ""tfidf_min_df"": 3, ""tfidf_ngram_range"": [1, 2], ""tfidf_normalize_numbers"": true}",2026-09-09T15:39:27
E3_TSDAE_EP05,frozen,participant,03,no_augmentation,PHQ9,44,AdaBoost,5.95585,False,models/tsdae_e5_small/ep05,defaults,"{""augmentation"": ""no_augmentation"", ""beto_model"": ""dccuchile/bert-base-spanish-wwm-cased"", ""chunk_stride"": 256, ""max_tokens"": 512, ""n_cv_splits"": 5, ""n_search_iter"": 0, ""seeds"": [42, 43, 44, 45, 46], ""sentence_transformer_model"": ""intfloat/multilingual-e5-small"", ""tfidf_lemmatize"": true, ""tfidf_max_df"": 0.9, ""tfidf_max_features"": 300, ""tfidf_min_df"": 3, ""tfidf_ngram_range"": [1, 2], ""tfidf_normalize_numbers"": true}",2026-09-09T15:39:27
E3_TSDAE_EP05,frozen,participant,03,no_augmentation,GAD7,44,Ridge,6.705788,False,models/tsdae_e5_small/ep05,defaults,"{""augmentation"": ""no_augmentation"", ""beto_model"": ""dccuchile/bert-base-spanish-wwm-cased"", ""chunk_stride"": 256, ""max_tokens"": 512, ""n_cv_splits"": 5, ""n_search_iter"": 0, ""seeds"": [42, 43, 44, 45, 46], ""sentence_transformer_model"": ""intfloat/multilingual-e5-small"", ""tfidf_lemmatize"": true, ""tfidf_max_df"": 0.9, ""tfidf_max_features"": 300, ""tfidf_min_df"": 3, ""tfidf_ngram_range"": [1, 2], ""tfidf_normalize_numbers"": true}",2026-09-09T15:40:05
E3_TSDAE_EP05,frozen,participant,03,no_augmentation,GAD7,44,SVR,4.757321,False,models/tsdae_e5_small/ep05,defaults,"{""augmentation"": ""no_augmentation"", ""beto_model"": ""dccuchile/bert-base-spanish-wwm-cased"", ""chunk_stride"": 256, ""max_tokens"": 512, ""n_cv_splits"": 5, ""n_search_iter"": 0, ""seeds"": [42, 43, 44, 45, 46], ""sentence_transformer_model"": ""intfloat/multilingual-e5-small"", ""tfidf_lemmatize"": true, ""tfidf_max_df"": 0.9, ""tfidf_max_features"": 300, ""tfidf_min_df"": 3, ""tfidf_ngram_range"": [1, 2], ""tfidf_normalize_numbers"": true}",2026-09-09T15:40:05
E3_TSDAE_EP05,frozen,participant,03,no_augmentation,GAD7,44,RandomForest,4.60968,True,models/tsdae_e5_small/ep05,defaults,"{""augmentation"": ""no_augmentation"", ""beto_model"": ""dccuchile/bert-base-spanish-wwm-cased"", ""chunk_stride"": 256, ""max_tokens"": 512, ""n_cv_splits"": 5, ""n_search_iter"": 0, ""seeds"": [42, 43, 44, 45, 46], ""sentence_transformer_model"": ""intfloat/multilingual-e5-small"", ""tfidf_lemmatize"": true, ""tfidf_max_df"": 0.9, ""tfidf_max_features"": 300, ""tfidf_min_df"": 3, ""tfidf_ngram_range"": [1, 2], ""tfidf_normalize_numbers"": true}",2026-09-09T15:40:05
E3_TSDAE_EP05,frozen,participant,03,no_augmentation,GAD7,44,ExtraTrees,4.679849,False,models/tsdae_e5_small/ep05,defaults,"{""augmentation"": ""no_augmentation"", ""beto_model"": ""dccuchile/bert-base-spanish-wwm-cased"", ""chunk_stride"": 256, ""max_tokens"": 512, ""n_cv_splits"": 5, ""n_search_iter"": 0, ""seeds"": [42, 43, 44, 45, 46], ""sentence_transformer_model"": ""intfloat/multilingual-e5-small"", ""tfidf_lemmatize"": true, ""tfidf_max_df"": 0.9, ""tfidf_max_features"": 300, ""tfidf_min_df"": 3, ""tfidf_ngram_range"": [1, 2], ""tfidf_normalize_numbers"": true}",2026-09-09T15:40:05
E3_TSDAE_EP05,frozen,participant,03,no_augmentation,GAD7,44,GradientBoosting,4.999831,False,models/tsdae_e5_small/ep05,defaults,"{""augmentation"": ""no_augmentation"", ""beto_model"": ""dccuchile/bert-base-spanish-wwm-cased"", ""chunk_stride"": 256, ""max_tokens"": 512, ""n_cv_splits"": 5, ""n_search_iter"": 0, ""seeds"": [42, 43, 44, 45, 46], ""sentence_transformer_model"": ""intfloat/multilingual-e5-small"", ""tfidf_lemmatize"": true, ""tfidf_max_df"": 0.9, ""tfidf_max_features"": 300, ""tfidf_min_df"": 3, ""tfidf_ngram_range"": [1, 2], ""tfidf_normalize_numbers"": true}",2026-09-09T15:40:05
E3_TSDAE_EP05,frozen,participant,03,no_augmentation,GAD7,44,LightGBM,4.895058,False,models/tsdae_e5_small/ep05,defaults,"{""augmentation"": ""no_augmentation"", ""beto_model"": ""dccuchile/bert-base-spanish-wwm-cased"", ""chunk_stride"": 256, ""max_tokens"": 512, ""n_cv_splits"": 5, ""n_search_iter"": 0, ""seeds"": [42, 43, 44, 45, 46], ""sentence_transformer_model"": ""intfloat/multilingual-e5-small"", ""tfidf_lemmatize"": true, ""tfidf_max_df"": 0.9, ""tfidf_max_features"": 300, ""tfidf_min_df"": 3, ""tfidf_ngram_range"": [1, 2], ""tfidf_normalize_numbers"": true}",2026-09-09T15:40:05
E3_TSDAE_EP05,frozen,participant,03,no_augmentation,GAD7,44,KNN,4.668975,False,models/tsdae_e5_small/ep05,defaults,"{""augmentation"": ""no_augmentation"", ""beto_model"": ""dccuchile/bert-base-spanish-wwm-cased"", ""chunk_stride"": 256, ""max_tokens"": 512, ""n_cv_splits"": 5, ""n_search_iter"": 0, ""seeds"": [42, 43, 44, 45, 46], ""sentence_transformer_model"": ""intfloat/multilingual-e5-small"", ""tfidf_lemmatize"": true, ""tfidf_max_df"": 0.9, ""tfidf_max_features"": 300, ""tfidf_min_df"": 3, ""tfidf_ngram_range"": [1, 2], ""tfidf_normalize_numbers"": true}",2026-09-09T15:40:05
E3_TSDAE_EP05,frozen,participant,03,no_augmentation,GAD7,44,DecisionTree,6.210433,False,models/tsdae_e5_small/ep05,defaults,"{""augmentation"": ""no_augmentation"", ""beto_model"": ""dccuchile/bert-base-spanish-wwm-cased"", ""chunk_stride"": 256, ""max_tokens"": 512, ""n_cv_splits"": 5, ""n_search_iter"": 0, ""seeds"": [42, 43, 44, 45, 46], ""sentence_transformer_model"": ""intfloat/multilingual-e5-small"", ""tfidf_lemmatize"": true, ""tfidf_max_df"": 0.9, ""tfidf_max_features"": 300, ""tfidf_min_df"": 3, ""tfidf_ngram_range"": [1, 2], ""tfidf_normalize_numbers"": true}",2026-09-09T15:40:05
E3_TSDAE_EP05,frozen,participant,03,no_augmentation,GAD7,44,AdaBoost,4.630185,False,models/tsdae_e5_small/ep05,defaults,"{""augmentation"": ""no_augmentation"", ""beto_model"": ""dccuchile/bert-base-spanish-wwm-cased"", ""chunk_stride"": 256, ""max_tokens"": 512, ""n_cv_splits"": 5, ""n_search_iter"": 0, ""seeds"": [42, 43, 44, 45, 46], ""sentence_transformer_model"": ""intfloat/multilingual-e5-small"", ""tfidf_lemmatize"": true, ""tfidf_max_df"": 0.9, ""tfidf_max_features"": 300, ""tfidf_min_df"": 3, ""tfidf_ngram_range"": [1, 2], ""tfidf_normalize_numbers"": true}",2026-09-09T15:40:05
E3_TSDAE_EP05,frozen,participant,03,no_augmentation,PHQ9,45,Ridge,8.103622,False,models/tsdae_e5_small/ep05,defaults,"{""augmentation"": ""no_augmentation"", ""beto_model"": ""dccuchile/bert-base-spanish-wwm-cased"", ""chunk_stride"": 256, ""max_tokens"": 512, ""n_cv_splits"": 5, ""n_search_iter"": 0, ""seeds"": [42, 43, 44, 45, 46], ""sentence_transformer_model"": ""intfloat/multilingual-e5-small"", ""tfidf_lemmatize"": true, ""tfidf_max_df"": 0.9, ""tfidf_max_features"": 300, ""tfidf_min_df"": 3, ""tfidf_ngram_range"": [1, 2], ""tfidf_normalize_numbers"": true}",2026-09-09T15:40:42
E3_TSDAE_EP05,frozen,participant,03,no_augmentation,PHQ9,45,SVR,5.790388,False,models/tsdae_e5_small/ep05,defaults,"{""augmentation"": ""no_augmentation"", ""beto_model"": ""dccuchile/bert-base-spanish-wwm-cased"", ""chunk_stride"": 256, ""max_tokens"": 512, ""n_cv_splits"": 5, ""n_search_iter"": 0, ""seeds"": [42, 43, 44, 45, 46], ""sentence_transformer_model"": ""intfloat/multilingual-e5-small"", ""tfidf_lemmatize"": true, ""tfidf_max_df"": 0.9, ""tfidf_max_features"": 300, ""tfidf_min_df"": 3, ""tfidf_ngram_range"": [1, 2], ""tfidf_normalize_numbers"": true}",2026-09-09T15:40:42
E3_TSDAE_EP05,frozen,participant,03,no_augmentation,PHQ9,45,RandomForest,5.683319,False,models/tsdae_e5_small/ep05,defaults,"{""augmentation"": ""no_augmentation"", ""beto_model"": ""dccuchile/bert-base-spanish-wwm-cased"", ""chunk_stride"": 256, ""max_tokens"": 512, ""n_cv_splits"": 5, ""n_search_iter"": 0, ""seeds"": [42, 43, 44, 45, 46], ""sentence_transformer_model"": ""intfloat/multilingual-e5-small"", ""tfidf_lemmatize"": true, ""tfidf_max_df"": 0.9, ""tfidf_max_features"": 300, ""tfidf_min_df"": 3, ""tfidf_ngram_range"": [1, 2], ""tfidf_normalize_numbers"": true}",2026-09-09T15:40:42
E3_TSDAE_EP05,frozen,participant,03,no_augmentation,PHQ9,45,ExtraTrees,5.659934,True,models/tsdae_e5_small/ep05,defaults,"{""augmentation"": ""no_augmentation"", ""beto_model"": ""dccuchile/bert-base-spanish-wwm-cased"", ""chunk_stride"": 256, ""max_tokens"": 512, ""n_cv_splits"": 5, ""n_search_iter"": 0, ""seeds"": [42, 43, 44, 45, 46], ""sentence_transformer_model"": ""intfloat/multilingual-e5-small"", ""tfidf_lemmatize"": true, ""tfidf_max_df"": 0.9, ""tfidf_max_features"": 300, ""tfidf_min_df"": 3, ""tfidf_ngram_range"": [1, 2], ""tfidf_normalize_numbers"": true}",2026-09-09T15:40:42
E3_TSDAE_EP05,frozen,participant,03,no_augmentation,PHQ9,45,GradientBoosting,5.829228,False,models/tsdae_e5_small/ep05,defaults,"{""augmentation"": ""no_augmentation"", ""beto_model"": ""dccuchile/bert-base-spanish-wwm-cased"", ""chunk_stride"": 256, ""max_tokens"": 512, ""n_cv_splits"": 5, ""n_search_iter"": 0, ""seeds"": [42, 43, 44, 45, 46], ""sentence_transformer_model"": ""intfloat/multilingual-e5-small"", ""tfidf_lemmatize"": true, ""tfidf_max_df"": 0.9, ""tfidf_max_features"": 300, ""tfidf_min_df"": 3, ""tfidf_ngram_range"": [1, 2], ""tfidf_normalize_numbers"": true}",2026-09-09T15:40:42
E3_TSDAE_EP05,frozen,participant,03,no_augmentation,PHQ9,45,LightGBM,6.468854,False,models/tsdae_e5_small/ep05,defaults,"{""augmentation"": ""no_augmentation"", ""beto_model"": ""dccuchile/bert-base-spanish-wwm-cased"", ""chunk_stride"": 256, ""max_tokens"": 512, ""n_cv_splits"": 5, ""n_search_iter"": 0, ""seeds"": [42, 43, 44, 45, 46], ""sentence_transformer_model"": ""intfloat/multilingual-e5-small"", ""tfidf_lemmatize"": true, ""tfidf_max_df"": 0.9, ""tfidf_max_features"": 300, ""tfidf_min_df"": 3, ""tfidf_ngram_range"": [1, 2], ""tfidf_normalize_numbers"": true}",2026-09-09T15:40:42
E3_TSDAE_EP05,frozen,participant,03,no_augmentation,PHQ9,45,KNN,5.785221,False,models/tsdae_e5_small/ep05,defaults,"{""augmentation"": ""no_augmentation"", ""beto_model"": ""dccuchile/bert-base-spanish-wwm-cased"", ""chunk_stride"": 256, ""max_tokens"": 512, ""n_cv_splits"": 5, ""n_search_iter"": 0, ""seeds"": [42, 43, 44, 45, 46], ""sentence_transformer_model"": ""intfloat/multilingual-e5-small"", ""tfidf_lemmatize"": true, ""tfidf_max_df"": 0.9, ""tfidf_max_features"": 300, ""tfidf_min_df"": 3, ""tfidf_ngram_range"": [1, 2], ""tfidf_normalize_numbers"": true}",2026-09-09T15:40:42
E3_TSDAE_EP05,frozen,participant,03,no_augmentation,PHQ9,45,DecisionTree,7.394642,False,models/tsdae_e5_small/ep05,defaults,"{""augmentation"": ""no_augmentation"", ""beto_model"": ""dccuchile/bert-base-spanish-wwm-cased"", ""chunk_stride"": 256, ""max_tokens"": 512, ""n_cv_splits"": 5, ""n_search_iter"": 0, ""seeds"": [42, 43, 44, 45, 46], ""sentence_transformer_model"": ""intfloat/multilingual-e5-small"", ""tfidf_lemmatize"": true, ""tfidf_max_df"": 0.9, ""tfidf_max_features"": 300, ""tfidf_min_df"": 3, ""tfidf_ngram_range"": [1, 2], ""tfidf_normalize_numbers"": true}",2026-09-09T15:40:42
E3_TSDAE_EP05,frozen,participant,03,no_augmentation,PHQ9,45,AdaBoost,5.912839,False,models/tsdae_e5_small/ep05,defaults,"{""augmentation"": ""no_augmentation"", ""beto_model"": ""dccuchile/bert-base-spanish-wwm-cased"", ""chunk_stride"": 256, ""max_tokens"": 512, ""n_cv_splits"": 5, ""n_search_iter"": 0, ""seeds"": [42, 43, 44, 45, 46], ""sentence_transformer_model"": ""intfloat/multilingual-e5-small"", ""tfidf_lemmatize"": true, ""tfidf_max_df"": 0.9, ""tfidf_max_features"": 300, ""tfidf_min_df"": 3, ""tfidf_ngram_range"": [1, 2], ""tfidf_normalize_numbers"": true}",2026-09-09T15:40:42
E3_TSDAE_EP05,frozen,participant,03,no_augmentation,GAD7,45,Ridge,6.389505,False,models/tsdae_e5_small/ep05,defaults,"{""augmentation"": ""no_augmentation"", ""beto_model"": ""dccuchile/bert-base-spanish-wwm-cased"", ""chunk_stride"": 256, ""max_tokens"": 512, ""n_cv_splits"": 5, ""n_search_iter"": 0, ""seeds"": [42, 43, 44, 45, 46], ""sentence_transformer_model"": ""intfloat/multilingual-e5-small"", ""tfidf_lemmatize"": true, ""tfidf_max_df"": 0.9, ""tfidf_max_features"": 300, ""tfidf_min_df"": 3, ""tfidf_ngram_range"": [1, 2], ""tfidf_normalize_numbers"": true}",2026-09-09T15:41:20
E3_TSDAE_EP05,frozen,participant,03,no_augmentation,GAD7,45,SVR,4.854625,False,models/tsdae_e5_small/ep05,defaults,"{""augmentation"": ""no_augmentation"", ""beto_model"": ""dccuchile/bert-base-spanish-wwm-cased"", ""chunk_stride"": 256, ""max_tokens"": 512, ""n_cv_splits"": 5, ""n_search_iter"": 0, ""seeds"": [42, 43, 44, 45, 46], ""sentence_transformer_model"": ""intfloat/multilingual-e5-small"", ""tfidf_lemmatize"": true, ""tfidf_max_df"": 0.9, ""tfidf_max_features"": 300, ""tfidf_min_df"": 3, ""tfidf_ngram_range"": [1, 2], ""tfidf_normalize_numbers"": true}",2026-09-09T15:41:20
E3_TSDAE_EP05,frozen,participant,03,no_augmentation,GAD7,45,RandomForest,4.745957,False,models/tsdae_e5_small/ep05,defaults,"{""augmentation"": ""no_augmentation"", ""beto_model"": ""dccuchile/bert-base-spanish-wwm-cased"", ""chunk_stride"": 256, ""max_tokens"": 512, ""n_cv_splits"": 5, ""n_search_iter"": 0, ""seeds"": [42, 43, 44, 45, 46], ""sentence_transformer_model"": ""intfloat/multilingual-e5-small"", ""tfidf_lemmatize"": true, ""tfidf_max_df"": 0.9, ""tfidf_max_features"": 300, ""tfidf_min_df"": 3, ""tfidf_ngram_range"": [1, 2], ""tfidf_normalize_numbers"": true}",2026-09-09T15:41:20
E3_TSDAE_EP05,frozen,participant,03,no_augmentation,GAD7,45,ExtraTrees,4.728828,True,models/tsdae_e5_small/ep05,defaults,"{""augmentation"": ""no_augmentation"", ""beto_model"": ""dccuchile/bert-base-spanish-wwm-cased"", ""chunk_stride"": 256, ""max_tokens"": 512, ""n_cv_splits"": 5, ""n_search_iter"": 0, ""seeds"": [42, 43, 44, 45, 46], ""sentence_transformer_model"": ""intfloat/multilingual-e5-small"", ""tfidf_lemmatize"": true, ""tfidf_max_df"": 0.9, ""tfidf_max_features"": 300, ""tfidf_min_df"": 3, ""tfidf_ngram_range"": [1, 2], ""tfidf_normalize_numbers"": true}",2026-09-09T15:41:20
E3_TSDAE_EP05,frozen,participant,03,no_augmentation,GAD7,45,GradientBoosting,4.96546,False,models/tsdae_e5_small/ep05,defaults,"{""augmentation"": ""no_augmentation"", ""beto_model"": ""dccuchile/bert-base-spanish-wwm-cased"", ""chunk_stride"": 256, ""max_tokens"": 512, ""n_cv_splits"": 5, ""n_search_iter"": 0, ""seeds"": [42, 43, 44, 45, 46], ""sentence_transformer_model"": ""intfloat/multilingual-e5-small"", ""tfidf_lemmatize"": true, ""tfidf_max_df"": 0.9, ""tfidf_max_features"": 300, ""tfidf_min_df"": 3, ""tfidf_ngram_range"": [1, 2], ""tfidf_normalize_numbers"": true}",2026-09-09T15:41:20
E3_TSDAE_EP05,frozen,participant,03,no_augmentation,GAD7,45,LightGBM,4.972403,False,models/tsdae_e5_small/ep05,defaults,"{""augmentation"": ""no_augmentation"", ""beto_model"": ""dccuchile/bert-base-spanish-wwm-cased"", ""chunk_stride"": 256, ""max_tokens"": 512, ""n_cv_splits"": 5, ""n_search_iter"": 0, ""seeds"": [42, 43, 44, 45, 46], ""sentence_transformer_model"": ""intfloat/multilingual-e5-small"", ""tfidf_lemmatize"": true, ""tfidf_max_df"": 0.9, ""tfidf_max_features"": 300, ""tfidf_min_df"": 3, ""tfidf_ngram_range"": [1, 2], ""tfidf_normalize_numbers"": true}",2026-09-09T15:41:20
E3_TSDAE_EP05,frozen,participant,03,no_augmentation,GAD7,45,KNN,4.827233,False,models/tsdae_e5_small/ep05,defaults,"{""augmentation"": ""no_augmentation"", ""beto_model"": ""dccuchile/bert-base-spanish-wwm-cased"", ""chunk_stride"": 256, ""max_tokens"": 512, ""n_cv_splits"": 5, ""n_search_iter"": 0, ""seeds"": [42, 43, 44, 45, 46], ""sentence_transformer_model"": ""intfloat/multilingual-e5-small"", ""tfidf_lemmatize"": true, ""tfidf_max_df"": 0.9, ""tfidf_max_features"": 300, ""tfidf_min_df"": 3, ""tfidf_ngram_range"": [1, 2], ""tfidf_normalize_numbers"": true}",2026-09-09T15:41:20
E3_TSDAE_EP05,frozen,participant,03,no_augmentation,GAD7,45,DecisionTree,6.103494,False,models/tsdae_e5_small/ep05,defaults,"{""augmentation"": ""no_augmentation"", ""beto_model"": ""dccuchile/bert-base-spanish-wwm-cased"", ""chunk_stride"": 256, ""max_tokens"": 512, ""n_cv_splits"": 5, ""n_search_iter"": 0, ""seeds"": [42, 43, 44, 45, 46], ""sentence_transformer_model"": ""intfloat/multilingual-e5-small"", ""tfidf_lemmatize"": true, ""tfidf_max_df"": 0.9, ""tfidf_max_features"": 300, ""tfidf_min_df"": 3, ""tfidf_ngram_range"": [1, 2], ""tfidf_normalize_numbers"": true}",2026-09-09T15:41:20
E3_TSDAE_EP05,frozen,participant,03,no_augmentation,GAD7,45,AdaBoost,4.756698,False,models/tsdae_e5_small/ep05,defaults,"{""augmentation"": ""no_augmentation"", ""beto_model"": ""dccuchile/bert-base-spanish-wwm-cased"", ""chunk_stride"": 256, ""max_tokens"": 512, ""n_cv_splits"": 5, ""n_search_iter"": 0, ""seeds"": [42, 43, 44, 45, 46], ""sentence_transformer_model"": ""intfloat/multilingual-e5-small"", ""tfidf_lemmatize"": true, ""tfidf_max_df"": 0.9, ""tfidf_max_features"": 300, ""tfidf_min_df"": 3, ""tfidf_ngram_range"": [1, 2], ""tfidf_normalize_numbers"": true}",2026-09-09T15:41:20
E3_TSDAE_EP05,frozen,participant,03,no_augmentation,PHQ9,46,Ridge,7.927267,False,models/tsdae_e5_small/ep05,defaults,"{""augmentation"": ""no_augmentation"", ""beto_model"": ""dccuchile/bert-base-spanish-wwm-cased"", ""chunk_stride"": 256, ""max_tokens"": 512, ""n_cv_splits"": 5, ""n_search_iter"": 0, ""seeds"": [42, 43, 44, 45, 46], ""sentence_transformer_model"": ""intfloat/multilingual-e5-small"", ""tfidf_lemmatize"": true, ""tfidf_max_df"": 0.9, ""tfidf_max_features"": 300, ""tfidf_min_df"": 3, ""tfidf_ngram_range"": [1, 2], ""tfidf_normalize_numbers"": true}",2026-09-09T15:41:59
E3_TSDAE_EP05,frozen,participant,03,no_augmentation,PHQ9,46,SVR,5.652864,True,models/tsdae_e5_small/ep05,defaults,"{""augmentation"": ""no_augmentation"", ""beto_model"": ""dccuchile/bert-base-spanish-wwm-cased"", ""chunk_stride"": 256, ""max_tokens"": 512, ""n_cv_splits"": 5, ""n_search_iter"": 0, ""seeds"": [42, 43, 44, 45, 46], ""sentence_transformer_model"": ""intfloat/multilingual-e5-small"", ""tfidf_lemmatize"": true, ""tfidf_max_df"": 0.9, ""tfidf_max_features"": 300, ""tfidf_min_df"": 3, ""tfidf_ngram_range"": [1, 2], ""tfidf_normalize_numbers"": true}",2026-09-09T15:41:59
E3_TSDAE_EP05,frozen,participant,03,no_augmentation,PHQ9,46,RandomForest,5.7257,False,models/tsdae_e5_small/ep05,defaults,"{""augmentation"": ""no_augmentation"", ""beto_model"": ""dccuchile/bert-base-spanish-wwm-cased"", ""chunk_stride"": 256, ""max_tokens"": 512, ""n_cv_splits"": 5, ""n_search_iter"": 0, ""seeds"": [42, 43, 44, 45, 46], ""sentence_transformer_model"": ""intfloat/multilingual-e5-small"", ""tfidf_lemmatize"": true, ""tfidf_max_df"": 0.9, ""tfidf_max_features"": 300, ""tfidf_min_df"": 3, ""tfidf_ngram_range"": [1, 2], ""tfidf_normalize_numbers"": true}",2026-09-09T15:41:59
E3_TSDAE_EP05,frozen,participant,03,no_augmentation,PHQ9,46,ExtraTrees,5.739561,False,models/tsdae_e5_small/ep05,defaults,"{""augmentation"": ""no_augmentation"", ""beto_model"": ""dccuchile/bert-base-spanish-wwm-cased"", ""chunk_stride"": 256, ""max_tokens"": 512, ""n_cv_splits"": 5, ""n_search_iter"": 0, ""seeds"": [42, 43, 44, 45, 46], ""sentence_transformer_model"": ""intfloat/multilingual-e5-small"", ""tfidf_lemmatize"": true, ""tfidf_max_df"": 0.9, ""tfidf_max_features"": 300, ""tfidf_min_df"": 3, ""tfidf_ngram_range"": [1, 2], ""tfidf_normalize_numbers"": true}",2026-09-09T15:41:59
E3_TSDAE_EP05,frozen,participant,03,no_augmentation,PHQ9,46,GradientBoosting,5.881003,False,models/tsdae_e5_small/ep05,defaults,"{""augmentation"": ""no_augmentation"", ""beto_model"": ""dccuchile/bert-base-spanish-wwm-cased"", ""chunk_stride"": 256, ""max_tokens"": 512, ""n_cv_splits"": 5, ""n_search_iter"": 0, ""seeds"": [42, 43, 44, 45, 46], ""sentence_transformer_model"": ""intfloat/multilingual-e5-small"", ""tfidf_lemmatize"": true, ""tfidf_max_df"": 0.9, ""tfidf_max_features"": 300, ""tfidf_min_df"": 3, ""tfidf_ngram_range"": [1, 2], ""tfidf_normalize_numbers"": true}",2026-09-09T15:41:59
E3_TSDAE_EP05,frozen,participant,03,no_augmentation,PHQ9,46,LightGBM,6.103599,False,models/tsdae_e5_small/ep05,defaults,"{""augmentation"": ""no_augmentation"", ""beto_model"": ""dccuchile/bert-base-spanish-wwm-cased"", ""chunk_stride"": 256, ""max_tokens"": 512, ""n_cv_splits"": 5, ""n_search_iter"": 0, ""seeds"": [42, 43, 44, 45, 46], ""sentence_transformer_model"": ""intfloat/multilingual-e5-small"", ""tfidf_lemmatize"": true, ""tfidf_max_df"": 0.9, ""tfidf_max_features"": 300, ""tfidf_min_df"": 3, ""tfidf_ngram_range"": [1, 2], ""tfidf_normalize_numbers"": true}",2026-09-09T15:41:59
E3_TSDAE_EP05,frozen,participant,03,no_augmentation,PHQ9,46,KNN,5.723437,False,models/tsdae_e5_small/ep05,defaults,"{""augmentation"": ""no_augmentation"", ""beto_model"": ""dccuchile/bert-base-spanish-wwm-cased"", ""chunk_stride"": 256, ""max_tokens"": 512, ""n_cv_splits"": 5, ""n_search_iter"": 0, ""seeds"": [42, 43, 44, 45, 46], ""sentence_transformer_model"": ""intfloat/multilingual-e5-small"", ""tfidf_lemmatize"": true, ""tfidf_max_df"": 0.9, ""tfidf_max_features"": 300, ""tfidf_min_df"": 3, ""tfidf_ngram_range"": [1, 2], ""tfidf_normalize_numbers"": true}",2026-09-09T15:41:59
E3_TSDAE_EP05,frozen,participant,03,no_augmentation,PHQ9,46,DecisionTree,7.622797,False,models/tsdae_e5_small/ep05,defaults,"{""augmentation"": ""no_augmentation"", ""beto_model"": ""dccuchile/bert-base-spanish-wwm-cased"", ""chunk_stride"": 256, ""max_tokens"": 512, ""n_cv_splits"": 5, ""n_search_iter"": 0, ""seeds"": [42, 43, 44, 45, 46], ""sentence_transformer_model"": ""intfloat/multilingual-e5-small"", ""tfidf_lemmatize"": true, ""tfidf_max_df"": 0.9, ""tfidf_max_features"": 300, ""tfidf_min_df"": 3, ""tfidf_ngram_range"": [1, 2], ""tfidf_normalize_numbers"": true}",2026-09-09T15:41:59
E3_TSDAE_EP05,frozen,participant,03,no_augmentation,PHQ9,46,AdaBoost,5.660773,False,models/tsdae_e5_small/ep05,defaults,"{""augmentation"": ""no_augmentation"", ""beto_model"": ""dccuchile/bert-base-spanish-wwm-cased"", ""chunk_stride"": 256, ""max_tokens"": 512, ""n_cv_splits"": 5, ""n_search_iter"": 0, ""seeds"": [42, 43, 44, 45, 46], ""sentence_transformer_model"": ""intfloat/multilingual-e5-small"", ""tfidf_lemmatize"": true, ""tfidf_max_df"": 0.9, ""tfidf_max_features"": 300, ""tfidf_min_df"": 3, ""tfidf_ngram_range"": [1, 2], ""tfidf_normalize_numbers"": true}",2026-09-09T15:41:59
E3_TSDAE_EP05,frozen,participant,03,no_augmentation,GAD7,46,Ridge,6.124384,False,models/tsdae_e5_small/ep05,defaults,"{""augmentation"": ""no_augmentation"", ""beto_model"": ""dccuchile/bert-base-spanish-wwm-cased"", ""chunk_stride"": 256, ""max_tokens"": 512, ""n_cv_splits"": 5, ""n_search_iter"": 0, ""seeds"": [42, 43, 44, 45, 46], ""sentence_transformer_model"": ""intfloat/multilingual-e5-small"", ""tfidf_lemmatize"": true, ""tfidf_max_df"": 0.9, ""tfidf_max_features"": 300, ""tfidf_min_df"": 3, ""tfidf_ngram_range"": [1, 2], ""tfidf_normalize_numbers"": true}",2026-09-09T15:42:37
E3_TSDAE_EP05,frozen,participant,03,no_augmentation,GAD7,46,SVR,4.627984,False,models/tsdae_e5_small/ep05,defaults,"{""augmentation"": ""no_augmentation"", ""beto_model"": ""dccuchile/bert-base-spanish-wwm-cased"", ""chunk_stride"": 256, ""max_tokens"": 512, ""n_cv_splits"": 5, ""n_search_iter"": 0, ""seeds"": [42, 43, 44, 45, 46], ""sentence_transformer_model"": ""intfloat/multilingual-e5-small"", ""tfidf_lemmatize"": true, ""tfidf_max_df"": 0.9, ""tfidf_max_features"": 300, ""tfidf_min_df"": 3, ""tfidf_ngram_range"": [1, 2], ""tfidf_normalize_numbers"": true}",2026-09-09T15:42:37
E3_TSDAE_EP05,frozen,participant,03,no_augmentation,GAD7,46,RandomForest,4.6307,False,models/tsdae_e5_small/ep05,defaults,"{""augmentation"": ""no_augmentation"", ""beto_model"": ""dccuchile/bert-base-spanish-wwm-cased"", ""chunk_stride"": 256, ""max_tokens"": 512, ""n_cv_splits"": 5, ""n_search_iter"": 0, ""seeds"": [42, 43, 44, 45, 46], ""sentence_transformer_model"": ""intfloat/multilingual-e5-small"", ""tfidf_lemmatize"": true, ""tfidf_max_df"": 0.9, ""tfidf_max_features"": 300, ""tfidf_min_df"": 3, ""tfidf_ngram_range"": [1, 2], ""tfidf_normalize_numbers"": true}",2026-09-09T15:42:37
E3_TSDAE_EP05,frozen,participant,03,no_augmentation,GAD7,46,ExtraTrees,4.57615,False,models/tsdae_e5_small/ep05,defaults,"{""augmentation"": ""no_augmentation"", ""beto_model"": ""dccuchile/bert-base-spanish-wwm-cased"", ""chunk_stride"": 256, ""max_tokens"": 512, ""n_cv_splits"": 5, ""n_search_iter"": 0, ""seeds"": [42, 43, 44, 45, 46], ""sentence_transformer_model"": ""intfloat/multilingual-e5-small"", ""tfidf_lemmatize"": true, ""tfidf_max_df"": 0.9, ""tfidf_max_features"": 300, ""tfidf_min_df"": 3, ""tfidf_ngram_range"": [1, 2], ""tfidf_normalize_numbers"": true}",2026-09-09T15:42:37
E3_TSDAE_EP05,frozen,participant,03,no_augmentation,GAD7,46,GradientBoosting,4.788732,False,models/tsdae_e5_small/ep05,defaults,"{""augmentation"": ""no_augmentation"", ""beto_model"": ""dccuchile/bert-base-spanish-wwm-cased"", ""chunk_stride"": 256, ""max_tokens"": 512, ""n_cv_splits"": 5, ""n_search_iter"": 0, ""seeds"": [42, 43, 44, 45, 46], ""sentence_transformer_model"": ""intfloat/multilingual-e5-small"", ""tfidf_lemmatize"": true, ""tfidf_max_df"": 0.9, ""tfidf_max_features"": 300, ""tfidf_min_df"": 3, ""tfidf_ngram_range"": [1, 2], ""tfidf_normalize_numbers"": true}",2026-09-09T15:42:37
E3_TSDAE_EP05,frozen,participant,03,no_augmentation,GAD7,46,LightGBM,4.451535,True,models/tsdae_e5_small/ep05,defaults,"{""augmentation"": ""no_augmentation"", ""beto_model"": ""dccuchile/bert-base-spanish-wwm-cased"", ""chunk_stride"": 256, ""max_tokens"": 512, ""n_cv_splits"": 5, ""n_search_iter"": 0, ""seeds"": [42, 43, 44, 45, 46], ""sentence_transformer_model"": ""intfloat/multilingual-e5-small"", ""tfidf_lemmatize"": true, ""tfidf_max_df"": 0.9, ""tfidf_max_features"": 300, ""tfidf_min_df"": 3, ""tfidf_ngram_range"": [1, 2], ""tfidf_normalize_numbers"": true}",2026-09-09T15:42:37
E3_TSDAE_EP05,frozen,participant,03,no_augmentation,GAD7,46,KNN,4.619793,False,models/tsdae_e5_small/ep05,defaults,"{""augmentation"": ""no_augmentation"", ""beto_model"": ""dccuchile/bert-base-spanish-wwm-cased"", ""chunk_stride"": 256, ""max_tokens"": 512, ""n_cv_splits"": 5, ""n_search_iter"": 0, ""seeds"": [42, 43, 44, 45, 46], ""sentence_transformer_model"": ""intfloat/multilingual-e5-small"", ""tfidf_lemmatize"": true, ""tfidf_max_df"": 0.9, ""tfidf_max_features"": 300, ""tfidf_min_df"": 3, ""tfidf_ngram_range"": [1, 2], ""tfidf_normalize_numbers"": true}",2026-09-09T15:42:37
E3_TSDAE_EP05,frozen,participant,03,no_augmentation,GAD7,46,DecisionTree,6.483319,False,models/tsdae_e5_small/ep05,defaults,"{""augmentation"": ""no_augmentation"", ""beto_model"": ""dccuchile/bert-base-spanish-wwm-cased"", ""chunk_stride"": 256, ""max_tokens"": 512, ""n_cv_splits"": 5, ""n_search_iter"": 0, ""seeds"": [42, 43, 44, 45, 46], ""sentence_transformer_model"": ""intfloat/multilingual-e5-small"", ""tfidf_lemmatize"": true, ""tfidf_max_df"": 0.9, ""tfidf_max_features"": 300, ""tfidf_min_df"": 3, ""tfidf_ngram_range"": [1, 2], ""tfidf_normalize_numbers"": true}",2026-09-09T15:42:37
E3_TSDAE_EP05,frozen,participant,03,no_augmentation,GAD7,46,AdaBoost,4.56637,False,models/tsdae_e5_small/ep05,defaults,"{""augmentation"": ""no_augmentation"", ""beto_model"": ""dccuchile/bert-base-spanish-wwm-cased"", ""chunk_stride"": 256, ""max_tokens"": 512, ""n_cv_splits"": 5, ""n_search_iter"": 0, ""seeds"": [42, 43, 44, 45, 46], ""sentence_transformer_model"": ""intfloat/multilingual-e5-small"", ""tfidf_lemmatize"": true, ""tfidf_max_df"": 0.9, ""tfidf_max_features"": 300, ""tfidf_min_df"": 3, ""tfidf_ngram_range"": [1, 2], ""tfidf_normalize_numbers"": true}",2026-09-09T15:42:37
E3_TSDAE_EP10,frozen,participant,03,no_augmentation,PHQ9,42,Ridge,8.209117,False,models/tsdae_e5_small/ep10,defaults,"{""augmentation"": ""no_augmentation"", ""beto_model"": ""dccuchile/bert-base-spanish-wwm-cased"", ""chunk_stride"": 256, ""max_tokens"": 512, ""n_cv_splits"": 5, ""n_search_iter"": 0, ""seeds"": [42, 43, 44, 45, 46], ""sentence_transformer_model"": ""intfloat/multilingual-e5-small"", ""tfidf_lemmatize"": true, ""tfidf_max_df"": 0.9, ""tfidf_max_features"": 300, ""tfidf_min_df"": 3, ""tfidf_ngram_range"": [1, 2], ""tfidf_normalize_numbers"": true}",2026-09-09T15:43:15
E3_TSDAE_EP10,frozen,participant,03,no_augmentation,PHQ9,42,SVR,6.118647,False,models/tsdae_e5_small/ep10,defaults,"{""augmentation"": ""no_augmentation"", ""beto_model"": ""dccuchile/bert-base-spanish-wwm-cased"", ""chunk_stride"": 256, ""max_tokens"": 512, ""n_cv_splits"": 5, ""n_search_iter"": 0, ""seeds"": [42, 43, 44, 45, 46], ""sentence_transformer_model"": ""intfloat/multilingual-e5-small"", ""tfidf_lemmatize"": true, ""tfidf_max_df"": 0.9, ""tfidf_max_features"": 300, ""tfidf_min_df"": 3, ""tfidf_ngram_range"": [1, 2], ""tfidf_normalize_numbers"": true}",2026-09-09T15:43:15
E3_TSDAE_EP10,frozen,participant,03,no_augmentation,PHQ9,42,RandomForest,5.977673,False,models/tsdae_e5_small/ep10,defaults,"{""augmentation"": ""no_augmentation"", ""beto_model"": ""dccuchile/bert-base-spanish-wwm-cased"", ""chunk_stride"": 256, ""max_tokens"": 512, ""n_cv_splits"": 5, ""n_search_iter"": 0, ""seeds"": [42, 43, 44, 45, 46], ""sentence_transformer_model"": ""intfloat/multilingual-e5-small"", ""tfidf_lemmatize"": true, ""tfidf_max_df"": 0.9, ""tfidf_max_features"": 300, ""tfidf_min_df"": 3, ""tfidf_ngram_range"": [1, 2], ""tfidf_normalize_numbers"": true}",2026-09-09T15:43:15
E3_TSDAE_EP10,frozen,participant,03,no_augmentation,PHQ9,42,ExtraTrees,5.92323,True,models/tsdae_e5_small/ep10,defaults,"{""augmentation"": ""no_augmentation"", ""beto_model"": ""dccuchile/bert-base-spanish-wwm-cased"", ""chunk_stride"": 256, ""max_tokens"": 512, ""n_cv_splits"": 5, ""n_search_iter"": 0, ""seeds"": [42, 43, 44, 45, 46], ""sentence_transformer_model"": ""intfloat/multilingual-e5-small"", ""tfidf_lemmatize"": true, ""tfidf_max_df"": 0.9, ""tfidf_max_features"": 300, ""tfidf_min_df"": 3, ""tfidf_ngram_range"": [1, 2], ""tfidf_normalize_numbers"": true}",2026-09-09T15:43:15
E3_TSDAE_EP10,frozen,participant,03,no_augmentation,PHQ9,42,GradientBoosting,6.2071,False,models/tsdae_e5_small/ep10,defaults,"{""augmentation"": ""no_augmentation"", ""beto_model"": ""dccuchile/bert-base-spanish-wwm-cased"", ""chunk_stride"": 256, ""max_tokens"": 512, ""n_cv_splits"": 5, ""n_search_iter"": 0, ""seeds"": [42, 43, 44, 45, 46], ""sentence_transformer_model"": ""intfloat/multilingual-e5-small"", ""tfidf_lemmatize"": true, ""tfidf_max_df"": 0.9, ""tfidf_max_features"": 300, ""tfidf_min_df"": 3, ""tfidf_ngram_range"": [1, 2], ""tfidf_normalize_numbers"": true}",2026-09-09T15:43:15
E3_TSDAE_EP10,frozen,participant,03,no_augmentation,PHQ9,42,LightGBM,6.163231,False,models/tsdae_e5_small/ep10,defaults,"{""augmentation"": ""no_augmentation"", ""beto_model"": ""dccuchile/bert-base-spanish-wwm-cased"", ""chunk_stride"": 256, ""max_tokens"": 512, ""n_cv_splits"": 5, ""n_search_iter"": 0, ""seeds"": [42, 43, 44, 45, 46], ""sentence_transformer_model"": ""intfloat/multilingual-e5-small"", ""tfidf_lemmatize"": true, ""tfidf_max_df"": 0.9, ""tfidf_max_features"": 300, ""tfidf_min_df"": 3, ""tfidf_ngram_range"": [1, 2], ""tfidf_normalize_numbers"": true}",2026-09-09T15:43:15
E3_TSDAE_EP10,frozen,participant,03,no_augmentation,PHQ9,42,KNN,6.068192,False,models/tsdae_e5_small/ep10,defaults,"{""augmentation"": ""no_augmentation"", ""beto_model"": ""dccuchile/bert-base-spanish-wwm-cased"", ""chunk_stride"": 256, ""max_tokens"": 512, ""n_cv_splits"": 5, ""n_search_iter"": 0, ""seeds"": [42, 43, 44, 45, 46], ""sentence_transformer_model"": ""intfloat/multilingual-e5-small"", ""tfidf_lemmatize"": true, ""tfidf_max_df"": 0.9, ""tfidf_max_features"": 300, ""tfidf_min_df"": 3, ""tfidf_ngram_range"": [1, 2], ""tfidf_normalize_numbers"": true}",2026-09-09T15:43:15
E3_TSDAE_EP10,frozen,participant,03,no_augmentation,PHQ9,42,DecisionTree,7.489334,False,models/tsdae_e5_small/ep10,defaults,"{""augmentation"": ""no_augmentation"", ""beto_model"": ""dccuchile/bert-base-spanish-wwm-cased"", ""chunk_stride"": 256, ""max_tokens"": 512, ""n_cv_splits"": 5, ""n_search_iter"": 0, ""seeds"": [42, 43, 44, 45, 46], ""sentence_transformer_model"": ""intfloat/multilingual-e5-small"", ""tfidf_lemmatize"": true, ""tfidf_max_df"": 0.9, ""tfidf_max_features"": 300, ""tfidf_min_df"": 3, ""tfidf_ngram_range"": [1, 2], ""tfidf_normalize_numbers"": true}",2026-09-09T15:43:15
E3_TSDAE_EP10,frozen,participant,03,no_augmentation,PHQ9,42,AdaBoost,6.184276,False,models/tsdae_e5_small/ep10,defaults,"{""augmentation"": ""no_augmentation"", ""beto_model"": ""dccuchile/bert-base-spanish-wwm-cased"", ""chunk_stride"": 256, ""max_tokens"": 512, ""n_cv_splits"": 5, ""n_search_iter"": 0, ""seeds"": [42, 43, 44, 45, 46], ""sentence_transformer_model"": ""intfloat/multilingual-e5-small"", ""tfidf_lemmatize"": true, ""tfidf_max_df"": 0.9, ""tfidf_max_features"": 300, ""tfidf_min_df"": 3, ""tfidf_ngram_range"": [1, 2], ""tfidf_normalize_numbers"": true}",2026-09-09T15:43:15
E3_TSDAE_EP10,frozen,participant,03,no_augmentation,GAD7,42,Ridge,6.284887,False,models/tsdae_e5_small/ep10,defaults,"{""augmentation"": ""no_augmentation"", ""beto_model"": ""dccuchile/bert-base-spanish-wwm-cased"", ""chunk_stride"": 256, ""max_tokens"": 512, ""n_cv_splits"": 5, ""n_search_iter"": 0, ""seeds"": [42, 43, 44, 45, 46], ""sentence_transformer_model"": ""intfloat/multilingual-e5-small"", ""tfidf_lemmatize"": true, ""tfidf_max_df"": 0.9, ""tfidf_max_features"": 300, ""tfidf_min_df"": 3, ""tfidf_ngram_range"": [1, 2], ""tfidf_normalize_numbers"": true}",2026-09-09T15:43:53
E3_TSDAE_EP10,frozen,participant,03,no_augmentation,GAD7,42,SVR,4.880638,False,models/tsdae_e5_small/ep10,defaults,"{""augmentation"": ""no_augmentation"", ""beto_model"": ""dccuchile/bert-base-spanish-wwm-cased"", ""chunk_stride"": 256, ""max_tokens"": 512, ""n_cv_splits"": 5, ""n_search_iter"": 0, ""seeds"": [42, 43, 44, 45, 46], ""sentence_transformer_model"": ""intfloat/multilingual-e5-small"", ""tfidf_lemmatize"": true, ""tfidf_max_df"": 0.9, ""tfidf_max_features"": 300, ""tfidf_min_df"": 3, ""tfidf_ngram_range"": [1, 2], ""tfidf_normalize_numbers"": true}",2026-09-09T15:43:53
E3_TSDAE_EP10,frozen,participant,03,no_augmentation,GAD7,42,RandomForest,4.74642,True,models/tsdae_e5_small/ep10,defaults,"{""augmentation"": ""no_augmentation"", ""beto_model"": ""dccuchile/bert-base-spanish-wwm-cased"", ""chunk_stride"": 256, ""max_tokens"": 512, ""n_cv_splits"": 5, ""n_search_iter"": 0, ""seeds"": [42, 43, 44, 45, 46], ""sentence_transformer_model"": ""intfloat/multilingual-e5-small"", ""tfidf_lemmatize"": true, ""tfidf_max_df"": 0.9, ""tfidf_max_features"": 300, ""tfidf_min_df"": 3, ""tfidf_ngram_range"": [1, 2], ""tfidf_normalize_numbers"": true}",2026-09-09T15:43:53
E3_TSDAE_EP10,frozen,participant,03,no_augmentation,GAD7,42,ExtraTrees,4.762389,False,models/tsdae_e5_small/ep10,defaults,"{""augmentation"": ""no_augmentation"", ""beto_model"": ""dccuchile/bert-base-spanish-wwm-cased"", ""chunk_stride"": 256, ""max_tokens"": 512, ""n_cv_splits"": 5, ""n_search_iter"": 0, ""seeds"": [42, 43, 44, 45, 46], ""sentence_transformer_model"": ""intfloat/multilingual-e5-small"", ""tfidf_lemmatize"": true, ""tfidf_max_df"": 0.9, ""tfidf_max_features"": 300, ""tfidf_min_df"": 3, ""tfidf_ngram_range"": [1, 2], ""tfidf_normalize_numbers"": true}",2026-09-09T15:43:53
E3_TSDAE_EP10,frozen,participant,03,no_augmentation,GAD7,42,GradientBoosting,4.898349,False,models/tsdae_e5_small/ep10,defaults,"{""augmentation"": ""no_augmentation"", ""beto_model"": ""dccuchile/bert-base-spanish-wwm-cased"", ""chunk_stride"": 256, ""max_tokens"": 512, ""n_cv_splits"": 5, ""n_search_iter"": 0, ""seeds"": [42, 43, 44, 45, 46], ""sentence_transformer_model"": ""intfloat/multilingual-e5-small"", ""tfidf_lemmatize"": true, ""tfidf_max_df"": 0.9, ""tfidf_max_features"": 300, ""tfidf_min_df"": 3, ""tfidf_ngram_range"": [1, 2], ""tfidf_normalize_numbers"": true}",2026-09-09T15:43:53
E3_TSDAE_EP10,frozen,participant,03,no_augmentation,GAD7,42,LightGBM,4.793605,False,models/tsdae_e5_small/ep10,defaults,"{""augmentation"": ""no_augmentation"", ""beto_model"": ""dccuchile/bert-base-spanish-wwm-cased"", ""chunk_stride"": 256, ""max_tokens"": 512, ""n_cv_splits"": 5, ""n_search_iter"": 0, ""seeds"": [42, 43, 44, 45, 46], ""sentence_transformer_model"": ""intfloat/multilingual-e5-small"", ""tfidf_lemmatize"": true, ""tfidf_max_df"": 0.9, ""tfidf_max_features"": 300, ""tfidf_min_df"": 3, ""tfidf_ngram_range"": [1, 2], ""tfidf_normalize_numbers"": true}",2026-09-09T15:43:53
E3_TSDAE_EP10,frozen,participant,03,no_augmentation,GAD7,42,KNN,4.959834,False,models/tsdae_e5_small/ep10,defaults,"{""augmentation"": ""no_augmentation"", ""beto_model"": ""dccuchile/bert-base-spanish-wwm-cased"", ""chunk_stride"": 256, ""max_tokens"": 512, ""n_cv_splits"": 5, ""n_search_iter"": 0, ""seeds"": [42, 43, 44, 45, 46], ""sentence_transformer_model"": ""intfloat/multilingual-e5-small"", ""tfidf_lemmatize"": true, ""tfidf_max_df"": 0.9, ""tfidf_max_features"": 300, ""tfidf_min_df"": 3, ""tfidf_ngram_range"": [1, 2], ""tfidf_normalize_numbers"": true}",2026-09-09T15:43:53
E3_TSDAE_EP10,frozen,participant,03,no_augmentation,GAD7,42,DecisionTree,6.529809,False,models/tsdae_e5_small/ep10,defaults,"{""augmentation"": ""no_augmentation"", ""beto_model"": ""dccuchile/bert-base-spanish-wwm-cased"", ""chunk_stride"": 256, ""max_tokens"": 512, ""n_cv_splits"": 5, ""n_search_iter"": 0, ""seeds"": [42, 43, 44, 45, 46], ""sentence_transformer_model"": ""intfloat/multilingual-e5-small"", ""tfidf_lemmatize"": true, ""tfidf_max_df"": 0.9, ""tfidf_max_features"": 300, ""tfidf_min_df"": 3, ""tfidf_ngram_range"": [1, 2], ""tfidf_normalize_numbers"": true}",2026-09-09T15:43:53
E3_TSDAE_EP10,frozen,participant,03,no_augmentation,GAD7,42,AdaBoost,4.821029,False,models/tsdae_e5_small/ep10,defaults,"{""augmentation"": ""no_augmentation"", ""beto_model"": ""dccuchile/bert-base-spanish-wwm-cased"", ""chunk_stride"": 256, ""max_tokens"": 512, ""n_cv_splits"": 5, ""n_search_iter"": 0, ""seeds"": [42, 43, 44, 45, 46], ""sentence_transformer_model"": ""intfloat/multilingual-e5-small"", ""tfidf_lemmatize"": true, ""tfidf_max_df"": 0.9, ""tfidf_max_features"": 300, ""tfidf_min_df"": 3, ""tfidf_ngram_range"": [1, 2], ""tfidf_normalize_numbers"": true}",2026-09-09T15:43:53
E3_TSDAE_EP10,frozen,participant,03,no_augmentation,PHQ9,43,Ridge,8.170284,False,models/tsdae_e5_small/ep10,defaults,"{""augmentation"": ""no_augmentation"", ""beto_model"": ""dccuchile/bert-base-spanish-wwm-cased"", ""chunk_stride"": 256, ""max_tokens"": 512, ""n_cv_splits"": 5, ""n_search_iter"": 0, ""seeds"": [42, 43, 44, 45, 46], ""sentence_transformer_model"": ""intfloat/multilingual-e5-small"", ""tfidf_lemmatize"": true, ""tfidf_max_df"": 0.9, ""tfidf_max_features"": 300, ""tfidf_min_df"": 3, ""tfidf_ngram_range"": [1, 2], ""tfidf_normalize_numbers"": true}",2026-09-09T15:44:30
E3_TSDAE_EP10,frozen,participant,03,no_augmentation,PHQ9,43,SVR,5.937487,False,models/tsdae_e5_small/ep10,defaults,"{""augmentation"": ""no_augmentation"", ""beto_model"": ""dccuchile/bert-base-spanish-wwm-cased"", ""chunk_stride"": 256, ""max_tokens"": 512, ""n_cv_splits"": 5, ""n_search_iter"": 0, ""seeds"": [42, 43, 44, 45, 46], ""sentence_transformer_model"": ""intfloat/multilingual-e5-small"", ""tfidf_lemmatize"": true, ""tfidf_max_df"": 0.9, ""tfidf_max_features"": 300, ""tfidf_min_df"": 3, ""tfidf_ngram_range"": [1, 2], ""tfidf_normalize_numbers"": true}",2026-09-09T15:44:30
E3_TSDAE_EP10,frozen,participant,03,no_augmentation,PHQ9,43,RandomForest,5.88542,False,models/tsdae_e5_small/ep10,defaults,"{""augmentation"": ""no_augmentation"", ""beto_model"": ""dccuchile/bert-base-spanish-wwm-cased"", ""chunk_stride"": 256, ""max_tokens"": 512, ""n_cv_splits"": 5, ""n_search_iter"": 0, ""seeds"": [42, 43, 44, 45, 46], ""sentence_transformer_model"": ""intfloat/multilingual-e5-small"", ""tfidf_lemmatize"": true, ""tfidf_max_df"": 0.9, ""tfidf_max_features"": 300, ""tfidf_min_df"": 3, ""tfidf_ngram_range"": [1, 2], ""tfidf_normalize_numbers"": true}",2026-09-09T15:44:30
E3_TSDAE_EP10,frozen,participant,03,no_augmentation,PHQ9,43,ExtraTrees,5.832848,True,models/tsdae_e5_small/ep10,defaults,"{""augmentation"": ""no_augmentation"", ""beto_model"": ""dccuchile/bert-base-spanish-wwm-cased"", ""chunk_stride"": 256, ""max_tokens"": 512, ""n_cv_splits"": 5, ""n_search_iter"": 0, ""seeds"": [42, 43, 44, 45, 46], ""sentence_transformer_model"": ""intfloat/multilingual-e5-small"", ""tfidf_lemmatize"": true, ""tfidf_max_df"": 0.9, ""tfidf_max_features"": 300, ""tfidf_min_df"": 3, ""tfidf_ngram_range"": [1, 2], ""tfidf_normalize_numbers"": true}",2026-09-09T15:44:30
E3_TSDAE_EP10,frozen,participant,03,no_augmentation,PHQ9,43,GradientBoosting,6.113798,False,models/tsdae_e5_small/ep10,defaults,"{""augmentation"": ""no_augmentation"", ""beto_model"": ""dccuchile/bert-base-spanish-wwm-cased"", ""chunk_stride"": 256, ""max_tokens"": 512, ""n_cv_splits"": 5, ""n_search_iter"": 0, ""seeds"": [42, 43, 44, 45, 46], ""sentence_transformer_model"": ""intfloat/multilingual-e5-small"", ""tfidf_lemmatize"": true, ""tfidf_max_df"": 0.9, ""tfidf_max_features"": 300, ""tfidf_min_df"": 3, ""tfidf_ngram_range"": [1, 2], ""tfidf_normalize_numbers"": true}",2026-09-09T15:44:30
E3_TSDAE_EP10,frozen,participant,03,no_augmentation,PHQ9,43,LightGBM,6.031054,False,models/tsdae_e5_small/ep10,defaults,"{""augmentation"": ""no_augmentation"", ""beto_model"": ""dccuchile/bert-base-spanish-wwm-cased"", ""chunk_stride"": 256, ""max_tokens"": 512, ""n_cv_splits"": 5, ""n_search_iter"": 0, ""seeds"": [42, 43, 44, 45, 46], ""sentence_transformer_model"": ""intfloat/multilingual-e5-small"", ""tfidf_lemmatize"": true, ""tfidf_max_df"": 0.9, ""tfidf_max_features"": 300, ""tfidf_min_df"": 3, ""tfidf_ngram_range"": [1, 2], ""tfidf_normalize_numbers"": true}",2026-09-09T15:44:30
E3_TSDAE_EP10,frozen,participant,03,no_augmentation,PHQ9,43,KNN,5.9924,False,models/tsdae_e5_small/ep10,defaults,"{""augmentation"": ""no_augmentation"", ""beto_model"": ""dccuchile/bert-base-spanish-wwm-cased"", ""chunk_stride"": 256, ""max_tokens"": 512, ""n_cv_splits"": 5, ""n_search_iter"": 0, ""seeds"": [42, 43, 44, 45, 46], ""sentence_transformer_model"": ""intfloat/multilingual-e5-small"", ""tfidf_lemmatize"": true, ""tfidf_max_df"": 0.9, ""tfidf_max_features"": 300, ""tfidf_min_df"": 3, ""tfidf_ngram_range"": [1, 2], ""tfidf_normalize_numbers"": true}",2026-09-09T15:44:30
E3_TSDAE_EP10,frozen,participant,03,no_augmentation,PHQ9,43,DecisionTree,7.234264,False,models/tsdae_e5_small/ep10,defaults,"{""augmentation"": ""no_augmentation"", ""beto_model"": ""dccuchile/bert-base-spanish-wwm-cased"", ""chunk_stride"": 256, ""max_tokens"": 512, ""n_cv_splits"": 5, ""n_search_iter"": 0, ""seeds"": [42, 43, 44, 45, 46], ""sentence_transformer_model"": ""intfloat/multilingual-e5-small"", ""tfidf_lemmatize"": true, ""tfidf_max_df"": 0.9, ""tfidf_max_features"": 300, ""tfidf_min_df"": 3, ""tfidf_ngram_range"": [1, 2], ""tfidf_normalize_numbers"": true}",2026-09-09T15:44:30
E3_TSDAE_EP10,frozen,participant,03,no_augmentation,PHQ9,43,AdaBoost,5.947592,False,models/tsdae_e5_small/ep10,defaults,"{""augmentation"": ""no_augmentation"", ""beto_model"": ""dccuchile/bert-base-spanish-wwm-cased"", ""chunk_stride"": 256, ""max_tokens"": 512, ""n_cv_splits"": 5, ""n_search_iter"": 0, ""seeds"": [42, 43, 44, 45, 46], ""sentence_transformer_model"": ""intfloat/multilingual-e5-small"", ""tfidf_lemmatize"": true, ""tfidf_max_df"": 0.9, ""tfidf_max_features"": 300, ""tfidf_min_df"": 3, ""tfidf_ngram_range"": [1, 2], ""tfidf_normalize_numbers"": true}",2026-09-09T15:44:30
E3_TSDAE_EP10,frozen,participant,03,no_augmentation,GAD7,43,Ridge,6.122261,False,models/tsdae_e5_small/ep10,defaults,"{""augmentation"": ""no_augmentation"", ""beto_model"": ""dccuchile/bert-base-spanish-wwm-cased"", ""chunk_stride"": 256, ""max_tokens"": 512, ""n_cv_splits"": 5, ""n_search_iter"": 0, ""seeds"": [42, 43, 44, 45, 46], ""sentence_transformer_model"": ""intfloat/multilingual-e5-small"", ""tfidf_lemmatize"": true, ""tfidf_max_df"": 0.9, ""tfidf_max_features"": 300, ""tfidf_min_df"": 3, ""tfidf_ngram_range"": [1, 2], ""tfidf_normalize_numbers"": true}",2026-09-09T15:45:07
E3_TSDAE_EP10,frozen,participant,03,no_augmentation,GAD7,43,SVR,4.769998,False,models/tsdae_e5_small/ep10,defaults,"{""augmentation"": ""no_augmentation"", ""beto_model"": ""dccuchile/bert-base-spanish-wwm-cased"", ""chunk_stride"": 256, ""max_tokens"": 512, ""n_cv_splits"": 5, ""n_search_iter"": 0, ""seeds"": [42, 43, 44, 45, 46], ""sentence_transformer_model"": ""intfloat/multilingual-e5-small"", ""tfidf_lemmatize"": true, ""tfidf_max_df"": 0.9, ""tfidf_max_features"": 300, ""tfidf_min_df"": 3, ""tfidf_ngram_range"": [1, 2], ""tfidf_normalize_numbers"": true}",2026-09-09T15:45:07
E3_TSDAE_EP10,frozen,participant,03,no_augmentation,GAD7,43,RandomForest,4.723482,False,models/tsdae_e5_small/ep10,defaults,"{""augmentation"": ""no_augmentation"", ""beto_model"": ""dccuchile/bert-base-spanish-wwm-cased"", ""chunk_stride"": 256, ""max_tokens"": 512, ""n_cv_splits"": 5, ""n_search_iter"": 0, ""seeds"": [42, 43, 44, 45, 46], ""sentence_transformer_model"": ""intfloat/multilingual-e5-small"", ""tfidf_lemmatize"": true, ""tfidf_max_df"": 0.9, ""tfidf_max_features"": 300, ""tfidf_min_df"": 3, ""tfidf_ngram_range"": [1, 2], ""tfidf_normalize_numbers"": true}",2026-09-09T15:45:07
E3_TSDAE_EP10,frozen,participant,03,no_augmentation,GAD7,43,ExtraTrees,4.777273,False,models/tsdae_e5_small/ep10,defaults,"{""augmentation"": ""no_augmentation"", ""beto_model"": ""dccuchile/bert-base-spanish-wwm-cased"", ""chunk_stride"": 256, ""max_tokens"": 512, ""n_cv_splits"": 5, ""n_search_iter"": 0, ""seeds"": [42, 43, 44, 45, 46], ""sentence_transformer_model"": ""intfloat/multilingual-e5-small"", ""tfidf_lemmatize"": true, ""tfidf_max_df"": 0.9, ""tfidf_max_features"": 300, ""tfidf_min_df"": 3, ""tfidf_ngram_range"": [1, 2], ""tfidf_normalize_numbers"": true}",2026-09-09T15:45:07
E3_TSDAE_EP10,frozen,participant,03,no_augmentation,GAD7,43,GradientBoosting,4.91018,False,models/tsdae_e5_small/ep10,defaults,"{""augmentation"": ""no_augmentation"", ""beto_model"": ""dccuchile/bert-base-spanish-wwm-cased"", ""chunk_stride"": 256, ""max_tokens"": 512, ""n_cv_splits"": 5, ""n_search_iter"": 0, ""seeds"": [42, 43, 44, 45, 46], ""sentence_transformer_model"": ""intfloat/multilingual-e5-small"", ""tfidf_lemmatize"": true, ""tfidf_max_df"": 0.9, ""tfidf_max_features"": 300, ""tfidf_min_df"": 3, ""tfidf_ngram_range"": [1, 2], ""tfidf_normalize_numbers"": true}",2026-09-09T15:45:07
E3_TSDAE_EP10,frozen,participant,03,no_augmentation,GAD7,43,LightGBM,4.907822,False,models/tsdae_e5_small/ep10,defaults,"{""augmentation"": ""no_augmentation"", ""beto_model"": ""dccuchile/bert-base-spanish-wwm-cased"", ""chunk_stride"": 256, ""max_tokens"": 512, ""n_cv_splits"": 5, ""n_search_iter"": 0, ""seeds"": [42, 43, 44, 45, 46], ""sentence_transformer_model"": ""intfloat/multilingual-e5-small"", ""tfidf_lemmatize"": true, ""tfidf_max_df"": 0.9, ""tfidf_max_features"": 300, ""tfidf_min_df"": 3, ""tfidf_ngram_range"": [1, 2], ""tfidf_normalize_numbers"": true}",2026-09-09T15:45:07
E3_TSDAE_EP10,frozen,participant,03,no_augmentation,GAD7,43,KNN,4.892977,False,models/tsdae_e5_small/ep10,defaults,"{""augmentation"": ""no_augmentation"", ""beto_model"": ""dccuchile/bert-base-spanish-wwm-cased"", ""chunk_stride"": 256, ""max_tokens"": 512, ""n_cv_splits"": 5, ""n_search_iter"": 0, ""seeds"": [42, 43, 44, 45, 46], ""sentence_transformer_model"": ""intfloat/multilingual-e5-small"", ""tfidf_lemmatize"": true, ""tfidf_max_df"": 0.9, ""tfidf_max_features"": 300, ""tfidf_min_df"": 3, ""tfidf_ngram_range"": [1, 2], ""tfidf_normalize_numbers"": true}",2026-09-09T15:45:07
E3_TSDAE_EP10,frozen,participant,03,no_augmentation,GAD7,43,DecisionTree,6.08959,False,models/tsdae_e5_small/ep10,defaults,"{""augmentation"": ""no_augmentation"", ""beto_model"": ""dccuchile/bert-base-spanish-wwm-cased"", ""chunk_stride"": 256, ""max_tokens"": 512, ""n_cv_splits"": 5, ""n_search_iter"": 0, ""seeds"": [42, 43, 44, 45, 46], ""sentence_transformer_model"": ""intfloat/multilingual-e5-small"", ""tfidf_lemmatize"": true, ""tfidf_max_df"": 0.9, ""tfidf_max_features"": 300, ""tfidf_min_df"": 3, ""tfidf_ngram_range"": [1, 2], ""tfidf_normalize_numbers"": true}",2026-09-09T15:45:07
E3_TSDAE_EP10,frozen,participant,03,no_augmentation,GAD7,43,AdaBoost,4.625957,True,models/tsdae_e5_small/ep10,defaults,"{""augmentation"": ""no_augmentation"", ""beto_model"": ""dccuchile/bert-base-spanish-wwm-cased"", ""chunk_stride"": 256, ""max_tokens"": 512, ""n_cv_splits"": 5, ""n_search_iter"": 0, ""seeds"": [42, 43, 44, 45, 46], ""sentence_transformer_model"": ""intfloat/multilingual-e5-small"", ""tfidf_lemmatize"": true, ""tfidf_max_df"": 0.9, ""tfidf_max_features"": 300, ""tfidf_min_df"": 3, ""tfidf_ngram_range"": [1, 2], ""tfidf_normalize_numbers"": true}",2026-09-09T15:45:07
E3_TSDAE_EP10,frozen,participant,03,no_augmentation,PHQ9,44,Ridge,8.385238,False,models/tsdae_e5_small/ep10,defaults,"{""augmentation"": ""no_augmentation"", ""beto_model"": ""dccuchile/bert-base-spanish-wwm-cased"", ""chunk_stride"": 256, ""max_tokens"": 512, ""n_cv_splits"": 5, ""n_search_iter"": 0, ""seeds"": [42, 43, 44, 45, 46], ""sentence_transformer_model"": ""intfloat/multilingual-e5-small"", ""tfidf_lemmatize"": true, ""tfidf_max_df"": 0.9, ""tfidf_max_features"": 300, ""tfidf_min_df"": 3, ""tfidf_ngram_range"": [1, 2], ""tfidf_normalize_numbers"": true}",2026-09-09T15:45:44
E3_TSDAE_EP10,frozen,participant,03,no_augmentation,PHQ9,44,SVR,5.987191,False,models/tsdae_e5_small/ep10,defaults,"{""augmentation"": ""no_augmentation"", ""beto_model"": ""dccuchile/bert-base-spanish-wwm-cased"", ""chunk_stride"": 256, ""max_tokens"": 512, ""n_cv_splits"": 5, ""n_search_iter"": 0, ""seeds"": [42, 43, 44, 45, 46], ""sentence_transformer_model"": ""intfloat/multilingual-e5-small"", ""tfidf_lemmatize"": true, ""tfidf_max_df"": 0.9, ""tfidf_max_features"": 300, ""tfidf_min_df"": 3, ""tfidf_ngram_range"": [1, 2], ""tfidf_normalize_numbers"": true}",2026-09-09T15:45:44
E3_TSDAE_EP10,frozen,participant,03,no_augmentation,PHQ9,44,RandomForest,5.882437,True,models/tsdae_e5_small/ep10,defaults,"{""augmentation"": ""no_augmentation"", ""beto_model"": ""dccuchile/bert-base-spanish-wwm-cased"", ""chunk_stride"": 256, ""max_tokens"": 512, ""n_cv_splits"": 5, ""n_search_iter"": 0, ""seeds"": [42, 43, 44, 45, 46], ""sentence_transformer_model"": ""intfloat/multilingual-e5-small"", ""tfidf_lemmatize"": true, ""tfidf_max_df"": 0.9, ""tfidf_max_features"": 300, ""tfidf_min_df"": 3, ""tfidf_ngram_range"": [1, 2], ""tfidf_normalize_numbers"": true}",2026-09-09T15:45:44
E3_TSDAE_EP10,frozen,participant,03,no_augmentation,PHQ9,44,ExtraTrees,5.890972,False,models/tsdae_e5_small/ep10,defaults,"{""augmentation"": ""no_augmentation"", ""beto_model"": ""dccuchile/bert-base-spanish-wwm-cased"", ""chunk_stride"": 256, ""max_tokens"": 512, ""n_cv_splits"": 5, ""n_search_iter"": 0, ""seeds"": [42, 43, 44, 45, 46], ""sentence_transformer_model"": ""intfloat/multilingual-e5-small"", ""tfidf_lemmatize"": true, ""tfidf_max_df"": 0.9, ""tfidf_max_features"": 300, ""tfidf_min_df"": 3, ""tfidf_ngram_range"": [1, 2], ""tfidf_normalize_numbers"": true}",2026-09-09T15:45:44
E3_TSDAE_EP10,frozen,participant,03,no_augmentation,PHQ9,44,GradientBoosting,6.002752,False,models/tsdae_e5_small/ep10,defaults,"{""augmentation"": ""no_augmentation"", ""beto_model"": ""dccuchile/bert-base-spanish-wwm-cased"", ""chunk_stride"": 256, ""max_tokens"": 512, ""n_cv_splits"": 5, ""n_search_iter"": 0, ""seeds"": [42, 43, 44, 45, 46], ""sentence_transformer_model"": ""intfloat/multilingual-e5-small"", ""tfidf_lemmatize"": true, ""tfidf_max_df"": 0.9, ""tfidf_max_features"": 300, ""tfidf_min_df"": 3, ""tfidf_ngram_range"": [1, 2], ""tfidf_normalize_numbers"": true}",2026-09-09T15:45:44
E3_TSDAE_EP10,frozen,participant,03,no_augmentation,PHQ9,44,LightGBM,6.146539,False,models/tsdae_e5_small/ep10,defaults,"{""augmentation"": ""no_augmentation"", ""beto_model"": ""dccuchile/bert-base-spanish-wwm-cased"", ""chunk_stride"": 256, ""max_tokens"": 512, ""n_cv_splits"": 5, ""n_search_iter"": 0, ""seeds"": [42, 43, 44, 45, 46], ""sentence_transformer_model"": ""intfloat/multilingual-e5-small"", ""tfidf_lemmatize"": true, ""tfidf_max_df"": 0.9, ""tfidf_max_features"": 300, ""tfidf_min_df"": 3, ""tfidf_ngram_range"": [1, 2], ""tfidf_normalize_numbers"": true}",2026-09-09T15:45:44
E3_TSDAE_EP10,frozen,participant,03,no_augmentation,PHQ9,44,KNN,5.95534,False,models/tsdae_e5_small/ep10,defaults,"{""augmentation"": ""no_augmentation"", ""beto_model"": ""dccuchile/bert-base-spanish-wwm-cased"", ""chunk_stride"": 256, ""max_tokens"": 512, ""n_cv_splits"": 5, ""n_search_iter"": 0, ""seeds"": [42, 43, 44, 45, 46], ""sentence_transformer_model"": ""intfloat/multilingual-e5-small"", ""tfidf_lemmatize"": true, ""tfidf_max_df"": 0.9, ""tfidf_max_features"": 300, ""tfidf_min_df"": 3, ""tfidf_ngram_range"": [1, 2], ""tfidf_normalize_numbers"": true}",2026-09-09T15:45:44
E3_TSDAE_EP10,frozen,participant,03,no_augmentation,PHQ9,44,DecisionTree,7.443195,False,models/tsdae_e5_small/ep10,defaults,"{""augmentation"": ""no_augmentation"", ""beto_model"": ""dccuchile/bert-base-spanish-wwm-cased"", ""chunk_stride"": 256, ""max_tokens"": 512, ""n_cv_splits"": 5, ""n_search_iter"": 0, ""seeds"": [42, 43, 44, 45, 46], ""sentence_transformer_model"": ""intfloat/multilingual-e5-small"", ""tfidf_lemmatize"": true, ""tfidf_max_df"": 0.9, ""tfidf_max_features"": 300, ""tfidf_min_df"": 3, ""tfidf_ngram_range"": [1, 2], ""tfidf_normalize_numbers"": true}",2026-09-09T15:45:44
E3_TSDAE_EP10,frozen,participant,03,no_augmentation,PHQ9,44,AdaBoost,5.899032,False,models/tsdae_e5_small/ep10,defaults,"{""augmentation"": ""no_augmentation"", ""beto_model"": ""dccuchile/bert-base-spanish-wwm-cased"", ""chunk_stride"": 256, ""max_tokens"": 512, ""n_cv_splits"": 5, ""n_search_iter"": 0, ""seeds"": [42, 43, 44, 45, 46], ""sentence_transformer_model"": ""intfloat/multilingual-e5-small"", ""tfidf_lemmatize"": true, ""tfidf_max_df"": 0.9, ""tfidf_max_features"": 300, ""tfidf_min_df"": 3, ""tfidf_ngram_range"": [1, 2], ""tfidf_normalize_numbers"": true}",2026-09-09T15:45:44
E3_TSDAE_EP10,frozen,participant,03,no_augmentation,GAD7,44,Ridge,6.358108,False,models/tsdae_e5_small/ep10,defaults,"{""augmentation"": ""no_augmentation"", ""beto_model"": ""dccuchile/bert-base-spanish-wwm-cased"", ""chunk_stride"": 256, ""max_tokens"": 512, ""n_cv_splits"": 5, ""n_search_iter"": 0, ""seeds"": [42, 43, 44, 45, 46], ""sentence_transformer_model"": ""intfloat/multilingual-e5-small"", ""tfidf_lemmatize"": true, ""tfidf_max_df"": 0.9, ""tfidf_max_features"": 300, ""tfidf_min_df"": 3, ""tfidf_ngram_range"": [1, 2], ""tfidf_normalize_numbers"": true}",2026-09-09T15:46:21
E3_TSDAE_EP10,frozen,participant,03,no_augmentation,GAD7,44,SVR,4.849716,False,models/tsdae_e5_small/ep10,defaults,"{""augmentation"": ""no_augmentation"", ""beto_model"": ""dccuchile/bert-base-spanish-wwm-cased"", ""chunk_stride"": 256, ""max_tokens"": 512, ""n_cv_splits"": 5, ""n_search_iter"": 0, ""seeds"": [42, 43, 44, 45, 46], ""sentence_transformer_model"": ""intfloat/multilingual-e5-small"", ""tfidf_lemmatize"": true, ""tfidf_max_df"": 0.9, ""tfidf_max_features"": 300, ""tfidf_min_df"": 3, ""tfidf_ngram_range"": [1, 2], ""tfidf_normalize_numbers"": true}",2026-09-09T15:46:21
E3_TSDAE_EP10,frozen,participant,03,no_augmentation,GAD7,44,RandomForest,4.651458,True,models/tsdae_e5_small/ep10,defaults,"{""augmentation"": ""no_augmentation"", ""beto_model"": ""dccuchile/bert-base-spanish-wwm-cased"", ""chunk_stride"": 256, ""max_tokens"": 512, ""n_cv_splits"": 5, ""n_search_iter"": 0, ""seeds"": [42, 43, 44, 45, 46], ""sentence_transformer_model"": ""intfloat/multilingual-e5-small"", ""tfidf_lemmatize"": true, ""tfidf_max_df"": 0.9, ""tfidf_max_features"": 300, ""tfidf_min_df"": 3, ""tfidf_ngram_range"": [1, 2], ""tfidf_normalize_numbers"": true}",2026-09-09T15:46:21
E3_TSDAE_EP10,frozen,participant,03,no_augmentation,GAD7,44,ExtraTrees,4.682654,False,models/tsdae_e5_small/ep10,defaults,"{""augmentation"": ""no_augmentation"", ""beto_model"": ""dccuchile/bert-base-spanish-wwm-cased"", ""chunk_stride"": 256, ""max_tokens"": 512, ""n_cv_splits"": 5, ""n_search_iter"": 0, ""seeds"": [42, 43, 44, 45, 46], ""sentence_transformer_model"": ""intfloat/multilingual-e5-small"", ""tfidf_lemmatize"": true, ""tfidf_max_df"": 0.9, ""tfidf_max_features"": 300, ""tfidf_min_df"": 3, ""tfidf_ngram_range"": [1, 2], ""tfidf_normalize_numbers"": true}",2026-09-09T15:46:21
E3_TSDAE_EP10,frozen,participant,03,no_augmentation,GAD7,44,GradientBoosting,4.714146,False,models/tsdae_e5_small/ep10,defaults,"{""augmentation"": ""no_augmentation"", ""beto_model"": ""dccuchile/bert-base-spanish-wwm-cased"", ""chunk_stride"": 256, ""max_tokens"": 512, ""n_cv_splits"": 5, ""n_search_iter"": 0, ""seeds"": [42, 43, 44, 45, 46], ""sentence_transformer_model"": ""intfloat/multilingual-e5-small"", ""tfidf_lemmatize"": true, ""tfidf_max_df"": 0.9, ""tfidf_max_features"": 300, ""tfidf_min_df"": 3, ""tfidf_ngram_range"": [1, 2], ""tfidf_normalize_numbers"": true}",2026-09-09T15:46:21
E3_TSDAE_EP10,frozen,participant,03,no_augmentation,GAD7,44,LightGBM,4.697569,False,models/tsdae_e5_small/ep10,defaults,"{""augmentation"": ""no_augmentation"", ""beto_model"": ""dccuchile/bert-base-spanish-wwm-cased"", ""chunk_stride"": 256, ""max_tokens"": 512, ""n_cv_splits"": 5, ""n_search_iter"": 0, ""seeds"": [42, 43, 44, 45, 46], ""sentence_transformer_model"": ""intfloat/multilingual-e5-small"", ""tfidf_lemmatize"": true, ""tfidf_max_df"": 0.9, ""tfidf_max_features"": 300, ""tfidf_min_df"": 3, ""tfidf_ngram_range"": [1, 2], ""tfidf_normalize_numbers"": true}",2026-09-09T15:46:21
E3_TSDAE_EP10,frozen,participant,03,no_augmentation,GAD7,44,KNN,4.786567,False,models/tsdae_e5_small/ep10,defaults,"{""augmentation"": ""no_augmentation"", ""beto_model"": ""dccuchile/bert-base-spanish-wwm-cased"", ""chunk_stride"": 256, ""max_tokens"": 512, ""n_cv_splits"": 5, ""n_search_iter"": 0, ""seeds"": [42, 43, 44, 45, 46], ""sentence_transformer_model"": ""intfloat/multilingual-e5-small"", ""tfidf_lemmatize"": true, ""tfidf_max_df"": 0.9, ""tfidf_max_features"": 300, ""tfidf_min_df"": 3, ""tfidf_ngram_range"": [1, 2], ""tfidf_normalize_numbers"": true}",2026-09-09T15:46:21
E3_TSDAE_EP10,frozen,participant,03,no_augmentation,GAD7,44,DecisionTree,5.916372,False,models/tsdae_e5_small/ep10,defaults,"{""augmentation"": ""no_augmentation"", ""beto_model"": ""dccuchile/bert-base-spanish-wwm-cased"", ""chunk_stride"": 256, ""max_tokens"": 512, ""n_cv_splits"": 5, ""n_search_iter"": 0, ""seeds"": [42, 43, 44, 45, 46], ""sentence_transformer_model"": ""intfloat/multilingual-e5-small"", ""tfidf_lemmatize"": true, ""tfidf_max_df"": 0.9, ""tfidf_max_features"": 300, ""tfidf_min_df"": 3, ""tfidf_ngram_range"": [1, 2], ""tfidf_normalize_numbers"": true}",2026-09-09T15:46:21
E3_TSDAE_EP10,frozen,participant,03,no_augmentation,GAD7,44,AdaBoost,4.72215,False,models/tsdae_e5_small/ep10,defaults,"{""augmentation"": ""no_augmentation"", ""beto_model"": ""dccuchile/bert-base-spanish-wwm-cased"", ""chunk_stride"": 256, ""max_tokens"": 512, ""n_cv_splits"": 5, ""n_search_iter"": 0, ""seeds"": [42, 43, 44, 45, 46], ""sentence_transformer_model"": ""intfloat/multilingual-e5-small"", ""tfidf_lemmatize"": true, ""tfidf_max_df"": 0.9, ""tfidf_max_features"": 300, ""tfidf_min_df"": 3, ""tfidf_ngram_range"": [1, 2], ""tfidf_normalize_numbers"": true}",2026-09-09T15:46:21
E3_TSDAE_EP10,frozen,participant,03,no_augmentation,PHQ9,45,Ridge,8.015268,False,models/tsdae_e5_small/ep10,defaults,"{""augmentation"": ""no_augmentation"", ""beto_model"": ""dccuchile/bert-base-spanish-wwm-cased"", ""chunk_stride"": 256, ""max_tokens"": 512, ""n_cv_splits"": 5, ""n_search_iter"": 0, ""seeds"": [42, 43, 44, 45, 46], ""sentence_transformer_model"": ""intfloat/multilingual-e5-small"", ""tfidf_lemmatize"": true, ""tfidf_max_df"": 0.9, ""tfidf_max_features"": 300, ""tfidf_min_df"": 3, ""tfidf_ngram_range"": [1, 2], ""tfidf_normalize_numbers"": true}",2026-09-09T15:46:58
E3_TSDAE_EP10,frozen,participant,03,no_augmentation,PHQ9,45,SVR,5.962125,False,models/tsdae_e5_small/ep10,defaults,"{""augmentation"": ""no_augmentation"", ""beto_model"": ""dccuchile/bert-base-spanish-wwm-cased"", ""chunk_stride"": 256, ""max_tokens"": 512, ""n_cv_splits"": 5, ""n_search_iter"": 0, ""seeds"": [42, 43, 44, 45, 46], ""sentence_transformer_model"": ""intfloat/multilingual-e5-small"", ""tfidf_lemmatize"": true, ""tfidf_max_df"": 0.9, ""tfidf_max_features"": 300, ""tfidf_min_df"": 3, ""tfidf_ngram_range"": [1, 2], ""tfidf_normalize_numbers"": true}",2026-09-09T15:46:58
E3_TSDAE_EP10,frozen,participant,03,no_augmentation,PHQ9,45,RandomForest,5.870001,False,models/tsdae_e5_small/ep10,defaults,"{""augmentation"": ""no_augmentation"", ""beto_model"": ""dccuchile/bert-base-spanish-wwm-cased"", ""chunk_stride"": 256, ""max_tokens"": 512, ""n_cv_splits"": 5, ""n_search_iter"": 0, ""seeds"": [42, 43, 44, 45, 46], ""sentence_transformer_model"": ""intfloat/multilingual-e5-small"", ""tfidf_lemmatize"": true, ""tfidf_max_df"": 0.9, ""tfidf_max_features"": 300, ""tfidf_min_df"": 3, ""tfidf_ngram_range"": [1, 2], ""tfidf_normalize_numbers"": true}",2026-09-09T15:46:58
E3_TSDAE_EP10,frozen,participant,03,no_augmentation,PHQ9,45,ExtraTrees,5.802017,True,models/tsdae_e5_small/ep10,defaults,"{""augmentation"": ""no_augmentation"", ""beto_model"": ""dccuchile/bert-base-spanish-wwm-cased"", ""chunk_stride"": 256, ""max_tokens"": 512, ""n_cv_splits"": 5, ""n_search_iter"": 0, ""seeds"": [42, 43, 44, 45, 46], ""sentence_transformer_model"": ""intfloat/multilingual-e5-small"", ""tfidf_lemmatize"": true, ""tfidf_max_df"": 0.9, ""tfidf_max_features"": 300, ""tfidf_min_df"": 3, ""tfidf_ngram_range"": [1, 2], ""tfidf_normalize_numbers"": true}",2026-09-09T15:46:58
E3_TSDAE_EP10,frozen,participant,03,no_augmentation,PHQ9,45,GradientBoosting,5.960676,False,models/tsdae_e5_small/ep10,defaults,"{""augmentation"": ""no_augmentation"", ""beto_model"": ""dccuchile/bert-base-spanish-wwm-cased"", ""chunk_stride"": 256, ""max_tokens"": 512, ""n_cv_splits"": 5, ""n_search_iter"": 0, ""seeds"": [42, 43, 44, 45, 46], ""sentence_transformer_model"": ""intfloat/multilingual-e5-small"", ""tfidf_lemmatize"": true, ""tfidf_max_df"": 0.9, ""tfidf_max_features"": 300, ""tfidf_min_df"": 3, ""tfidf_ngram_range"": [1, 2], ""tfidf_normalize_numbers"": true}",2026-09-09T15:46:58
E3_TSDAE_EP10,frozen,participant,03,no_augmentation,PHQ9,45,LightGBM,6.106738,False,models/tsdae_e5_small/ep10,defaults,"{""augmentation"": ""no_augmentation"", ""beto_model"": ""dccuchile/bert-base-spanish-wwm-cased"", ""chunk_stride"": 256, ""max_tokens"": 512, ""n_cv_splits"": 5, ""n_search_iter"": 0, ""seeds"": [42, 43, 44, 45, 46], ""sentence_transformer_model"": ""intfloat/multilingual-e5-small"", ""tfidf_lemmatize"": true, ""tfidf_max_df"": 0.9, ""tfidf_max_features"": 300, ""tfidf_min_df"": 3, ""tfidf_ngram_range"": [1, 2], ""tfidf_normalize_numbers"": true}",2026-09-09T15:46:58
E3_TSDAE_EP10,frozen,participant,03,no_augmentation,PHQ9,45,KNN,5.853577,False,models/tsdae_e5_small/ep10,defaults,"{""augmentation"": ""no_augmentation"", ""beto_model"": ""dccuchile/bert-base-spanish-wwm-cased"", ""chunk_stride"": 256, ""max_tokens"": 512, ""n_cv_splits"": 5, ""n_search_iter"": 0, ""seeds"": [42, 43, 44, 45, 46], ""sentence_transformer_model"": ""intfloat/multilingual-e5-small"", ""tfidf_lemmatize"": true, ""tfidf_max_df"": 0.9, ""tfidf_max_features"": 300, ""tfidf_min_df"": 3, ""tfidf_ngram_range"": [1, 2], ""tfidf_normalize_numbers"": true}",2026-09-09T15:46:58
E3_TSDAE_EP10,frozen,participant,03,no_augmentation,PHQ9,45,DecisionTree,7.456785,False,models/tsdae_e5_small/ep10,defaults,"{""augmentation"": ""no_augmentation"", ""beto_model"": ""dccuchile/bert-base-spanish-wwm-cased"", ""chunk_stride"": 256, ""max_tokens"": 512, ""n_cv_splits"": 5, ""n_search_iter"": 0, ""seeds"": [42, 43, 44, 45, 46], ""sentence_transformer_model"": ""intfloat/multilingual-e5-small"", ""tfidf_lemmatize"": true, ""tfidf_max_df"": 0.9, ""tfidf_max_features"": 300, ""tfidf_min_df"": 3, ""tfidf_ngram_range"": [1, 2], ""tfidf_normalize_numbers"": true}",2026-09-09T15:46:58
E3_TSDAE_EP10,frozen,participant,03,no_augmentation,PHQ9,45,AdaBoost,6.099617,False,models/tsdae_e5_small/ep10,defaults,"{""augmentation"": ""no_augmentation"", ""beto_model"": ""dccuchile/bert-base-spanish-wwm-cased"", ""chunk_stride"": 256, ""max_tokens"": 512, ""n_cv_splits"": 5, ""n_search_iter"": 0, ""seeds"": [42, 43, 44, 45, 46], ""sentence_transformer_model"": ""intfloat/multilingual-e5-small"", ""tfidf_lemmatize"": true, ""tfidf_max_df"": 0.9, ""tfidf_max_features"": 300, ""tfidf_min_df"": 3, ""tfidf_ngram_range"": [1, 2], ""tfidf_normalize_numbers"": true}",2026-09-09T15:46:58
E3_TSDAE_EP10,frozen,participant,03,no_augmentation,GAD7,45,Ridge,6.4733,False,models/tsdae_e5_small/ep10,defaults,"{""augmentation"": ""no_augmentation"", ""beto_model"": ""dccuchile/bert-base-spanish-wwm-cased"", ""chunk_stride"": 256, ""max_tokens"": 512, ""n_cv_splits"": 5, ""n_search_iter"": 0, ""seeds"": [42, 43, 44, 45, 46], ""sentence_transformer_model"": ""intfloat/multilingual-e5-small"", ""tfidf_lemmatize"": true, ""tfidf_max_df"": 0.9, ""tfidf_max_features"": 300, ""tfidf_min_df"": 3, ""tfidf_ngram_range"": [1, 2], ""tfidf_normalize_numbers"": true}",2026-09-09T15:47:35
E3_TSDAE_EP10,frozen,participant,03,no_augmentation,GAD7,45,SVR,5.019011,False,models/tsdae_e5_small/ep10,defaults,"{""augmentation"": ""no_augmentation"", ""beto_model"": ""dccuchile/bert-base-spanish-wwm-cased"", ""chunk_stride"": 256, ""max_tokens"": 512, ""n_cv_splits"": 5, ""n_search_iter"": 0, ""seeds"": [42, 43, 44, 45, 46], ""sentence_transformer_model"": ""intfloat/multilingual-e5-small"", ""tfidf_lemmatize"": true, ""tfidf_max_df"": 0.9, ""tfidf_max_features"": 300, ""tfidf_min_df"": 3, ""tfidf_ngram_range"": [1, 2], ""tfidf_normalize_numbers"": true}",2026-09-09T15:47:35
E3_TSDAE_EP10,frozen,participant,03,no_augmentation,GAD7,45,RandomForest,4.819282,False,models/tsdae_e5_small/ep10,defaults,"{""augmentation"": ""no_augmentation"", ""beto_model"": ""dccuchile/bert-base-spanish-wwm-cased"", ""chunk_stride"": 256, ""max_tokens"": 512, ""n_cv_splits"": 5, ""n_search_iter"": 0, ""seeds"": [42, 43, 44, 45, 46], ""sentence_transformer_model"": ""intfloat/multilingual-e5-small"", ""tfidf_lemmatize"": true, ""tfidf_max_df"": 0.9, ""tfidf_max_features"": 300, ""tfidf_min_df"": 3, ""tfidf_ngram_range"": [1, 2], ""tfidf_normalize_numbers"": true}",2026-09-09T15:47:35
E3_TSDAE_EP10,frozen,participant,03,no_augmentation,GAD7,45,ExtraTrees,4.841696,False,models/tsdae_e5_small/ep10,defaults,"{""augmentation"": ""no_augmentation"", ""beto_model"": ""dccuchile/bert-base-spanish-wwm-cased"", ""chunk_stride"": 256, ""max_tokens"": 512, ""n_cv_splits"": 5, ""n_search_iter"": 0, ""seeds"": [42, 43, 44, 45, 46], ""sentence_transformer_model"": ""intfloat/multilingual-e5-small"", ""tfidf_lemmatize"": true, ""tfidf_max_df"": 0.9, ""tfidf_max_features"": 300, ""tfidf_min_df"": 3, ""tfidf_ngram_range"": [1, 2], ""tfidf_normalize_numbers"": true}",2026-09-09T15:47:35
E3_TSDAE_EP10,frozen,participant,03,no_augmentation,GAD7,45,GradientBoosting,4.870669,False,models/tsdae_e5_small/ep10,defaults,"{""augmentation"": ""no_augmentation"", ""beto_model"": ""dccuchile/bert-base-spanish-wwm-cased"", ""chunk_stride"": 256, ""max_tokens"": 512, ""n_cv_splits"": 5, ""n_search_iter"": 0, ""seeds"": [42, 43, 44, 45, 46], ""sentence_transformer_model"": ""intfloat/multilingual-e5-small"", ""tfidf_lemmatize"": true, ""tfidf_max_df"": 0.9, ""tfidf_max_features"": 300, ""tfidf_min_df"": 3, ""tfidf_ngram_range"": [1, 2], ""tfidf_normalize_numbers"": true}",2026-09-09T15:47:35
E3_TSDAE_EP10,frozen,participant,03,no_augmentation,GAD7,45,LightGBM,4.934007,False,models/tsdae_e5_small/ep10,defaults,"{""augmentation"": ""no_augmentation"", ""beto_model"": ""dccuchile/bert-base-spanish-wwm-cased"", ""chunk_stride"": 256, ""max_tokens"": 512, ""n_cv_splits"": 5, ""n_search_iter"": 0, ""seeds"": [42, 43, 44, 45, 46], ""sentence_transformer_model"": ""intfloat/multilingual-e5-small"", ""tfidf_lemmatize"": true, ""tfidf_max_df"": 0.9, ""tfidf_max_features"": 300, ""tfidf_min_df"": 3, ""tfidf_ngram_range"": [1, 2], ""tfidf_normalize_numbers"": true}",2026-09-09T15:47:35
E3_TSDAE_EP10,frozen,participant,03,no_augmentation,GAD7,45,KNN,4.893935,False,models/tsdae_e5_small/ep10,defaults,"{""augmentation"": ""no_augmentation"", ""beto_model"": ""dccuchile/bert-base-spanish-wwm-cased"", ""chunk_stride"": 256, ""max_tokens"": 512, ""n_cv_splits"": 5, ""n_search_iter"": 0, ""seeds"": [42, 43, 44, 45, 46], ""sentence_transformer_model"": ""intfloat/multilingual-e5-small"", ""tfidf_lemmatize"": true, ""tfidf_max_df"": 0.9, ""tfidf_max_features"": 300, ""tfidf_min_df"": 3, ""tfidf_ngram_range"": [1, 2], ""tfidf_normalize_numbers"": true}",2026-09-09T15:47:35
E3_TSDAE_EP10,frozen,participant,03,no_augmentation,GAD7,45,DecisionTree,6.414303,False,models/tsdae_e5_small/ep10,defaults,"{""augmentation"": ""no_augmentation"", ""beto_model"": ""dccuchile/bert-base-spanish-wwm-cased"", ""chunk_stride"": 256, ""max_tokens"": 512, ""n_cv_splits"": 5, ""n_search_iter"": 0, ""seeds"": [42, 43, 44, 45, 46], ""sentence_transformer_model"": ""intfloat/multilingual-e5-small"", ""tfidf_lemmatize"": true, ""tfidf_max_df"": 0.9, ""tfidf_max_features"": 300, ""tfidf_min_df"": 3, ""tfidf_ngram_range"": [1, 2], ""tfidf_normalize_numbers"": true}",2026-09-09T15:47:35
E3_TSDAE_EP10,frozen,participant,03,no_augmentation,GAD7,45,AdaBoost,4.801713,True,models/tsdae_e5_small/ep10,defaults,"{""augmentation"": ""no_augmentation"", ""beto_model"": ""dccuchile/bert-base-spanish-wwm-cased"", ""chunk_stride"": 256, ""max_tokens"": 512, ""n_cv_splits"": 5, ""n_search_iter"": 0, ""seeds"": [42, 43, 44, 45, 46], ""sentence_transformer_model"": ""intfloat/multilingual-e5-small"", ""tfidf_lemmatize"": true, ""tfidf_max_df"": 0.9, ""tfidf_max_features"": 300, ""tfidf_min_df"": 3, ""tfidf_ngram_range"": [1, 2], ""tfidf_normalize_numbers"": true}",2026-09-09T15:47:35
E3_TSDAE_EP10,frozen,participant,03,no_augmentation,PHQ9,46,Ridge,8.092644,False,models/tsdae_e5_small/ep10,defaults,"{""augmentation"": ""no_augmentation"", ""beto_model"": ""dccuchile/bert-base-spanish-wwm-cased"", ""chunk_stride"": 256, ""max_tokens"": 512, ""n_cv_splits"": 5, ""n_search_iter"": 0, ""seeds"": [42, 43, 44, 45, 46], ""sentence_transformer_model"": ""intfloat/multilingual-e5-small"", ""tfidf_lemmatize"": true, ""tfidf_max_df"": 0.9, ""tfidf_max_features"": 300, ""tfidf_min_df"": 3, ""tfidf_ngram_range"": [1, 2], ""tfidf_normalize_numbers"": true}",2026-09-09T15:48:13
E3_TSDAE_EP10,frozen,participant,03,no_augmentation,PHQ9,46,SVR,5.77298,True,models/tsdae_e5_small/ep10,defaults,"{""augmentation"": ""no_augmentation"", ""beto_model"": ""dccuchile/bert-base-spanish-wwm-cased"", ""chunk_stride"": 256, ""max_tokens"": 512, ""n_cv_splits"": 5, ""n_search_iter"": 0, ""seeds"": [42, 43, 44, 45, 46], ""sentence_transformer_model"": ""intfloat/multilingual-e5-small"", ""tfidf_lemmatize"": true, ""tfidf_max_df"": 0.9, ""tfidf_max_features"": 300, ""tfidf_min_df"": 3, ""tfidf_ngram_range"": [1, 2], ""tfidf_normalize_numbers"": true}",2026-09-09T15:48:13
E3_TSDAE_EP10,frozen,participant,03,no_augmentation,PHQ9,46,RandomForest,5.785424,False,models/tsdae_e5_small/ep10,defaults,"{""augmentation"": ""no_augmentation"", ""beto_model"": ""dccuchile/bert-base-spanish-wwm-cased"", ""chunk_stride"": 256, ""max_tokens"": 512, ""n_cv_splits"": 5, ""n_search_iter"": 0, ""seeds"": [42, 43, 44, 45, 46], ""sentence_transformer_model"": ""intfloat/multilingual-e5-small"", ""tfidf_lemmatize"": true, ""tfidf_max_df"": 0.9, ""tfidf_max_features"": 300, ""tfidf_min_df"": 3, ""tfidf_ngram_range"": [1, 2], ""tfidf_normalize_numbers"": true}",2026-09-09T15:48:13
E3_TSDAE_EP10,frozen,participant,03,no_augmentation,PHQ9,46,ExtraTrees,5.817386,False,models/tsdae_e5_small/ep10,defaults,"{""augmentation"": ""no_augmentation"", ""beto_model"": ""dccuchile/bert-base-spanish-wwm-cased"", ""chunk_stride"": 256, ""max_tokens"": 512, ""n_cv_splits"": 5, ""n_search_iter"": 0, ""seeds"": [42, 43, 44, 45, 46], ""sentence_transformer_model"": ""intfloat/multilingual-e5-small"", ""tfidf_lemmatize"": true, ""tfidf_max_df"": 0.9, ""tfidf_max_features"": 300, ""tfidf_min_df"": 3, ""tfidf_ngram_range"": [1, 2], ""tfidf_normalize_numbers"": true}",2026-09-09T15:48:13
E3_TSDAE_EP10,frozen,participant,03,no_augmentation,PHQ9,46,GradientBoosting,6.402111,False,models/tsdae_e5_small/ep10,defaults,"{""augmentation"": ""no_augmentation"", ""beto_model"": ""dccuchile/bert-base-spanish-wwm-cased"", ""chunk_stride"": 256, ""max_tokens"": 512, ""n_cv_splits"": 5, ""n_search_iter"": 0, ""seeds"": [42, 43, 44, 45, 46], ""sentence_transformer_model"": ""intfloat/multilingual-e5-small"", ""tfidf_lemmatize"": true, ""tfidf_max_df"": 0.9, ""tfidf_max_features"": 300, ""tfidf_min_df"": 3, ""tfidf_ngram_range"": [1, 2], ""tfidf_normalize_numbers"": true}",2026-09-09T15:48:13
E3_TSDAE_EP10,frozen,participant,03,no_augmentation,PHQ9,46,LightGBM,5.989789,False,models/tsdae_e5_small/ep10,defaults,"{""augmentation"": ""no_augmentation"", ""beto_model"": ""dccuchile/bert-base-spanish-wwm-cased"", ""chunk_stride"": 256, ""max_tokens"": 512, ""n_cv_splits"": 5, ""n_search_iter"": 0, ""seeds"": [42, 43, 44, 45, 46], ""sentence_transformer_model"": ""intfloat/multilingual-e5-small"", ""tfidf_lemmatize"": true, ""tfidf_max_df"": 0.9, ""tfidf_max_features"": 300, ""tfidf_min_df"": 3, ""tfidf_ngram_range"": [1, 2], ""tfidf_normalize_numbers"": true}",2026-09-09T15:48:13
E3_TSDAE_EP10,frozen,participant,03,no_augmentation,PHQ9,46,KNN,5.997972,False,models/tsdae_e5_small/ep10,defaults,"{""augmentation"": ""no_augmentation"", ""beto_model"": ""dccuchile/bert-base-spanish-wwm-cased"", ""chunk_stride"": 256, ""max_tokens"": 512, ""n_cv_splits"": 5, ""n_search_iter"": 0, ""seeds"": [42, 43, 44, 45, 46], ""sentence_transformer_model"": ""intfloat/multilingual-e5-small"", ""tfidf_lemmatize"": true, ""tfidf_max_df"": 0.9, ""tfidf_max_features"": 300, ""tfidf_min_df"": 3, ""tfidf_ngram_range"": [1, 2], ""tfidf_normalize_numbers"": true}",2026-09-09T15:48:13
E3_TSDAE_EP10,frozen,participant,03,no_augmentation,PHQ9,46,DecisionTree,7.618043,False,models/tsdae_e5_small/ep10,defaults,"{""augmentation"": ""no_augmentation"", ""beto_model"": ""dccuchile/bert-base-spanish-wwm-cased"", ""chunk_stride"": 256, ""max_tokens"": 512, ""n_cv_splits"": 5, ""n_search_iter"": 0, ""seeds"": [42, 43, 44, 45, 46], ""sentence_transformer_model"": ""intfloat/multilingual-e5-small"", ""tfidf_lemmatize"": true, ""tfidf_max_df"": 0.9, ""tfidf_max_features"": 300, ""tfidf_min_df"": 3, ""tfidf_ngram_range"": [1, 2], ""tfidf_normalize_numbers"": true}",2026-09-09T15:48:13
E3_TSDAE_EP10,frozen,participant,03,no_augmentation,PHQ9,46,AdaBoost,6.051434,False,models/tsdae_e5_small/ep10,defaults,"{""augmentation"": ""no_augmentation"", ""beto_model"": ""dccuchile/bert-base-spanish-wwm-cased"", ""chunk_stride"": 256, ""max_tokens"": 512, ""n_cv_splits"": 5, ""n_search_iter"": 0, ""seeds"": [42, 43, 44, 45, 46], ""sentence_transformer_model"": ""intfloat/multilingual-e5-small"", ""tfidf_lemmatize"": true, ""tfidf_max_df"": 0.9, ""tfidf_max_features"": 300, ""tfidf_min_df"": 3, ""tfidf_ngram_range"": [1, 2], ""tfidf_normalize_numbers"": true}",2026-09-09T15:48:13
E3_TSDAE_EP10,frozen,participant,03,no_augmentation,GAD7,46,Ridge,6.461727,False,models/tsdae_e5_small/ep10,defaults,"{""augmentation"": ""no_augmentation"", ""beto_model"": ""dccuchile/bert-base-spanish-wwm-cased"", ""chunk_stride"": 256, ""max_tokens"": 512, ""n_cv_splits"": 5, ""n_search_iter"": 0, ""seeds"": [42, 43, 44, 45, 46], ""sentence_transformer_model"": ""intfloat/multilingual-e5-small"", ""tfidf_lemmatize"": true, ""tfidf_max_df"": 0.9, ""tfidf_max_features"": 300, ""tfidf_min_df"": 3, ""tfidf_ngram_range"": [1, 2], ""tfidf_normalize_numbers"": true}",2026-09-09T15:48:52
E3_TSDAE_EP10,frozen,participant,03,no_augmentation,GAD7,46,SVR,4.804536,False,models/tsdae_e5_small/ep10,defaults,"{""augmentation"": ""no_augmentation"", ""beto_model"": ""dccuchile/bert-base-spanish-wwm-cased"", ""chunk_stride"": 256, ""max_tokens"": 512, ""n_cv_splits"": 5, ""n_search_iter"": 0, ""seeds"": [42, 43, 44, 45, 46], ""sentence_transformer_model"": ""intfloat/multilingual-e5-small"", ""tfidf_lemmatize"": true, ""tfidf_max_df"": 0.9, ""tfidf_max_features"": 300, ""tfidf_min_df"": 3, ""tfidf_ngram_range"": [1, 2], ""tfidf_normalize_numbers"": true}",2026-09-09T15:48:52
E3_TSDAE_EP10,frozen,participant,03,no_augmentation,GAD7,46,RandomForest,4.725237,True,models/tsdae_e5_small/ep10,defaults,"{""augmentation"": ""no_augmentation"", ""beto_model"": ""dccuchile/bert-base-spanish-wwm-cased"", ""chunk_stride"": 256, ""max_tokens"": 512, ""n_cv_splits"": 5, ""n_search_iter"": 0, ""seeds"": [42, 43, 44, 45, 46], ""sentence_transformer_model"": ""intfloat/multilingual-e5-small"", ""tfidf_lemmatize"": true, ""tfidf_max_df"": 0.9, ""tfidf_max_features"": 300, ""tfidf_min_df"": 3, ""tfidf_ngram_range"": [1, 2], ""tfidf_normalize_numbers"": true}",2026-09-09T15:48:52
E3_TSDAE_EP10,frozen,participant,03,no_augmentation,GAD7,46,ExtraTrees,4.790785,False,models/tsdae_e5_small/ep10,defaults,"{""augmentation"": ""no_augmentation"", ""beto_model"": ""dccuchile/bert-base-spanish-wwm-cased"", ""chunk_stride"": 256, ""max_tokens"": 512, ""n_cv_splits"": 5, ""n_search_iter"": 0, ""seeds"": [42, 43, 44, 45, 46], ""sentence_transformer_model"": ""intfloat/multilingual-e5-small"", ""tfidf_lemmatize"": true, ""tfidf_max_df"": 0.9, ""tfidf_max_features"": 300, ""tfidf_min_df"": 3, ""tfidf_ngram_range"": [1, 2], ""tfidf_normalize_numbers"": true}",2026-09-09T15:48:52
E3_TSDAE_EP10,frozen,participant,03,no_augmentation,GAD7,46,GradientBoosting,4.951104,False,models/tsdae_e5_small/ep10,defaults,"{""augmentation"": ""no_augmentation"", ""beto_model"": ""dccuchile/bert-base-spanish-wwm-cased"", ""chunk_stride"": 256, ""max_tokens"": 512, ""n_cv_splits"": 5, ""n_search_iter"": 0, ""seeds"": [42, 43, 44, 45, 46], ""sentence_transformer_model"": ""intfloat/multilingual-e5-small"", ""tfidf_lemmatize"": true, ""tfidf_max_df"": 0.9, ""tfidf_max_features"": 300, ""tfidf_min_df"": 3, ""tfidf_ngram_range"": [1, 2], ""tfidf_normalize_numbers"": true}",2026-09-09T15:48:52
E3_TSDAE_EP10,frozen,participant,03,no_augmentation,GAD7,46,LightGBM,4.901802,False,models/tsdae_e5_small/ep10,defaults,"{""augmentation"": ""no_augmentation"", ""beto_model"": ""dccuchile/bert-base-spanish-wwm-cased"", ""chunk_stride"": 256, ""max_tokens"": 512, ""n_cv_splits"": 5, ""n_search_iter"": 0, ""seeds"": [42, 43, 44, 45, 46], ""sentence_transformer_model"": ""intfloat/multilingual-e5-small"", ""tfidf_lemmatize"": true, ""tfidf_max_df"": 0.9, ""tfidf_max_features"": 300, ""tfidf_min_df"": 3, ""tfidf_ngram_range"": [1, 2], ""tfidf_normalize_numbers"": true}",2026-09-09T15:48:52
E3_TSDAE_EP10,frozen,participant,03,no_augmentation,GAD7,46,KNN,4.866315,False,models/tsdae_e5_small/ep10,defaults,"{""augmentation"": ""no_augmentation"", ""beto_model"": ""dccuchile/bert-base-spanish-wwm-cased"", ""chunk_stride"": 256, ""max_tokens"": 512, ""n_cv_splits"": 5, ""n_search_iter"": 0, ""seeds"": [42, 43, 44, 45, 46], ""sentence_transformer_model"": ""intfloat/multilingual-e5-small"", ""tfidf_lemmatize"": true, ""tfidf_max_df"": 0.9, ""tfidf_max_features"": 300, ""tfidf_min_df"": 3, ""tfidf_ngram_range"": [1, 2], ""tfidf_normalize_numbers"": true}",2026-09-09T15:48:52
E3_TSDAE_EP10,frozen,participant,03,no_augmentation,GAD7,46,DecisionTree,6.202333,False,models/tsdae_e5_small/ep10,defaults,"{""augmentation"": ""no_augmentation"", ""beto_model"": ""dccuchile/bert-base-spanish-wwm-cased"", ""chunk_stride"": 256, ""max_tokens"": 512, ""n_cv_splits"": 5, ""n_search_iter"": 0, ""seeds"": [42, 43, 44, 45, 46], ""sentence_transformer_model"": ""intfloat/multilingual-e5-small"", ""tfidf_lemmatize"": true, ""tfidf_max_df"": 0.9, ""tfidf_max_features"": 300, ""tfidf_min_df"": 3, ""tfidf_ngram_range"": [1, 2], ""tfidf_normalize_numbers"": true}",2026-09-09T15:48:52
E3_TSDAE_EP10,frozen,participant,03,no_augmentation,GAD7,46,AdaBoost,4.823841,False,models/tsdae_e5_small/ep10,defaults,"{""augmentation"": ""no_augmentation"", ""beto_model"": ""dccuchile/bert-base-spanish-wwm-cased"", ""chunk_stride"": 256, ""max_tokens"": 512, ""n_cv_splits"": 5, ""n_search_iter"": 0, ""seeds"": [42, 43, 44, 45, 46], ""sentence_transformer_model"": ""intfloat/multilingual-e5-small"", ""tfidf_lemmatize"": true, ""tfidf_max_df"": 0.9, ""tfidf_max_features"": 300, ""tfidf_min_df"": 3, ""tfidf_ngram_range"": [1, 2], ""tfidf_normalize_numbers"": true}",2026-09-09T15:48:52
E3_TSDAE_EP20,frozen,participant,03,no_augmentation,PHQ9,42,Ridge,8.574258,False,models/tsdae_e5_small/ep20,defaults,"{""augmentation"": ""no_augmentation"", ""beto_model"": ""dccuchile/bert-base-spanish-wwm-cased"", ""chunk_stride"": 256, ""max_tokens"": 512, ""n_cv_splits"": 5, ""n_search_iter"": 0, ""seeds"": [42, 43, 44, 45, 46], ""sentence_transformer_model"": ""intfloat/multilingual-e5-small"", ""tfidf_lemmatize"": true, ""tfidf_max_df"": 0.9, ""tfidf_max_features"": 300, ""tfidf_min_df"": 3, ""tfidf_ngram_range"": [1, 2], ""tfidf_normalize_numbers"": true}",2026-09-09T15:49:30
E3_TSDAE_EP20,frozen,participant,03,no_augmentation,PHQ9,42,SVR,6.093574,False,models/tsdae_e5_small/ep20,defaults,"{""augmentation"": ""no_augmentation"", ""beto_model"": ""dccuchile/bert-base-spanish-wwm-cased"", ""chunk_stride"": 256, ""max_tokens"": 512, ""n_cv_splits"": 5, ""n_search_iter"": 0, ""seeds"": [42, 43, 44, 45, 46], ""sentence_transformer_model"": ""intfloat/multilingual-e5-small"", ""tfidf_lemmatize"": true, ""tfidf_max_df"": 0.9, ""tfidf_max_features"": 300, ""tfidf_min_df"": 3, ""tfidf_ngram_range"": [1, 2], ""tfidf_normalize_numbers"": true}",2026-09-09T15:49:30
E3_TSDAE_EP20,frozen,participant,03,no_augmentation,PHQ9,42,RandomForest,5.958456,False,models/tsdae_e5_small/ep20,defaults,"{""augmentation"": ""no_augmentation"", ""beto_model"": ""dccuchile/bert-base-spanish-wwm-cased"", ""chunk_stride"": 256, ""max_tokens"": 512, ""n_cv_splits"": 5, ""n_search_iter"": 0, ""seeds"": [42, 43, 44, 45, 46], ""sentence_transformer_model"": ""intfloat/multilingual-e5-small"", ""tfidf_lemmatize"": true, ""tfidf_max_df"": 0.9, ""tfidf_max_features"": 300, ""tfidf_min_df"": 3, ""tfidf_ngram_range"": [1, 2], ""tfidf_normalize_numbers"": true}",2026-09-09T15:49:31
E3_TSDAE_EP20,frozen,participant,03,no_augmentation,PHQ9,42,ExtraTrees,5.967857,False,models/tsdae_e5_small/ep20,defaults,"{""augmentation"": ""no_augmentation"", ""beto_model"": ""dccuchile/bert-base-spanish-wwm-cased"", ""chunk_stride"": 256, ""max_tokens"": 512, ""n_cv_splits"": 5, ""n_search_iter"": 0, ""seeds"": [42, 43, 44, 45, 46], ""sentence_transformer_model"": ""intfloat/multilingual-e5-small"", ""tfidf_lemmatize"": true, ""tfidf_max_df"": 0.9, ""tfidf_max_features"": 300, ""tfidf_min_df"": 3, ""tfidf_ngram_range"": [1, 2], ""tfidf_normalize_numbers"": true}",2026-09-09T15:49:31
E3_TSDAE_EP20,frozen,participant,03,no_augmentation,PHQ9,42,GradientBoosting,5.73105,True,models/tsdae_e5_small/ep20,defaults,"{""augmentation"": ""no_augmentation"", ""beto_model"": ""dccuchile/bert-base-spanish-wwm-cased"", ""chunk_stride"": 256, ""max_tokens"": 512, ""n_cv_splits"": 5, ""n_search_iter"": 0, ""seeds"": [42, 43, 44, 45, 46], ""sentence_transformer_model"": ""intfloat/multilingual-e5-small"", ""tfidf_lemmatize"": true, ""tfidf_max_df"": 0.9, ""tfidf_max_features"": 300, ""tfidf_min_df"": 3, ""tfidf_ngram_range"": [1, 2], ""tfidf_normalize_numbers"": true}",2026-09-09T15:49:31
E3_TSDAE_EP20,frozen,participant,03,no_augmentation,PHQ9,42,LightGBM,6.165641,False,models/tsdae_e5_small/ep20,defaults,"{""augmentation"": ""no_augmentation"", ""beto_model"": ""dccuchile/bert-base-spanish-wwm-cased"", ""chunk_stride"": 256, ""max_tokens"": 512, ""n_cv_splits"": 5, ""n_search_iter"": 0, ""seeds"": [42, 43, 44, 45, 46], ""sentence_transformer_model"": ""intfloat/multilingual-e5-small"", ""tfidf_lemmatize"": true, ""tfidf_max_df"": 0.9, ""tfidf_max_features"": 300, ""tfidf_min_df"": 3, ""tfidf_ngram_range"": [1, 2], ""tfidf_normalize_numbers"": true}",2026-09-09T15:49:31
E3_TSDAE_EP20,frozen,participant,03,no_augmentation,PHQ9,42,KNN,6.232484,False,models/tsdae_e5_small/ep20,defaults,"{""augmentation"": ""no_augmentation"", ""beto_model"": ""dccuchile/bert-base-spanish-wwm-cased"", ""chunk_stride"": 256, ""max_tokens"": 512, ""n_cv_splits"": 5, ""n_search_iter"": 0, ""seeds"": [42, 43, 44, 45, 46], ""sentence_transformer_model"": ""intfloat/multilingual-e5-small"", ""tfidf_lemmatize"": true, ""tfidf_max_df"": 0.9, ""tfidf_max_features"": 300, ""tfidf_min_df"": 3, ""tfidf_ngram_range"": [1, 2], ""tfidf_normalize_numbers"": true}",2026-09-09T15:49:31
E3_TSDAE_EP20,frozen,participant,03,no_augmentation,PHQ9,42,DecisionTree,6.781558,False,models/tsdae_e5_small/ep20,defaults,"{""augmentation"": ""no_augmentation"", ""beto_model"": ""dccuchile/bert-base-spanish-wwm-cased"", ""chunk_stride"": 256, ""max_tokens"": 512, ""n_cv_splits"": 5, ""n_search_iter"": 0, ""seeds"": [42, 43, 44, 45, 46], ""sentence_transformer_model"": ""intfloat/multilingual-e5-small"", ""tfidf_lemmatize"": true, ""tfidf_max_df"": 0.9, ""tfidf_max_features"": 300, ""tfidf_min_df"": 3, ""tfidf_ngram_range"": [1, 2], ""tfidf_normalize_numbers"": true}",2026-09-09T15:49:31
E3_TSDAE_EP20,frozen,participant,03,no_augmentation,PHQ9,42,AdaBoost,5.956138,False,models/tsdae_e5_small/ep20,defaults,"{""augmentation"": ""no_augmentation"", ""beto_model"": ""dccuchile/bert-base-spanish-wwm-cased"", ""chunk_stride"": 256, ""max_tokens"": 512, ""n_cv_splits"": 5, ""n_search_iter"": 0, ""seeds"": [42, 43, 44, 45, 46], ""sentence_transformer_model"": ""intfloat/multilingual-e5-small"", ""tfidf_lemmatize"": true, ""tfidf_max_df"": 0.9, ""tfidf_max_features"": 300, ""tfidf_min_df"": 3, ""tfidf_ngram_range"": [1, 2], ""tfidf_normalize_numbers"": true}",2026-09-09T15:49:31
E3_TSDAE_EP20,frozen,participant,03,no_augmentation,GAD7,42,Ridge,7.406563,False,models/tsdae_e5_small/ep20,defaults,"{""augmentation"": ""no_augmentation"", ""beto_model"": ""dccuchile/bert-base-spanish-wwm-cased"", ""chunk_stride"": 256, ""max_tokens"": 512, ""n_cv_splits"": 5, ""n_search_iter"": 0, ""seeds"": [42, 43, 44, 45, 46], ""sentence_transformer_model"": ""intfloat/multilingual-e5-small"", ""tfidf_lemmatize"": true, ""tfidf_max_df"": 0.9, ""tfidf_max_features"": 300, ""tfidf_min_df"": 3, ""tfidf_ngram_range"": [1, 2], ""tfidf_normalize_numbers"": true}",2026-09-09T15:50:08
E3_TSDAE_EP20,frozen,participant,03,no_augmentation,GAD7,42,SVR,5.066556,False,models/tsdae_e5_small/ep20,defaults,"{""augmentation"": ""no_augmentation"", ""beto_model"": ""dccuchile/bert-base-spanish-wwm-cased"", ""chunk_stride"": 256, ""max_tokens"": 512, ""n_cv_splits"": 5, ""n_search_iter"": 0, ""seeds"": [42, 43, 44, 45, 46], ""sentence_transformer_model"": ""intfloat/multilingual-e5-small"", ""tfidf_lemmatize"": true, ""tfidf_max_df"": 0.9, ""tfidf_max_features"": 300, ""tfidf_min_df"": 3, ""tfidf_ngram_range"": [1, 2], ""tfidf_normalize_numbers"": true}",2026-09-09T15:50:08
E3_TSDAE_EP20,frozen,participant,03,no_augmentation,GAD7,42,RandomForest,4.738246,False,models/tsdae_e5_small/ep20,defaults,"{""augmentation"": ""no_augmentation"", ""beto_model"": ""dccuchile/bert-base-spanish-wwm-cased"", ""chunk_stride"": 256, ""max_tokens"": 512, ""n_cv_splits"": 5, ""n_search_iter"": 0, ""seeds"": [42, 43, 44, 45, 46], ""sentence_transformer_model"": ""intfloat/multilingual-e5-small"", ""tfidf_lemmatize"": true, ""tfidf_max_df"": 0.9, ""tfidf_max_features"": 300, ""tfidf_min_df"": 3, ""tfidf_ngram_range"": [1, 2], ""tfidf_normalize_numbers"": true}",2026-09-09T15:50:08
E3_TSDAE_EP20,frozen,participant,03,no_augmentation,GAD7,42,ExtraTrees,4.824195,False,models/tsdae_e5_small/ep20,defaults,"{""augmentation"": ""no_augmentation"", ""beto_model"": ""dccuchile/bert-base-spanish-wwm-cased"", ""chunk_stride"": 256, ""max_tokens"": 512, ""n_cv_splits"": 5, ""n_search_iter"": 0, ""seeds"": [42, 43, 44, 45, 46], ""sentence_transformer_model"": ""intfloat/multilingual-e5-small"", ""tfidf_lemmatize"": true, ""tfidf_max_df"": 0.9, ""tfidf_max_features"": 300, ""tfidf_min_df"": 3, ""tfidf_ngram_range"": [1, 2], ""tfidf_normalize_numbers"": true}",2026-09-09T15:50:08
E3_TSDAE_EP20,frozen,participant,03,no_augmentation,GAD7,42,GradientBoosting,4.541901,True,models/tsdae_e5_small/ep20,defaults,"{""augmentation"": ""no_augmentation"", ""beto_model"": ""dccuchile/bert-base-spanish-wwm-cased"", ""chunk_stride"": 256, ""max_tokens"": 512, ""n_cv_splits"": 5, ""n_search_iter"": 0, ""seeds"": [42, 43, 44, 45, 46], ""sentence_transformer_model"": ""intfloat/multilingual-e5-small"", ""tfidf_lemmatize"": true, ""tfidf_max_df"": 0.9, ""tfidf_max_features"": 300, ""tfidf_min_df"": 3, ""tfidf_ngram_range"": [1, 2], ""tfidf_normalize_numbers"": true}",2026-09-09T15:50:08
E3_TSDAE_EP20,frozen,participant,03,no_augmentation,GAD7,42,LightGBM,4.983719,False,models/tsdae_e5_small/ep20,defaults,"{""augmentation"": ""no_augmentation"", ""beto_model"": ""dccuchile/bert-base-spanish-wwm-cased"", ""chunk_stride"": 256, ""max_tokens"": 512, ""n_cv_splits"": 5, ""n_search_iter"": 0, ""seeds"": [42, 43, 44, 45, 46], ""sentence_transformer_model"": ""intfloat/multilingual-e5-small"", ""tfidf_lemmatize"": true, ""tfidf_max_df"": 0.9, ""tfidf_max_features"": 300, ""tfidf_min_df"": 3, ""tfidf_ngram_range"": [1, 2], ""tfidf_normalize_numbers"": true}",2026-09-09T15:50:08
E3_TSDAE_EP20,frozen,participant,03,no_augmentation,GAD7,42,KNN,5.088103,False,models/tsdae_e5_small/ep20,defaults,"{""augmentation"": ""no_augmentation"", ""beto_model"": ""dccuchile/bert-base-spanish-wwm-cased"", ""chunk_stride"": 256, ""max_tokens"": 512, ""n_cv_splits"": 5, ""n_search_iter"": 0, ""seeds"": [42, 43, 44, 45, 46], ""sentence_transformer_model"": ""intfloat/multilingual-e5-small"", ""tfidf_lemmatize"": true, ""tfidf_max_df"": 0.9, ""tfidf_max_features"": 300, ""tfidf_min_df"": 3, ""tfidf_ngram_range"": [1, 2], ""tfidf_normalize_numbers"": true}",2026-09-09T15:50:08
E3_TSDAE_EP20,frozen,participant,03,no_augmentation,GAD7,42,DecisionTree,6.26363,False,models/tsdae_e5_small/ep20,defaults,"{""augmentation"": ""no_augmentation"", ""beto_model"": ""dccuchile/bert-base-spanish-wwm-cased"", ""chunk_stride"": 256, ""max_tokens"": 512, ""n_cv_splits"": 5, ""n_search_iter"": 0, ""seeds"": [42, 43, 44, 45, 46], ""sentence_transformer_model"": ""intfloat/multilingual-e5-small"", ""tfidf_lemmatize"": true, ""tfidf_max_df"": 0.9, ""tfidf_max_features"": 300, ""tfidf_min_df"": 3, ""tfidf_ngram_range"": [1, 2], ""tfidf_normalize_numbers"": true}",2026-09-09T15:50:08
E3_TSDAE_EP20,frozen,participant,03,no_augmentation,GAD7,42,AdaBoost,4.661696,False,models/tsdae_e5_small/ep20,defaults,"{""augmentation"": ""no_augmentation"", ""beto_model"": ""dccuchile/bert-base-spanish-wwm-cased"", ""chunk_stride"": 256, ""max_tokens"": 512, ""n_cv_splits"": 5, ""n_search_iter"": 0, ""seeds"": [42, 43, 44, 45, 46], ""sentence_transformer_model"": ""intfloat/multilingual-e5-small"", ""tfidf_lemmatize"": true, ""tfidf_max_df"": 0.9, ""tfidf_max_features"": 300, ""tfidf_min_df"": 3, ""tfidf_ngram_range"": [1, 2], ""tfidf_normalize_numbers"": true}",2026-09-09T15:50:08
E3_TSDAE_EP20,frozen,participant,03,no_augmentation,PHQ9,43,Ridge,8.44324,False,models/tsdae_e5_small/ep20,defaults,"{""augmentation"": ""no_augmentation"", ""beto_model"": ""dccuchile/bert-base-spanish-wwm-cased"", ""chunk_stride"": 256, ""max_tokens"": 512, ""n_cv_splits"": 5, ""n_search_iter"": 0, ""seeds"": [42, 43, 44, 45, 46], ""sentence_transformer_model"": ""intfloat/multilingual-e5-small"", ""tfidf_lemmatize"": true, ""tfidf_max_df"": 0.9, ""tfidf_max_features"": 300, ""tfidf_min_df"": 3, ""tfidf_ngram_range"": [1, 2], ""tfidf_normalize_numbers"": true}",2026-09-09T15:50:44
E3_TSDAE_EP20,frozen,participant,03,no_augmentation,PHQ9,43,SVR,5.889968,False,models/tsdae_e5_small/ep20,defaults,"{""augmentation"": ""no_augmentation"", ""beto_model"": ""dccuchile/bert-base-spanish-wwm-cased"", ""chunk_stride"": 256, ""max_tokens"": 512, ""n_cv_splits"": 5, ""n_search_iter"": 0, ""seeds"": [42, 43, 44, 45, 46], ""sentence_transformer_model"": ""intfloat/multilingual-e5-small"", ""tfidf_lemmatize"": true, ""tfidf_max_df"": 0.9, ""tfidf_max_features"": 300, ""tfidf_min_df"": 3, ""tfidf_ngram_range"": [1, 2], ""tfidf_normalize_numbers"": true}",2026-09-09T15:50:44
E3_TSDAE_EP20,frozen,participant,03,no_augmentation,PHQ9,43,RandomForest,5.958476,False,models/tsdae_e5_small/ep20,defaults,"{""augmentation"": ""no_augmentation"", ""beto_model"": ""dccuchile/bert-base-spanish-wwm-cased"", ""chunk_stride"": 256, ""max_tokens"": 512, ""n_cv_splits"": 5, ""n_search_iter"": 0, ""seeds"": [42, 43, 44, 45, 46], ""sentence_transformer_model"": ""intfloat/multilingual-e5-small"", ""tfidf_lemmatize"": true, ""tfidf_max_df"": 0.9, ""tfidf_max_features"": 300, ""tfidf_min_df"": 3, ""tfidf_ngram_range"": [1, 2], ""tfidf_normalize_numbers"": true}",2026-09-09T15:50:44
E3_TSDAE_EP20,frozen,participant,03,no_augmentation,PHQ9,43,ExtraTrees,5.826584,True,models/tsdae_e5_small/ep20,defaults,"{""augmentation"": ""no_augmentation"", ""beto_model"": ""dccuchile/bert-base-spanish-wwm-cased"", ""chunk_stride"": 256, ""max_tokens"": 512, ""n_cv_splits"": 5, ""n_search_iter"": 0, ""seeds"": [42, 43, 44, 45, 46], ""sentence_transformer_model"": ""intfloat/multilingual-e5-small"", ""tfidf_lemmatize"": true, ""tfidf_max_df"": 0.9, ""tfidf_max_features"": 300, ""tfidf_min_df"": 3, ""tfidf_ngram_range"": [1, 2], ""tfidf_normalize_numbers"": true}",2026-09-09T15:50:44
E3_TSDAE_EP20,frozen,participant,03,no_augmentation,PHQ9,43,GradientBoosting,5.881514,False,models/tsdae_e5_small/ep20,defaults,"{""augmentation"": ""no_augmentation"", ""beto_model"": ""dccuchile/bert-base-spanish-wwm-cased"", ""chunk_stride"": 256, ""max_tokens"": 512, ""n_cv_splits"": 5, ""n_search_iter"": 0, ""seeds"": [42, 43, 44, 45, 46], ""sentence_transformer_model"": ""intfloat/multilingual-e5-small"", ""tfidf_lemmatize"": true, ""tfidf_max_df"": 0.9, ""tfidf_max_features"": 300, ""tfidf_min_df"": 3, ""tfidf_ngram_range"": [1, 2], ""tfidf_normalize_numbers"": true}",2026-09-09T15:50:44
E3_TSDAE_EP20,frozen,participant,03,no_augmentation,PHQ9,43,LightGBM,6.027135,False,models/tsdae_e5_small/ep20,defaults,"{""augmentation"": ""no_augmentation"", ""beto_model"": ""dccuchile/bert-base-spanish-wwm-cased"", ""chunk_stride"": 256, ""max_tokens"": 512, ""n_cv_splits"": 5, ""n_search_iter"": 0, ""seeds"": [42, 43, 44, 45, 46], ""sentence_transformer_model"": ""intfloat/multilingual-e5-small"", ""tfidf_lemmatize"": true, ""tfidf_max_df"": 0.9, ""tfidf_max_features"": 300, ""tfidf_min_df"": 3, ""tfidf_ngram_range"": [1, 2], ""tfidf_normalize_numbers"": true}",2026-09-09T15:50:44
E3_TSDAE_EP20,frozen,participant,03,no_augmentation,PHQ9,43,KNN,5.999,False,models/tsdae_e5_small/ep20,defaults,"{""augmentation"": ""no_augmentation"", ""beto_model"": ""dccuchile/bert-base-spanish-wwm-cased"", ""chunk_stride"": 256, ""max_tokens"": 512, ""n_cv_splits"": 5, ""n_search_iter"": 0, ""seeds"": [42, 43, 44, 45, 46], ""sentence_transformer_model"": ""intfloat/multilingual-e5-small"", ""tfidf_lemmatize"": true, ""tfidf_max_df"": 0.9, ""tfidf_max_features"": 300, ""tfidf_min_df"": 3, ""tfidf_ngram_range"": [1, 2], ""tfidf_normalize_numbers"": true}",2026-09-09T15:50:44
E3_TSDAE_EP20,frozen,participant,03,no_augmentation,PHQ9,43,DecisionTree,7.415823,False,models/tsdae_e5_small/ep20,defaults,"{""augmentation"": ""no_augmentation"", ""beto_model"": ""dccuchile/bert-base-spanish-wwm-cased"", ""chunk_stride"": 256, ""max_tokens"": 512, ""n_cv_splits"": 5, ""n_search_iter"": 0, ""seeds"": [42, 43, 44, 45, 46], ""sentence_transformer_model"": ""intfloat/multilingual-e5-small"", ""tfidf_lemmatize"": true, ""tfidf_max_df"": 0.9, ""tfidf_max_features"": 300, ""tfidf_min_df"": 3, ""tfidf_ngram_range"": [1, 2], ""tfidf_normalize_numbers"": true}",2026-09-09T15:50:44
E3_TSDAE_EP20,frozen,participant,03,no_augmentation,PHQ9,43,AdaBoost,6.062828,False,models/tsdae_e5_small/ep20,defaults,"{""augmentation"": ""no_augmentation"", ""beto_model"": ""dccuchile/bert-base-spanish-wwm-cased"", ""chunk_stride"": 256, ""max_tokens"": 512, ""n_cv_splits"": 5, ""n_search_iter"": 0, ""seeds"": [42, 43, 44, 45, 46], ""sentence_transformer_model"": ""intfloat/multilingual-e5-small"", ""tfidf_lemmatize"": true, ""tfidf_max_df"": 0.9, ""tfidf_max_features"": 300, ""tfidf_min_df"": 3, ""tfidf_ngram_range"": [1, 2], ""tfidf_normalize_numbers"": true}",2026-09-09T15:50:44
E3_TSDAE_EP20,frozen,participant,03,no_augmentation,GAD7,43,Ridge,6.891186,False,models/tsdae_e5_small/ep20,defaults,"{""augmentation"": ""no_augmentation"", ""beto_model"": ""dccuchile/bert-base-spanish-wwm-cased"", ""chunk_stride"": 256, ""max_tokens"": 512, ""n_cv_splits"": 5, ""n_search_iter"": 0, ""seeds"": [42, 43, 44, 45, 46], ""sentence_transformer_model"": ""intfloat/multilingual-e5-small"", ""tfidf_lemmatize"": true, ""tfidf_max_df"": 0.9, ""tfidf_max_features"": 300, ""tfidf_min_df"": 3, ""tfidf_ngram_range"": [1, 2], ""tfidf_normalize_numbers"": true}",2026-09-09T15:51:21
E3_TSDAE_EP20,frozen,participant,03,no_augmentation,GAD7,43,SVR,4.861204,False,models/tsdae_e5_small/ep20,defaults,"{""augmentation"": ""no_augmentation"", ""beto_model"": ""dccuchile/bert-base-spanish-wwm-cased"", ""chunk_stride"": 256, ""max_tokens"": 512, ""n_cv_splits"": 5, ""n_search_iter"": 0, ""seeds"": [42, 43, 44, 45, 46], ""sentence_transformer_model"": ""intfloat/multilingual-e5-small"", ""tfidf_lemmatize"": true, ""tfidf_max_df"": 0.9, ""tfidf_max_features"": 300, ""tfidf_min_df"": 3, ""tfidf_ngram_range"": [1, 2], ""tfidf_normalize_numbers"": true}",2026-09-09T15:51:21
E3_TSDAE_EP20,frozen,participant,03,no_augmentation,GAD7,43,RandomForest,4.778846,False,models/tsdae_e5_small/ep20,defaults,"{""augmentation"": ""no_augmentation"", ""beto_model"": ""dccuchile/bert-base-spanish-wwm-cased"", ""chunk_stride"": 256, ""max_tokens"": 512, ""n_cv_splits"": 5, ""n_search_iter"": 0, ""seeds"": [42, 43, 44, 45, 46], ""sentence_transformer_model"": ""intfloat/multilingual-e5-small"", ""tfidf_lemmatize"": true, ""tfidf_max_df"": 0.9, ""tfidf_max_features"": 300, ""tfidf_min_df"": 3, ""tfidf_ngram_range"": [1, 2], ""tfidf_normalize_numbers"": true}",2026-09-09T15:51:21
E3_TSDAE_EP20,frozen,participant,03,no_augmentation,GAD7,43,ExtraTrees,4.731686,False,models/tsdae_e5_small/ep20,defaults,"{""augmentation"": ""no_augmentation"", ""beto_model"": ""dccuchile/bert-base-spanish-wwm-cased"", ""chunk_stride"": 256, ""max_tokens"": 512, ""n_cv_splits"": 5, ""n_search_iter"": 0, ""seeds"": [42, 43, 44, 45, 46], ""sentence_transformer_model"": ""intfloat/multilingual-e5-small"", ""tfidf_lemmatize"": true, ""tfidf_max_df"": 0.9, ""tfidf_max_features"": 300, ""tfidf_min_df"": 3, ""tfidf_ngram_range"": [1, 2], ""tfidf_normalize_numbers"": true}",2026-09-09T15:51:21
E3_TSDAE_EP20,frozen,participant,03,no_augmentation,GAD7,43,GradientBoosting,4.786187,False,models/tsdae_e5_small/ep20,defaults,"{""augmentation"": ""no_augmentation"", ""beto_model"": ""dccuchile/bert-base-spanish-wwm-cased"", ""chunk_stride"": 256, ""max_tokens"": 512, ""n_cv_splits"": 5, ""n_search_iter"": 0, ""seeds"": [42, 43, 44, 45, 46], ""sentence_transformer_model"": ""intfloat/multilingual-e5-small"", ""tfidf_lemmatize"": true, ""tfidf_max_df"": 0.9, ""tfidf_max_features"": 300, ""tfidf_min_df"": 3, ""tfidf_ngram_range"": [1, 2], ""tfidf_normalize_numbers"": true}",2026-09-09T15:51:21
E3_TSDAE_EP20,frozen,participant,03,no_augmentation,GAD7,43,LightGBM,4.908577,False,models/tsdae_e5_small/ep20,defaults,"{""augmentation"": ""no_augmentation"", ""beto_model"": ""dccuchile/bert-base-spanish-wwm-cased"", ""chunk_stride"": 256, ""max_tokens"": 512, ""n_cv_splits"": 5, ""n_search_iter"": 0, ""seeds"": [42, 43, 44, 45, 46], ""sentence_transformer_model"": ""intfloat/multilingual-e5-small"", ""tfidf_lemmatize"": true, ""tfidf_max_df"": 0.9, ""tfidf_max_features"": 300, ""tfidf_min_df"": 3, ""tfidf_ngram_range"": [1, 2], ""tfidf_normalize_numbers"": true}",2026-09-09T15:51:21
E3_TSDAE_EP20,frozen,participant,03,no_augmentation,GAD7,43,KNN,4.971142,False,models/tsdae_e5_small/ep20,defaults,"{""augmentation"": ""no_augmentation"", ""beto_model"": ""dccuchile/bert-base-spanish-wwm-cased"", ""chunk_stride"": 256, ""max_tokens"": 512, ""n_cv_splits"": 5, ""n_search_iter"": 0, ""seeds"": [42, 43, 44, 45, 46], ""sentence_transformer_model"": ""intfloat/multilingual-e5-small"", ""tfidf_lemmatize"": true, ""tfidf_max_df"": 0.9, ""tfidf_max_features"": 300, ""tfidf_min_df"": 3, ""tfidf_ngram_range"": [1, 2], ""tfidf_normalize_numbers"": true}",2026-09-09T15:51:21
E3_TSDAE_EP20,frozen,participant,03,no_augmentation,GAD7,43,DecisionTree,6.431014,False,models/tsdae_e5_small/ep20,defaults,"{""augmentation"": ""no_augmentation"", ""beto_model"": ""dccuchile/bert-base-spanish-wwm-cased"", ""chunk_stride"": 256, ""max_tokens"": 512, ""n_cv_splits"": 5, ""n_search_iter"": 0, ""seeds"": [42, 43, 44, 45, 46], ""sentence_transformer_model"": ""intfloat/multilingual-e5-small"", ""tfidf_lemmatize"": true, ""tfidf_max_df"": 0.9, ""tfidf_max_features"": 300, ""tfidf_min_df"": 3, ""tfidf_ngram_range"": [1, 2], ""tfidf_normalize_numbers"": true}",2026-09-09T15:51:21
E3_TSDAE_EP20,frozen,participant,03,no_augmentation,GAD7,43,AdaBoost,4.700767,True,models/tsdae_e5_small/ep20,defaults,"{""augmentation"": ""no_augmentation"", ""beto_model"": ""dccuchile/bert-base-spanish-wwm-cased"", ""chunk_stride"": 256, ""max_tokens"": 512, ""n_cv_splits"": 5, ""n_search_iter"": 0, ""seeds"": [42, 43, 44, 45, 46], ""sentence_transformer_model"": ""intfloat/multilingual-e5-small"", ""tfidf_lemmatize"": true, ""tfidf_max_df"": 0.9, ""tfidf_max_features"": 300, ""tfidf_min_df"": 3, ""tfidf_ngram_range"": [1, 2], ""tfidf_normalize_numbers"": true}",2026-09-09T15:51:21
E3_TSDAE_EP20,frozen,participant,03,no_augmentation,PHQ9,44,Ridge,9.014505,False,models/tsdae_e5_small/ep20,defaults,"{""augmentation"": ""no_augmentation"", ""beto_model"": ""dccuchile/bert-base-spanish-wwm-cased"", ""chunk_stride"": 256, ""max_tokens"": 512, ""n_cv_splits"": 5, ""n_search_iter"": 0, ""seeds"": [42, 43, 44, 45, 46], ""sentence_transformer_model"": ""intfloat/multilingual-e5-small"", ""tfidf_lemmatize"": true, ""tfidf_max_df"": 0.9, ""tfidf_max_features"": 300, ""tfidf_min_df"": 3, ""tfidf_ngram_range"": [1, 2], ""tfidf_normalize_numbers"": true}",2026-09-09T15:51:57
E3_TSDAE_EP20,frozen,participant,03,no_augmentation,PHQ9,44,SVR,5.8276,False,models/tsdae_e5_small/ep20,defaults,"{""augmentation"": ""no_augmentation"", ""beto_model"": ""dccuchile/bert-base-spanish-wwm-cased"", ""chunk_stride"": 256, ""max_tokens"": 512, ""n_cv_splits"": 5, ""n_search_iter"": 0, ""seeds"": [42, 43, 44, 45, 46], ""sentence_transformer_model"": ""intfloat/multilingual-e5-small"", ""tfidf_lemmatize"": true, ""tfidf_max_df"": 0.9, ""tfidf_max_features"": 300, ""tfidf_min_df"": 3, ""tfidf_ngram_range"": [1, 2], ""tfidf_normalize_numbers"": true}",2026-09-09T15:51:57
E3_TSDAE_EP20,frozen,participant,03,no_augmentation,PHQ9,44,RandomForest,5.873722,False,models/tsdae_e5_small/ep20,defaults,"{""augmentation"": ""no_augmentation"", ""beto_model"": ""dccuchile/bert-base-spanish-wwm-cased"", ""chunk_stride"": 256, ""max_tokens"": 512, ""n_cv_splits"": 5, ""n_search_iter"": 0, ""seeds"": [42, 43, 44, 45, 46], ""sentence_transformer_model"": ""intfloat/multilingual-e5-small"", ""tfidf_lemmatize"": true, ""tfidf_max_df"": 0.9, ""tfidf_max_features"": 300, ""tfidf_min_df"": 3, ""tfidf_ngram_range"": [1, 2], ""tfidf_normalize_numbers"": true}",2026-09-09T15:51:57
E3_TSDAE_EP20,frozen,participant,03,no_augmentation,PHQ9,44,ExtraTrees,5.82488,True,models/tsdae_e5_small/ep20,defaults,"{""augmentation"": ""no_augmentation"", ""beto_model"": ""dccuchile/bert-base-spanish-wwm-cased"", ""chunk_stride"": 256, ""max_tokens"": 512, ""n_cv_splits"": 5, ""n_search_iter"": 0, ""seeds"": [42, 43, 44, 45, 46], ""sentence_transformer_model"": ""intfloat/multilingual-e5-small"", ""tfidf_lemmatize"": true, ""tfidf_max_df"": 0.9, ""tfidf_max_features"": 300, ""tfidf_min_df"": 3, ""tfidf_ngram_range"": [1, 2], ""tfidf_normalize_numbers"": true}",2026-09-09T15:51:57
E3_TSDAE_EP20,frozen,participant,03,no_augmentation,PHQ9,44,GradientBoosting,5.827798,False,models/tsdae_e5_small/ep20,defaults,"{""augmentation"": ""no_augmentation"", ""beto_model"": ""dccuchile/bert-base-spanish-wwm-cased"", ""chunk_stride"": 256, ""max_tokens"": 512, ""n_cv_splits"": 5, ""n_search_iter"": 0, ""seeds"": [42, 43, 44, 45, 46], ""sentence_transformer_model"": ""intfloat/multilingual-e5-small"", ""tfidf_lemmatize"": true, ""tfidf_max_df"": 0.9, ""tfidf_max_features"": 300, ""tfidf_min_df"": 3, ""tfidf_ngram_range"": [1, 2], ""tfidf_normalize_numbers"": true}",2026-09-09T15:51:57
E3_TSDAE_EP20,frozen,participant,03,no_augmentation,PHQ9,44,LightGBM,6.212519,False,models/tsdae_e5_small/ep20,defaults,"{""augmentation"": ""no_augmentation"", ""beto_model"": ""dccuchile/bert-base-spanish-wwm-cased"", ""chunk_stride"": 256, ""max_tokens"": 512, ""n_cv_splits"": 5, ""n_search_iter"": 0, ""seeds"": [42, 43, 44, 45, 46], ""sentence_transformer_model"": ""intfloat/multilingual-e5-small"", ""tfidf_lemmatize"": true, ""tfidf_max_df"": 0.9, ""tfidf_max_features"": 300, ""tfidf_min_df"": 3, ""tfidf_ngram_range"": [1, 2], ""tfidf_normalize_numbers"": true}",2026-09-09T15:51:58
E3_TSDAE_EP20,frozen,participant,03,no_augmentation,PHQ9,44,KNN,6.18292,False,models/tsdae_e5_small/ep20,defaults,"{""augmentation"": ""no_augmentation"", ""beto_model"": ""dccuchile/bert-base-spanish-wwm-cased"", ""chunk_stride"": 256, ""max_tokens"": 512, ""n_cv_splits"": 5, ""n_search_iter"": 0, ""seeds"": [42, 43, 44, 45, 46], ""sentence_transformer_model"": ""intfloat/multilingual-e5-small"", ""tfidf_lemmatize"": true, ""tfidf_max_df"": 0.9, ""tfidf_max_features"": 300, ""tfidf_min_df"": 3, ""tfidf_ngram_range"": [1, 2], ""tfidf_normalize_numbers"": true}",2026-09-09T15:51:58
E3_TSDAE_EP20,frozen,participant,03,no_augmentation,PHQ9,44,DecisionTree,7.835457,False,models/tsdae_e5_small/ep20,defaults,"{""augmentation"": ""no_augmentation"", ""beto_model"": ""dccuchile/bert-base-spanish-wwm-cased"", ""chunk_stride"": 256, ""max_tokens"": 512, ""n_cv_splits"": 5, ""n_search_iter"": 0, ""seeds"": [42, 43, 44, 45, 46], ""sentence_transformer_model"": ""intfloat/multilingual-e5-small"", ""tfidf_lemmatize"": true, ""tfidf_max_df"": 0.9, ""tfidf_max_features"": 300, ""tfidf_min_df"": 3, ""tfidf_ngram_range"": [1, 2], ""tfidf_normalize_numbers"": true}",2026-09-09T15:51:58
E3_TSDAE_EP20,frozen,participant,03,no_augmentation,PHQ9,44,AdaBoost,5.948385,False,models/tsdae_e5_small/ep20,defaults,"{""augmentation"": ""no_augmentation"", ""beto_model"": ""dccuchile/bert-base-spanish-wwm-cased"", ""chunk_stride"": 256, ""max_tokens"": 512, ""n_cv_splits"": 5, ""n_search_iter"": 0, ""seeds"": [42, 43, 44, 45, 46], ""sentence_transformer_model"": ""intfloat/multilingual-e5-small"", ""tfidf_lemmatize"": true, ""tfidf_max_df"": 0.9, ""tfidf_max_features"": 300, ""tfidf_min_df"": 3, ""tfidf_ngram_range"": [1, 2], ""tfidf_normalize_numbers"": true}",2026-09-09T15:51:58
E3_TSDAE_EP20,frozen,participant,03,no_augmentation,GAD7,44,Ridge,7.420357,False,models/tsdae_e5_small/ep20,defaults,"{""augmentation"": ""no_augmentation"", ""beto_model"": ""dccuchile/bert-base-spanish-wwm-cased"", ""chunk_stride"": 256, ""max_tokens"": 512, ""n_cv_splits"": 5, ""n_search_iter"": 0, ""seeds"": [42, 43, 44, 45, 46], ""sentence_transformer_model"": ""intfloat/multilingual-e5-small"", ""tfidf_lemmatize"": true, ""tfidf_max_df"": 0.9, ""tfidf_max_features"": 300, ""tfidf_min_df"": 3, ""tfidf_ngram_range"": [1, 2], ""tfidf_normalize_numbers"": true}",2026-09-09T15:52:34
E3_TSDAE_EP20,frozen,participant,03,no_augmentation,GAD7,44,SVR,4.887118,False,models/tsdae_e5_small/ep20,defaults,"{""augmentation"": ""no_augmentation"", ""beto_model"": ""dccuchile/bert-base-spanish-wwm-cased"", ""chunk_stride"": 256, ""max_tokens"": 512, ""n_cv_splits"": 5, ""n_search_iter"": 0, ""seeds"": [42, 43, 44, 45, 46], ""sentence_transformer_model"": ""intfloat/multilingual-e5-small"", ""tfidf_lemmatize"": true, ""tfidf_max_df"": 0.9, ""tfidf_max_features"": 300, ""tfidf_min_df"": 3, ""tfidf_ngram_range"": [1, 2], ""tfidf_normalize_numbers"": true}",2026-09-09T15:52:34
E3_TSDAE_EP20,frozen,participant,03,no_augmentation,GAD7,44,RandomForest,4.71443,False,models/tsdae_e5_small/ep20,defaults,"{""augmentation"": ""no_augmentation"", ""beto_model"": ""dccuchile/bert-base-spanish-wwm-cased"", ""chunk_stride"": 256, ""max_tokens"": 512, ""n_cv_splits"": 5, ""n_search_iter"": 0, ""seeds"": [42, 43, 44, 45, 46], ""sentence_transformer_model"": ""intfloat/multilingual-e5-small"", ""tfidf_lemmatize"": true, ""tfidf_max_df"": 0.9, ""tfidf_max_features"": 300, ""tfidf_min_df"": 3, ""tfidf_ngram_range"": [1, 2], ""tfidf_normalize_numbers"": true}",2026-09-09T15:52:34
E3_TSDAE_EP20,frozen,participant,03,no_augmentation,GAD7,44,ExtraTrees,4.75283,False,models/tsdae_e5_small/ep20,defaults,"{""augmentation"": ""no_augmentation"", ""beto_model"": ""dccuchile/bert-base-spanish-wwm-cased"", ""chunk_stride"": 256, ""max_tokens"": 512, ""n_cv_splits"": 5, ""n_search_iter"": 0, ""seeds"": [42, 43, 44, 45, 46], ""sentence_transformer_model"": ""intfloat/multilingual-e5-small"", ""tfidf_lemmatize"": true, ""tfidf_max_df"": 0.9, ""tfidf_max_features"": 300, ""tfidf_min_df"": 3, ""tfidf_ngram_range"": [1, 2], ""tfidf_normalize_numbers"": true}",2026-09-09T15:52:34
E3_TSDAE_EP20,frozen,participant,03,no_augmentation,GAD7,44,GradientBoosting,4.69683,False,models/tsdae_e5_small/ep20,defaults,"{""augmentation"": ""no_augmentation"", ""beto_model"": ""dccuchile/bert-base-spanish-wwm-cased"", ""chunk_stride"": 256, ""max_tokens"": 512, ""n_cv_splits"": 5, ""n_search_iter"": 0, ""seeds"": [42, 43, 44, 45, 46], ""sentence_transformer_model"": ""intfloat/multilingual-e5-small"", ""tfidf_lemmatize"": true, ""tfidf_max_df"": 0.9, ""tfidf_max_features"": 300, ""tfidf_min_df"": 3, ""tfidf_ngram_range"": [1, 2], ""tfidf_normalize_numbers"": true}",2026-09-09T15:52:34
E3_TSDAE_EP20,frozen,participant,03,no_augmentation,GAD7,44,LightGBM,4.657854,False,models/tsdae_e5_small/ep20,defaults,"{""augmentation"": ""no_augmentation"", ""beto_model"": ""dccuchile/bert-base-spanish-wwm-cased"", ""chunk_stride"": 256, ""max_tokens"": 512, ""n_cv_splits"": 5, ""n_search_iter"": 0, ""seeds"": [42, 43, 44, 45, 46], ""sentence_transformer_model"": ""intfloat/multilingual-e5-small"", ""tfidf_lemmatize"": true, ""tfidf_max_df"": 0.9, ""tfidf_max_features"": 300, ""tfidf_min_df"": 3, ""tfidf_ngram_range"": [1, 2], ""tfidf_normalize_numbers"": true}",2026-09-09T15:52:34
E3_TSDAE_EP20,frozen,participant,03,no_augmentation,GAD7,44,KNN,4.97251,False,models/tsdae_e5_small/ep20,defaults,"{""augmentation"": ""no_augmentation"", ""beto_model"": ""dccuchile/bert-base-spanish-wwm-cased"", ""chunk_stride"": 256, ""max_tokens"": 512, ""n_cv_splits"": 5, ""n_search_iter"": 0, ""seeds"": [42, 43, 44, 45, 46], ""sentence_transformer_model"": ""intfloat/multilingual-e5-small"", ""tfidf_lemmatize"": true, ""tfidf_max_df"": 0.9, ""tfidf_max_features"": 300, ""tfidf_min_df"": 3, ""tfidf_ngram_range"": [1, 2], ""tfidf_normalize_numbers"": true}",2026-09-09T15:52:34
E3_TSDAE_EP20,frozen,participant,03,no_augmentation,GAD7,44,DecisionTree,6.306776,False,models/tsdae_e5_small/ep20,defaults,"{""augmentation"": ""no_augmentation"", ""beto_model"": ""dccuchile/bert-base-spanish-wwm-cased"", ""chunk_stride"": 256, ""max_tokens"": 512, ""n_cv_splits"": 5, ""n_search_iter"": 0, ""seeds"": [42, 43, 44, 45, 46], ""sentence_transformer_model"": ""intfloat/multilingual-e5-small"", ""tfidf_lemmatize"": true, ""tfidf_max_df"": 0.9, ""tfidf_max_features"": 300, ""tfidf_min_df"": 3, ""tfidf_ngram_range"": [1, 2], ""tfidf_normalize_numbers"": true}",2026-09-09T15:52:34
E3_TSDAE_EP20,frozen,participant,03,no_augmentation,GAD7,44,AdaBoost,4.612402,True,models/tsdae_e5_small/ep20,defaults,"{""augmentation"": ""no_augmentation"", ""beto_model"": ""dccuchile/bert-base-spanish-wwm-cased"", ""chunk_stride"": 256, ""max_tokens"": 512, ""n_cv_splits"": 5, ""n_search_iter"": 0, ""seeds"": [42, 43, 44, 45, 46], ""sentence_transformer_model"": ""intfloat/multilingual-e5-small"", ""tfidf_lemmatize"": true, ""tfidf_max_df"": 0.9, ""tfidf_max_features"": 300, ""tfidf_min_df"": 3, ""tfidf_ngram_range"": [1, 2], ""tfidf_normalize_numbers"": true}",2026-09-09T15:52:34
E3_TSDAE_EP20,frozen,participant,03,no_augmentation,PHQ9,45,Ridge,8.529908,False,models/tsdae_e5_small/ep20,defaults,"{""augmentation"": ""no_augmentation"", ""beto_model"": ""dccuchile/bert-base-spanish-wwm-cased"", ""chunk_stride"": 256, ""max_tokens"": 512, ""n_cv_splits"": 5, ""n_search_iter"": 0, ""seeds"": [42, 43, 44, 45, 46], ""sentence_transformer_model"": ""intfloat/multilingual-e5-small"", ""tfidf_lemmatize"": true, ""tfidf_max_df"": 0.9, ""tfidf_max_features"": 300, ""tfidf_min_df"": 3, ""tfidf_ngram_range"": [1, 2], ""tfidf_normalize_numbers"": true}",2026-09-09T15:53:12
E3_TSDAE_EP20,frozen,participant,03,no_augmentation,PHQ9,45,SVR,5.99566,False,models/tsdae_e5_small/ep20,defaults,"{""augmentation"": ""no_augmentation"", ""beto_model"": ""dccuchile/bert-base-spanish-wwm-cased"", ""chunk_stride"": 256, ""max_tokens"": 512, ""n_cv_splits"": 5, ""n_search_iter"": 0, ""seeds"": [42, 43, 44, 45, 46], ""sentence_transformer_model"": ""intfloat/multilingual-e5-small"", ""tfidf_lemmatize"": true, ""tfidf_max_df"": 0.9, ""tfidf_max_features"": 300, ""tfidf_min_df"": 3, ""tfidf_ngram_range"": [1, 2], ""tfidf_normalize_numbers"": true}",2026-09-09T15:53:12
E3_TSDAE_EP20,frozen,participant,03,no_augmentation,PHQ9,45,RandomForest,5.894928,False,models/tsdae_e5_small/ep20,defaults,"{""augmentation"": ""no_augmentation"", ""beto_model"": ""dccuchile/bert-base-spanish-wwm-cased"", ""chunk_stride"": 256, ""max_tokens"": 512, ""n_cv_splits"": 5, ""n_search_iter"": 0, ""seeds"": [42, 43, 44, 45, 46], ""sentence_transformer_model"": ""intfloat/multilingual-e5-small"", ""tfidf_lemmatize"": true, ""tfidf_max_df"": 0.9, ""tfidf_max_features"": 300, ""tfidf_min_df"": 3, ""tfidf_ngram_range"": [1, 2], ""tfidf_normalize_numbers"": true}",2026-09-09T15:53:12
E3_TSDAE_EP20,frozen,participant,03,no_augmentation,PHQ9,45,ExtraTrees,5.920739,False,models/tsdae_e5_small/ep20,defaults,"{""augmentation"": ""no_augmentation"", ""beto_model"": ""dccuchile/bert-base-spanish-wwm-cased"", ""chunk_stride"": 256, ""max_tokens"": 512, ""n_cv_splits"": 5, ""n_search_iter"": 0, ""seeds"": [42, 43, 44, 45, 46], ""sentence_transformer_model"": ""intfloat/multilingual-e5-small"", ""tfidf_lemmatize"": true, ""tfidf_max_df"": 0.9, ""tfidf_max_features"": 300, ""tfidf_min_df"": 3, ""tfidf_ngram_range"": [1, 2], ""tfidf_normalize_numbers"": true}",2026-09-09T15:53:12
E3_TSDAE_EP20,frozen,participant,03,no_augmentation,PHQ9,45,GradientBoosting,6.013398,False,models/tsdae_e5_small/ep20,defaults,"{""augmentation"": ""no_augmentation"", ""beto_model"": ""dccuchile/bert-base-spanish-wwm-cased"", ""chunk_stride"": 256, ""max_tokens"": 512, ""n_cv_splits"": 5, ""n_search_iter"": 0, ""seeds"": [42, 43, 44, 45, 46], ""sentence_transformer_model"": ""intfloat/multilingual-e5-small"", ""tfidf_lemmatize"": true, ""tfidf_max_df"": 0.9, ""tfidf_max_features"": 300, ""tfidf_min_df"": 3, ""tfidf_ngram_range"": [1, 2], ""tfidf_normalize_numbers"": true}",2026-09-09T15:53:12
E3_TSDAE_EP20,frozen,participant,03,no_augmentation,PHQ9,45,LightGBM,6.281244,False,models/tsdae_e5_small/ep20,defaults,"{""augmentation"": ""no_augmentation"", ""beto_model"": ""dccuchile/bert-base-spanish-wwm-cased"", ""chunk_stride"": 256, ""max_tokens"": 512, ""n_cv_splits"": 5, ""n_search_iter"": 0, ""seeds"": [42, 43, 44, 45, 46], ""sentence_transformer_model"": ""intfloat/multilingual-e5-small"", ""tfidf_lemmatize"": true, ""tfidf_max_df"": 0.9, ""tfidf_max_features"": 300, ""tfidf_min_df"": 3, ""tfidf_ngram_range"": [1, 2], ""tfidf_normalize_numbers"": true}",2026-09-09T15:53:12
E3_TSDAE_EP20,frozen,participant,03,no_augmentation,PHQ9,45,KNN,6.139262,False,models/tsdae_e5_small/ep20,defaults,"{""augmentation"": ""no_augmentation"", ""beto_model"": ""dccuchile/bert-base-spanish-wwm-cased"", ""chunk_stride"": 256, ""max_tokens"": 512, ""n_cv_splits"": 5, ""n_search_iter"": 0, ""seeds"": [42, 43, 44, 45, 46], ""sentence_transformer_model"": ""intfloat/multilingual-e5-small"", ""tfidf_lemmatize"": true, ""tfidf_max_df"": 0.9, ""tfidf_max_features"": 300, ""tfidf_min_df"": 3, ""tfidf_ngram_range"": [1, 2], ""tfidf_normalize_numbers"": true}",2026-09-09T15:53:12
E3_TSDAE_EP20,frozen,participant,03,no_augmentation,PHQ9,45,DecisionTree,7.435982,False,models/tsdae_e5_small/ep20,defaults,"{""augmentation"": ""no_augmentation"", ""beto_model"": ""dccuchile/bert-base-spanish-wwm-cased"", ""chunk_stride"": 256, ""max_tokens"": 512, ""n_cv_splits"": 5, ""n_search_iter"": 0, ""seeds"": [42, 43, 44, 45, 46], ""sentence_transformer_model"": ""intfloat/multilingual-e5-small"", ""tfidf_lemmatize"": true, ""tfidf_max_df"": 0.9, ""tfidf_max_features"": 300, ""tfidf_min_df"": 3, ""tfidf_ngram_range"": [1, 2], ""tfidf_normalize_numbers"": true}",2026-09-09T15:53:12
E3_TSDAE_EP20,frozen,participant,03,no_augmentation,PHQ9,45,AdaBoost,5.893073,True,models/tsdae_e5_small/ep20,defaults,"{""augmentation"": ""no_augmentation"", ""beto_model"": ""dccuchile/bert-base-spanish-wwm-cased"", ""chunk_stride"": 256, ""max_tokens"": 512, ""n_cv_splits"": 5, ""n_search_iter"": 0, ""seeds"": [42, 43, 44, 45, 46], ""sentence_transformer_model"": ""intfloat/multilingual-e5-small"", ""tfidf_lemmatize"": true, ""tfidf_max_df"": 0.9, ""tfidf_max_features"": 300, ""tfidf_min_df"": 3, ""tfidf_ngram_range"": [1, 2], ""tfidf_normalize_numbers"": true}",2026-09-09T15:53:12
E3_TSDAE_EP20,frozen,participant,03,no_augmentation,GAD7,45,Ridge,7.145396,False,models/tsdae_e5_small/ep20,defaults,"{""augmentation"": ""no_augmentation"", ""beto_model"": ""dccuchile/bert-base-spanish-wwm-cased"", ""chunk_stride"": 256, ""max_tokens"": 512, ""n_cv_splits"": 5, ""n_search_iter"": 0, ""seeds"": [42, 43, 44, 45, 46], ""sentence_transformer_model"": ""intfloat/multilingual-e5-small"", ""tfidf_lemmatize"": true, ""tfidf_max_df"": 0.9, ""tfidf_max_features"": 300, ""tfidf_min_df"": 3, ""tfidf_ngram_range"": [1, 2], ""tfidf_normalize_numbers"": true}",2026-09-09T15:53:48
E3_TSDAE_EP20,frozen,participant,03,no_augmentation,GAD7,45,SVR,5.124251,False,models/tsdae_e5_small/ep20,defaults,"{""augmentation"": ""no_augmentation"", ""beto_model"": ""dccuchile/bert-base-spanish-wwm-cased"", ""chunk_stride"": 256, ""max_tokens"": 512, ""n_cv_splits"": 5, ""n_search_iter"": 0, ""seeds"": [42, 43, 44, 45, 46], ""sentence_transformer_model"": ""intfloat/multilingual-e5-small"", ""tfidf_lemmatize"": true, ""tfidf_max_df"": 0.9, ""tfidf_max_features"": 300, ""tfidf_min_df"": 3, ""tfidf_ngram_range"": [1, 2], ""tfidf_normalize_numbers"": true}",2026-09-09T15:53:48
E3_TSDAE_EP20,frozen,participant,03,no_augmentation,GAD7,45,RandomForest,4.791516,False,models/tsdae_e5_small/ep20,defaults,"{""augmentation"": ""no_augmentation"", ""beto_model"": ""dccuchile/bert-base-spanish-wwm-cased"", ""chunk_stride"": 256, ""max_tokens"": 512, ""n_cv_splits"": 5, ""n_search_iter"": 0, ""seeds"": [42, 43, 44, 45, 46], ""sentence_transformer_model"": ""intfloat/multilingual-e5-small"", ""tfidf_lemmatize"": true, ""tfidf_max_df"": 0.9, ""tfidf_max_features"": 300, ""tfidf_min_df"": 3, ""tfidf_ngram_range"": [1, 2], ""tfidf_normalize_numbers"": true}",2026-09-09T15:53:48
E3_TSDAE_EP20,frozen,participant,03,no_augmentation,GAD7,45,ExtraTrees,4.837185,False,models/tsdae_e5_small/ep20,defaults,"{""augmentation"": ""no_augmentation"", ""beto_model"": ""dccuchile/bert-base-spanish-wwm-cased"", ""chunk_stride"": 256, ""max_tokens"": 512, ""n_cv_splits"": 5, ""n_search_iter"": 0, ""seeds"": [42, 43, 44, 45, 46], ""sentence_transformer_model"": ""intfloat/multilingual-e5-small"", ""tfidf_lemmatize"": true, ""tfidf_max_df"": 0.9, ""tfidf_max_features"": 300, ""tfidf_min_df"": 3, ""tfidf_ngram_range"": [1, 2], ""tfidf_normalize_numbers"": true}",2026-09-09T15:53:48
E3_TSDAE_EP20,frozen,participant,03,no_augmentation,GAD7,45,GradientBoosting,4.857119,False,models/tsdae_e5_small/ep20,defaults,"{""augmentation"": ""no_augmentation"", ""beto_model"": ""dccuchile/bert-base-spanish-wwm-cased"", ""chunk_stride"": 256, ""max_tokens"": 512, ""n_cv_splits"": 5, ""n_search_iter"": 0, ""seeds"": [42, 43, 44, 45, 46], ""sentence_transformer_model"": ""intfloat/multilingual-e5-small"", ""tfidf_lemmatize"": true, ""tfidf_max_df"": 0.9, ""tfidf_max_features"": 300, ""tfidf_min_df"": 3, ""tfidf_ngram_range"": [1, 2], ""tfidf_normalize_numbers"": true}",2026-09-09T15:53:48
E3_TSDAE_EP20,frozen,participant,03,no_augmentation,GAD7,45,LightGBM,4.934342,False,models/tsdae_e5_small/ep20,defaults,"{""augmentation"": ""no_augmentation"", ""beto_model"": ""dccuchile/bert-base-spanish-wwm-cased"", ""chunk_stride"": 256, ""max_tokens"": 512, ""n_cv_splits"": 5, ""n_search_iter"": 0, ""seeds"": [42, 43, 44, 45, 46], ""sentence_transformer_model"": ""intfloat/multilingual-e5-small"", ""tfidf_lemmatize"": true, ""tfidf_max_df"": 0.9, ""tfidf_max_features"": 300, ""tfidf_min_df"": 3, ""tfidf_ngram_range"": [1, 2], ""tfidf_normalize_numbers"": true}",2026-09-09T15:53:48
E3_TSDAE_EP20,frozen,participant,03,no_augmentation,GAD7,45,KNN,5.110391,False,models/tsdae_e5_small/ep20,defaults,"{""augmentation"": ""no_augmentation"", ""beto_model"": ""dccuchile/bert-base-spanish-wwm-cased"", ""chunk_stride"": 256, ""max_tokens"": 512, ""n_cv_splits"": 5, ""n_search_iter"": 0, ""seeds"": [42, 43, 44, 45, 46], ""sentence_transformer_model"": ""intfloat/multilingual-e5-small"", ""tfidf_lemmatize"": true, ""tfidf_max_df"": 0.9, ""tfidf_max_features"": 300, ""tfidf_min_df"": 3, ""tfidf_ngram_range"": [1, 2], ""tfidf_normalize_numbers"": true}",2026-09-09T15:53:48
E3_TSDAE_EP20,frozen,participant,03,no_augmentation,GAD7,45,DecisionTree,6.230322,False,models/tsdae_e5_small/ep20,defaults,"{""augmentation"": ""no_augmentation"", ""beto_model"": ""dccuchile/bert-base-spanish-wwm-cased"", ""chunk_stride"": 256, ""max_tokens"": 512, ""n_cv_splits"": 5, ""n_search_iter"": 0, ""seeds"": [42, 43, 44, 45, 46], ""sentence_transformer_model"": ""intfloat/multilingual-e5-small"", ""tfidf_lemmatize"": true, ""tfidf_max_df"": 0.9, ""tfidf_max_features"": 300, ""tfidf_min_df"": 3, ""tfidf_ngram_range"": [1, 2], ""tfidf_normalize_numbers"": true}",2026-09-09T15:53:48
E3_TSDAE_EP20,frozen,participant,03,no_augmentation,GAD7,45,AdaBoost,4.790246,True,models/tsdae_e5_small/ep20,defaults,"{""augmentation"": ""no_augmentation"", ""beto_model"": ""dccuchile/bert-base-spanish-wwm-cased"", ""chunk_stride"": 256, ""max_tokens"": 512, ""n_cv_splits"": 5, ""n_search_iter"": 0, ""seeds"": [42, 43, 44, 45, 46], ""sentence_transformer_model"": ""intfloat/multilingual-e5-small"", ""tfidf_lemmatize"": true, ""tfidf_max_df"": 0.9, ""tfidf_max_features"": 300, ""tfidf_min_df"": 3, ""tfidf_ngram_range"": [1, 2], ""tfidf_normalize_numbers"": true}",2026-09-09T15:53:48
E3_TSDAE_EP20,frozen,participant,03,no_augmentation,PHQ9,46,Ridge,8.675038,False,models/tsdae_e5_small/ep20,defaults,"{""augmentation"": ""no_augmentation"", ""beto_model"": ""dccuchile/bert-base-spanish-wwm-cased"", ""chunk_stride"": 256, ""max_tokens"": 512, ""n_cv_splits"": 5, ""n_search_iter"": 0, ""seeds"": [42, 43, 44, 45, 46], ""sentence_transformer_model"": ""intfloat/multilingual-e5-small"", ""tfidf_lemmatize"": true, ""tfidf_max_df"": 0.9, ""tfidf_max_features"": 300, ""tfidf_min_df"": 3, ""tfidf_ngram_range"": [1, 2], ""tfidf_normalize_numbers"": true}",2026-09-09T15:54:25
E3_TSDAE_EP20,frozen,participant,03,no_augmentation,PHQ9,46,SVR,5.820261,True,models/tsdae_e5_small/ep20,defaults,"{""augmentation"": ""no_augmentation"", ""beto_model"": ""dccuchile/bert-base-spanish-wwm-cased"", ""chunk_stride"": 256, ""max_tokens"": 512, ""n_cv_splits"": 5, ""n_search_iter"": 0, ""seeds"": [42, 43, 44, 45, 46], ""sentence_transformer_model"": ""intfloat/multilingual-e5-small"", ""tfidf_lemmatize"": true, ""tfidf_max_df"": 0.9, ""tfidf_max_features"": 300, ""tfidf_min_df"": 3, ""tfidf_ngram_range"": [1, 2], ""tfidf_normalize_numbers"": true}",2026-09-09T15:54:25
E3_TSDAE_EP20,frozen,participant,03,no_augmentation,PHQ9,46,RandomForest,5.89567,False,models/tsdae_e5_small/ep20,defaults,"{""augmentation"": ""no_augmentation"", ""beto_model"": ""dccuchile/bert-base-spanish-wwm-cased"", ""chunk_stride"": 256, ""max_tokens"": 512, ""n_cv_splits"": 5, ""n_search_iter"": 0, ""seeds"": [42, 43, 44, 45, 46], ""sentence_transformer_model"": ""intfloat/multilingual-e5-small"", ""tfidf_lemmatize"": true, ""tfidf_max_df"": 0.9, ""tfidf_max_features"": 300, ""tfidf_min_df"": 3, ""tfidf_ngram_range"": [1, 2], ""tfidf_normalize_numbers"": true}",2026-09-09T15:54:25
E3_TSDAE_EP20,frozen,participant,03,no_augmentation,PHQ9,46,ExtraTrees,5.879647,False,models/tsdae_e5_small/ep20,defaults,"{""augmentation"": ""no_augmentation"", ""beto_model"": ""dccuchile/bert-base-spanish-wwm-cased"", ""chunk_stride"": 256, ""max_tokens"": 512, ""n_cv_splits"": 5, ""n_search_iter"": 0, ""seeds"": [42, 43, 44, 45, 46], ""sentence_transformer_model"": ""intfloat/multilingual-e5-small"", ""tfidf_lemmatize"": true, ""tfidf_max_df"": 0.9, ""tfidf_max_features"": 300, ""tfidf_min_df"": 3, ""tfidf_ngram_range"": [1, 2], ""tfidf_normalize_numbers"": true}",2026-09-09T15:54:25
E3_TSDAE_EP20,frozen,participant,03,no_augmentation,PHQ9,46,GradientBoosting,5.947674,False,models/tsdae_e5_small/ep20,defaults,"{""augmentation"": ""no_augmentation"", ""beto_model"": ""dccuchile/bert-base-spanish-wwm-cased"", ""chunk_stride"": 256, ""max_tokens"": 512, ""n_cv_splits"": 5, ""n_search_iter"": 0, ""seeds"": [42, 43, 44, 45, 46], ""sentence_transformer_model"": ""intfloat/multilingual-e5-small"", ""tfidf_lemmatize"": true, ""tfidf_max_df"": 0.9, ""tfidf_max_features"": 300, ""tfidf_min_df"": 3, ""tfidf_ngram_range"": [1, 2], ""tfidf_normalize_numbers"": true}",2026-09-09T15:54:25
E3_TSDAE_EP20,frozen,participant,03,no_augmentation,PHQ9,46,LightGBM,6.059713,False,models/tsdae_e5_small/ep20,defaults,"{""augmentation"": ""no_augmentation"", ""beto_model"": ""dccuchile/bert-base-spanish-wwm-cased"", ""chunk_stride"": 256, ""max_tokens"": 512, ""n_cv_splits"": 5, ""n_search_iter"": 0, ""seeds"": [42, 43, 44, 45, 46], ""sentence_transformer_model"": ""intfloat/multilingual-e5-small"", ""tfidf_lemmatize"": true, ""tfidf_max_df"": 0.9, ""tfidf_max_features"": 300, ""tfidf_min_df"": 3, ""tfidf_ngram_range"": [1, 2], ""tfidf_normalize_numbers"": true}",2026-09-09T15:54:25
E3_TSDAE_EP20,frozen,participant,03,no_augmentation,PHQ9,46,KNN,6.109881,False,models/tsdae_e5_small/ep20,defaults,"{""augmentation"": ""no_augmentation"", ""beto_model"": ""dccuchile/bert-base-spanish-wwm-cased"", ""chunk_stride"": 256, ""max_tokens"": 512, ""n_cv_splits"": 5, ""n_search_iter"": 0, ""seeds"": [42, 43, 44, 45, 46], ""sentence_transformer_model"": ""intfloat/multilingual-e5-small"", ""tfidf_lemmatize"": true, ""tfidf_max_df"": 0.9, ""tfidf_max_features"": 300, ""tfidf_min_df"": 3, ""tfidf_ngram_range"": [1, 2], ""tfidf_normalize_numbers"": true}",2026-09-09T15:54:25
E3_TSDAE_EP20,frozen,participant,03,no_augmentation,PHQ9,46,DecisionTree,7.899777,False,models/tsdae_e5_small/ep20,defaults,"{""augmentation"": ""no_augmentation"", ""beto_model"": ""dccuchile/bert-base-spanish-wwm-cased"", ""chunk_stride"": 256, ""max_tokens"": 512, ""n_cv_splits"": 5, ""n_search_iter"": 0, ""seeds"": [42, 43, 44, 45, 46], ""sentence_transformer_model"": ""intfloat/multilingual-e5-small"", ""tfidf_lemmatize"": true, ""tfidf_max_df"": 0.9, ""tfidf_max_features"": 300, ""tfidf_min_df"": 3, ""tfidf_ngram_range"": [1, 2], ""tfidf_normalize_numbers"": true}",2026-09-09T15:54:25
E3_TSDAE_EP20,frozen,participant,03,no_augmentation,PHQ9,46,AdaBoost,5.941595,False,models/tsdae_e5_small/ep20,defaults,"{""augmentation"": ""no_augmentation"", ""beto_model"": ""dccuchile/bert-base-spanish-wwm-cased"", ""chunk_stride"": 256, ""max_tokens"": 512, ""n_cv_splits"": 5, ""n_search_iter"": 0, ""seeds"": [42, 43, 44, 45, 46], ""sentence_transformer_model"": ""intfloat/multilingual-e5-small"", ""tfidf_lemmatize"": true, ""tfidf_max_df"": 0.9, ""tfidf_max_features"": 300, ""tfidf_min_df"": 3, ""tfidf_ngram_range"": [1, 2], ""tfidf_normalize_numbers"": true}",2026-09-09T15:54:25
E3_TSDAE_EP20,frozen,participant,03,no_augmentation,GAD7,46,Ridge,7.605544,False,models/tsdae_e5_small/ep20,defaults,"{""augmentation"": ""no_augmentation"", ""beto_model"": ""dccuchile/bert-base-spanish-wwm-cased"", ""chunk_stride"": 256, ""max_tokens"": 512, ""n_cv_splits"": 5, ""n_search_iter"": 0, ""seeds"": [42, 43, 44, 45, 46], ""sentence_transformer_model"": ""intfloat/multilingual-e5-small"", ""tfidf_lemmatize"": true, ""tfidf_max_df"": 0.9, ""tfidf_max_features"": 300, ""tfidf_min_df"": 3, ""tfidf_ngram_range"": [1, 2], ""tfidf_normalize_numbers"": true}",2026-09-09T15:55:01
E3_TSDAE_EP20,frozen,participant,03,no_augmentation,GAD7,46,SVR,4.973609,False,models/tsdae_e5_small/ep20,defaults,"{""augmentation"": ""no_augmentation"", ""beto_model"": ""dccuchile/bert-base-spanish-wwm-cased"", ""chunk_stride"": 256, ""max_tokens"": 512, ""n_cv_splits"": 5, ""n_search_iter"": 0, ""seeds"": [42, 43, 44, 45, 46], ""sentence_transformer_model"": ""intfloat/multilingual-e5-small"", ""tfidf_lemmatize"": true, ""tfidf_max_df"": 0.9, ""tfidf_max_features"": 300, ""tfidf_min_df"": 3, ""tfidf_ngram_range"": [1, 2], ""tfidf_normalize_numbers"": true}",2026-09-09T15:55:01
E3_TSDAE_EP20,frozen,participant,03,no_augmentation,GAD7,46,RandomForest,4.797712,False,models/tsdae_e5_small/ep20,defaults,"{""augmentation"": ""no_augmentation"", ""beto_model"": ""dccuchile/bert-base-spanish-wwm-cased"", ""chunk_stride"": 256, ""max_tokens"": 512, ""n_cv_splits"": 5, ""n_search_iter"": 0, ""seeds"": [42, 43, 44, 45, 46], ""sentence_transformer_model"": ""intfloat/multilingual-e5-small"", ""tfidf_lemmatize"": true, ""tfidf_max_df"": 0.9, ""tfidf_max_features"": 300, ""tfidf_min_df"": 3, ""tfidf_ngram_range"": [1, 2], ""tfidf_normalize_numbers"": true}",2026-09-09T15:55:01
E3_TSDAE_EP20,frozen,participant,03,no_augmentation,GAD7,46,ExtraTrees,4.83516,False,models/tsdae_e5_small/ep20,defaults,"{""augmentation"": ""no_augmentation"", ""beto_model"": ""dccuchile/bert-base-spanish-wwm-cased"", ""chunk_stride"": 256, ""max_tokens"": 512, ""n_cv_splits"": 5, ""n_search_iter"": 0, ""seeds"": [42, 43, 44, 45, 46], ""sentence_transformer_model"": ""intfloat/multilingual-e5-small"", ""tfidf_lemmatize"": true, ""tfidf_max_df"": 0.9, ""tfidf_max_features"": 300, ""tfidf_min_df"": 3, ""tfidf_ngram_range"": [1, 2], ""tfidf_normalize_numbers"": true}",2026-09-09T15:55:01
E3_TSDAE_EP20,frozen,participant,03,no_augmentation,GAD7,46,GradientBoosting,4.854382,False,models/tsdae_e5_small/ep20,defaults,"{""augmentation"": ""no_augmentation"", ""beto_model"": ""dccuchile/bert-base-spanish-wwm-cased"", ""chunk_stride"": 256, ""max_tokens"": 512, ""n_cv_splits"": 5, ""n_search_iter"": 0, ""seeds"": [42, 43, 44, 45, 46], ""sentence_transformer_model"": ""intfloat/multilingual-e5-small"", ""tfidf_lemmatize"": true, ""tfidf_max_df"": 0.9, ""tfidf_max_features"": 300, ""tfidf_min_df"": 3, ""tfidf_ngram_range"": [1, 2], ""tfidf_normalize_numbers"": true}",2026-09-09T15:55:01
E3_TSDAE_EP20,frozen,participant,03,no_augmentation,GAD7,46,LightGBM,4.945037,False,models/tsdae_e5_small/ep20,defaults,"{""augmentation"": ""no_augmentation"", ""beto_model"": ""dccuchile/bert-base-spanish-wwm-cased"", ""chunk_stride"": 256, ""max_tokens"": 512, ""n_cv_splits"": 5, ""n_search_iter"": 0, ""seeds"": [42, 43, 44, 45, 46], ""sentence_transformer_model"": ""intfloat/multilingual-e5-small"", ""tfidf_lemmatize"": true, ""tfidf_max_df"": 0.9, ""tfidf_max_features"": 300, ""tfidf_min_df"": 3, ""tfidf_ngram_range"": [1, 2], ""tfidf_normalize_numbers"": true}",2026-09-09T15:55:01
E3_TSDAE_EP20,frozen,participant,03,no_augmentation,GAD7,46,KNN,5.073755,False,models/tsdae_e5_small/ep20,defaults,"{""augmentation"": ""no_augmentation"", ""beto_model"": ""dccuchile/bert-base-spanish-wwm-cased"", ""chunk_stride"": 256, ""max_tokens"": 512, ""n_cv_splits"": 5, ""n_search_iter"": 0, ""seeds"": [42, 43, 44, 45, 46], ""sentence_transformer_model"": ""intfloat/multilingual-e5-small"", ""tfidf_lemmatize"": true, ""tfidf_max_df"": 0.9, ""tfidf_max_features"": 300, ""tfidf_min_df"": 3, ""tfidf_ngram_range"": [1, 2], ""tfidf_normalize_numbers"": true}",2026-09-09T15:55:01
E3_TSDAE_EP20,frozen,participant,03,no_augmentation,GAD7,46,DecisionTree,6.74016,False,models/tsdae_e5_small/ep20,defaults,"{""augmentation"": ""no_augmentation"", ""beto_model"": ""dccuchile/bert-base-spanish-wwm-cased"", ""chunk_stride"": 256, ""max_tokens"": 512, ""n_cv_splits"": 5, ""n_search_iter"": 0, ""seeds"": [42, 43, 44, 45, 46], ""sentence_transformer_model"": ""intfloat/multilingual-e5-small"", ""tfidf_lemmatize"": true, ""tfidf_max_df"": 0.9, ""tfidf_max_features"": 300, ""tfidf_min_df"": 3, ""tfidf_ngram_range"": [1, 2], ""tfidf_normalize_numbers"": true}",2026-09-09T15:55:01
E3_TSDAE_EP20,frozen,participant,03,no_augmentation,GAD7,46,AdaBoost,4.747785,True,models/tsdae_e5_small/ep20,defaults,"{""augmentation"": ""no_augmentation"", ""beto_model"": ""dccuchile/bert-base-spanish-wwm-cased"", ""chunk_stride"": 256, ""max_tokens"": 512, ""n_cv_splits"": 5, ""n_search_iter"": 0, ""seeds"": [42, 43, 44, 45, 46], ""sentence_transformer_model"": ""intfloat/multilingual-e5-small"", ""tfidf_lemmatize"": true, ""tfidf_max_df"": 0.9, ""tfidf_max_features"": 300, ""tfidf_min_df"": 3, ""tfidf_ngram_range"": [1, 2], ""tfidf_normalize_numbers"": true}",2026-09-09T15:55:02
E3_TSDAE_EP30,frozen,participant,03,no_augmentation,PHQ9,42,Ridge,7.553798,False,models/tsdae_e5_small/ep30,defaults,"{""augmentation"": ""no_augmentation"", ""beto_model"": ""dccuchile/bert-base-spanish-wwm-cased"", ""chunk_stride"": 256, ""max_tokens"": 512, ""n_cv_splits"": 5, ""n_search_iter"": 0, ""seeds"": [42, 43, 44, 45, 46], ""sentence_transformer_model"": ""intfloat/multilingual-e5-small"", ""tfidf_lemmatize"": true, ""tfidf_max_df"": 0.9, ""tfidf_max_features"": 300, ""tfidf_min_df"": 3, ""tfidf_ngram_range"": [1, 2], ""tfidf_normalize_numbers"": true}",2026-09-09T15:55:40
E3_TSDAE_EP30,frozen,participant,03,no_augmentation,PHQ9,42,SVR,6.004703,False,models/tsdae_e5_small/ep30,defaults,"{""augmentation"": ""no_augmentation"", ""beto_model"": ""dccuchile/bert-base-spanish-wwm-cased"", ""chunk_stride"": 256, ""max_tokens"": 512, ""n_cv_splits"": 5, ""n_search_iter"": 0, ""seeds"": [42, 43, 44, 45, 46], ""sentence_transformer_model"": ""intfloat/multilingual-e5-small"", ""tfidf_lemmatize"": true, ""tfidf_max_df"": 0.9, ""tfidf_max_features"": 300, ""tfidf_min_df"": 3, ""tfidf_ngram_range"": [1, 2], ""tfidf_normalize_numbers"": true}",2026-09-09T15:55:40
E3_TSDAE_EP30,frozen,participant,03,no_augmentation,PHQ9,42,RandomForest,5.922891,False,models/tsdae_e5_small/ep30,defaults,"{""augmentation"": ""no_augmentation"", ""beto_model"": ""dccuchile/bert-base-spanish-wwm-cased"", ""chunk_stride"": 256, ""max_tokens"": 512, ""n_cv_splits"": 5, ""n_search_iter"": 0, ""seeds"": [42, 43, 44, 45, 46], ""sentence_transformer_model"": ""intfloat/multilingual-e5-small"", ""tfidf_lemmatize"": true, ""tfidf_max_df"": 0.9, ""tfidf_max_features"": 300, ""tfidf_min_df"": 3, ""tfidf_ngram_range"": [1, 2], ""tfidf_normalize_numbers"": true}",2026-09-09T15:55:40
E3_TSDAE_EP30,frozen,participant,03,no_augmentation,PHQ9,42,ExtraTrees,5.936457,False,models/tsdae_e5_small/ep30,defaults,"{""augmentation"": ""no_augmentation"", ""beto_model"": ""dccuchile/bert-base-spanish-wwm-cased"", ""chunk_stride"": 256, ""max_tokens"": 512, ""n_cv_splits"": 5, ""n_search_iter"": 0, ""seeds"": [42, 43, 44, 45, 46], ""sentence_transformer_model"": ""intfloat/multilingual-e5-small"", ""tfidf_lemmatize"": true, ""tfidf_max_df"": 0.9, ""tfidf_max_features"": 300, ""tfidf_min_df"": 3, ""tfidf_ngram_range"": [1, 2], ""tfidf_normalize_numbers"": true}",2026-09-09T15:55:40
E3_TSDAE_EP30,frozen,participant,03,no_augmentation,PHQ9,42,GradientBoosting,5.806878,True,models/tsdae_e5_small/ep30,defaults,"{""augmentation"": ""no_augmentation"", ""beto_model"": ""dccuchile/bert-base-spanish-wwm-cased"", ""chunk_stride"": 256, ""max_tokens"": 512, ""n_cv_splits"": 5, ""n_search_iter"": 0, ""seeds"": [42, 43, 44, 45, 46], ""sentence_transformer_model"": ""intfloat/multilingual-e5-small"", ""tfidf_lemmatize"": true, ""tfidf_max_df"": 0.9, ""tfidf_max_features"": 300, ""tfidf_min_df"": 3, ""tfidf_ngram_range"": [1, 2], ""tfidf_normalize_numbers"": true}",2026-09-09T15:55:40
E3_TSDAE_EP30,frozen,participant,03,no_augmentation,PHQ9,42,LightGBM,6.477615,False,models/tsdae_e5_small/ep30,defaults,"{""augmentation"": ""no_augmentation"", ""beto_model"": ""dccuchile/bert-base-spanish-wwm-cased"", ""chunk_stride"": 256, ""max_tokens"": 512, ""n_cv_splits"": 5, ""n_search_iter"": 0, ""seeds"": [42, 43, 44, 45, 46], ""sentence_transformer_model"": ""intfloat/multilingual-e5-small"", ""tfidf_lemmatize"": true, ""tfidf_max_df"": 0.9, ""tfidf_max_features"": 300, ""tfidf_min_df"": 3, ""tfidf_ngram_range"": [1, 2], ""tfidf_normalize_numbers"": true}",2026-09-09T15:55:40
E3_TSDAE_EP30,frozen,participant,03,no_augmentation,PHQ9,42,KNN,6.075311,False,models/tsdae_e5_small/ep30,defaults,"{""augmentation"": ""no_augmentation"", ""beto_model"": ""dccuchile/bert-base-spanish-wwm-cased"", ""chunk_stride"": 256, ""max_tokens"": 512, ""n_cv_splits"": 5, ""n_search_iter"": 0, ""seeds"": [42, 43, 44, 45, 46], ""sentence_transformer_model"": ""intfloat/multilingual-e5-small"", ""tfidf_lemmatize"": true, ""tfidf_max_df"": 0.9, ""tfidf_max_features"": 300, ""tfidf_min_df"": 3, ""tfidf_ngram_range"": [1, 2], ""tfidf_normalize_numbers"": true}",2026-09-09T15:55:40
E3_TSDAE_EP30,frozen,participant,03,no_augmentation,PHQ9,42,DecisionTree,7.731964,False,models/tsdae_e5_small/ep30,defaults,"{""augmentation"": ""no_augmentation"", ""beto_model"": ""dccuchile/bert-base-spanish-wwm-cased"", ""chunk_stride"": 256, ""max_tokens"": 512, ""n_cv_splits"": 5, ""n_search_iter"": 0, ""seeds"": [42, 43, 44, 45, 46], ""sentence_transformer_model"": ""intfloat/multilingual-e5-small"", ""tfidf_lemmatize"": true, ""tfidf_max_df"": 0.9, ""tfidf_max_features"": 300, ""tfidf_min_df"": 3, ""tfidf_ngram_range"": [1, 2], ""tfidf_normalize_numbers"": true}",2026-09-09T15:55:40
E3_TSDAE_EP30,frozen,participant,03,no_augmentation,PHQ9,42,AdaBoost,5.863713,False,models/tsdae_e5_small/ep30,defaults,"{""augmentation"": ""no_augmentation"", ""beto_model"": ""dccuchile/bert-base-spanish-wwm-cased"", ""chunk_stride"": 256, ""max_tokens"": 512, ""n_cv_splits"": 5, ""n_search_iter"": 0, ""seeds"": [42, 43, 44, 45, 46], ""sentence_transformer_model"": ""intfloat/multilingual-e5-small"", ""tfidf_lemmatize"": true, ""tfidf_max_df"": 0.9, ""tfidf_max_features"": 300, ""tfidf_min_df"": 3, ""tfidf_ngram_range"": [1, 2], ""tfidf_normalize_numbers"": true}",2026-09-09T15:55:40
E3_TSDAE_EP30,frozen,participant,03,no_augmentation,GAD7,42,Ridge,7.111214,False,models/tsdae_e5_small/ep30,defaults,"{""augmentation"": ""no_augmentation"", ""beto_model"": ""dccuchile/bert-base-spanish-wwm-cased"", ""chunk_stride"": 256, ""max_tokens"": 512, ""n_cv_splits"": 5, ""n_search_iter"": 0, ""seeds"": [42, 43, 44, 45, 46], ""sentence_transformer_model"": ""intfloat/multilingual-e5-small"", ""tfidf_lemmatize"": true, ""tfidf_max_df"": 0.9, ""tfidf_max_features"": 300, ""tfidf_min_df"": 3, ""tfidf_ngram_range"": [1, 2], ""tfidf_normalize_numbers"": true}",2026-09-09T15:56:16
E3_TSDAE_EP30,frozen,participant,03,no_augmentation,GAD7,42,SVR,4.952044,False,models/tsdae_e5_small/ep30,defaults,"{""augmentation"": ""no_augmentation"", ""beto_model"": ""dccuchile/bert-base-spanish-wwm-cased"", ""chunk_stride"": 256, ""max_tokens"": 512, ""n_cv_splits"": 5, ""n_search_iter"": 0, ""seeds"": [42, 43, 44, 45, 46], ""sentence_transformer_model"": ""intfloat/multilingual-e5-small"", ""tfidf_lemmatize"": true, ""tfidf_max_df"": 0.9, ""tfidf_max_features"": 300, ""tfidf_min_df"": 3, ""tfidf_ngram_range"": [1, 2], ""tfidf_normalize_numbers"": true}",2026-09-09T15:56:16
E3_TSDAE_EP30,frozen,participant,03,no_augmentation,GAD7,42,RandomForest,4.798739,True,models/tsdae_e5_small/ep30,defaults,"{""augmentation"": ""no_augmentation"", ""beto_model"": ""dccuchile/bert-base-spanish-wwm-cased"", ""chunk_stride"": 256, ""max_tokens"": 512, ""n_cv_splits"": 5, ""n_search_iter"": 0, ""seeds"": [42, 43, 44, 45, 46], ""sentence_transformer_model"": ""intfloat/multilingual-e5-small"", ""tfidf_lemmatize"": true, ""tfidf_max_df"": 0.9, ""tfidf_max_features"": 300, ""tfidf_min_df"": 3, ""tfidf_ngram_range"": [1, 2], ""tfidf_normalize_numbers"": true}",2026-09-09T15:56:16
E3_TSDAE_EP30,frozen,participant,03,no_augmentation,GAD7,42,ExtraTrees,4.803538,False,models/tsdae_e5_small/ep30,defaults,"{""augmentation"": ""no_augmentation"", ""beto_model"": ""dccuchile/bert-base-spanish-wwm-cased"", ""chunk_stride"": 256, ""max_tokens"": 512, ""n_cv_splits"": 5, ""n_search_iter"": 0, ""seeds"": [42, 43, 44, 45, 46], ""sentence_transformer_model"": ""intfloat/multilingual-e5-small"", ""tfidf_lemmatize"": true, ""tfidf_max_df"": 0.9, ""tfidf_max_features"": 300, ""tfidf_min_df"": 3, ""tfidf_ngram_range"": [1, 2], ""tfidf_normalize_numbers"": true}",2026-09-09T15:56:16
E3_TSDAE_EP30,frozen,participant,03,no_augmentation,GAD7,42,GradientBoosting,4.965933,False,models/tsdae_e5_small/ep30,defaults,"{""augmentation"": ""no_augmentation"", ""beto_model"": ""dccuchile/bert-base-spanish-wwm-cased"", ""chunk_stride"": 256, ""max_tokens"": 512, ""n_cv_splits"": 5, ""n_search_iter"": 0, ""seeds"": [42, 43, 44, 45, 46], ""sentence_transformer_model"": ""intfloat/multilingual-e5-small"", ""tfidf_lemmatize"": true, ""tfidf_max_df"": 0.9, ""tfidf_max_features"": 300, ""tfidf_min_df"": 3, ""tfidf_ngram_range"": [1, 2], ""tfidf_normalize_numbers"": true}",2026-09-09T15:56:16
E3_TSDAE_EP30,frozen,participant,03,no_augmentation,GAD7,42,LightGBM,5.392353,False,models/tsdae_e5_small/ep30,defaults,"{""augmentation"": ""no_augmentation"", ""beto_model"": ""dccuchile/bert-base-spanish-wwm-cased"", ""chunk_stride"": 256, ""max_tokens"": 512, ""n_cv_splits"": 5, ""n_search_iter"": 0, ""seeds"": [42, 43, 44, 45, 46], ""sentence_transformer_model"": ""intfloat/multilingual-e5-small"", ""tfidf_lemmatize"": true, ""tfidf_max_df"": 0.9, ""tfidf_max_features"": 300, ""tfidf_min_df"": 3, ""tfidf_ngram_range"": [1, 2], ""tfidf_normalize_numbers"": true}",2026-09-09T15:56:16
E3_TSDAE_EP30,frozen,participant,03,no_augmentation,GAD7,42,KNN,4.964437,False,models/tsdae_e5_small/ep30,defaults,"{""augmentation"": ""no_augmentation"", ""beto_model"": ""dccuchile/bert-base-spanish-wwm-cased"", ""chunk_stride"": 256, ""max_tokens"": 512, ""n_cv_splits"": 5, ""n_search_iter"": 0, ""seeds"": [42, 43, 44, 45, 46], ""sentence_transformer_model"": ""intfloat/multilingual-e5-small"", ""tfidf_lemmatize"": true, ""tfidf_max_df"": 0.9, ""tfidf_max_features"": 300, ""tfidf_min_df"": 3, ""tfidf_ngram_range"": [1, 2], ""tfidf_normalize_numbers"": true}",2026-09-09T15:56:16
E3_TSDAE_EP30,frozen,participant,03,no_augmentation,GAD7,42,DecisionTree,5.730507,False,models/tsdae_e5_small/ep30,defaults,"{""augmentation"": ""no_augmentation"", ""beto_model"": ""dccuchile/bert-base-spanish-wwm-cased"", ""chunk_stride"": 256, ""max_tokens"": 512, ""n_cv_splits"": 5, ""n_search_iter"": 0, ""seeds"": [42, 43, 44, 45, 46], ""sentence_transformer_model"": ""intfloat/multilingual-e5-small"", ""tfidf_lemmatize"": true, ""tfidf_max_df"": 0.9, ""tfidf_max_features"": 300, ""tfidf_min_df"": 3, ""tfidf_ngram_range"": [1, 2], ""tfidf_normalize_numbers"": true}",2026-09-09T15:56:16
E3_TSDAE_EP30,frozen,participant,03,no_augmentation,GAD7,42,AdaBoost,4.839712,False,models/tsdae_e5_small/ep30,defaults,"{""augmentation"": ""no_augmentation"", ""beto_model"": ""dccuchile/bert-base-spanish-wwm-cased"", ""chunk_stride"": 256, ""max_tokens"": 512, ""n_cv_splits"": 5, ""n_search_iter"": 0, ""seeds"": [42, 43, 44, 45, 46], ""sentence_transformer_model"": ""intfloat/multilingual-e5-small"", ""tfidf_lemmatize"": true, ""tfidf_max_df"": 0.9, ""tfidf_max_features"": 300, ""tfidf_min_df"": 3, ""tfidf_ngram_range"": [1, 2], ""tfidf_normalize_numbers"": true}",2026-09-09T15:56:16
E3_TSDAE_EP30,frozen,participant,03,no_augmentation,PHQ9,43,Ridge,7.276787,False,models/tsdae_e5_small/ep30,defaults,"{""augmentation"": ""no_augmentation"", ""beto_model"": ""dccuchile/bert-base-spanish-wwm-cased"", ""chunk_stride"": 256, ""max_tokens"": 512, ""n_cv_splits"": 5, ""n_search_iter"": 0, ""seeds"": [42, 43, 44, 45, 46], ""sentence_transformer_model"": ""intfloat/multilingual-e5-small"", ""tfidf_lemmatize"": true, ""tfidf_max_df"": 0.9, ""tfidf_max_features"": 300, ""tfidf_min_df"": 3, ""tfidf_ngram_range"": [1, 2], ""tfidf_normalize_numbers"": true}",2026-09-09T15:56:54
E3_TSDAE_EP30,frozen,participant,03,no_augmentation,PHQ9,43,SVR,5.793155,False,models/tsdae_e5_small/ep30,defaults,"{""augmentation"": ""no_augmentation"", ""beto_model"": ""dccuchile/bert-base-spanish-wwm-cased"", ""chunk_stride"": 256, ""max_tokens"": 512, ""n_cv_splits"": 5, ""n_search_iter"": 0, ""seeds"": [42, 43, 44, 45, 46], ""sentence_transformer_model"": ""intfloat/multilingual-e5-small"", ""tfidf_lemmatize"": true, ""tfidf_max_df"": 0.9, ""tfidf_max_features"": 300, ""tfidf_min_df"": 3, ""tfidf_ngram_range"": [1, 2], ""tfidf_normalize_numbers"": true}",2026-09-09T15:56:54
E3_TSDAE_EP30,frozen,participant,03,no_augmentation,PHQ9,43,RandomForest,5.791935,False,models/tsdae_e5_small/ep30,defaults,"{""augmentation"": ""no_augmentation"", ""beto_model"": ""dccuchile/bert-base-spanish-wwm-cased"", ""chunk_stride"": 256, ""max_tokens"": 512, ""n_cv_splits"": 5, ""n_search_iter"": 0, ""seeds"": [42, 43, 44, 45, 46], ""sentence_transformer_model"": ""intfloat/multilingual-e5-small"", ""tfidf_lemmatize"": true, ""tfidf_max_df"": 0.9, ""tfidf_max_features"": 300, ""tfidf_min_df"": 3, ""tfidf_ngram_range"": [1, 2], ""tfidf_normalize_numbers"": true}",2026-09-09T15:56:54
E3_TSDAE_EP30,frozen,participant,03,no_augmentation,PHQ9,43,ExtraTrees,5.733245,True,models/tsdae_e5_small/ep30,defaults,"{""augmentation"": ""no_augmentation"", ""beto_model"": ""dccuchile/bert-base-spanish-wwm-cased"", ""chunk_stride"": 256, ""max_tokens"": 512, ""n_cv_splits"": 5, ""n_search_iter"": 0, ""seeds"": [42, 43, 44, 45, 46], ""sentence_transformer_model"": ""intfloat/multilingual-e5-small"", ""tfidf_lemmatize"": true, ""tfidf_max_df"": 0.9, ""tfidf_max_features"": 300, ""tfidf_min_df"": 3, ""tfidf_ngram_range"": [1, 2], ""tfidf_normalize_numbers"": true}",2026-09-09T15:56:54
E3_TSDAE_EP30,frozen,participant,03,no_augmentation,PHQ9,43,GradientBoosting,5.845475,False,models/tsdae_e5_small/ep30,defaults,"{""augmentation"": ""no_augmentation"", ""beto_model"": ""dccuchile/bert-base-spanish-wwm-cased"", ""chunk_stride"": 256, ""max_tokens"": 512, ""n_cv_splits"": 5, ""n_search_iter"": 0, ""seeds"": [42, 43, 44, 45, 46], ""sentence_transformer_model"": ""intfloat/multilingual-e5-small"", ""tfidf_lemmatize"": true, ""tfidf_max_df"": 0.9, ""tfidf_max_features"": 300, ""tfidf_min_df"": 3, ""tfidf_ngram_range"": [1, 2], ""tfidf_normalize_numbers"": true}",2026-09-09T15:56:54
E3_TSDAE_EP30,frozen,participant,03,no_augmentation,PHQ9,43,LightGBM,6.137431,False,models/tsdae_e5_small/ep30,defaults,"{""augmentation"": ""no_augmentation"", ""beto_model"": ""dccuchile/bert-base-spanish-wwm-cased"", ""chunk_stride"": 256, ""max_tokens"": 512, ""n_cv_splits"": 5, ""n_search_iter"": 0, ""seeds"": [42, 43, 44, 45, 46], ""sentence_transformer_model"": ""intfloat/multilingual-e5-small"", ""tfidf_lemmatize"": true, ""tfidf_max_df"": 0.9, ""tfidf_max_features"": 300, ""tfidf_min_df"": 3, ""tfidf_ngram_range"": [1, 2], ""tfidf_normalize_numbers"": true}",2026-09-09T15:56:54
E3_TSDAE_EP30,frozen,participant,03,no_augmentation,PHQ9,43,KNN,5.896078,False,models/tsdae_e5_small/ep30,defaults,"{""augmentation"": ""no_augmentation"", ""beto_model"": ""dccuchile/bert-base-spanish-wwm-cased"", ""chunk_stride"": 256, ""max_tokens"": 512, ""n_cv_splits"": 5, ""n_search_iter"": 0, ""seeds"": [42, 43, 44, 45, 46], ""sentence_transformer_model"": ""intfloat/multilingual-e5-small"", ""tfidf_lemmatize"": true, ""tfidf_max_df"": 0.9, ""tfidf_max_features"": 300, ""tfidf_min_df"": 3, ""tfidf_ngram_range"": [1, 2], ""tfidf_normalize_numbers"": true}",2026-09-09T15:56:54
E3_TSDAE_EP30,frozen,participant,03,no_augmentation,PHQ9,43,DecisionTree,7.315038,False,models/tsdae_e5_small/ep30,defaults,"{""augmentation"": ""no_augmentation"", ""beto_model"": ""dccuchile/bert-base-spanish-wwm-cased"", ""chunk_stride"": 256, ""max_tokens"": 512, ""n_cv_splits"": 5, ""n_search_iter"": 0, ""seeds"": [42, 43, 44, 45, 46], ""sentence_transformer_model"": ""intfloat/multilingual-e5-small"", ""tfidf_lemmatize"": true, ""tfidf_max_df"": 0.9, ""tfidf_max_features"": 300, ""tfidf_min_df"": 3, ""tfidf_ngram_range"": [1, 2], ""tfidf_normalize_numbers"": true}",2026-09-09T15:56:54
E3_TSDAE_EP30,frozen,participant,03,no_augmentation,PHQ9,43,AdaBoost,5.849003,False,models/tsdae_e5_small/ep30,defaults,"{""augmentation"": ""no_augmentation"", ""beto_model"": ""dccuchile/bert-base-spanish-wwm-cased"", ""chunk_stride"": 256, ""max_tokens"": 512, ""n_cv_splits"": 5, ""n_search_iter"": 0, ""seeds"": [42, 43, 44, 45, 46], ""sentence_transformer_model"": ""intfloat/multilingual-e5-small"", ""tfidf_lemmatize"": true, ""tfidf_max_df"": 0.9, ""tfidf_max_features"": 300, ""tfidf_min_df"": 3, ""tfidf_ngram_range"": [1, 2], ""tfidf_normalize_numbers"": true}",2026-09-09T15:56:54
E3_TSDAE_EP30,frozen,participant,03,no_augmentation,GAD7,43,Ridge,6.559315,False,models/tsdae_e5_small/ep30,defaults,"{""augmentation"": ""no_augmentation"", ""beto_model"": ""dccuchile/bert-base-spanish-wwm-cased"", ""chunk_stride"": 256, ""max_tokens"": 512, ""n_cv_splits"": 5, ""n_search_iter"": 0, ""seeds"": [42, 43, 44, 45, 46], ""sentence_transformer_model"": ""intfloat/multilingual-e5-small"", ""tfidf_lemmatize"": true, ""tfidf_max_df"": 0.9, ""tfidf_max_features"": 300, ""tfidf_min_df"": 3, ""tfidf_ngram_range"": [1, 2], ""tfidf_normalize_numbers"": true}",2026-09-09T15:57:32
E3_TSDAE_EP30,frozen,participant,03,no_augmentation,GAD7,43,SVR,4.737145,False,models/tsdae_e5_small/ep30,defaults,"{""augmentation"": ""no_augmentation"", ""beto_model"": ""dccuchile/bert-base-spanish-wwm-cased"", ""chunk_stride"": 256, ""max_tokens"": 512, ""n_cv_splits"": 5, ""n_search_iter"": 0, ""seeds"": [42, 43, 44, 45, 46], ""sentence_transformer_model"": ""intfloat/multilingual-e5-small"", ""tfidf_lemmatize"": true, ""tfidf_max_df"": 0.9, ""tfidf_max_features"": 300, ""tfidf_min_df"": 3, ""tfidf_ngram_range"": [1, 2], ""tfidf_normalize_numbers"": true}",2026-09-09T15:57:32
E3_TSDAE_EP30,frozen,participant,03,no_augmentation,GAD7,43,RandomForest,4.758182,False,models/tsdae_e5_small/ep30,defaults,"{""augmentation"": ""no_augmentation"", ""beto_model"": ""dccuchile/bert-base-spanish-wwm-cased"", ""chunk_stride"": 256, ""max_tokens"": 512, ""n_cv_splits"": 5, ""n_search_iter"": 0, ""seeds"": [42, 43, 44, 45, 46], ""sentence_transformer_model"": ""intfloat/multilingual-e5-small"", ""tfidf_lemmatize"": true, ""tfidf_max_df"": 0.9, ""tfidf_max_features"": 300, ""tfidf_min_df"": 3, ""tfidf_ngram_range"": [1, 2], ""tfidf_normalize_numbers"": true}",2026-09-09T15:57:32
E3_TSDAE_EP30,frozen,participant,03,no_augmentation,GAD7,43,ExtraTrees,4.719777,False,models/tsdae_e5_small/ep30,defaults,"{""augmentation"": ""no_augmentation"", ""beto_model"": ""dccuchile/bert-base-spanish-wwm-cased"", ""chunk_stride"": 256, ""max_tokens"": 512, ""n_cv_splits"": 5, ""n_search_iter"": 0, ""seeds"": [42, 43, 44, 45, 46], ""sentence_transformer_model"": ""intfloat/multilingual-e5-small"", ""tfidf_lemmatize"": true, ""tfidf_max_df"": 0.9, ""tfidf_max_features"": 300, ""tfidf_min_df"": 3, ""tfidf_ngram_range"": [1, 2], ""tfidf_normalize_numbers"": true}",2026-09-09T15:57:32
E3_TSDAE_EP30,frozen,participant,03,no_augmentation,GAD7,43,GradientBoosting,4.831441,False,models/tsdae_e5_small/ep30,defaults,"{""augmentation"": ""no_augmentation"", ""beto_model"": ""dccuchile/bert-base-spanish-wwm-cased"", ""chunk_stride"": 256, ""max_tokens"": 512, ""n_cv_splits"": 5, ""n_search_iter"": 0, ""seeds"": [42, 43, 44, 45, 46], ""sentence_transformer_model"": ""intfloat/multilingual-e5-small"", ""tfidf_lemmatize"": true, ""tfidf_max_df"": 0.9, ""tfidf_max_features"": 300, ""tfidf_min_df"": 3, ""tfidf_ngram_range"": [1, 2], ""tfidf_normalize_numbers"": true}",2026-09-09T15:57:32
E3_TSDAE_EP30,frozen,participant,03,no_augmentation,GAD7,43,LightGBM,5.089967,False,models/tsdae_e5_small/ep30,defaults,"{""augmentation"": ""no_augmentation"", ""beto_model"": ""dccuchile/bert-base-spanish-wwm-cased"", ""chunk_stride"": 256, ""max_tokens"": 512, ""n_cv_splits"": 5, ""n_search_iter"": 0, ""seeds"": [42, 43, 44, 45, 46], ""sentence_transformer_model"": ""intfloat/multilingual-e5-small"", ""tfidf_lemmatize"": true, ""tfidf_max_df"": 0.9, ""tfidf_max_features"": 300, ""tfidf_min_df"": 3, ""tfidf_ngram_range"": [1, 2], ""tfidf_normalize_numbers"": true}",2026-09-09T15:57:32
E3_TSDAE_EP30,frozen,participant,03,no_augmentation,GAD7,43,KNN,4.92936,False,models/tsdae_e5_small/ep30,defaults,"{""augmentation"": ""no_augmentation"", ""beto_model"": ""dccuchile/bert-base-spanish-wwm-cased"", ""chunk_stride"": 256, ""max_tokens"": 512, ""n_cv_splits"": 5, ""n_search_iter"": 0, ""seeds"": [42, 43, 44, 45, 46], ""sentence_transformer_model"": ""intfloat/multilingual-e5-small"", ""tfidf_lemmatize"": true, ""tfidf_max_df"": 0.9, ""tfidf_max_features"": 300, ""tfidf_min_df"": 3, ""tfidf_ngram_range"": [1, 2], ""tfidf_normalize_numbers"": true}",2026-09-09T15:57:32
E3_TSDAE_EP30,frozen,participant,03,no_augmentation,GAD7,43,DecisionTree,6.099549,False,models/tsdae_e5_small/ep30,defaults,"{""augmentation"": ""no_augmentation"", ""beto_model"": ""dccuchile/bert-base-spanish-wwm-cased"", ""chunk_stride"": 256, ""max_tokens"": 512, ""n_cv_splits"": 5, ""n_search_iter"": 0, ""seeds"": [42, 43, 44, 45, 46], ""sentence_transformer_model"": ""intfloat/multilingual-e5-small"", ""tfidf_lemmatize"": true, ""tfidf_max_df"": 0.9, ""tfidf_max_features"": 300, ""tfidf_min_df"": 3, ""tfidf_ngram_range"": [1, 2], ""tfidf_normalize_numbers"": true}",2026-09-09T15:57:32
E3_TSDAE_EP30,frozen,participant,03,no_augmentation,GAD7,43,AdaBoost,4.686302,True,models/tsdae_e5_small/ep30,defaults,"{""augmentation"": ""no_augmentation"", ""beto_model"": ""dccuchile/bert-base-spanish-wwm-cased"", ""chunk_stride"": 256, ""max_tokens"": 512, ""n_cv_splits"": 5, ""n_search_iter"": 0, ""seeds"": [42, 43, 44, 45, 46], ""sentence_transformer_model"": ""intfloat/multilingual-e5-small"", ""tfidf_lemmatize"": true, ""tfidf_max_df"": 0.9, ""tfidf_max_features"": 300, ""tfidf_min_df"": 3, ""tfidf_ngram_range"": [1, 2], ""tfidf_normalize_numbers"": true}",2026-09-09T15:57:32
E3_TSDAE_EP30,frozen,participant,03,no_augmentation,PHQ9,44,Ridge,7.971088,False,models/tsdae_e5_small/ep30,defaults,"{""augmentation"": ""no_augmentation"", ""beto_model"": ""dccuchile/bert-base-spanish-wwm-cased"", ""chunk_stride"": 256, ""max_tokens"": 512, ""n_cv_splits"": 5, ""n_search_iter"": 0, ""seeds"": [42, 43, 44, 45, 46], ""sentence_transformer_model"": ""intfloat/multilingual-e5-small"", ""tfidf_lemmatize"": true, ""tfidf_max_df"": 0.9, ""tfidf_max_features"": 300, ""tfidf_min_df"": 3, ""tfidf_ngram_range"": [1, 2], ""tfidf_normalize_numbers"": true}",2026-09-09T15:58:10
E3_TSDAE_EP30,frozen,participant,03,no_augmentation,PHQ9,44,SVR,5.711696,False,models/tsdae_e5_small/ep30,defaults,"{""augmentation"": ""no_augmentation"", ""beto_model"": ""dccuchile/bert-base-spanish-wwm-cased"", ""chunk_stride"": 256, ""max_tokens"": 512, ""n_cv_splits"": 5, ""n_search_iter"": 0, ""seeds"": [42, 43, 44, 45, 46], ""sentence_transformer_model"": ""intfloat/multilingual-e5-small"", ""tfidf_lemmatize"": true, ""tfidf_max_df"": 0.9, ""tfidf_max_features"": 300, ""tfidf_min_df"": 3, ""tfidf_ngram_range"": [1, 2], ""tfidf_normalize_numbers"": true}",2026-09-09T15:58:10
E3_TSDAE_EP30,frozen,participant,03,no_augmentation,PHQ9,44,RandomForest,5.785686,False,models/tsdae_e5_small/ep30,defaults,"{""augmentation"": ""no_augmentation"", ""beto_model"": ""dccuchile/bert-base-spanish-wwm-cased"", ""chunk_stride"": 256, ""max_tokens"": 512, ""n_cv_splits"": 5, ""n_search_iter"": 0, ""seeds"": [42, 43, 44, 45, 46], ""sentence_transformer_model"": ""intfloat/multilingual-e5-small"", ""tfidf_lemmatize"": true, ""tfidf_max_df"": 0.9, ""tfidf_max_features"": 300, ""tfidf_min_df"": 3, ""tfidf_ngram_range"": [1, 2], ""tfidf_normalize_numbers"": true}",2026-09-09T15:58:10
E3_TSDAE_EP30,frozen,participant,03,no_augmentation,PHQ9,44,ExtraTrees,5.815188,False,models/tsdae_e5_small/ep30,defaults,"{""augmentation"": ""no_augmentation"", ""beto_model"": ""dccuchile/bert-base-spanish-wwm-cased"", ""chunk_stride"": 256, ""max_tokens"": 512, ""n_cv_splits"": 5, ""n_search_iter"": 0, ""seeds"": [42, 43, 44, 45, 46], ""sentence_transformer_model"": ""intfloat/multilingual-e5-small"", ""tfidf_lemmatize"": true, ""tfidf_max_df"": 0.9, ""tfidf_max_features"": 300, ""tfidf_min_df"": 3, ""tfidf_ngram_range"": [1, 2], ""tfidf_normalize_numbers"": true}",2026-09-09T15:58:10
E3_TSDAE_EP30,frozen,participant,03,no_augmentation,PHQ9,44,GradientBoosting,5.690452,True,models/tsdae_e5_small/ep30,defaults,"{""augmentation"": ""no_augmentation"", ""beto_model"": ""dccuchile/bert-base-spanish-wwm-cased"", ""chunk_stride"": 256, ""max_tokens"": 512, ""n_cv_splits"": 5, ""n_search_iter"": 0, ""seeds"": [42, 43, 44, 45, 46], ""sentence_transformer_model"": ""intfloat/multilingual-e5-small"", ""tfidf_lemmatize"": true, ""tfidf_max_df"": 0.9, ""tfidf_max_features"": 300, ""tfidf_min_df"": 3, ""tfidf_ngram_range"": [1, 2], ""tfidf_normalize_numbers"": true}",2026-09-09T15:58:10
E3_TSDAE_EP30,frozen,participant,03,no_augmentation,PHQ9,44,LightGBM,6.079169,False,models/tsdae_e5_small/ep30,defaults,"{""augmentation"": ""no_augmentation"", ""beto_model"": ""dccuchile/bert-base-spanish-wwm-cased"", ""chunk_stride"": 256, ""max_tokens"": 512, ""n_cv_splits"": 5, ""n_search_iter"": 0, ""seeds"": [42, 43, 44, 45, 46], ""sentence_transformer_model"": ""intfloat/multilingual-e5-small"", ""tfidf_lemmatize"": true, ""tfidf_max_df"": 0.9, ""tfidf_max_features"": 300, ""tfidf_min_df"": 3, ""tfidf_ngram_range"": [1, 2], ""tfidf_normalize_numbers"": true}",2026-09-09T15:58:10
E3_TSDAE_EP30,frozen,participant,03,no_augmentation,PHQ9,44,KNN,5.870773,False,models/tsdae_e5_small/ep30,defaults,"{""augmentation"": ""no_augmentation"", ""beto_model"": ""dccuchile/bert-base-spanish-wwm-cased"", ""chunk_stride"": 256, ""max_tokens"": 512, ""n_cv_splits"": 5, ""n_search_iter"": 0, ""seeds"": [42, 43, 44, 45, 46], ""sentence_transformer_model"": ""intfloat/multilingual-e5-small"", ""tfidf_lemmatize"": true, ""tfidf_max_df"": 0.9, ""tfidf_max_features"": 300, ""tfidf_min_df"": 3, ""tfidf_ngram_range"": [1, 2], ""tfidf_normalize_numbers"": true}",2026-09-09T15:58:10
E3_TSDAE_EP30,frozen,participant,03,no_augmentation,PHQ9,44,DecisionTree,7.434223,False,models/tsdae_e5_small/ep30,defaults,"{""augmentation"": ""no_augmentation"", ""beto_model"": ""dccuchile/bert-base-spanish-wwm-cased"", ""chunk_stride"": 256, ""max_tokens"": 512, ""n_cv_splits"": 5, ""n_search_iter"": 0, ""seeds"": [42, 43, 44, 45, 46], ""sentence_transformer_model"": ""intfloat/multilingual-e5-small"", ""tfidf_lemmatize"": true, ""tfidf_max_df"": 0.9, ""tfidf_max_features"": 300, ""tfidf_min_df"": 3, ""tfidf_ngram_range"": [1, 2], ""tfidf_normalize_numbers"": true}",2026-09-09T15:58:10
E3_TSDAE_EP30,frozen,participant,03,no_augmentation,PHQ9,44,AdaBoost,5.815825,False,models/tsdae_e5_small/ep30,defaults,"{""augmentation"": ""no_augmentation"", ""beto_model"": ""dccuchile/bert-base-spanish-wwm-cased"", ""chunk_stride"": 256, ""max_tokens"": 512, ""n_cv_splits"": 5, ""n_search_iter"": 0, ""seeds"": [42, 43, 44, 45, 46], ""sentence_transformer_model"": ""intfloat/multilingual-e5-small"", ""tfidf_lemmatize"": true, ""tfidf_max_df"": 0.9, ""tfidf_max_features"": 300, ""tfidf_min_df"": 3, ""tfidf_ngram_range"": [1, 2], ""tfidf_normalize_numbers"": true}",2026-09-09T15:58:10
E3_TSDAE_EP30,frozen,participant,03,no_augmentation,GAD7,44,Ridge,6.869554,False,models/tsdae_e5_small/ep30,defaults,"{""augmentation"": ""no_augmentation"", ""beto_model"": ""dccuchile/bert-base-spanish-wwm-cased"", ""chunk_stride"": 256, ""max_tokens"": 512, ""n_cv_splits"": 5, ""n_search_iter"": 0, ""seeds"": [42, 43, 44, 45, 46], ""sentence_transformer_model"": ""intfloat/multilingual-e5-small"", ""tfidf_lemmatize"": true, ""tfidf_max_df"": 0.9, ""tfidf_max_features"": 300, ""tfidf_min_df"": 3, ""tfidf_ngram_range"": [1, 2], ""tfidf_normalize_numbers"": true}",2026-09-09T15:58:46
E3_TSDAE_EP30,frozen,participant,03,no_augmentation,GAD7,44,SVR,4.720858,False,models/tsdae_e5_small/ep30,defaults,"{""augmentation"": ""no_augmentation"", ""beto_model"": ""dccuchile/bert-base-spanish-wwm-cased"", ""chunk_stride"": 256, ""max_tokens"": 512, ""n_cv_splits"": 5, ""n_search_iter"": 0, ""seeds"": [42, 43, 44, 45, 46], ""sentence_transformer_model"": ""intfloat/multilingual-e5-small"", ""tfidf_lemmatize"": true, ""tfidf_max_df"": 0.9, ""tfidf_max_features"": 300, ""tfidf_min_df"": 3, ""tfidf_ngram_range"": [1, 2], ""tfidf_normalize_numbers"": true}",2026-09-09T15:58:46
E3_TSDAE_EP30,frozen,participant,03,no_augmentation,GAD7,44,RandomForest,4.690649,False,models/tsdae_e5_small/ep30,defaults,"{""augmentation"": ""no_augmentation"", ""beto_model"": ""dccuchile/bert-base-spanish-wwm-cased"", ""chunk_stride"": 256, ""max_tokens"": 512, ""n_cv_splits"": 5, ""n_search_iter"": 0, ""seeds"": [42, 43, 44, 45, 46], ""sentence_transformer_model"": ""intfloat/multilingual-e5-small"", ""tfidf_lemmatize"": true, ""tfidf_max_df"": 0.9, ""tfidf_max_features"": 300, ""tfidf_min_df"": 3, ""tfidf_ngram_range"": [1, 2], ""tfidf_normalize_numbers"": true}",2026-09-09T15:58:46
E3_TSDAE_EP30,frozen,participant,03,no_augmentation,GAD7,44,ExtraTrees,4.708655,False,models/tsdae_e5_small/ep30,defaults,"{""augmentation"": ""no_augmentation"", ""beto_model"": ""dccuchile/bert-base-spanish-wwm-cased"", ""chunk_stride"": 256, ""max_tokens"": 512, ""n_cv_splits"": 5, ""n_search_iter"": 0, ""seeds"": [42, 43, 44, 45, 46], ""sentence_transformer_model"": ""intfloat/multilingual-e5-small"", ""tfidf_lemmatize"": true, ""tfidf_max_df"": 0.9, ""tfidf_max_features"": 300, ""tfidf_min_df"": 3, ""tfidf_ngram_range"": [1, 2], ""tfidf_normalize_numbers"": true}",2026-09-09T15:58:46
E3_TSDAE_EP30,frozen,participant,03,no_augmentation,GAD7,44,GradientBoosting,4.658508,True,models/tsdae_e5_small/ep30,defaults,"{""augmentation"": ""no_augmentation"", ""beto_model"": ""dccuchile/bert-base-spanish-wwm-cased"", ""chunk_stride"": 256, ""max_tokens"": 512, ""n_cv_splits"": 5, ""n_search_iter"": 0, ""seeds"": [42, 43, 44, 45, 46], ""sentence_transformer_model"": ""intfloat/multilingual-e5-small"", ""tfidf_lemmatize"": true, ""tfidf_max_df"": 0.9, ""tfidf_max_features"": 300, ""tfidf_min_df"": 3, ""tfidf_ngram_range"": [1, 2], ""tfidf_normalize_numbers"": true}",2026-09-09T15:58:46
E3_TSDAE_EP30,frozen,participant,03,no_augmentation,GAD7,44,LightGBM,5.109006,False,models/tsdae_e5_small/ep30,defaults,"{""augmentation"": ""no_augmentation"", ""beto_model"": ""dccuchile/bert-base-spanish-wwm-cased"", ""chunk_stride"": 256, ""max_tokens"": 512, ""n_cv_splits"": 5, ""n_search_iter"": 0, ""seeds"": [42, 43, 44, 45, 46], ""sentence_transformer_model"": ""intfloat/multilingual-e5-small"", ""tfidf_lemmatize"": true, ""tfidf_max_df"": 0.9, ""tfidf_max_features"": 300, ""tfidf_min_df"": 3, ""tfidf_ngram_range"": [1, 2], ""tfidf_normalize_numbers"": true}",2026-09-09T15:58:46
E3_TSDAE_EP30,frozen,participant,03,no_augmentation,GAD7,44,KNN,4.839265,False,models/tsdae_e5_small/ep30,defaults,"{""augmentation"": ""no_augmentation"", ""beto_model"": ""dccuchile/bert-base-spanish-wwm-cased"", ""chunk_stride"": 256, ""max_tokens"": 512, ""n_cv_splits"": 5, ""n_search_iter"": 0, ""seeds"": [42, 43, 44, 45, 46], ""sentence_transformer_model"": ""intfloat/multilingual-e5-small"", ""tfidf_lemmatize"": true, ""tfidf_max_df"": 0.9, ""tfidf_max_features"": 300, ""tfidf_min_df"": 3, ""tfidf_ngram_range"": [1, 2], ""tfidf_normalize_numbers"": true}",2026-09-09T15:58:46
E3_TSDAE_EP30,frozen,participant,03,no_augmentation,GAD7,44,DecisionTree,5.985309,False,models/tsdae_e5_small/ep30,defaults,"{""augmentation"": ""no_augmentation"", ""beto_model"": ""dccuchile/bert-base-spanish-wwm-cased"", ""chunk_stride"": 256, ""max_tokens"": 512, ""n_cv_splits"": 5, ""n_search_iter"": 0, ""seeds"": [42, 43, 44, 45, 46], ""sentence_transformer_model"": ""intfloat/multilingual-e5-small"", ""tfidf_lemmatize"": true, ""tfidf_max_df"": 0.9, ""tfidf_max_features"": 300, ""tfidf_min_df"": 3, ""tfidf_ngram_range"": [1, 2], ""tfidf_normalize_numbers"": true}",2026-09-09T15:58:46
E3_TSDAE_EP30,frozen,participant,03,no_augmentation,GAD7,44,AdaBoost,4.703889,False,models/tsdae_e5_small/ep30,defaults,"{""augmentation"": ""no_augmentation"", ""beto_model"": ""dccuchile/bert-base-spanish-wwm-cased"", ""chunk_stride"": 256, ""max_tokens"": 512, ""n_cv_splits"": 5, ""n_search_iter"": 0, ""seeds"": [42, 43, 44, 45, 46], ""sentence_transformer_model"": ""intfloat/multilingual-e5-small"", ""tfidf_lemmatize"": true, ""tfidf_max_df"": 0.9, ""tfidf_max_features"": 300, ""tfidf_min_df"": 3, ""tfidf_ngram_range"": [1, 2], ""tfidf_normalize_numbers"": true}",2026-09-09T15:58:46
E3_TSDAE_EP30,frozen,participant,03,no_augmentation,PHQ9,45,Ridge,8.294369,False,models/tsdae_e5_small/ep30,defaults,"{""augmentation"": ""no_augmentation"", ""beto_model"": ""dccuchile/bert-base-spanish-wwm-cased"", ""chunk_stride"": 256, ""max_tokens"": 512, ""n_cv_splits"": 5, ""n_search_iter"": 0, ""seeds"": [42, 43, 44, 45, 46], ""sentence_transformer_model"": ""intfloat/multilingual-e5-small"", ""tfidf_lemmatize"": true, ""tfidf_max_df"": 0.9, ""tfidf_max_features"": 300, ""tfidf_min_df"": 3, ""tfidf_ngram_range"": [1, 2], ""tfidf_normalize_numbers"": true}",2026-09-09T15:59:23
E3_TSDAE_EP30,frozen,participant,03,no_augmentation,PHQ9,45,SVR,5.934602,False,models/tsdae_e5_small/ep30,defaults,"{""augmentation"": ""no_augmentation"", ""beto_model"": ""dccuchile/bert-base-spanish-wwm-cased"", ""chunk_stride"": 256, ""max_tokens"": 512, ""n_cv_splits"": 5, ""n_search_iter"": 0, ""seeds"": [42, 43, 44, 45, 46], ""sentence_transformer_model"": ""intfloat/multilingual-e5-small"", ""tfidf_lemmatize"": true, ""tfidf_max_df"": 0.9, ""tfidf_max_features"": 300, ""tfidf_min_df"": 3, ""tfidf_ngram_range"": [1, 2], ""tfidf_normalize_numbers"": true}",2026-09-09T15:59:23
E3_TSDAE_EP30,frozen,participant,03,no_augmentation,PHQ9,45,RandomForest,5.877053,False,models/tsdae_e5_small/ep30,defaults,"{""augmentation"": ""no_augmentation"", ""beto_model"": ""dccuchile/bert-base-spanish-wwm-cased"", ""chunk_stride"": 256, ""max_tokens"": 512, ""n_cv_splits"": 5, ""n_search_iter"": 0, ""seeds"": [42, 43, 44, 45, 46], ""sentence_transformer_model"": ""intfloat/multilingual-e5-small"", ""tfidf_lemmatize"": true, ""tfidf_max_df"": 0.9, ""tfidf_max_features"": 300, ""tfidf_min_df"": 3, ""tfidf_ngram_range"": [1, 2], ""tfidf_normalize_numbers"": true}",2026-09-09T15:59:23
E3_TSDAE_EP30,frozen,participant,03,no_augmentation,PHQ9,45,ExtraTrees,5.859095,False,models/tsdae_e5_small/ep30,defaults,"{""augmentation"": ""no_augmentation"", ""beto_model"": ""dccuchile/bert-base-spanish-wwm-cased"", ""chunk_stride"": 256, ""max_tokens"": 512, ""n_cv_splits"": 5, ""n_search_iter"": 0, ""seeds"": [42, 43, 44, 45, 46], ""sentence_transformer_model"": ""intfloat/multilingual-e5-small"", ""tfidf_lemmatize"": true, ""tfidf_max_df"": 0.9, ""tfidf_max_features"": 300, ""tfidf_min_df"": 3, ""tfidf_ngram_range"": [1, 2], ""tfidf_normalize_numbers"": true}",2026-09-09T15:59:23
E3_TSDAE_EP30,frozen,participant,03,no_augmentation,PHQ9,45,GradientBoosting,5.710808,True,models/tsdae_e5_small/ep30,defaults,"{""augmentation"": ""no_augmentation"", ""beto_model"": ""dccuchile/bert-base-spanish-wwm-cased"", ""chunk_stride"": 256, ""max_tokens"": 512, ""n_cv_splits"": 5, ""n_search_iter"": 0, ""seeds"": [42, 43, 44, 45, 46], ""sentence_transformer_model"": ""intfloat/multilingual-e5-small"", ""tfidf_lemmatize"": true, ""tfidf_max_df"": 0.9, ""tfidf_max_features"": 300, ""tfidf_min_df"": 3, ""tfidf_ngram_range"": [1, 2], ""tfidf_normalize_numbers"": true}",2026-09-09T15:59:23
E3_TSDAE_EP30,frozen,participant,03,no_augmentation,PHQ9,45,LightGBM,6.098859,False,models/tsdae_e5_small/ep30,defaults,"{""augmentation"": ""no_augmentation"", ""beto_model"": ""dccuchile/bert-base-spanish-wwm-cased"", ""chunk_stride"": 256, ""max_tokens"": 512, ""n_cv_splits"": 5, ""n_search_iter"": 0, ""seeds"": [42, 43, 44, 45, 46], ""sentence_transformer_model"": ""intfloat/multilingual-e5-small"", ""tfidf_lemmatize"": true, ""tfidf_max_df"": 0.9, ""tfidf_max_features"": 300, ""tfidf_min_df"": 3, ""tfidf_ngram_range"": [1, 2], ""tfidf_normalize_numbers"": true}",2026-09-09T15:59:23
E3_TSDAE_EP30,frozen,participant,03,no_augmentation,PHQ9,45,KNN,5.944956,False,models/tsdae_e5_small/ep30,defaults,"{""augmentation"": ""no_augmentation"", ""beto_model"": ""dccuchile/bert-base-spanish-wwm-cased"", ""chunk_stride"": 256, ""max_tokens"": 512, ""n_cv_splits"": 5, ""n_search_iter"": 0, ""seeds"": [42, 43, 44, 45, 46], ""sentence_transformer_model"": ""intfloat/multilingual-e5-small"", ""tfidf_lemmatize"": true, ""tfidf_max_df"": 0.9, ""tfidf_max_features"": 300, ""tfidf_min_df"": 3, ""tfidf_ngram_range"": [1, 2], ""tfidf_normalize_numbers"": true}",2026-09-09T15:59:23
E3_TSDAE_EP30,frozen,participant,03,no_augmentation,PHQ9,45,DecisionTree,8.040824,False,models/tsdae_e5_small/ep30,defaults,"{""augmentation"": ""no_augmentation"", ""beto_model"": ""dccuchile/bert-base-spanish-wwm-cased"", ""chunk_stride"": 256, ""max_tokens"": 512, ""n_cv_splits"": 5, ""n_search_iter"": 0, ""seeds"": [42, 43, 44, 45, 46], ""sentence_transformer_model"": ""intfloat/multilingual-e5-small"", ""tfidf_lemmatize"": true, ""tfidf_max_df"": 0.9, ""tfidf_max_features"": 300, ""tfidf_min_df"": 3, ""tfidf_ngram_range"": [1, 2], ""tfidf_normalize_numbers"": true}",2026-09-09T15:59:23
E3_TSDAE_EP30,frozen,participant,03,no_augmentation,PHQ9,45,AdaBoost,5.840311,False,models/tsdae_e5_small/ep30,defaults,"{""augmentation"": ""no_augmentation"", ""beto_model"": ""dccuchile/bert-base-spanish-wwm-cased"", ""chunk_stride"": 256, ""max_tokens"": 512, ""n_cv_splits"": 5, ""n_search_iter"": 0, ""seeds"": [42, 43, 44, 45, 46], ""sentence_transformer_model"": ""intfloat/multilingual-e5-small"", ""tfidf_lemmatize"": true, ""tfidf_max_df"": 0.9, ""tfidf_max_features"": 300, ""tfidf_min_df"": 3, ""tfidf_ngram_range"": [1, 2], ""tfidf_normalize_numbers"": true}",2026-09-09T15:59:23
E3_TSDAE_EP30,frozen,participant,03,no_augmentation,GAD7,45,Ridge,7.214435,False,models/tsdae_e5_small/ep30,defaults,"{""augmentation"": ""no_augmentation"", ""beto_model"": ""dccuchile/bert-base-spanish-wwm-cased"", ""chunk_stride"": 256, ""max_tokens"": 512, ""n_cv_splits"": 5, ""n_search_iter"": 0, ""seeds"": [42, 43, 44, 45, 46], ""sentence_transformer_model"": ""intfloat/multilingual-e5-small"", ""tfidf_lemmatize"": true, ""tfidf_max_df"": 0.9, ""tfidf_max_features"": 300, ""tfidf_min_df"": 3, ""tfidf_ngram_range"": [1, 2], ""tfidf_normalize_numbers"": true}",2026-09-09T15:59:59
E3_TSDAE_EP30,frozen,participant,03,no_augmentation,GAD7,45,SVR,5.033813,False,models/tsdae_e5_small/ep30,defaults,"{""augmentation"": ""no_augmentation"", ""beto_model"": ""dccuchile/bert-base-spanish-wwm-cased"", ""chunk_stride"": 256, ""max_tokens"": 512, ""n_cv_splits"": 5, ""n_search_iter"": 0, ""seeds"": [42, 43, 44, 45, 46], ""sentence_transformer_model"": ""intfloat/multilingual-e5-small"", ""tfidf_lemmatize"": true, ""tfidf_max_df"": 0.9, ""tfidf_max_features"": 300, ""tfidf_min_df"": 3, ""tfidf_ngram_range"": [1, 2], ""tfidf_normalize_numbers"": true}",2026-09-09T15:59:59
E3_TSDAE_EP30,frozen,participant,03,no_augmentation,GAD7,45,RandomForest,4.854493,True,models/tsdae_e5_small/ep30,defaults,"{""augmentation"": ""no_augmentation"", ""beto_model"": ""dccuchile/bert-base-spanish-wwm-cased"", ""chunk_stride"": 256, ""max_tokens"": 512, ""n_cv_splits"": 5, ""n_search_iter"": 0, ""seeds"": [42, 43, 44, 45, 46], ""sentence_transformer_model"": ""intfloat/multilingual-e5-small"", ""tfidf_lemmatize"": true, ""tfidf_max_df"": 0.9, ""tfidf_max_features"": 300, ""tfidf_min_df"": 3, ""tfidf_ngram_range"": [1, 2], ""tfidf_normalize_numbers"": true}",2026-09-09T15:59:59
E3_TSDAE_EP30,frozen,participant,03,no_augmentation,GAD7,45,ExtraTrees,4.860974,False,models/tsdae_e5_small/ep30,defaults,"{""augmentation"": ""no_augmentation"", ""beto_model"": ""dccuchile/bert-base-spanish-wwm-cased"", ""chunk_stride"": 256, ""max_tokens"": 512, ""n_cv_splits"": 5, ""n_search_iter"": 0, ""seeds"": [42, 43, 44, 45, 46], ""sentence_transformer_model"": ""intfloat/multilingual-e5-small"", ""tfidf_lemmatize"": true, ""tfidf_max_df"": 0.9, ""tfidf_max_features"": 300, ""tfidf_min_df"": 3, ""tfidf_ngram_range"": [1, 2], ""tfidf_normalize_numbers"": true}",2026-09-09T15:59:59
E3_TSDAE_EP30,frozen,participant,03,no_augmentation,GAD7,45,GradientBoosting,5.080035,False,models/tsdae_e5_small/ep30,defaults,"{""augmentation"": ""no_augmentation"", ""beto_model"": ""dccuchile/bert-base-spanish-wwm-cased"", ""chunk_stride"": 256, ""max_tokens"": 512, ""n_cv_splits"": 5, ""n_search_iter"": 0, ""seeds"": [42, 43, 44, 45, 46], ""sentence_transformer_model"": ""intfloat/multilingual-e5-small"", ""tfidf_lemmatize"": true, ""tfidf_max_df"": 0.9, ""tfidf_max_features"": 300, ""tfidf_min_df"": 3, ""tfidf_ngram_range"": [1, 2], ""tfidf_normalize_numbers"": true}",2026-09-09T15:59:59
E3_TSDAE_EP30,frozen,participant,03,no_augmentation,GAD7,45,LightGBM,5.149894,False,models/tsdae_e5_small/ep30,defaults,"{""augmentation"": ""no_augmentation"", ""beto_model"": ""dccuchile/bert-base-spanish-wwm-cased"", ""chunk_stride"": 256, ""max_tokens"": 512, ""n_cv_splits"": 5, ""n_search_iter"": 0, ""seeds"": [42, 43, 44, 45, 46], ""sentence_transformer_model"": ""intfloat/multilingual-e5-small"", ""tfidf_lemmatize"": true, ""tfidf_max_df"": 0.9, ""tfidf_max_features"": 300, ""tfidf_min_df"": 3, ""tfidf_ngram_range"": [1, 2], ""tfidf_normalize_numbers"": true}",2026-09-09T15:59:59
E3_TSDAE_EP30,frozen,participant,03,no_augmentation,GAD7,45,KNN,5.071029,False,models/tsdae_e5_small/ep30,defaults,"{""augmentation"": ""no_augmentation"", ""beto_model"": ""dccuchile/bert-base-spanish-wwm-cased"", ""chunk_stride"": 256, ""max_tokens"": 512, ""n_cv_splits"": 5, ""n_search_iter"": 0, ""seeds"": [42, 43, 44, 45, 46], ""sentence_transformer_model"": ""intfloat/multilingual-e5-small"", ""tfidf_lemmatize"": true, ""tfidf_max_df"": 0.9, ""tfidf_max_features"": 300, ""tfidf_min_df"": 3, ""tfidf_ngram_range"": [1, 2], ""tfidf_normalize_numbers"": true}",2026-09-09T15:59:59
E3_TSDAE_EP30,frozen,participant,03,no_augmentation,GAD7,45,DecisionTree,6.281474,False,models/tsdae_e5_small/ep30,defaults,"{""augmentation"": ""no_augmentation"", ""beto_model"": ""dccuchile/bert-base-spanish-wwm-cased"", ""chunk_stride"": 256, ""max_tokens"": 512, ""n_cv_splits"": 5, ""n_search_iter"": 0, ""seeds"": [42, 43, 44, 45, 46], ""sentence_transformer_model"": ""intfloat/multilingual-e5-small"", ""tfidf_lemmatize"": true, ""tfidf_max_df"": 0.9, ""tfidf_max_features"": 300, ""tfidf_min_df"": 3, ""tfidf_ngram_range"": [1, 2], ""tfidf_normalize_numbers"": true}",2026-09-09T15:59:59
E3_TSDAE_EP30,frozen,participant,03,no_augmentation,GAD7,45,AdaBoost,4.974936,False,models/tsdae_e5_small/ep30,defaults,"{""augmentation"": ""no_augmentation"", ""beto_model"": ""dccuchile/bert-base-spanish-wwm-cased"", ""chunk_stride"": 256, ""max_tokens"": 512, ""n_cv_splits"": 5, ""n_search_iter"": 0, ""seeds"": [42, 43, 44, 45, 46], ""sentence_transformer_model"": ""intfloat/multilingual-e5-small"", ""tfidf_lemmatize"": true, ""tfidf_max_df"": 0.9, ""tfidf_max_features"": 300, ""tfidf_min_df"": 3, ""tfidf_ngram_range"": [1, 2], ""tfidf_normalize_numbers"": true}",2026-09-09T15:59:59
E3_TSDAE_EP30,frozen,participant,03,no_augmentation,PHQ9,46,Ridge,8.063838,False,models/tsdae_e5_small/ep30,defaults,"{""augmentation"": ""no_augmentation"", ""beto_model"": ""dccuchile/bert-base-spanish-wwm-cased"", ""chunk_stride"": 256, ""max_tokens"": 512, ""n_cv_splits"": 5, ""n_search_iter"": 0, ""seeds"": [42, 43, 44, 45, 46], ""sentence_transformer_model"": ""intfloat/multilingual-e5-small"", ""tfidf_lemmatize"": true, ""tfidf_max_df"": 0.9, ""tfidf_max_features"": 300, ""tfidf_min_df"": 3, ""tfidf_ngram_range"": [1, 2], ""tfidf_normalize_numbers"": true}",2026-09-09T16:00:37
E3_TSDAE_EP30,frozen,participant,03,no_augmentation,PHQ9,46,SVR,5.742784,False,models/tsdae_e5_small/ep30,defaults,"{""augmentation"": ""no_augmentation"", ""beto_model"": ""dccuchile/bert-base-spanish-wwm-cased"", ""chunk_stride"": 256, ""max_tokens"": 512, ""n_cv_splits"": 5, ""n_search_iter"": 0, ""seeds"": [42, 43, 44, 45, 46], ""sentence_transformer_model"": ""intfloat/multilingual-e5-small"", ""tfidf_lemmatize"": true, ""tfidf_max_df"": 0.9, ""tfidf_max_features"": 300, ""tfidf_min_df"": 3, ""tfidf_ngram_range"": [1, 2], ""tfidf_normalize_numbers"": true}",2026-09-09T16:00:37
E3_TSDAE_EP30,frozen,participant,03,no_augmentation,PHQ9,46,RandomForest,5.834378,False,models/tsdae_e5_small/ep30,defaults,"{""augmentation"": ""no_augmentation"", ""beto_model"": ""dccuchile/bert-base-spanish-wwm-cased"", ""chunk_stride"": 256, ""max_tokens"": 512, ""n_cv_splits"": 5, ""n_search_iter"": 0, ""seeds"": [42, 43, 44, 45, 46], ""sentence_transformer_model"": ""intfloat/multilingual-e5-small"", ""tfidf_lemmatize"": true, ""tfidf_max_df"": 0.9, ""tfidf_max_features"": 300, ""tfidf_min_df"": 3, ""tfidf_ngram_range"": [1, 2], ""tfidf_normalize_numbers"": true}",2026-09-09T16:00:37
E3_TSDAE_EP30,frozen,participant,03,no_augmentation,PHQ9,46,ExtraTrees,5.833354,False,models/tsdae_e5_small/ep30,defaults,"{""augmentation"": ""no_augmentation"", ""beto_model"": ""dccuchile/bert-base-spanish-wwm-cased"", ""chunk_stride"": 256, ""max_tokens"": 512, ""n_cv_splits"": 5, ""n_search_iter"": 0, ""seeds"": [42, 43, 44, 45, 46], ""sentence_transformer_model"": ""intfloat/multilingual-e5-small"", ""tfidf_lemmatize"": true, ""tfidf_max_df"": 0.9, ""tfidf_max_features"": 300, ""tfidf_min_df"": 3, ""tfidf_ngram_range"": [1, 2], ""tfidf_normalize_numbers"": true}",2026-09-09T16:00:37
E3_TSDAE_EP30,frozen,participant,03,no_augmentation,PHQ9,46,GradientBoosting,5.720905,True,models/tsdae_e5_small/ep30,defaults,"{""augmentation"": ""no_augmentation"", ""beto_model"": ""dccuchile/bert-base-spanish-wwm-cased"", ""chunk_stride"": 256, ""max_tokens"": 512, ""n_cv_splits"": 5, ""n_search_iter"": 0, ""seeds"": [42, 43, 44, 45, 46], ""sentence_transformer_model"": ""intfloat/multilingual-e5-small"", ""tfidf_lemmatize"": true, ""tfidf_max_df"": 0.9, ""tfidf_max_features"": 300, ""tfidf_min_df"": 3, ""tfidf_ngram_range"": [1, 2], ""tfidf_normalize_numbers"": true}",2026-09-09T16:00:37
E3_TSDAE_EP30,frozen,participant,03,no_augmentation,PHQ9,46,LightGBM,5.914505,False,models/tsdae_e5_small/ep30,defaults,"{""augmentation"": ""no_augmentation"", ""beto_model"": ""dccuchile/bert-base-spanish-wwm-cased"", ""chunk_stride"": 256, ""max_tokens"": 512, ""n_cv_splits"": 5, ""n_search_iter"": 0, ""seeds"": [42, 43, 44, 45, 46], ""sentence_transformer_model"": ""intfloat/multilingual-e5-small"", ""tfidf_lemmatize"": true, ""tfidf_max_df"": 0.9, ""tfidf_max_features"": 300, ""tfidf_min_df"": 3, ""tfidf_ngram_range"": [1, 2], ""tfidf_normalize_numbers"": true}",2026-09-09T16:00:37
E3_TSDAE_EP30,frozen,participant,03,no_augmentation,PHQ9,46,KNN,6.038254,False,models/tsdae_e5_small/ep30,defaults,"{""augmentation"": ""no_augmentation"", ""beto_model"": ""dccuchile/bert-base-spanish-wwm-cased"", ""chunk_stride"": 256, ""max_tokens"": 512, ""n_cv_splits"": 5, ""n_search_iter"": 0, ""seeds"": [42, 43, 44, 45, 46], ""sentence_transformer_model"": ""intfloat/multilingual-e5-small"", ""tfidf_lemmatize"": true, ""tfidf_max_df"": 0.9, ""tfidf_max_features"": 300, ""tfidf_min_df"": 3, ""tfidf_ngram_range"": [1, 2], ""tfidf_normalize_numbers"": true}",2026-09-09T16:00:37
E3_TSDAE_EP30,frozen,participant,03,no_augmentation,PHQ9,46,DecisionTree,7.693567,False,models/tsdae_e5_small/ep30,defaults,"{""augmentation"": ""no_augmentation"", ""beto_model"": ""dccuchile/bert-base-spanish-wwm-cased"", ""chunk_stride"": 256, ""max_tokens"": 512, ""n_cv_splits"": 5, ""n_search_iter"": 0, ""seeds"": [42, 43, 44, 45, 46], ""sentence_transformer_model"": ""intfloat/multilingual-e5-small"", ""tfidf_lemmatize"": true, ""tfidf_max_df"": 0.9, ""tfidf_max_features"": 300, ""tfidf_min_df"": 3, ""tfidf_ngram_range"": [1, 2], ""tfidf_normalize_numbers"": true}",2026-09-09T16:00:37
E3_TSDAE_EP30,frozen,participant,03,no_augmentation,PHQ9,46,AdaBoost,5.836871,False,models/tsdae_e5_small/ep30,defaults,"{""augmentation"": ""no_augmentation"", ""beto_model"": ""dccuchile/bert-base-spanish-wwm-cased"", ""chunk_stride"": 256, ""max_tokens"": 512, ""n_cv_splits"": 5, ""n_search_iter"": 0, ""seeds"": [42, 43, 44, 45, 46], ""sentence_transformer_model"": ""intfloat/multilingual-e5-small"", ""tfidf_lemmatize"": true, ""tfidf_max_df"": 0.9, ""tfidf_max_features"": 300, ""tfidf_min_df"": 3, ""tfidf_ngram_range"": [1, 2], ""tfidf_normalize_numbers"": true}",2026-09-09T16:00:37
E3_TSDAE_EP30,frozen,participant,03,no_augmentation,GAD7,46,Ridge,7.716619,False,models/tsdae_e5_small/ep30,defaults,"{""augmentation"": ""no_augmentation"", ""beto_model"": ""dccuchile/bert-base-spanish-wwm-cased"", ""chunk_stride"": 256, ""max_tokens"": 512, ""n_cv_splits"": 5, ""n_search_iter"": 0, ""seeds"": [42, 43, 44, 45, 46], ""sentence_transformer_model"": ""intfloat/multilingual-e5-small"", ""tfidf_lemmatize"": true, ""tfidf_max_df"": 0.9, ""tfidf_max_features"": 300, ""tfidf_min_df"": 3, ""tfidf_ngram_range"": [1, 2], ""tfidf_normalize_numbers"": true}",2026-09-09T16:01:14
E3_TSDAE_EP30,frozen,participant,03,no_augmentation,GAD7,46,SVR,4.915205,False,models/tsdae_e5_small/ep30,defaults,"{""augmentation"": ""no_augmentation"", ""beto_model"": ""dccuchile/bert-base-spanish-wwm-cased"", ""chunk_stride"": 256, ""max_tokens"": 512, ""n_cv_splits"": 5, ""n_search_iter"": 0, ""seeds"": [42, 43, 44, 45, 46], ""sentence_transformer_model"": ""intfloat/multilingual-e5-small"", ""tfidf_lemmatize"": true, ""tfidf_max_df"": 0.9, ""tfidf_max_features"": 300, ""tfidf_min_df"": 3, ""tfidf_ngram_range"": [1, 2], ""tfidf_normalize_numbers"": true}",2026-09-09T16:01:14
E3_TSDAE_EP30,frozen,participant,03,no_augmentation,GAD7,46,RandomForest,4.782068,True,models/tsdae_e5_small/ep30,defaults,"{""augmentation"": ""no_augmentation"", ""beto_model"": ""dccuchile/bert-base-spanish-wwm-cased"", ""chunk_stride"": 256, ""max_tokens"": 512, ""n_cv_splits"": 5, ""n_search_iter"": 0, ""seeds"": [42, 43, 44, 45, 46], ""sentence_transformer_model"": ""intfloat/multilingual-e5-small"", ""tfidf_lemmatize"": true, ""tfidf_max_df"": 0.9, ""tfidf_max_features"": 300, ""tfidf_min_df"": 3, ""tfidf_ngram_range"": [1, 2], ""tfidf_normalize_numbers"": true}",2026-09-09T16:01:14
E3_TSDAE_EP30,frozen,participant,03,no_augmentation,GAD7,46,ExtraTrees,4.796295,False,models/tsdae_e5_small/ep30,defaults,"{""augmentation"": ""no_augmentation"", ""beto_model"": ""dccuchile/bert-base-spanish-wwm-cased"", ""chunk_stride"": 256, ""max_tokens"": 512, ""n_cv_splits"": 5, ""n_search_iter"": 0, ""seeds"": [42, 43, 44, 45, 46], ""sentence_transformer_model"": ""intfloat/multilingual-e5-small"", ""tfidf_lemmatize"": true, ""tfidf_max_df"": 0.9, ""tfidf_max_features"": 300, ""tfidf_min_df"": 3, ""tfidf_ngram_range"": [1, 2], ""tfidf_normalize_numbers"": true}",2026-09-09T16:01:14
E3_TSDAE_EP30,frozen,participant,03,no_augmentation,GAD7,46,GradientBoosting,4.979889,False,models/tsdae_e5_small/ep30,defaults,"{""augmentation"": ""no_augmentation"", ""beto_model"": ""dccuchile/bert-base-spanish-wwm-cased"", ""chunk_stride"": 256, ""max_tokens"": 512, ""n_cv_splits"": 5, ""n_search_iter"": 0, ""seeds"": [42, 43, 44, 45, 46], ""sentence_transformer_model"": ""intfloat/multilingual-e5-small"", ""tfidf_lemmatize"": true, ""tfidf_max_df"": 0.9, ""tfidf_max_features"": 300, ""tfidf_min_df"": 3, ""tfidf_ngram_range"": [1, 2], ""tfidf_normalize_numbers"": true}",2026-09-09T16:01:14
E3_TSDAE_EP30,frozen,participant,03,no_augmentation,GAD7,46,LightGBM,5.204625,False,models/tsdae_e5_small/ep30,defaults,"{""augmentation"": ""no_augmentation"", ""beto_model"": ""dccuchile/bert-base-spanish-wwm-cased"", ""chunk_stride"": 256, ""max_tokens"": 512, ""n_cv_splits"": 5, ""n_search_iter"": 0, ""seeds"": [42, 43, 44, 45, 46], ""sentence_transformer_model"": ""intfloat/multilingual-e5-small"", ""tfidf_lemmatize"": true, ""tfidf_max_df"": 0.9, ""tfidf_max_features"": 300, ""tfidf_min_df"": 3, ""tfidf_ngram_range"": [1, 2], ""tfidf_normalize_numbers"": true}",2026-09-09T16:01:14
E3_TSDAE_EP30,frozen,participant,03,no_augmentation,GAD7,46,KNN,5.074275,False,models/tsdae_e5_small/ep30,defaults,"{""augmentation"": ""no_augmentation"", ""beto_model"": ""dccuchile/bert-base-spanish-wwm-cased"", ""chunk_stride"": 256, ""max_tokens"": 512, ""n_cv_splits"": 5, ""n_search_iter"": 0, ""seeds"": [42, 43, 44, 45, 46], ""sentence_transformer_model"": ""intfloat/multilingual-e5-small"", ""tfidf_lemmatize"": true, ""tfidf_max_df"": 0.9, ""tfidf_max_features"": 300, ""tfidf_min_df"": 3, ""tfidf_ngram_range"": [1, 2], ""tfidf_normalize_numbers"": true}",2026-09-09T16:01:14
E3_TSDAE_EP30,frozen,participant,03,no_augmentation,GAD7,46,DecisionTree,6.366361,False,models/tsdae_e5_small/ep30,defaults,"{""augmentation"": ""no_augmentation"", ""beto_model"": ""dccuchile/bert-base-spanish-wwm-cased"", ""chunk_stride"": 256, ""max_tokens"": 512, ""n_cv_splits"": 5, ""n_search_iter"": 0, ""seeds"": [42, 43, 44, 45, 46], ""sentence_transformer_model"": ""intfloat/multilingual-e5-small"", ""tfidf_lemmatize"": true, ""tfidf_max_df"": 0.9, ""tfidf_max_features"": 300, ""tfidf_min_df"": 3, ""tfidf_ngram_range"": [1, 2], ""tfidf_normalize_numbers"": true}",2026-09-09T16:01:14
E3_TSDAE_EP30,frozen,participant,03,no_augmentation,GAD7,46,AdaBoost,4.884336,False,models/tsdae_e5_small/ep30,defaults,"{""augmentation"": ""no_augmentation"", ""beto_model"": ""dccuchile/bert-base-spanish-wwm-cased"", ""chunk_stride"": 256, ""max_tokens"": 512, ""n_cv_splits"": 5, ""n_search_iter"": 0, ""seeds"": [42, 43, 44, 45, 46], ""sentence_transformer_model"": ""intfloat/multilingual-e5-small"", ""tfidf_lemmatize"": true, ""tfidf_max_df"": 0.9, ""tfidf_max_features"": 300, ""tfidf_min_df"": 3, ""tfidf_ngram_range"": [1, 2], ""tfidf_normalize_numbers"": true}",2026-09-09T16:01:14
