encoder,family,granularity,notebook,augmentation,target,seed,model_name,cv_rmse,is_selected,encoder_model,search,config_json,logged_at
E0_TFIDF_QUESTION,frozen,question,02,no_augmentation,PHQ9,42,Ridge,5.841853,False,,random50,"{""augmentation"": ""no_augmentation"", ""beto_model"": ""dccuchile/bert-base-spanish-wwm-cased"", ""chunk_stride"": 256, ""max_tokens"": 512, ""n_cv_splits"": 5, ""n_search_iter"": 50, ""seeds"": [42, 43, 44, 45, 46], ""sentence_transformer_model"": ""intfloat/multilingual-e5-small"", ""tfidf_lemmatize"": true, ""tfidf_max_df"": 0.9, ""tfidf_max_features"": 300, ""tfidf_min_df"": 3, ""tfidf_ngram_range"": [1, 2], ""tfidf_normalize_numbers"": true}",2026-09-08T16:16:38
E0_TFIDF_QUESTION,frozen,question,02,no_augmentation,PHQ9,42,SVR,5.838747,False,,random50,"{""augmentation"": ""no_augmentation"", ""beto_model"": ""dccuchile/bert-base-spanish-wwm-cased"", ""chunk_stride"": 256, ""max_tokens"": 512, ""n_cv_splits"": 5, ""n_search_iter"": 50, ""seeds"": [42, 43, 44, 45, 46], ""sentence_transformer_model"": ""intfloat/multilingual-e5-small"", ""tfidf_lemmatize"": true, ""tfidf_max_df"": 0.9, ""tfidf_max_features"": 300, ""tfidf_min_df"": 3, ""tfidf_ngram_range"": [1, 2], ""tfidf_normalize_numbers"": true}",2026-09-08T16:16:38
E0_TFIDF_QUESTION,frozen,question,02,no_augmentation,PHQ9,42,RandomForest,5.777328,True,,random50,"{""augmentation"": ""no_augmentation"", ""beto_model"": ""dccuchile/bert-base-spanish-wwm-cased"", ""chunk_stride"": 256, ""max_tokens"": 512, ""n_cv_splits"": 5, ""n_search_iter"": 50, ""seeds"": [42, 43, 44, 45, 46], ""sentence_transformer_model"": ""intfloat/multilingual-e5-small"", ""tfidf_lemmatize"": true, ""tfidf_max_df"": 0.9, ""tfidf_max_features"": 300, ""tfidf_min_df"": 3, ""tfidf_ngram_range"": [1, 2], ""tfidf_normalize_numbers"": true}",2026-09-08T16:16:38
E0_TFIDF_QUESTION,frozen,question,02,no_augmentation,PHQ9,42,ExtraTrees,5.847591,False,,random50,"{""augmentation"": ""no_augmentation"", ""beto_model"": ""dccuchile/bert-base-spanish-wwm-cased"", ""chunk_stride"": 256, ""max_tokens"": 512, ""n_cv_splits"": 5, ""n_search_iter"": 50, ""seeds"": [42, 43, 44, 45, 46], ""sentence_transformer_model"": ""intfloat/multilingual-e5-small"", ""tfidf_lemmatize"": true, ""tfidf_max_df"": 0.9, ""tfidf_max_features"": 300, ""tfidf_min_df"": 3, ""tfidf_ngram_range"": [1, 2], ""tfidf_normalize_numbers"": true}",2026-09-08T16:16:38
E0_TFIDF_QUESTION,frozen,question,02,no_augmentation,PHQ9,42,GradientBoosting,5.84779,False,,random50,"{""augmentation"": ""no_augmentation"", ""beto_model"": ""dccuchile/bert-base-spanish-wwm-cased"", ""chunk_stride"": 256, ""max_tokens"": 512, ""n_cv_splits"": 5, ""n_search_iter"": 50, ""seeds"": [42, 43, 44, 45, 46], ""sentence_transformer_model"": ""intfloat/multilingual-e5-small"", ""tfidf_lemmatize"": true, ""tfidf_max_df"": 0.9, ""tfidf_max_features"": 300, ""tfidf_min_df"": 3, ""tfidf_ngram_range"": [1, 2], ""tfidf_normalize_numbers"": true}",2026-09-08T16:16:38
E0_TFIDF_QUESTION,frozen,question,02,no_augmentation,PHQ9,42,LightGBM,5.802062,False,,random50,"{""augmentation"": ""no_augmentation"", ""beto_model"": ""dccuchile/bert-base-spanish-wwm-cased"", ""chunk_stride"": 256, ""max_tokens"": 512, ""n_cv_splits"": 5, ""n_search_iter"": 50, ""seeds"": [42, 43, 44, 45, 46], ""sentence_transformer_model"": ""intfloat/multilingual-e5-small"", ""tfidf_lemmatize"": true, ""tfidf_max_df"": 0.9, ""tfidf_max_features"": 300, ""tfidf_min_df"": 3, ""tfidf_ngram_range"": [1, 2], ""tfidf_normalize_numbers"": true}",2026-09-08T16:16:38
E0_TFIDF_QUESTION,frozen,question,02,no_augmentation,PHQ9,42,KNN,5.983446,False,,random50,"{""augmentation"": ""no_augmentation"", ""beto_model"": ""dccuchile/bert-base-spanish-wwm-cased"", ""chunk_stride"": 256, ""max_tokens"": 512, ""n_cv_splits"": 5, ""n_search_iter"": 50, ""seeds"": [42, 43, 44, 45, 46], ""sentence_transformer_model"": ""intfloat/multilingual-e5-small"", ""tfidf_lemmatize"": true, ""tfidf_max_df"": 0.9, ""tfidf_max_features"": 300, ""tfidf_min_df"": 3, ""tfidf_ngram_range"": [1, 2], ""tfidf_normalize_numbers"": true}",2026-09-08T16:16:38
E0_TFIDF_QUESTION,frozen,question,02,no_augmentation,PHQ9,42,DecisionTree,6.013222,False,,random50,"{""augmentation"": ""no_augmentation"", ""beto_model"": ""dccuchile/bert-base-spanish-wwm-cased"", ""chunk_stride"": 256, ""max_tokens"": 512, ""n_cv_splits"": 5, ""n_search_iter"": 50, ""seeds"": [42, 43, 44, 45, 46], ""sentence_transformer_model"": ""intfloat/multilingual-e5-small"", ""tfidf_lemmatize"": true, ""tfidf_max_df"": 0.9, ""tfidf_max_features"": 300, ""tfidf_min_df"": 3, ""tfidf_ngram_range"": [1, 2], ""tfidf_normalize_numbers"": true}",2026-09-08T16:16:38
E0_TFIDF_QUESTION,frozen,question,02,no_augmentation,PHQ9,42,AdaBoost,5.868514,False,,random50,"{""augmentation"": ""no_augmentation"", ""beto_model"": ""dccuchile/bert-base-spanish-wwm-cased"", ""chunk_stride"": 256, ""max_tokens"": 512, ""n_cv_splits"": 5, ""n_search_iter"": 50, ""seeds"": [42, 43, 44, 45, 46], ""sentence_transformer_model"": ""intfloat/multilingual-e5-small"", ""tfidf_lemmatize"": true, ""tfidf_max_df"": 0.9, ""tfidf_max_features"": 300, ""tfidf_min_df"": 3, ""tfidf_ngram_range"": [1, 2], ""tfidf_normalize_numbers"": true}",2026-09-08T16:16:38
E0_TFIDF_QUESTION,frozen,question,02,no_augmentation,GAD7,42,Ridge,4.901216,False,,random50,"{""augmentation"": ""no_augmentation"", ""beto_model"": ""dccuchile/bert-base-spanish-wwm-cased"", ""chunk_stride"": 256, ""max_tokens"": 512, ""n_cv_splits"": 5, ""n_search_iter"": 50, ""seeds"": [42, 43, 44, 45, 46], ""sentence_transformer_model"": ""intfloat/multilingual-e5-small"", ""tfidf_lemmatize"": true, ""tfidf_max_df"": 0.9, ""tfidf_max_features"": 300, ""tfidf_min_df"": 3, ""tfidf_ngram_range"": [1, 2], ""tfidf_normalize_numbers"": true}",2026-09-08T16:19:41
E0_TFIDF_QUESTION,frozen,question,02,no_augmentation,GAD7,42,SVR,4.852073,False,,random50,"{""augmentation"": ""no_augmentation"", ""beto_model"": ""dccuchile/bert-base-spanish-wwm-cased"", ""chunk_stride"": 256, ""max_tokens"": 512, ""n_cv_splits"": 5, ""n_search_iter"": 50, ""seeds"": [42, 43, 44, 45, 46], ""sentence_transformer_model"": ""intfloat/multilingual-e5-small"", ""tfidf_lemmatize"": true, ""tfidf_max_df"": 0.9, ""tfidf_max_features"": 300, ""tfidf_min_df"": 3, ""tfidf_ngram_range"": [1, 2], ""tfidf_normalize_numbers"": true}",2026-09-08T16:19:41
E0_TFIDF_QUESTION,frozen,question,02,no_augmentation,GAD7,42,RandomForest,4.818974,True,,random50,"{""augmentation"": ""no_augmentation"", ""beto_model"": ""dccuchile/bert-base-spanish-wwm-cased"", ""chunk_stride"": 256, ""max_tokens"": 512, ""n_cv_splits"": 5, ""n_search_iter"": 50, ""seeds"": [42, 43, 44, 45, 46], ""sentence_transformer_model"": ""intfloat/multilingual-e5-small"", ""tfidf_lemmatize"": true, ""tfidf_max_df"": 0.9, ""tfidf_max_features"": 300, ""tfidf_min_df"": 3, ""tfidf_ngram_range"": [1, 2], ""tfidf_normalize_numbers"": true}",2026-09-08T16:19:41
E0_TFIDF_QUESTION,frozen,question,02,no_augmentation,GAD7,42,ExtraTrees,4.854651,False,,random50,"{""augmentation"": ""no_augmentation"", ""beto_model"": ""dccuchile/bert-base-spanish-wwm-cased"", ""chunk_stride"": 256, ""max_tokens"": 512, ""n_cv_splits"": 5, ""n_search_iter"": 50, ""seeds"": [42, 43, 44, 45, 46], ""sentence_transformer_model"": ""intfloat/multilingual-e5-small"", ""tfidf_lemmatize"": true, ""tfidf_max_df"": 0.9, ""tfidf_max_features"": 300, ""tfidf_min_df"": 3, ""tfidf_ngram_range"": [1, 2], ""tfidf_normalize_numbers"": true}",2026-09-08T16:19:41
E0_TFIDF_QUESTION,frozen,question,02,no_augmentation,GAD7,42,GradientBoosting,4.924509,False,,random50,"{""augmentation"": ""no_augmentation"", ""beto_model"": ""dccuchile/bert-base-spanish-wwm-cased"", ""chunk_stride"": 256, ""max_tokens"": 512, ""n_cv_splits"": 5, ""n_search_iter"": 50, ""seeds"": [42, 43, 44, 45, 46], ""sentence_transformer_model"": ""intfloat/multilingual-e5-small"", ""tfidf_lemmatize"": true, ""tfidf_max_df"": 0.9, ""tfidf_max_features"": 300, ""tfidf_min_df"": 3, ""tfidf_ngram_range"": [1, 2], ""tfidf_normalize_numbers"": true}",2026-09-08T16:19:41
E0_TFIDF_QUESTION,frozen,question,02,no_augmentation,GAD7,42,LightGBM,4.82996,False,,random50,"{""augmentation"": ""no_augmentation"", ""beto_model"": ""dccuchile/bert-base-spanish-wwm-cased"", ""chunk_stride"": 256, ""max_tokens"": 512, ""n_cv_splits"": 5, ""n_search_iter"": 50, ""seeds"": [42, 43, 44, 45, 46], ""sentence_transformer_model"": ""intfloat/multilingual-e5-small"", ""tfidf_lemmatize"": true, ""tfidf_max_df"": 0.9, ""tfidf_max_features"": 300, ""tfidf_min_df"": 3, ""tfidf_ngram_range"": [1, 2], ""tfidf_normalize_numbers"": true}",2026-09-08T16:19:41
E0_TFIDF_QUESTION,frozen,question,02,no_augmentation,GAD7,42,KNN,5.002276,False,,random50,"{""augmentation"": ""no_augmentation"", ""beto_model"": ""dccuchile/bert-base-spanish-wwm-cased"", ""chunk_stride"": 256, ""max_tokens"": 512, ""n_cv_splits"": 5, ""n_search_iter"": 50, ""seeds"": [42, 43, 44, 45, 46], ""sentence_transformer_model"": ""intfloat/multilingual-e5-small"", ""tfidf_lemmatize"": true, ""tfidf_max_df"": 0.9, ""tfidf_max_features"": 300, ""tfidf_min_df"": 3, ""tfidf_ngram_range"": [1, 2], ""tfidf_normalize_numbers"": true}",2026-09-08T16:19:41
E0_TFIDF_QUESTION,frozen,question,02,no_augmentation,GAD7,42,DecisionTree,5.055224,False,,random50,"{""augmentation"": ""no_augmentation"", ""beto_model"": ""dccuchile/bert-base-spanish-wwm-cased"", ""chunk_stride"": 256, ""max_tokens"": 512, ""n_cv_splits"": 5, ""n_search_iter"": 50, ""seeds"": [42, 43, 44, 45, 46], ""sentence_transformer_model"": ""intfloat/multilingual-e5-small"", ""tfidf_lemmatize"": true, ""tfidf_max_df"": 0.9, ""tfidf_max_features"": 300, ""tfidf_min_df"": 3, ""tfidf_ngram_range"": [1, 2], ""tfidf_normalize_numbers"": true}",2026-09-08T16:19:41
E0_TFIDF_QUESTION,frozen,question,02,no_augmentation,GAD7,42,AdaBoost,4.89613,False,,random50,"{""augmentation"": ""no_augmentation"", ""beto_model"": ""dccuchile/bert-base-spanish-wwm-cased"", ""chunk_stride"": 256, ""max_tokens"": 512, ""n_cv_splits"": 5, ""n_search_iter"": 50, ""seeds"": [42, 43, 44, 45, 46], ""sentence_transformer_model"": ""intfloat/multilingual-e5-small"", ""tfidf_lemmatize"": true, ""tfidf_max_df"": 0.9, ""tfidf_max_features"": 300, ""tfidf_min_df"": 3, ""tfidf_ngram_range"": [1, 2], ""tfidf_normalize_numbers"": true}",2026-09-08T16:19:41
E0_TFIDF_QUESTION,frozen,question,02,no_augmentation,PHQ9,43,Ridge,5.924215,False,,random50,"{""augmentation"": ""no_augmentation"", ""beto_model"": ""dccuchile/bert-base-spanish-wwm-cased"", ""chunk_stride"": 256, ""max_tokens"": 512, ""n_cv_splits"": 5, ""n_search_iter"": 50, ""seeds"": [42, 43, 44, 45, 46], ""sentence_transformer_model"": ""intfloat/multilingual-e5-small"", ""tfidf_lemmatize"": true, ""tfidf_max_df"": 0.9, ""tfidf_max_features"": 300, ""tfidf_min_df"": 3, ""tfidf_ngram_range"": [1, 2], ""tfidf_normalize_numbers"": true}",2026-09-08T16:27:17
E0_TFIDF_QUESTION,frozen,question,02,no_augmentation,PHQ9,43,SVR,5.930904,False,,random50,"{""augmentation"": ""no_augmentation"", ""beto_model"": ""dccuchile/bert-base-spanish-wwm-cased"", ""chunk_stride"": 256, ""max_tokens"": 512, ""n_cv_splits"": 5, ""n_search_iter"": 50, ""seeds"": [42, 43, 44, 45, 46], ""sentence_transformer_model"": ""intfloat/multilingual-e5-small"", ""tfidf_lemmatize"": true, ""tfidf_max_df"": 0.9, ""tfidf_max_features"": 300, ""tfidf_min_df"": 3, ""tfidf_ngram_range"": [1, 2], ""tfidf_normalize_numbers"": true}",2026-09-08T16:27:17
E0_TFIDF_QUESTION,frozen,question,02,no_augmentation,PHQ9,43,RandomForest,5.879023,True,,random50,"{""augmentation"": ""no_augmentation"", ""beto_model"": ""dccuchile/bert-base-spanish-wwm-cased"", ""chunk_stride"": 256, ""max_tokens"": 512, ""n_cv_splits"": 5, ""n_search_iter"": 50, ""seeds"": [42, 43, 44, 45, 46], ""sentence_transformer_model"": ""intfloat/multilingual-e5-small"", ""tfidf_lemmatize"": true, ""tfidf_max_df"": 0.9, ""tfidf_max_features"": 300, ""tfidf_min_df"": 3, ""tfidf_ngram_range"": [1, 2], ""tfidf_normalize_numbers"": true}",2026-09-08T16:27:17
E0_TFIDF_QUESTION,frozen,question,02,no_augmentation,PHQ9,43,ExtraTrees,5.89687,False,,random50,"{""augmentation"": ""no_augmentation"", ""beto_model"": ""dccuchile/bert-base-spanish-wwm-cased"", ""chunk_stride"": 256, ""max_tokens"": 512, ""n_cv_splits"": 5, ""n_search_iter"": 50, ""seeds"": [42, 43, 44, 45, 46], ""sentence_transformer_model"": ""intfloat/multilingual-e5-small"", ""tfidf_lemmatize"": true, ""tfidf_max_df"": 0.9, ""tfidf_max_features"": 300, ""tfidf_min_df"": 3, ""tfidf_ngram_range"": [1, 2], ""tfidf_normalize_numbers"": true}",2026-09-08T16:27:17
E0_TFIDF_QUESTION,frozen,question,02,no_augmentation,PHQ9,43,GradientBoosting,6.020877,False,,random50,"{""augmentation"": ""no_augmentation"", ""beto_model"": ""dccuchile/bert-base-spanish-wwm-cased"", ""chunk_stride"": 256, ""max_tokens"": 512, ""n_cv_splits"": 5, ""n_search_iter"": 50, ""seeds"": [42, 43, 44, 45, 46], ""sentence_transformer_model"": ""intfloat/multilingual-e5-small"", ""tfidf_lemmatize"": true, ""tfidf_max_df"": 0.9, ""tfidf_max_features"": 300, ""tfidf_min_df"": 3, ""tfidf_ngram_range"": [1, 2], ""tfidf_normalize_numbers"": true}",2026-09-08T16:27:17
E0_TFIDF_QUESTION,frozen,question,02,no_augmentation,PHQ9,43,LightGBM,6.00355,False,,random50,"{""augmentation"": ""no_augmentation"", ""beto_model"": ""dccuchile/bert-base-spanish-wwm-cased"", ""chunk_stride"": 256, ""max_tokens"": 512, ""n_cv_splits"": 5, ""n_search_iter"": 50, ""seeds"": [42, 43, 44, 45, 46], ""sentence_transformer_model"": ""intfloat/multilingual-e5-small"", ""tfidf_lemmatize"": true, ""tfidf_max_df"": 0.9, ""tfidf_max_features"": 300, ""tfidf_min_df"": 3, ""tfidf_ngram_range"": [1, 2], ""tfidf_normalize_numbers"": true}",2026-09-08T16:27:17
E0_TFIDF_QUESTION,frozen,question,02,no_augmentation,PHQ9,43,KNN,6.119711,False,,random50,"{""augmentation"": ""no_augmentation"", ""beto_model"": ""dccuchile/bert-base-spanish-wwm-cased"", ""chunk_stride"": 256, ""max_tokens"": 512, ""n_cv_splits"": 5, ""n_search_iter"": 50, ""seeds"": [42, 43, 44, 45, 46], ""sentence_transformer_model"": ""intfloat/multilingual-e5-small"", ""tfidf_lemmatize"": true, ""tfidf_max_df"": 0.9, ""tfidf_max_features"": 300, ""tfidf_min_df"": 3, ""tfidf_ngram_range"": [1, 2], ""tfidf_normalize_numbers"": true}",2026-09-08T16:27:17
E0_TFIDF_QUESTION,frozen,question,02,no_augmentation,PHQ9,43,DecisionTree,6.149322,False,,random50,"{""augmentation"": ""no_augmentation"", ""beto_model"": ""dccuchile/bert-base-spanish-wwm-cased"", ""chunk_stride"": 256, ""max_tokens"": 512, ""n_cv_splits"": 5, ""n_search_iter"": 50, ""seeds"": [42, 43, 44, 45, 46], ""sentence_transformer_model"": ""intfloat/multilingual-e5-small"", ""tfidf_lemmatize"": true, ""tfidf_max_df"": 0.9, ""tfidf_max_features"": 300, ""tfidf_min_df"": 3, ""tfidf_ngram_range"": [1, 2], ""tfidf_normalize_numbers"": true}",2026-09-08T16:27:17
E0_TFIDF_QUESTION,frozen,question,02,no_augmentation,PHQ9,43,AdaBoost,6.027753,False,,random50,"{""augmentation"": ""no_augmentation"", ""beto_model"": ""dccuchile/bert-base-spanish-wwm-cased"", ""chunk_stride"": 256, ""max_tokens"": 512, ""n_cv_splits"": 5, ""n_search_iter"": 50, ""seeds"": [42, 43, 44, 45, 46], ""sentence_transformer_model"": ""intfloat/multilingual-e5-small"", ""tfidf_lemmatize"": true, ""tfidf_max_df"": 0.9, ""tfidf_max_features"": 300, ""tfidf_min_df"": 3, ""tfidf_ngram_range"": [1, 2], ""tfidf_normalize_numbers"": true}",2026-09-08T16:27:17
E0_TFIDF_QUESTION,frozen,question,02,no_augmentation,GAD7,43,Ridge,4.907266,False,,random50,"{""augmentation"": ""no_augmentation"", ""beto_model"": ""dccuchile/bert-base-spanish-wwm-cased"", ""chunk_stride"": 256, ""max_tokens"": 512, ""n_cv_splits"": 5, ""n_search_iter"": 50, ""seeds"": [42, 43, 44, 45, 46], ""sentence_transformer_model"": ""intfloat/multilingual-e5-small"", ""tfidf_lemmatize"": true, ""tfidf_max_df"": 0.9, ""tfidf_max_features"": 300, ""tfidf_min_df"": 3, ""tfidf_ngram_range"": [1, 2], ""tfidf_normalize_numbers"": true}",2026-09-08T16:33:57
E0_TFIDF_QUESTION,frozen,question,02,no_augmentation,GAD7,43,SVR,4.906319,False,,random50,"{""augmentation"": ""no_augmentation"", ""beto_model"": ""dccuchile/bert-base-spanish-wwm-cased"", ""chunk_stride"": 256, ""max_tokens"": 512, ""n_cv_splits"": 5, ""n_search_iter"": 50, ""seeds"": [42, 43, 44, 45, 46], ""sentence_transformer_model"": ""intfloat/multilingual-e5-small"", ""tfidf_lemmatize"": true, ""tfidf_max_df"": 0.9, ""tfidf_max_features"": 300, ""tfidf_min_df"": 3, ""tfidf_ngram_range"": [1, 2], ""tfidf_normalize_numbers"": true}",2026-09-08T16:33:57
E0_TFIDF_QUESTION,frozen,question,02,no_augmentation,GAD7,43,RandomForest,4.861978,True,,random50,"{""augmentation"": ""no_augmentation"", ""beto_model"": ""dccuchile/bert-base-spanish-wwm-cased"", ""chunk_stride"": 256, ""max_tokens"": 512, ""n_cv_splits"": 5, ""n_search_iter"": 50, ""seeds"": [42, 43, 44, 45, 46], ""sentence_transformer_model"": ""intfloat/multilingual-e5-small"", ""tfidf_lemmatize"": true, ""tfidf_max_df"": 0.9, ""tfidf_max_features"": 300, ""tfidf_min_df"": 3, ""tfidf_ngram_range"": [1, 2], ""tfidf_normalize_numbers"": true}",2026-09-08T16:33:57
E0_TFIDF_QUESTION,frozen,question,02,no_augmentation,GAD7,43,ExtraTrees,4.882582,False,,random50,"{""augmentation"": ""no_augmentation"", ""beto_model"": ""dccuchile/bert-base-spanish-wwm-cased"", ""chunk_stride"": 256, ""max_tokens"": 512, ""n_cv_splits"": 5, ""n_search_iter"": 50, ""seeds"": [42, 43, 44, 45, 46], ""sentence_transformer_model"": ""intfloat/multilingual-e5-small"", ""tfidf_lemmatize"": true, ""tfidf_max_df"": 0.9, ""tfidf_max_features"": 300, ""tfidf_min_df"": 3, ""tfidf_ngram_range"": [1, 2], ""tfidf_normalize_numbers"": true}",2026-09-08T16:33:57
E0_TFIDF_QUESTION,frozen,question,02,no_augmentation,GAD7,43,GradientBoosting,4.967193,False,,random50,"{""augmentation"": ""no_augmentation"", ""beto_model"": ""dccuchile/bert-base-spanish-wwm-cased"", ""chunk_stride"": 256, ""max_tokens"": 512, ""n_cv_splits"": 5, ""n_search_iter"": 50, ""seeds"": [42, 43, 44, 45, 46], ""sentence_transformer_model"": ""intfloat/multilingual-e5-small"", ""tfidf_lemmatize"": true, ""tfidf_max_df"": 0.9, ""tfidf_max_features"": 300, ""tfidf_min_df"": 3, ""tfidf_ngram_range"": [1, 2], ""tfidf_normalize_numbers"": true}",2026-09-08T16:33:57
E0_TFIDF_QUESTION,frozen,question,02,no_augmentation,GAD7,43,LightGBM,4.910766,False,,random50,"{""augmentation"": ""no_augmentation"", ""beto_model"": ""dccuchile/bert-base-spanish-wwm-cased"", ""chunk_stride"": 256, ""max_tokens"": 512, ""n_cv_splits"": 5, ""n_search_iter"": 50, ""seeds"": [42, 43, 44, 45, 46], ""sentence_transformer_model"": ""intfloat/multilingual-e5-small"", ""tfidf_lemmatize"": true, ""tfidf_max_df"": 0.9, ""tfidf_max_features"": 300, ""tfidf_min_df"": 3, ""tfidf_ngram_range"": [1, 2], ""tfidf_normalize_numbers"": true}",2026-09-08T16:33:57
E0_TFIDF_QUESTION,frozen,question,02,no_augmentation,GAD7,43,KNN,5.042219,False,,random50,"{""augmentation"": ""no_augmentation"", ""beto_model"": ""dccuchile/bert-base-spanish-wwm-cased"", ""chunk_stride"": 256, ""max_tokens"": 512, ""n_cv_splits"": 5, ""n_search_iter"": 50, ""seeds"": [42, 43, 44, 45, 46], ""sentence_transformer_model"": ""intfloat/multilingual-e5-small"", ""tfidf_lemmatize"": true, ""tfidf_max_df"": 0.9, ""tfidf_max_features"": 300, ""tfidf_min_df"": 3, ""tfidf_ngram_range"": [1, 2], ""tfidf_normalize_numbers"": true}",2026-09-08T16:33:57
E0_TFIDF_QUESTION,frozen,question,02,no_augmentation,GAD7,43,DecisionTree,5.070435,False,,random50,"{""augmentation"": ""no_augmentation"", ""beto_model"": ""dccuchile/bert-base-spanish-wwm-cased"", ""chunk_stride"": 256, ""max_tokens"": 512, ""n_cv_splits"": 5, ""n_search_iter"": 50, ""seeds"": [42, 43, 44, 45, 46], ""sentence_transformer_model"": ""intfloat/multilingual-e5-small"", ""tfidf_lemmatize"": true, ""tfidf_max_df"": 0.9, ""tfidf_max_features"": 300, ""tfidf_min_df"": 3, ""tfidf_ngram_range"": [1, 2], ""tfidf_normalize_numbers"": true}",2026-09-08T16:33:57
E0_TFIDF_QUESTION,frozen,question,02,no_augmentation,GAD7,43,AdaBoost,4.896545,False,,random50,"{""augmentation"": ""no_augmentation"", ""beto_model"": ""dccuchile/bert-base-spanish-wwm-cased"", ""chunk_stride"": 256, ""max_tokens"": 512, ""n_cv_splits"": 5, ""n_search_iter"": 50, ""seeds"": [42, 43, 44, 45, 46], ""sentence_transformer_model"": ""intfloat/multilingual-e5-small"", ""tfidf_lemmatize"": true, ""tfidf_max_df"": 0.9, ""tfidf_max_features"": 300, ""tfidf_min_df"": 3, ""tfidf_ngram_range"": [1, 2], ""tfidf_normalize_numbers"": true}",2026-09-08T16:33:57
E0_TFIDF_QUESTION,frozen,question,02,no_augmentation,PHQ9,44,Ridge,6.037706,False,,random50,"{""augmentation"": ""no_augmentation"", ""beto_model"": ""dccuchile/bert-base-spanish-wwm-cased"", ""chunk_stride"": 256, ""max_tokens"": 512, ""n_cv_splits"": 5, ""n_search_iter"": 50, ""seeds"": [42, 43, 44, 45, 46], ""sentence_transformer_model"": ""intfloat/multilingual-e5-small"", ""tfidf_lemmatize"": true, ""tfidf_max_df"": 0.9, ""tfidf_max_features"": 300, ""tfidf_min_df"": 3, ""tfidf_ngram_range"": [1, 2], ""tfidf_normalize_numbers"": true}",2026-09-08T16:35:19
E0_TFIDF_QUESTION,frozen,question,02,no_augmentation,PHQ9,44,SVR,6.012993,False,,random50,"{""augmentation"": ""no_augmentation"", ""beto_model"": ""dccuchile/bert-base-spanish-wwm-cased"", ""chunk_stride"": 256, ""max_tokens"": 512, ""n_cv_splits"": 5, ""n_search_iter"": 50, ""seeds"": [42, 43, 44, 45, 46], ""sentence_transformer_model"": ""intfloat/multilingual-e5-small"", ""tfidf_lemmatize"": true, ""tfidf_max_df"": 0.9, ""tfidf_max_features"": 300, ""tfidf_min_df"": 3, ""tfidf_ngram_range"": [1, 2], ""tfidf_normalize_numbers"": true}",2026-09-08T16:35:19
E0_TFIDF_QUESTION,frozen,question,02,no_augmentation,PHQ9,44,RandomForest,6.01124,True,,random50,"{""augmentation"": ""no_augmentation"", ""beto_model"": ""dccuchile/bert-base-spanish-wwm-cased"", ""chunk_stride"": 256, ""max_tokens"": 512, ""n_cv_splits"": 5, ""n_search_iter"": 50, ""seeds"": [42, 43, 44, 45, 46], ""sentence_transformer_model"": ""intfloat/multilingual-e5-small"", ""tfidf_lemmatize"": true, ""tfidf_max_df"": 0.9, ""tfidf_max_features"": 300, ""tfidf_min_df"": 3, ""tfidf_ngram_range"": [1, 2], ""tfidf_normalize_numbers"": true}",2026-09-08T16:35:19
E0_TFIDF_QUESTION,frozen,question,02,no_augmentation,PHQ9,44,ExtraTrees,6.037374,False,,random50,"{""augmentation"": ""no_augmentation"", ""beto_model"": ""dccuchile/bert-base-spanish-wwm-cased"", ""chunk_stride"": 256, ""max_tokens"": 512, ""n_cv_splits"": 5, ""n_search_iter"": 50, ""seeds"": [42, 43, 44, 45, 46], ""sentence_transformer_model"": ""intfloat/multilingual-e5-small"", ""tfidf_lemmatize"": true, ""tfidf_max_df"": 0.9, ""tfidf_max_features"": 300, ""tfidf_min_df"": 3, ""tfidf_ngram_range"": [1, 2], ""tfidf_normalize_numbers"": true}",2026-09-08T16:35:19
E0_TFIDF_QUESTION,frozen,question,02,no_augmentation,PHQ9,44,GradientBoosting,6.117905,False,,random50,"{""augmentation"": ""no_augmentation"", ""beto_model"": ""dccuchile/bert-base-spanish-wwm-cased"", ""chunk_stride"": 256, ""max_tokens"": 512, ""n_cv_splits"": 5, ""n_search_iter"": 50, ""seeds"": [42, 43, 44, 45, 46], ""sentence_transformer_model"": ""intfloat/multilingual-e5-small"", ""tfidf_lemmatize"": true, ""tfidf_max_df"": 0.9, ""tfidf_max_features"": 300, ""tfidf_min_df"": 3, ""tfidf_ngram_range"": [1, 2], ""tfidf_normalize_numbers"": true}",2026-09-08T16:35:19
E0_TFIDF_QUESTION,frozen,question,02,no_augmentation,PHQ9,44,LightGBM,6.127644,False,,random50,"{""augmentation"": ""no_augmentation"", ""beto_model"": ""dccuchile/bert-base-spanish-wwm-cased"", ""chunk_stride"": 256, ""max_tokens"": 512, ""n_cv_splits"": 5, ""n_search_iter"": 50, ""seeds"": [42, 43, 44, 45, 46], ""sentence_transformer_model"": ""intfloat/multilingual-e5-small"", ""tfidf_lemmatize"": true, ""tfidf_max_df"": 0.9, ""tfidf_max_features"": 300, ""tfidf_min_df"": 3, ""tfidf_ngram_range"": [1, 2], ""tfidf_normalize_numbers"": true}",2026-09-08T16:35:19
E0_TFIDF_QUESTION,frozen,question,02,no_augmentation,PHQ9,44,KNN,6.226299,False,,random50,"{""augmentation"": ""no_augmentation"", ""beto_model"": ""dccuchile/bert-base-spanish-wwm-cased"", ""chunk_stride"": 256, ""max_tokens"": 512, ""n_cv_splits"": 5, ""n_search_iter"": 50, ""seeds"": [42, 43, 44, 45, 46], ""sentence_transformer_model"": ""intfloat/multilingual-e5-small"", ""tfidf_lemmatize"": true, ""tfidf_max_df"": 0.9, ""tfidf_max_features"": 300, ""tfidf_min_df"": 3, ""tfidf_ngram_range"": [1, 2], ""tfidf_normalize_numbers"": true}",2026-09-08T16:35:19
E0_TFIDF_QUESTION,frozen,question,02,no_augmentation,PHQ9,44,DecisionTree,6.241814,False,,random50,"{""augmentation"": ""no_augmentation"", ""beto_model"": ""dccuchile/bert-base-spanish-wwm-cased"", ""chunk_stride"": 256, ""max_tokens"": 512, ""n_cv_splits"": 5, ""n_search_iter"": 50, ""seeds"": [42, 43, 44, 45, 46], ""sentence_transformer_model"": ""intfloat/multilingual-e5-small"", ""tfidf_lemmatize"": true, ""tfidf_max_df"": 0.9, ""tfidf_max_features"": 300, ""tfidf_min_df"": 3, ""tfidf_ngram_range"": [1, 2], ""tfidf_normalize_numbers"": true}",2026-09-08T16:35:19
E0_TFIDF_QUESTION,frozen,question,02,no_augmentation,PHQ9,44,AdaBoost,6.144266,False,,random50,"{""augmentation"": ""no_augmentation"", ""beto_model"": ""dccuchile/bert-base-spanish-wwm-cased"", ""chunk_stride"": 256, ""max_tokens"": 512, ""n_cv_splits"": 5, ""n_search_iter"": 50, ""seeds"": [42, 43, 44, 45, 46], ""sentence_transformer_model"": ""intfloat/multilingual-e5-small"", ""tfidf_lemmatize"": true, ""tfidf_max_df"": 0.9, ""tfidf_max_features"": 300, ""tfidf_min_df"": 3, ""tfidf_ngram_range"": [1, 2], ""tfidf_normalize_numbers"": true}",2026-09-08T16:35:19
E0_TFIDF_QUESTION,frozen,question,02,no_augmentation,GAD7,44,Ridge,4.981013,False,,random50,"{""augmentation"": ""no_augmentation"", ""beto_model"": ""dccuchile/bert-base-spanish-wwm-cased"", ""chunk_stride"": 256, ""max_tokens"": 512, ""n_cv_splits"": 5, ""n_search_iter"": 50, ""seeds"": [42, 43, 44, 45, 46], ""sentence_transformer_model"": ""intfloat/multilingual-e5-small"", ""tfidf_lemmatize"": true, ""tfidf_max_df"": 0.9, ""tfidf_max_features"": 300, ""tfidf_min_df"": 3, ""tfidf_ngram_range"": [1, 2], ""tfidf_normalize_numbers"": true}",2026-09-08T16:36:41
E0_TFIDF_QUESTION,frozen,question,02,no_augmentation,GAD7,44,SVR,4.978393,False,,random50,"{""augmentation"": ""no_augmentation"", ""beto_model"": ""dccuchile/bert-base-spanish-wwm-cased"", ""chunk_stride"": 256, ""max_tokens"": 512, ""n_cv_splits"": 5, ""n_search_iter"": 50, ""seeds"": [42, 43, 44, 45, 46], ""sentence_transformer_model"": ""intfloat/multilingual-e5-small"", ""tfidf_lemmatize"": true, ""tfidf_max_df"": 0.9, ""tfidf_max_features"": 300, ""tfidf_min_df"": 3, ""tfidf_ngram_range"": [1, 2], ""tfidf_normalize_numbers"": true}",2026-09-08T16:36:41
E0_TFIDF_QUESTION,frozen,question,02,no_augmentation,GAD7,44,RandomForest,4.900948,True,,random50,"{""augmentation"": ""no_augmentation"", ""beto_model"": ""dccuchile/bert-base-spanish-wwm-cased"", ""chunk_stride"": 256, ""max_tokens"": 512, ""n_cv_splits"": 5, ""n_search_iter"": 50, ""seeds"": [42, 43, 44, 45, 46], ""sentence_transformer_model"": ""intfloat/multilingual-e5-small"", ""tfidf_lemmatize"": true, ""tfidf_max_df"": 0.9, ""tfidf_max_features"": 300, ""tfidf_min_df"": 3, ""tfidf_ngram_range"": [1, 2], ""tfidf_normalize_numbers"": true}",2026-09-08T16:36:41
E0_TFIDF_QUESTION,frozen,question,02,no_augmentation,GAD7,44,ExtraTrees,4.934188,False,,random50,"{""augmentation"": ""no_augmentation"", ""beto_model"": ""dccuchile/bert-base-spanish-wwm-cased"", ""chunk_stride"": 256, ""max_tokens"": 512, ""n_cv_splits"": 5, ""n_search_iter"": 50, ""seeds"": [42, 43, 44, 45, 46], ""sentence_transformer_model"": ""intfloat/multilingual-e5-small"", ""tfidf_lemmatize"": true, ""tfidf_max_df"": 0.9, ""tfidf_max_features"": 300, ""tfidf_min_df"": 3, ""tfidf_ngram_range"": [1, 2], ""tfidf_normalize_numbers"": true}",2026-09-08T16:36:41
E0_TFIDF_QUESTION,frozen,question,02,no_augmentation,GAD7,44,GradientBoosting,4.973142,False,,random50,"{""augmentation"": ""no_augmentation"", ""beto_model"": ""dccuchile/bert-base-spanish-wwm-cased"", ""chunk_stride"": 256, ""max_tokens"": 512, ""n_cv_splits"": 5, ""n_search_iter"": 50, ""seeds"": [42, 43, 44, 45, 46], ""sentence_transformer_model"": ""intfloat/multilingual-e5-small"", ""tfidf_lemmatize"": true, ""tfidf_max_df"": 0.9, ""tfidf_max_features"": 300, ""tfidf_min_df"": 3, ""tfidf_ngram_range"": [1, 2], ""tfidf_normalize_numbers"": true}",2026-09-08T16:36:41
E0_TFIDF_QUESTION,frozen,question,02,no_augmentation,GAD7,44,LightGBM,4.923671,False,,random50,"{""augmentation"": ""no_augmentation"", ""beto_model"": ""dccuchile/bert-base-spanish-wwm-cased"", ""chunk_stride"": 256, ""max_tokens"": 512, ""n_cv_splits"": 5, ""n_search_iter"": 50, ""seeds"": [42, 43, 44, 45, 46], ""sentence_transformer_model"": ""intfloat/multilingual-e5-small"", ""tfidf_lemmatize"": true, ""tfidf_max_df"": 0.9, ""tfidf_max_features"": 300, ""tfidf_min_df"": 3, ""tfidf_ngram_range"": [1, 2], ""tfidf_normalize_numbers"": true}",2026-09-08T16:36:41
E0_TFIDF_QUESTION,frozen,question,02,no_augmentation,GAD7,44,KNN,5.122933,False,,random50,"{""augmentation"": ""no_augmentation"", ""beto_model"": ""dccuchile/bert-base-spanish-wwm-cased"", ""chunk_stride"": 256, ""max_tokens"": 512, ""n_cv_splits"": 5, ""n_search_iter"": 50, ""seeds"": [42, 43, 44, 45, 46], ""sentence_transformer_model"": ""intfloat/multilingual-e5-small"", ""tfidf_lemmatize"": true, ""tfidf_max_df"": 0.9, ""tfidf_max_features"": 300, ""tfidf_min_df"": 3, ""tfidf_ngram_range"": [1, 2], ""tfidf_normalize_numbers"": true}",2026-09-08T16:36:41
E0_TFIDF_QUESTION,frozen,question,02,no_augmentation,GAD7,44,DecisionTree,5.157253,False,,random50,"{""augmentation"": ""no_augmentation"", ""beto_model"": ""dccuchile/bert-base-spanish-wwm-cased"", ""chunk_stride"": 256, ""max_tokens"": 512, ""n_cv_splits"": 5, ""n_search_iter"": 50, ""seeds"": [42, 43, 44, 45, 46], ""sentence_transformer_model"": ""intfloat/multilingual-e5-small"", ""tfidf_lemmatize"": true, ""tfidf_max_df"": 0.9, ""tfidf_max_features"": 300, ""tfidf_min_df"": 3, ""tfidf_ngram_range"": [1, 2], ""tfidf_normalize_numbers"": true}",2026-09-08T16:36:41
E0_TFIDF_QUESTION,frozen,question,02,no_augmentation,GAD7,44,AdaBoost,4.92755,False,,random50,"{""augmentation"": ""no_augmentation"", ""beto_model"": ""dccuchile/bert-base-spanish-wwm-cased"", ""chunk_stride"": 256, ""max_tokens"": 512, ""n_cv_splits"": 5, ""n_search_iter"": 50, ""seeds"": [42, 43, 44, 45, 46], ""sentence_transformer_model"": ""intfloat/multilingual-e5-small"", ""tfidf_lemmatize"": true, ""tfidf_max_df"": 0.9, ""tfidf_max_features"": 300, ""tfidf_min_df"": 3, ""tfidf_ngram_range"": [1, 2], ""tfidf_normalize_numbers"": true}",2026-09-08T16:36:41
E0_TFIDF_QUESTION,frozen,question,02,no_augmentation,PHQ9,45,Ridge,5.916309,False,,random50,"{""augmentation"": ""no_augmentation"", ""beto_model"": ""dccuchile/bert-base-spanish-wwm-cased"", ""chunk_stride"": 256, ""max_tokens"": 512, ""n_cv_splits"": 5, ""n_search_iter"": 50, ""seeds"": [42, 43, 44, 45, 46], ""sentence_transformer_model"": ""intfloat/multilingual-e5-small"", ""tfidf_lemmatize"": true, ""tfidf_max_df"": 0.9, ""tfidf_max_features"": 300, ""tfidf_min_df"": 3, ""tfidf_ngram_range"": [1, 2], ""tfidf_normalize_numbers"": true}",2026-09-08T16:38:10
E0_TFIDF_QUESTION,frozen,question,02,no_augmentation,PHQ9,45,SVR,5.928682,False,,random50,"{""augmentation"": ""no_augmentation"", ""beto_model"": ""dccuchile/bert-base-spanish-wwm-cased"", ""chunk_stride"": 256, ""max_tokens"": 512, ""n_cv_splits"": 5, ""n_search_iter"": 50, ""seeds"": [42, 43, 44, 45, 46], ""sentence_transformer_model"": ""intfloat/multilingual-e5-small"", ""tfidf_lemmatize"": true, ""tfidf_max_df"": 0.9, ""tfidf_max_features"": 300, ""tfidf_min_df"": 3, ""tfidf_ngram_range"": [1, 2], ""tfidf_normalize_numbers"": true}",2026-09-08T16:38:10
E0_TFIDF_QUESTION,frozen,question,02,no_augmentation,PHQ9,45,RandomForest,5.868421,True,,random50,"{""augmentation"": ""no_augmentation"", ""beto_model"": ""dccuchile/bert-base-spanish-wwm-cased"", ""chunk_stride"": 256, ""max_tokens"": 512, ""n_cv_splits"": 5, ""n_search_iter"": 50, ""seeds"": [42, 43, 44, 45, 46], ""sentence_transformer_model"": ""intfloat/multilingual-e5-small"", ""tfidf_lemmatize"": true, ""tfidf_max_df"": 0.9, ""tfidf_max_features"": 300, ""tfidf_min_df"": 3, ""tfidf_ngram_range"": [1, 2], ""tfidf_normalize_numbers"": true}",2026-09-08T16:38:10
E0_TFIDF_QUESTION,frozen,question,02,no_augmentation,PHQ9,45,ExtraTrees,5.896162,False,,random50,"{""augmentation"": ""no_augmentation"", ""beto_model"": ""dccuchile/bert-base-spanish-wwm-cased"", ""chunk_stride"": 256, ""max_tokens"": 512, ""n_cv_splits"": 5, ""n_search_iter"": 50, ""seeds"": [42, 43, 44, 45, 46], ""sentence_transformer_model"": ""intfloat/multilingual-e5-small"", ""tfidf_lemmatize"": true, ""tfidf_max_df"": 0.9, ""tfidf_max_features"": 300, ""tfidf_min_df"": 3, ""tfidf_ngram_range"": [1, 2], ""tfidf_normalize_numbers"": true}",2026-09-08T16:38:10
E0_TFIDF_QUESTION,frozen,question,02,no_augmentation,PHQ9,45,GradientBoosting,5.935777,False,,random50,"{""augmentation"": ""no_augmentation"", ""beto_model"": ""dccuchile/bert-base-spanish-wwm-cased"", ""chunk_stride"": 256, ""max_tokens"": 512, ""n_cv_splits"": 5, ""n_search_iter"": 50, ""seeds"": [42, 43, 44, 45, 46], ""sentence_transformer_model"": ""intfloat/multilingual-e5-small"", ""tfidf_lemmatize"": true, ""tfidf_max_df"": 0.9, ""tfidf_max_features"": 300, ""tfidf_min_df"": 3, ""tfidf_ngram_range"": [1, 2], ""tfidf_normalize_numbers"": true}",2026-09-08T16:38:10
E0_TFIDF_QUESTION,frozen,question,02,no_augmentation,PHQ9,45,LightGBM,5.999566,False,,random50,"{""augmentation"": ""no_augmentation"", ""beto_model"": ""dccuchile/bert-base-spanish-wwm-cased"", ""chunk_stride"": 256, ""max_tokens"": 512, ""n_cv_splits"": 5, ""n_search_iter"": 50, ""seeds"": [42, 43, 44, 45, 46], ""sentence_transformer_model"": ""intfloat/multilingual-e5-small"", ""tfidf_lemmatize"": true, ""tfidf_max_df"": 0.9, ""tfidf_max_features"": 300, ""tfidf_min_df"": 3, ""tfidf_ngram_range"": [1, 2], ""tfidf_normalize_numbers"": true}",2026-09-08T16:38:10
E0_TFIDF_QUESTION,frozen,question,02,no_augmentation,PHQ9,45,KNN,6.047504,False,,random50,"{""augmentation"": ""no_augmentation"", ""beto_model"": ""dccuchile/bert-base-spanish-wwm-cased"", ""chunk_stride"": 256, ""max_tokens"": 512, ""n_cv_splits"": 5, ""n_search_iter"": 50, ""seeds"": [42, 43, 44, 45, 46], ""sentence_transformer_model"": ""intfloat/multilingual-e5-small"", ""tfidf_lemmatize"": true, ""tfidf_max_df"": 0.9, ""tfidf_max_features"": 300, ""tfidf_min_df"": 3, ""tfidf_ngram_range"": [1, 2], ""tfidf_normalize_numbers"": true}",2026-09-08T16:38:10
E0_TFIDF_QUESTION,frozen,question,02,no_augmentation,PHQ9,45,DecisionTree,6.114475,False,,random50,"{""augmentation"": ""no_augmentation"", ""beto_model"": ""dccuchile/bert-base-spanish-wwm-cased"", ""chunk_stride"": 256, ""max_tokens"": 512, ""n_cv_splits"": 5, ""n_search_iter"": 50, ""seeds"": [42, 43, 44, 45, 46], ""sentence_transformer_model"": ""intfloat/multilingual-e5-small"", ""tfidf_lemmatize"": true, ""tfidf_max_df"": 0.9, ""tfidf_max_features"": 300, ""tfidf_min_df"": 3, ""tfidf_ngram_range"": [1, 2], ""tfidf_normalize_numbers"": true}",2026-09-08T16:38:10
E0_TFIDF_QUESTION,frozen,question,02,no_augmentation,PHQ9,45,AdaBoost,6.086256,False,,random50,"{""augmentation"": ""no_augmentation"", ""beto_model"": ""dccuchile/bert-base-spanish-wwm-cased"", ""chunk_stride"": 256, ""max_tokens"": 512, ""n_cv_splits"": 5, ""n_search_iter"": 50, ""seeds"": [42, 43, 44, 45, 46], ""sentence_transformer_model"": ""intfloat/multilingual-e5-small"", ""tfidf_lemmatize"": true, ""tfidf_max_df"": 0.9, ""tfidf_max_features"": 300, ""tfidf_min_df"": 3, ""tfidf_ngram_range"": [1, 2], ""tfidf_normalize_numbers"": true}",2026-09-08T16:38:10
E0_TFIDF_QUESTION,frozen,question,02,no_augmentation,GAD7,45,Ridge,4.998393,False,,random50,"{""augmentation"": ""no_augmentation"", ""beto_model"": ""dccuchile/bert-base-spanish-wwm-cased"", ""chunk_stride"": 256, ""max_tokens"": 512, ""n_cv_splits"": 5, ""n_search_iter"": 50, ""seeds"": [42, 43, 44, 45, 46], ""sentence_transformer_model"": ""intfloat/multilingual-e5-small"", ""tfidf_lemmatize"": true, ""tfidf_max_df"": 0.9, ""tfidf_max_features"": 300, ""tfidf_min_df"": 3, ""tfidf_ngram_range"": [1, 2], ""tfidf_normalize_numbers"": true}",2026-09-08T16:39:44
E0_TFIDF_QUESTION,frozen,question,02,no_augmentation,GAD7,45,SVR,4.971638,False,,random50,"{""augmentation"": ""no_augmentation"", ""beto_model"": ""dccuchile/bert-base-spanish-wwm-cased"", ""chunk_stride"": 256, ""max_tokens"": 512, ""n_cv_splits"": 5, ""n_search_iter"": 50, ""seeds"": [42, 43, 44, 45, 46], ""sentence_transformer_model"": ""intfloat/multilingual-e5-small"", ""tfidf_lemmatize"": true, ""tfidf_max_df"": 0.9, ""tfidf_max_features"": 300, ""tfidf_min_df"": 3, ""tfidf_ngram_range"": [1, 2], ""tfidf_normalize_numbers"": true}",2026-09-08T16:39:44
E0_TFIDF_QUESTION,frozen,question,02,no_augmentation,GAD7,45,RandomForest,4.902922,False,,random50,"{""augmentation"": ""no_augmentation"", ""beto_model"": ""dccuchile/bert-base-spanish-wwm-cased"", ""chunk_stride"": 256, ""max_tokens"": 512, ""n_cv_splits"": 5, ""n_search_iter"": 50, ""seeds"": [42, 43, 44, 45, 46], ""sentence_transformer_model"": ""intfloat/multilingual-e5-small"", ""tfidf_lemmatize"": true, ""tfidf_max_df"": 0.9, ""tfidf_max_features"": 300, ""tfidf_min_df"": 3, ""tfidf_ngram_range"": [1, 2], ""tfidf_normalize_numbers"": true}",2026-09-08T16:39:44
E0_TFIDF_QUESTION,frozen,question,02,no_augmentation,GAD7,45,ExtraTrees,4.901389,True,,random50,"{""augmentation"": ""no_augmentation"", ""beto_model"": ""dccuchile/bert-base-spanish-wwm-cased"", ""chunk_stride"": 256, ""max_tokens"": 512, ""n_cv_splits"": 5, ""n_search_iter"": 50, ""seeds"": [42, 43, 44, 45, 46], ""sentence_transformer_model"": ""intfloat/multilingual-e5-small"", ""tfidf_lemmatize"": true, ""tfidf_max_df"": 0.9, ""tfidf_max_features"": 300, ""tfidf_min_df"": 3, ""tfidf_ngram_range"": [1, 2], ""tfidf_normalize_numbers"": true}",2026-09-08T16:39:44
E0_TFIDF_QUESTION,frozen,question,02,no_augmentation,GAD7,45,GradientBoosting,4.995053,False,,random50,"{""augmentation"": ""no_augmentation"", ""beto_model"": ""dccuchile/bert-base-spanish-wwm-cased"", ""chunk_stride"": 256, ""max_tokens"": 512, ""n_cv_splits"": 5, ""n_search_iter"": 50, ""seeds"": [42, 43, 44, 45, 46], ""sentence_transformer_model"": ""intfloat/multilingual-e5-small"", ""tfidf_lemmatize"": true, ""tfidf_max_df"": 0.9, ""tfidf_max_features"": 300, ""tfidf_min_df"": 3, ""tfidf_ngram_range"": [1, 2], ""tfidf_normalize_numbers"": true}",2026-09-08T16:39:44
E0_TFIDF_QUESTION,frozen,question,02,no_augmentation,GAD7,45,LightGBM,4.94437,False,,random50,"{""augmentation"": ""no_augmentation"", ""beto_model"": ""dccuchile/bert-base-spanish-wwm-cased"", ""chunk_stride"": 256, ""max_tokens"": 512, ""n_cv_splits"": 5, ""n_search_iter"": 50, ""seeds"": [42, 43, 44, 45, 46], ""sentence_transformer_model"": ""intfloat/multilingual-e5-small"", ""tfidf_lemmatize"": true, ""tfidf_max_df"": 0.9, ""tfidf_max_features"": 300, ""tfidf_min_df"": 3, ""tfidf_ngram_range"": [1, 2], ""tfidf_normalize_numbers"": true}",2026-09-08T16:39:44
E0_TFIDF_QUESTION,frozen,question,02,no_augmentation,GAD7,45,KNN,5.066569,False,,random50,"{""augmentation"": ""no_augmentation"", ""beto_model"": ""dccuchile/bert-base-spanish-wwm-cased"", ""chunk_stride"": 256, ""max_tokens"": 512, ""n_cv_splits"": 5, ""n_search_iter"": 50, ""seeds"": [42, 43, 44, 45, 46], ""sentence_transformer_model"": ""intfloat/multilingual-e5-small"", ""tfidf_lemmatize"": true, ""tfidf_max_df"": 0.9, ""tfidf_max_features"": 300, ""tfidf_min_df"": 3, ""tfidf_ngram_range"": [1, 2], ""tfidf_normalize_numbers"": true}",2026-09-08T16:39:44
E0_TFIDF_QUESTION,frozen,question,02,no_augmentation,GAD7,45,DecisionTree,5.178251,False,,random50,"{""augmentation"": ""no_augmentation"", ""beto_model"": ""dccuchile/bert-base-spanish-wwm-cased"", ""chunk_stride"": 256, ""max_tokens"": 512, ""n_cv_splits"": 5, ""n_search_iter"": 50, ""seeds"": [42, 43, 44, 45, 46], ""sentence_transformer_model"": ""intfloat/multilingual-e5-small"", ""tfidf_lemmatize"": true, ""tfidf_max_df"": 0.9, ""tfidf_max_features"": 300, ""tfidf_min_df"": 3, ""tfidf_ngram_range"": [1, 2], ""tfidf_normalize_numbers"": true}",2026-09-08T16:39:44
E0_TFIDF_QUESTION,frozen,question,02,no_augmentation,GAD7,45,AdaBoost,5.062,False,,random50,"{""augmentation"": ""no_augmentation"", ""beto_model"": ""dccuchile/bert-base-spanish-wwm-cased"", ""chunk_stride"": 256, ""max_tokens"": 512, ""n_cv_splits"": 5, ""n_search_iter"": 50, ""seeds"": [42, 43, 44, 45, 46], ""sentence_transformer_model"": ""intfloat/multilingual-e5-small"", ""tfidf_lemmatize"": true, ""tfidf_max_df"": 0.9, ""tfidf_max_features"": 300, ""tfidf_min_df"": 3, ""tfidf_ngram_range"": [1, 2], ""tfidf_normalize_numbers"": true}",2026-09-08T16:39:44
E0_TFIDF_QUESTION,frozen,question,02,no_augmentation,PHQ9,46,Ridge,5.894748,False,,random50,"{""augmentation"": ""no_augmentation"", ""beto_model"": ""dccuchile/bert-base-spanish-wwm-cased"", ""chunk_stride"": 256, ""max_tokens"": 512, ""n_cv_splits"": 5, ""n_search_iter"": 50, ""seeds"": [42, 43, 44, 45, 46], ""sentence_transformer_model"": ""intfloat/multilingual-e5-small"", ""tfidf_lemmatize"": true, ""tfidf_max_df"": 0.9, ""tfidf_max_features"": 300, ""tfidf_min_df"": 3, ""tfidf_ngram_range"": [1, 2], ""tfidf_normalize_numbers"": true}",2026-09-08T16:41:10
E0_TFIDF_QUESTION,frozen,question,02,no_augmentation,PHQ9,46,SVR,5.890692,False,,random50,"{""augmentation"": ""no_augmentation"", ""beto_model"": ""dccuchile/bert-base-spanish-wwm-cased"", ""chunk_stride"": 256, ""max_tokens"": 512, ""n_cv_splits"": 5, ""n_search_iter"": 50, ""seeds"": [42, 43, 44, 45, 46], ""sentence_transformer_model"": ""intfloat/multilingual-e5-small"", ""tfidf_lemmatize"": true, ""tfidf_max_df"": 0.9, ""tfidf_max_features"": 300, ""tfidf_min_df"": 3, ""tfidf_ngram_range"": [1, 2], ""tfidf_normalize_numbers"": true}",2026-09-08T16:41:10
E0_TFIDF_QUESTION,frozen,question,02,no_augmentation,PHQ9,46,RandomForest,5.823083,True,,random50,"{""augmentation"": ""no_augmentation"", ""beto_model"": ""dccuchile/bert-base-spanish-wwm-cased"", ""chunk_stride"": 256, ""max_tokens"": 512, ""n_cv_splits"": 5, ""n_search_iter"": 50, ""seeds"": [42, 43, 44, 45, 46], ""sentence_transformer_model"": ""intfloat/multilingual-e5-small"", ""tfidf_lemmatize"": true, ""tfidf_max_df"": 0.9, ""tfidf_max_features"": 300, ""tfidf_min_df"": 3, ""tfidf_ngram_range"": [1, 2], ""tfidf_normalize_numbers"": true}",2026-09-08T16:41:10
E0_TFIDF_QUESTION,frozen,question,02,no_augmentation,PHQ9,46,ExtraTrees,5.856768,False,,random50,"{""augmentation"": ""no_augmentation"", ""beto_model"": ""dccuchile/bert-base-spanish-wwm-cased"", ""chunk_stride"": 256, ""max_tokens"": 512, ""n_cv_splits"": 5, ""n_search_iter"": 50, ""seeds"": [42, 43, 44, 45, 46], ""sentence_transformer_model"": ""intfloat/multilingual-e5-small"", ""tfidf_lemmatize"": true, ""tfidf_max_df"": 0.9, ""tfidf_max_features"": 300, ""tfidf_min_df"": 3, ""tfidf_ngram_range"": [1, 2], ""tfidf_normalize_numbers"": true}",2026-09-08T16:41:10
E0_TFIDF_QUESTION,frozen,question,02,no_augmentation,PHQ9,46,GradientBoosting,5.896231,False,,random50,"{""augmentation"": ""no_augmentation"", ""beto_model"": ""dccuchile/bert-base-spanish-wwm-cased"", ""chunk_stride"": 256, ""max_tokens"": 512, ""n_cv_splits"": 5, ""n_search_iter"": 50, ""seeds"": [42, 43, 44, 45, 46], ""sentence_transformer_model"": ""intfloat/multilingual-e5-small"", ""tfidf_lemmatize"": true, ""tfidf_max_df"": 0.9, ""tfidf_max_features"": 300, ""tfidf_min_df"": 3, ""tfidf_ngram_range"": [1, 2], ""tfidf_normalize_numbers"": true}",2026-09-08T16:41:10
E0_TFIDF_QUESTION,frozen,question,02,no_augmentation,PHQ9,46,LightGBM,5.857028,False,,random50,"{""augmentation"": ""no_augmentation"", ""beto_model"": ""dccuchile/bert-base-spanish-wwm-cased"", ""chunk_stride"": 256, ""max_tokens"": 512, ""n_cv_splits"": 5, ""n_search_iter"": 50, ""seeds"": [42, 43, 44, 45, 46], ""sentence_transformer_model"": ""intfloat/multilingual-e5-small"", ""tfidf_lemmatize"": true, ""tfidf_max_df"": 0.9, ""tfidf_max_features"": 300, ""tfidf_min_df"": 3, ""tfidf_ngram_range"": [1, 2], ""tfidf_normalize_numbers"": true}",2026-09-08T16:41:10
E0_TFIDF_QUESTION,frozen,question,02,no_augmentation,PHQ9,46,KNN,6.00341,False,,random50,"{""augmentation"": ""no_augmentation"", ""beto_model"": ""dccuchile/bert-base-spanish-wwm-cased"", ""chunk_stride"": 256, ""max_tokens"": 512, ""n_cv_splits"": 5, ""n_search_iter"": 50, ""seeds"": [42, 43, 44, 45, 46], ""sentence_transformer_model"": ""intfloat/multilingual-e5-small"", ""tfidf_lemmatize"": true, ""tfidf_max_df"": 0.9, ""tfidf_max_features"": 300, ""tfidf_min_df"": 3, ""tfidf_ngram_range"": [1, 2], ""tfidf_normalize_numbers"": true}",2026-09-08T16:41:10
E0_TFIDF_QUESTION,frozen,question,02,no_augmentation,PHQ9,46,DecisionTree,6.029361,False,,random50,"{""augmentation"": ""no_augmentation"", ""beto_model"": ""dccuchile/bert-base-spanish-wwm-cased"", ""chunk_stride"": 256, ""max_tokens"": 512, ""n_cv_splits"": 5, ""n_search_iter"": 50, ""seeds"": [42, 43, 44, 45, 46], ""sentence_transformer_model"": ""intfloat/multilingual-e5-small"", ""tfidf_lemmatize"": true, ""tfidf_max_df"": 0.9, ""tfidf_max_features"": 300, ""tfidf_min_df"": 3, ""tfidf_ngram_range"": [1, 2], ""tfidf_normalize_numbers"": true}",2026-09-08T16:41:10
E0_TFIDF_QUESTION,frozen,question,02,no_augmentation,PHQ9,46,AdaBoost,5.926702,False,,random50,"{""augmentation"": ""no_augmentation"", ""beto_model"": ""dccuchile/bert-base-spanish-wwm-cased"", ""chunk_stride"": 256, ""max_tokens"": 512, ""n_cv_splits"": 5, ""n_search_iter"": 50, ""seeds"": [42, 43, 44, 45, 46], ""sentence_transformer_model"": ""intfloat/multilingual-e5-small"", ""tfidf_lemmatize"": true, ""tfidf_max_df"": 0.9, ""tfidf_max_features"": 300, ""tfidf_min_df"": 3, ""tfidf_ngram_range"": [1, 2], ""tfidf_normalize_numbers"": true}",2026-09-08T16:41:10
E0_TFIDF_QUESTION,frozen,question,02,no_augmentation,GAD7,46,Ridge,4.902443,False,,random50,"{""augmentation"": ""no_augmentation"", ""beto_model"": ""dccuchile/bert-base-spanish-wwm-cased"", ""chunk_stride"": 256, ""max_tokens"": 512, ""n_cv_splits"": 5, ""n_search_iter"": 50, ""seeds"": [42, 43, 44, 45, 46], ""sentence_transformer_model"": ""intfloat/multilingual-e5-small"", ""tfidf_lemmatize"": true, ""tfidf_max_df"": 0.9, ""tfidf_max_features"": 300, ""tfidf_min_df"": 3, ""tfidf_ngram_range"": [1, 2], ""tfidf_normalize_numbers"": true}",2026-09-08T16:42:35
E0_TFIDF_QUESTION,frozen,question,02,no_augmentation,GAD7,46,SVR,4.932536,False,,random50,"{""augmentation"": ""no_augmentation"", ""beto_model"": ""dccuchile/bert-base-spanish-wwm-cased"", ""chunk_stride"": 256, ""max_tokens"": 512, ""n_cv_splits"": 5, ""n_search_iter"": 50, ""seeds"": [42, 43, 44, 45, 46], ""sentence_transformer_model"": ""intfloat/multilingual-e5-small"", ""tfidf_lemmatize"": true, ""tfidf_max_df"": 0.9, ""tfidf_max_features"": 300, ""tfidf_min_df"": 3, ""tfidf_ngram_range"": [1, 2], ""tfidf_normalize_numbers"": true}",2026-09-08T16:42:35
E0_TFIDF_QUESTION,frozen,question,02,no_augmentation,GAD7,46,RandomForest,4.826887,True,,random50,"{""augmentation"": ""no_augmentation"", ""beto_model"": ""dccuchile/bert-base-spanish-wwm-cased"", ""chunk_stride"": 256, ""max_tokens"": 512, ""n_cv_splits"": 5, ""n_search_iter"": 50, ""seeds"": [42, 43, 44, 45, 46], ""sentence_transformer_model"": ""intfloat/multilingual-e5-small"", ""tfidf_lemmatize"": true, ""tfidf_max_df"": 0.9, ""tfidf_max_features"": 300, ""tfidf_min_df"": 3, ""tfidf_ngram_range"": [1, 2], ""tfidf_normalize_numbers"": true}",2026-09-08T16:42:35
E0_TFIDF_QUESTION,frozen,question,02,no_augmentation,GAD7,46,ExtraTrees,4.864423,False,,random50,"{""augmentation"": ""no_augmentation"", ""beto_model"": ""dccuchile/bert-base-spanish-wwm-cased"", ""chunk_stride"": 256, ""max_tokens"": 512, ""n_cv_splits"": 5, ""n_search_iter"": 50, ""seeds"": [42, 43, 44, 45, 46], ""sentence_transformer_model"": ""intfloat/multilingual-e5-small"", ""tfidf_lemmatize"": true, ""tfidf_max_df"": 0.9, ""tfidf_max_features"": 300, ""tfidf_min_df"": 3, ""tfidf_ngram_range"": [1, 2], ""tfidf_normalize_numbers"": true}",2026-09-08T16:42:35
E0_TFIDF_QUESTION,frozen,question,02,no_augmentation,GAD7,46,GradientBoosting,4.888383,False,,random50,"{""augmentation"": ""no_augmentation"", ""beto_model"": ""dccuchile/bert-base-spanish-wwm-cased"", ""chunk_stride"": 256, ""max_tokens"": 512, ""n_cv_splits"": 5, ""n_search_iter"": 50, ""seeds"": [42, 43, 44, 45, 46], ""sentence_transformer_model"": ""intfloat/multilingual-e5-small"", ""tfidf_lemmatize"": true, ""tfidf_max_df"": 0.9, ""tfidf_max_features"": 300, ""tfidf_min_df"": 3, ""tfidf_ngram_range"": [1, 2], ""tfidf_normalize_numbers"": true}",2026-09-08T16:42:35
E0_TFIDF_QUESTION,frozen,question,02,no_augmentation,GAD7,46,LightGBM,4.82696,False,,random50,"{""augmentation"": ""no_augmentation"", ""beto_model"": ""dccuchile/bert-base-spanish-wwm-cased"", ""chunk_stride"": 256, ""max_tokens"": 512, ""n_cv_splits"": 5, ""n_search_iter"": 50, ""seeds"": [42, 43, 44, 45, 46], ""sentence_transformer_model"": ""intfloat/multilingual-e5-small"", ""tfidf_lemmatize"": true, ""tfidf_max_df"": 0.9, ""tfidf_max_features"": 300, ""tfidf_min_df"": 3, ""tfidf_ngram_range"": [1, 2], ""tfidf_normalize_numbers"": true}",2026-09-08T16:42:35
E0_TFIDF_QUESTION,frozen,question,02,no_augmentation,GAD7,46,KNN,5.011465,False,,random50,"{""augmentation"": ""no_augmentation"", ""beto_model"": ""dccuchile/bert-base-spanish-wwm-cased"", ""chunk_stride"": 256, ""max_tokens"": 512, ""n_cv_splits"": 5, ""n_search_iter"": 50, ""seeds"": [42, 43, 44, 45, 46], ""sentence_transformer_model"": ""intfloat/multilingual-e5-small"", ""tfidf_lemmatize"": true, ""tfidf_max_df"": 0.9, ""tfidf_max_features"": 300, ""tfidf_min_df"": 3, ""tfidf_ngram_range"": [1, 2], ""tfidf_normalize_numbers"": true}",2026-09-08T16:42:35
E0_TFIDF_QUESTION,frozen,question,02,no_augmentation,GAD7,46,DecisionTree,5.08831,False,,random50,"{""augmentation"": ""no_augmentation"", ""beto_model"": ""dccuchile/bert-base-spanish-wwm-cased"", ""chunk_stride"": 256, ""max_tokens"": 512, ""n_cv_splits"": 5, ""n_search_iter"": 50, ""seeds"": [42, 43, 44, 45, 46], ""sentence_transformer_model"": ""intfloat/multilingual-e5-small"", ""tfidf_lemmatize"": true, ""tfidf_max_df"": 0.9, ""tfidf_max_features"": 300, ""tfidf_min_df"": 3, ""tfidf_ngram_range"": [1, 2], ""tfidf_normalize_numbers"": true}",2026-09-08T16:42:35
E0_TFIDF_QUESTION,frozen,question,02,no_augmentation,GAD7,46,AdaBoost,4.851918,False,,random50,"{""augmentation"": ""no_augmentation"", ""beto_model"": ""dccuchile/bert-base-spanish-wwm-cased"", ""chunk_stride"": 256, ""max_tokens"": 512, ""n_cv_splits"": 5, ""n_search_iter"": 50, ""seeds"": [42, 43, 44, 45, 46], ""sentence_transformer_model"": ""intfloat/multilingual-e5-small"", ""tfidf_lemmatize"": true, ""tfidf_max_df"": 0.9, ""tfidf_max_features"": 300, ""tfidf_min_df"": 3, ""tfidf_ngram_range"": [1, 2], ""tfidf_normalize_numbers"": true}",2026-09-08T16:42:35
E1_BETO_QUESTION,frozen,question,02,no_augmentation,PHQ9,42,Ridge,5.703621,False,,random50,"{""augmentation"": ""no_augmentation"", ""beto_model"": ""dccuchile/bert-base-spanish-wwm-cased"", ""chunk_stride"": 256, ""max_tokens"": 512, ""n_cv_splits"": 5, ""n_search_iter"": 50, ""seeds"": [42, 43, 44, 45, 46], ""sentence_transformer_model"": ""intfloat/multilingual-e5-small"", ""tfidf_lemmatize"": true, ""tfidf_max_df"": 0.9, ""tfidf_max_features"": 300, ""tfidf_min_df"": 3, ""tfidf_ngram_range"": [1, 2], ""tfidf_normalize_numbers"": true}",2026-09-08T16:50:49
E1_BETO_QUESTION,frozen,question,02,no_augmentation,PHQ9,42,SVR,5.385443,True,,random50,"{""augmentation"": ""no_augmentation"", ""beto_model"": ""dccuchile/bert-base-spanish-wwm-cased"", ""chunk_stride"": 256, ""max_tokens"": 512, ""n_cv_splits"": 5, ""n_search_iter"": 50, ""seeds"": [42, 43, 44, 45, 46], ""sentence_transformer_model"": ""intfloat/multilingual-e5-small"", ""tfidf_lemmatize"": true, ""tfidf_max_df"": 0.9, ""tfidf_max_features"": 300, ""tfidf_min_df"": 3, ""tfidf_ngram_range"": [1, 2], ""tfidf_normalize_numbers"": true}",2026-09-08T16:50:49
E1_BETO_QUESTION,frozen,question,02,no_augmentation,PHQ9,42,RandomForest,5.618165,False,,random50,"{""augmentation"": ""no_augmentation"", ""beto_model"": ""dccuchile/bert-base-spanish-wwm-cased"", ""chunk_stride"": 256, ""max_tokens"": 512, ""n_cv_splits"": 5, ""n_search_iter"": 50, ""seeds"": [42, 43, 44, 45, 46], ""sentence_transformer_model"": ""intfloat/multilingual-e5-small"", ""tfidf_lemmatize"": true, ""tfidf_max_df"": 0.9, ""tfidf_max_features"": 300, ""tfidf_min_df"": 3, ""tfidf_ngram_range"": [1, 2], ""tfidf_normalize_numbers"": true}",2026-09-08T16:50:49
E1_BETO_QUESTION,frozen,question,02,no_augmentation,PHQ9,42,ExtraTrees,5.61184,False,,random50,"{""augmentation"": ""no_augmentation"", ""beto_model"": ""dccuchile/bert-base-spanish-wwm-cased"", ""chunk_stride"": 256, ""max_tokens"": 512, ""n_cv_splits"": 5, ""n_search_iter"": 50, ""seeds"": [42, 43, 44, 45, 46], ""sentence_transformer_model"": ""intfloat/multilingual-e5-small"", ""tfidf_lemmatize"": true, ""tfidf_max_df"": 0.9, ""tfidf_max_features"": 300, ""tfidf_min_df"": 3, ""tfidf_ngram_range"": [1, 2], ""tfidf_normalize_numbers"": true}",2026-09-08T16:50:49
E1_BETO_QUESTION,frozen,question,02,no_augmentation,PHQ9,42,GradientBoosting,5.569945,False,,random50,"{""augmentation"": ""no_augmentation"", ""beto_model"": ""dccuchile/bert-base-spanish-wwm-cased"", ""chunk_stride"": 256, ""max_tokens"": 512, ""n_cv_splits"": 5, ""n_search_iter"": 50, ""seeds"": [42, 43, 44, 45, 46], ""sentence_transformer_model"": ""intfloat/multilingual-e5-small"", ""tfidf_lemmatize"": true, ""tfidf_max_df"": 0.9, ""tfidf_max_features"": 300, ""tfidf_min_df"": 3, ""tfidf_ngram_range"": [1, 2], ""tfidf_normalize_numbers"": true}",2026-09-08T16:50:49
E1_BETO_QUESTION,frozen,question,02,no_augmentation,PHQ9,42,LightGBM,5.796739,False,,random50,"{""augmentation"": ""no_augmentation"", ""beto_model"": ""dccuchile/bert-base-spanish-wwm-cased"", ""chunk_stride"": 256, ""max_tokens"": 512, ""n_cv_splits"": 5, ""n_search_iter"": 50, ""seeds"": [42, 43, 44, 45, 46], ""sentence_transformer_model"": ""intfloat/multilingual-e5-small"", ""tfidf_lemmatize"": true, ""tfidf_max_df"": 0.9, ""tfidf_max_features"": 300, ""tfidf_min_df"": 3, ""tfidf_ngram_range"": [1, 2], ""tfidf_normalize_numbers"": true}",2026-09-08T16:50:49
E1_BETO_QUESTION,frozen,question,02,no_augmentation,PHQ9,42,KNN,5.81045,False,,random50,"{""augmentation"": ""no_augmentation"", ""beto_model"": ""dccuchile/bert-base-spanish-wwm-cased"", ""chunk_stride"": 256, ""max_tokens"": 512, ""n_cv_splits"": 5, ""n_search_iter"": 50, ""seeds"": [42, 43, 44, 45, 46], ""sentence_transformer_model"": ""intfloat/multilingual-e5-small"", ""tfidf_lemmatize"": true, ""tfidf_max_df"": 0.9, ""tfidf_max_features"": 300, ""tfidf_min_df"": 3, ""tfidf_ngram_range"": [1, 2], ""tfidf_normalize_numbers"": true}",2026-09-08T16:50:49
E1_BETO_QUESTION,frozen,question,02,no_augmentation,PHQ9,42,DecisionTree,6.459327,False,,random50,"{""augmentation"": ""no_augmentation"", ""beto_model"": ""dccuchile/bert-base-spanish-wwm-cased"", ""chunk_stride"": 256, ""max_tokens"": 512, ""n_cv_splits"": 5, ""n_search_iter"": 50, ""seeds"": [42, 43, 44, 45, 46], ""sentence_transformer_model"": ""intfloat/multilingual-e5-small"", ""tfidf_lemmatize"": true, ""tfidf_max_df"": 0.9, ""tfidf_max_features"": 300, ""tfidf_min_df"": 3, ""tfidf_ngram_range"": [1, 2], ""tfidf_normalize_numbers"": true}",2026-09-08T16:50:49
E1_BETO_QUESTION,frozen,question,02,no_augmentation,PHQ9,42,AdaBoost,5.613886,False,,random50,"{""augmentation"": ""no_augmentation"", ""beto_model"": ""dccuchile/bert-base-spanish-wwm-cased"", ""chunk_stride"": 256, ""max_tokens"": 512, ""n_cv_splits"": 5, ""n_search_iter"": 50, ""seeds"": [42, 43, 44, 45, 46], ""sentence_transformer_model"": ""intfloat/multilingual-e5-small"", ""tfidf_lemmatize"": true, ""tfidf_max_df"": 0.9, ""tfidf_max_features"": 300, ""tfidf_min_df"": 3, ""tfidf_ngram_range"": [1, 2], ""tfidf_normalize_numbers"": true}",2026-09-08T16:50:49
E1_BETO_QUESTION,frozen,question,02,no_augmentation,GAD7,42,Ridge,5.306698,False,,random50,"{""augmentation"": ""no_augmentation"", ""beto_model"": ""dccuchile/bert-base-spanish-wwm-cased"", ""chunk_stride"": 256, ""max_tokens"": 512, ""n_cv_splits"": 5, ""n_search_iter"": 50, ""seeds"": [42, 43, 44, 45, 46], ""sentence_transformer_model"": ""intfloat/multilingual-e5-small"", ""tfidf_lemmatize"": true, ""tfidf_max_df"": 0.9, ""tfidf_max_features"": 300, ""tfidf_min_df"": 3, ""tfidf_ngram_range"": [1, 2], ""tfidf_normalize_numbers"": true}",2026-09-08T16:58:48
E1_BETO_QUESTION,frozen,question,02,no_augmentation,GAD7,42,SVR,4.594623,True,,random50,"{""augmentation"": ""no_augmentation"", ""beto_model"": ""dccuchile/bert-base-spanish-wwm-cased"", ""chunk_stride"": 256, ""max_tokens"": 512, ""n_cv_splits"": 5, ""n_search_iter"": 50, ""seeds"": [42, 43, 44, 45, 46], ""sentence_transformer_model"": ""intfloat/multilingual-e5-small"", ""tfidf_lemmatize"": true, ""tfidf_max_df"": 0.9, ""tfidf_max_features"": 300, ""tfidf_min_df"": 3, ""tfidf_ngram_range"": [1, 2], ""tfidf_normalize_numbers"": true}",2026-09-08T16:58:48
E1_BETO_QUESTION,frozen,question,02,no_augmentation,GAD7,42,RandomForest,4.713773,False,,random50,"{""augmentation"": ""no_augmentation"", ""beto_model"": ""dccuchile/bert-base-spanish-wwm-cased"", ""chunk_stride"": 256, ""max_tokens"": 512, ""n_cv_splits"": 5, ""n_search_iter"": 50, ""seeds"": [42, 43, 44, 45, 46], ""sentence_transformer_model"": ""intfloat/multilingual-e5-small"", ""tfidf_lemmatize"": true, ""tfidf_max_df"": 0.9, ""tfidf_max_features"": 300, ""tfidf_min_df"": 3, ""tfidf_ngram_range"": [1, 2], ""tfidf_normalize_numbers"": true}",2026-09-08T16:58:48
E1_BETO_QUESTION,frozen,question,02,no_augmentation,GAD7,42,ExtraTrees,4.716818,False,,random50,"{""augmentation"": ""no_augmentation"", ""beto_model"": ""dccuchile/bert-base-spanish-wwm-cased"", ""chunk_stride"": 256, ""max_tokens"": 512, ""n_cv_splits"": 5, ""n_search_iter"": 50, ""seeds"": [42, 43, 44, 45, 46], ""sentence_transformer_model"": ""intfloat/multilingual-e5-small"", ""tfidf_lemmatize"": true, ""tfidf_max_df"": 0.9, ""tfidf_max_features"": 300, ""tfidf_min_df"": 3, ""tfidf_ngram_range"": [1, 2], ""tfidf_normalize_numbers"": true}",2026-09-08T16:58:48
E1_BETO_QUESTION,frozen,question,02,no_augmentation,GAD7,42,GradientBoosting,4.817631,False,,random50,"{""augmentation"": ""no_augmentation"", ""beto_model"": ""dccuchile/bert-base-spanish-wwm-cased"", ""chunk_stride"": 256, ""max_tokens"": 512, ""n_cv_splits"": 5, ""n_search_iter"": 50, ""seeds"": [42, 43, 44, 45, 46], ""sentence_transformer_model"": ""intfloat/multilingual-e5-small"", ""tfidf_lemmatize"": true, ""tfidf_max_df"": 0.9, ""tfidf_max_features"": 300, ""tfidf_min_df"": 3, ""tfidf_ngram_range"": [1, 2], ""tfidf_normalize_numbers"": true}",2026-09-08T16:58:48
E1_BETO_QUESTION,frozen,question,02,no_augmentation,GAD7,42,LightGBM,4.874315,False,,random50,"{""augmentation"": ""no_augmentation"", ""beto_model"": ""dccuchile/bert-base-spanish-wwm-cased"", ""chunk_stride"": 256, ""max_tokens"": 512, ""n_cv_splits"": 5, ""n_search_iter"": 50, ""seeds"": [42, 43, 44, 45, 46], ""sentence_transformer_model"": ""intfloat/multilingual-e5-small"", ""tfidf_lemmatize"": true, ""tfidf_max_df"": 0.9, ""tfidf_max_features"": 300, ""tfidf_min_df"": 3, ""tfidf_ngram_range"": [1, 2], ""tfidf_normalize_numbers"": true}",2026-09-08T16:58:48
E1_BETO_QUESTION,frozen,question,02,no_augmentation,GAD7,42,KNN,4.899861,False,,random50,"{""augmentation"": ""no_augmentation"", ""beto_model"": ""dccuchile/bert-base-spanish-wwm-cased"", ""chunk_stride"": 256, ""max_tokens"": 512, ""n_cv_splits"": 5, ""n_search_iter"": 50, ""seeds"": [42, 43, 44, 45, 46], ""sentence_transformer_model"": ""intfloat/multilingual-e5-small"", ""tfidf_lemmatize"": true, ""tfidf_max_df"": 0.9, ""tfidf_max_features"": 300, ""tfidf_min_df"": 3, ""tfidf_ngram_range"": [1, 2], ""tfidf_normalize_numbers"": true}",2026-09-08T16:58:48
E1_BETO_QUESTION,frozen,question,02,no_augmentation,GAD7,42,DecisionTree,5.196526,False,,random50,"{""augmentation"": ""no_augmentation"", ""beto_model"": ""dccuchile/bert-base-spanish-wwm-cased"", ""chunk_stride"": 256, ""max_tokens"": 512, ""n_cv_splits"": 5, ""n_search_iter"": 50, ""seeds"": [42, 43, 44, 45, 46], ""sentence_transformer_model"": ""intfloat/multilingual-e5-small"", ""tfidf_lemmatize"": true, ""tfidf_max_df"": 0.9, ""tfidf_max_features"": 300, ""tfidf_min_df"": 3, ""tfidf_ngram_range"": [1, 2], ""tfidf_normalize_numbers"": true}",2026-09-08T16:58:48
E1_BETO_QUESTION,frozen,question,02,no_augmentation,GAD7,42,AdaBoost,4.787843,False,,random50,"{""augmentation"": ""no_augmentation"", ""beto_model"": ""dccuchile/bert-base-spanish-wwm-cased"", ""chunk_stride"": 256, ""max_tokens"": 512, ""n_cv_splits"": 5, ""n_search_iter"": 50, ""seeds"": [42, 43, 44, 45, 46], ""sentence_transformer_model"": ""intfloat/multilingual-e5-small"", ""tfidf_lemmatize"": true, ""tfidf_max_df"": 0.9, ""tfidf_max_features"": 300, ""tfidf_min_df"": 3, ""tfidf_ngram_range"": [1, 2], ""tfidf_normalize_numbers"": true}",2026-09-08T16:58:48
E1_BETO_QUESTION,frozen,question,02,no_augmentation,PHQ9,43,Ridge,5.758054,False,,random50,"{""augmentation"": ""no_augmentation"", ""beto_model"": ""dccuchile/bert-base-spanish-wwm-cased"", ""chunk_stride"": 256, ""max_tokens"": 512, ""n_cv_splits"": 5, ""n_search_iter"": 50, ""seeds"": [42, 43, 44, 45, 46], ""sentence_transformer_model"": ""intfloat/multilingual-e5-small"", ""tfidf_lemmatize"": true, ""tfidf_max_df"": 0.9, ""tfidf_max_features"": 300, ""tfidf_min_df"": 3, ""tfidf_ngram_range"": [1, 2], ""tfidf_normalize_numbers"": true}",2026-09-08T17:06:59
E1_BETO_QUESTION,frozen,question,02,no_augmentation,PHQ9,43,SVR,5.349203,True,,random50,"{""augmentation"": ""no_augmentation"", ""beto_model"": ""dccuchile/bert-base-spanish-wwm-cased"", ""chunk_stride"": 256, ""max_tokens"": 512, ""n_cv_splits"": 5, ""n_search_iter"": 50, ""seeds"": [42, 43, 44, 45, 46], ""sentence_transformer_model"": ""intfloat/multilingual-e5-small"", ""tfidf_lemmatize"": true, ""tfidf_max_df"": 0.9, ""tfidf_max_features"": 300, ""tfidf_min_df"": 3, ""tfidf_ngram_range"": [1, 2], ""tfidf_normalize_numbers"": true}",2026-09-08T17:06:59
E1_BETO_QUESTION,frozen,question,02,no_augmentation,PHQ9,43,RandomForest,5.634712,False,,random50,"{""augmentation"": ""no_augmentation"", ""beto_model"": ""dccuchile/bert-base-spanish-wwm-cased"", ""chunk_stride"": 256, ""max_tokens"": 512, ""n_cv_splits"": 5, ""n_search_iter"": 50, ""seeds"": [42, 43, 44, 45, 46], ""sentence_transformer_model"": ""intfloat/multilingual-e5-small"", ""tfidf_lemmatize"": true, ""tfidf_max_df"": 0.9, ""tfidf_max_features"": 300, ""tfidf_min_df"": 3, ""tfidf_ngram_range"": [1, 2], ""tfidf_normalize_numbers"": true}",2026-09-08T17:06:59
E1_BETO_QUESTION,frozen,question,02,no_augmentation,PHQ9,43,ExtraTrees,5.631514,False,,random50,"{""augmentation"": ""no_augmentation"", ""beto_model"": ""dccuchile/bert-base-spanish-wwm-cased"", ""chunk_stride"": 256, ""max_tokens"": 512, ""n_cv_splits"": 5, ""n_search_iter"": 50, ""seeds"": [42, 43, 44, 45, 46], ""sentence_transformer_model"": ""intfloat/multilingual-e5-small"", ""tfidf_lemmatize"": true, ""tfidf_max_df"": 0.9, ""tfidf_max_features"": 300, ""tfidf_min_df"": 3, ""tfidf_ngram_range"": [1, 2], ""tfidf_normalize_numbers"": true}",2026-09-08T17:06:59
E1_BETO_QUESTION,frozen,question,02,no_augmentation,PHQ9,43,GradientBoosting,5.610636,False,,random50,"{""augmentation"": ""no_augmentation"", ""beto_model"": ""dccuchile/bert-base-spanish-wwm-cased"", ""chunk_stride"": 256, ""max_tokens"": 512, ""n_cv_splits"": 5, ""n_search_iter"": 50, ""seeds"": [42, 43, 44, 45, 46], ""sentence_transformer_model"": ""intfloat/multilingual-e5-small"", ""tfidf_lemmatize"": true, ""tfidf_max_df"": 0.9, ""tfidf_max_features"": 300, ""tfidf_min_df"": 3, ""tfidf_ngram_range"": [1, 2], ""tfidf_normalize_numbers"": true}",2026-09-08T17:06:59
E1_BETO_QUESTION,frozen,question,02,no_augmentation,PHQ9,43,LightGBM,5.634548,False,,random50,"{""augmentation"": ""no_augmentation"", ""beto_model"": ""dccuchile/bert-base-spanish-wwm-cased"", ""chunk_stride"": 256, ""max_tokens"": 512, ""n_cv_splits"": 5, ""n_search_iter"": 50, ""seeds"": [42, 43, 44, 45, 46], ""sentence_transformer_model"": ""intfloat/multilingual-e5-small"", ""tfidf_lemmatize"": true, ""tfidf_max_df"": 0.9, ""tfidf_max_features"": 300, ""tfidf_min_df"": 3, ""tfidf_ngram_range"": [1, 2], ""tfidf_normalize_numbers"": true}",2026-09-08T17:06:59
E1_BETO_QUESTION,frozen,question,02,no_augmentation,PHQ9,43,KNN,5.71559,False,,random50,"{""augmentation"": ""no_augmentation"", ""beto_model"": ""dccuchile/bert-base-spanish-wwm-cased"", ""chunk_stride"": 256, ""max_tokens"": 512, ""n_cv_splits"": 5, ""n_search_iter"": 50, ""seeds"": [42, 43, 44, 45, 46], ""sentence_transformer_model"": ""intfloat/multilingual-e5-small"", ""tfidf_lemmatize"": true, ""tfidf_max_df"": 0.9, ""tfidf_max_features"": 300, ""tfidf_min_df"": 3, ""tfidf_ngram_range"": [1, 2], ""tfidf_normalize_numbers"": true}",2026-09-08T17:06:59
E1_BETO_QUESTION,frozen,question,02,no_augmentation,PHQ9,43,DecisionTree,6.428635,False,,random50,"{""augmentation"": ""no_augmentation"", ""beto_model"": ""dccuchile/bert-base-spanish-wwm-cased"", ""chunk_stride"": 256, ""max_tokens"": 512, ""n_cv_splits"": 5, ""n_search_iter"": 50, ""seeds"": [42, 43, 44, 45, 46], ""sentence_transformer_model"": ""intfloat/multilingual-e5-small"", ""tfidf_lemmatize"": true, ""tfidf_max_df"": 0.9, ""tfidf_max_features"": 300, ""tfidf_min_df"": 3, ""tfidf_ngram_range"": [1, 2], ""tfidf_normalize_numbers"": true}",2026-09-08T17:06:59
E1_BETO_QUESTION,frozen,question,02,no_augmentation,PHQ9,43,AdaBoost,5.586918,False,,random50,"{""augmentation"": ""no_augmentation"", ""beto_model"": ""dccuchile/bert-base-spanish-wwm-cased"", ""chunk_stride"": 256, ""max_tokens"": 512, ""n_cv_splits"": 5, ""n_search_iter"": 50, ""seeds"": [42, 43, 44, 45, 46], ""sentence_transformer_model"": ""intfloat/multilingual-e5-small"", ""tfidf_lemmatize"": true, ""tfidf_max_df"": 0.9, ""tfidf_max_features"": 300, ""tfidf_min_df"": 3, ""tfidf_ngram_range"": [1, 2], ""tfidf_normalize_numbers"": true}",2026-09-08T17:06:59
E1_BETO_QUESTION,frozen,question,02,no_augmentation,GAD7,43,Ridge,5.297815,False,,random50,"{""augmentation"": ""no_augmentation"", ""beto_model"": ""dccuchile/bert-base-spanish-wwm-cased"", ""chunk_stride"": 256, ""max_tokens"": 512, ""n_cv_splits"": 5, ""n_search_iter"": 50, ""seeds"": [42, 43, 44, 45, 46], ""sentence_transformer_model"": ""intfloat/multilingual-e5-small"", ""tfidf_lemmatize"": true, ""tfidf_max_df"": 0.9, ""tfidf_max_features"": 300, ""tfidf_min_df"": 3, ""tfidf_ngram_range"": [1, 2], ""tfidf_normalize_numbers"": true}",2026-09-08T17:15:05
E1_BETO_QUESTION,frozen,question,02,no_augmentation,GAD7,43,SVR,4.456876,True,,random50,"{""augmentation"": ""no_augmentation"", ""beto_model"": ""dccuchile/bert-base-spanish-wwm-cased"", ""chunk_stride"": 256, ""max_tokens"": 512, ""n_cv_splits"": 5, ""n_search_iter"": 50, ""seeds"": [42, 43, 44, 45, 46], ""sentence_transformer_model"": ""intfloat/multilingual-e5-small"", ""tfidf_lemmatize"": true, ""tfidf_max_df"": 0.9, ""tfidf_max_features"": 300, ""tfidf_min_df"": 3, ""tfidf_ngram_range"": [1, 2], ""tfidf_normalize_numbers"": true}",2026-09-08T17:15:05
E1_BETO_QUESTION,frozen,question,02,no_augmentation,GAD7,43,RandomForest,4.613022,False,,random50,"{""augmentation"": ""no_augmentation"", ""beto_model"": ""dccuchile/bert-base-spanish-wwm-cased"", ""chunk_stride"": 256, ""max_tokens"": 512, ""n_cv_splits"": 5, ""n_search_iter"": 50, ""seeds"": [42, 43, 44, 45, 46], ""sentence_transformer_model"": ""intfloat/multilingual-e5-small"", ""tfidf_lemmatize"": true, ""tfidf_max_df"": 0.9, ""tfidf_max_features"": 300, ""tfidf_min_df"": 3, ""tfidf_ngram_range"": [1, 2], ""tfidf_normalize_numbers"": true}",2026-09-08T17:15:05
E1_BETO_QUESTION,frozen,question,02,no_augmentation,GAD7,43,ExtraTrees,4.60606,False,,random50,"{""augmentation"": ""no_augmentation"", ""beto_model"": ""dccuchile/bert-base-spanish-wwm-cased"", ""chunk_stride"": 256, ""max_tokens"": 512, ""n_cv_splits"": 5, ""n_search_iter"": 50, ""seeds"": [42, 43, 44, 45, 46], ""sentence_transformer_model"": ""intfloat/multilingual-e5-small"", ""tfidf_lemmatize"": true, ""tfidf_max_df"": 0.9, ""tfidf_max_features"": 300, ""tfidf_min_df"": 3, ""tfidf_ngram_range"": [1, 2], ""tfidf_normalize_numbers"": true}",2026-09-08T17:15:05
E1_BETO_QUESTION,frozen,question,02,no_augmentation,GAD7,43,GradientBoosting,4.625003,False,,random50,"{""augmentation"": ""no_augmentation"", ""beto_model"": ""dccuchile/bert-base-spanish-wwm-cased"", ""chunk_stride"": 256, ""max_tokens"": 512, ""n_cv_splits"": 5, ""n_search_iter"": 50, ""seeds"": [42, 43, 44, 45, 46], ""sentence_transformer_model"": ""intfloat/multilingual-e5-small"", ""tfidf_lemmatize"": true, ""tfidf_max_df"": 0.9, ""tfidf_max_features"": 300, ""tfidf_min_df"": 3, ""tfidf_ngram_range"": [1, 2], ""tfidf_normalize_numbers"": true}",2026-09-08T17:15:05
E1_BETO_QUESTION,frozen,question,02,no_augmentation,GAD7,43,LightGBM,4.713675,False,,random50,"{""augmentation"": ""no_augmentation"", ""beto_model"": ""dccuchile/bert-base-spanish-wwm-cased"", ""chunk_stride"": 256, ""max_tokens"": 512, ""n_cv_splits"": 5, ""n_search_iter"": 50, ""seeds"": [42, 43, 44, 45, 46], ""sentence_transformer_model"": ""intfloat/multilingual-e5-small"", ""tfidf_lemmatize"": true, ""tfidf_max_df"": 0.9, ""tfidf_max_features"": 300, ""tfidf_min_df"": 3, ""tfidf_ngram_range"": [1, 2], ""tfidf_normalize_numbers"": true}",2026-09-08T17:15:05
E1_BETO_QUESTION,frozen,question,02,no_augmentation,GAD7,43,KNN,4.753825,False,,random50,"{""augmentation"": ""no_augmentation"", ""beto_model"": ""dccuchile/bert-base-spanish-wwm-cased"", ""chunk_stride"": 256, ""max_tokens"": 512, ""n_cv_splits"": 5, ""n_search_iter"": 50, ""seeds"": [42, 43, 44, 45, 46], ""sentence_transformer_model"": ""intfloat/multilingual-e5-small"", ""tfidf_lemmatize"": true, ""tfidf_max_df"": 0.9, ""tfidf_max_features"": 300, ""tfidf_min_df"": 3, ""tfidf_ngram_range"": [1, 2], ""tfidf_normalize_numbers"": true}",2026-09-08T17:15:05
E1_BETO_QUESTION,frozen,question,02,no_augmentation,GAD7,43,DecisionTree,5.265086,False,,random50,"{""augmentation"": ""no_augmentation"", ""beto_model"": ""dccuchile/bert-base-spanish-wwm-cased"", ""chunk_stride"": 256, ""max_tokens"": 512, ""n_cv_splits"": 5, ""n_search_iter"": 50, ""seeds"": [42, 43, 44, 45, 46], ""sentence_transformer_model"": ""intfloat/multilingual-e5-small"", ""tfidf_lemmatize"": true, ""tfidf_max_df"": 0.9, ""tfidf_max_features"": 300, ""tfidf_min_df"": 3, ""tfidf_ngram_range"": [1, 2], ""tfidf_normalize_numbers"": true}",2026-09-08T17:15:05
E1_BETO_QUESTION,frozen,question,02,no_augmentation,GAD7,43,AdaBoost,4.634488,False,,random50,"{""augmentation"": ""no_augmentation"", ""beto_model"": ""dccuchile/bert-base-spanish-wwm-cased"", ""chunk_stride"": 256, ""max_tokens"": 512, ""n_cv_splits"": 5, ""n_search_iter"": 50, ""seeds"": [42, 43, 44, 45, 46], ""sentence_transformer_model"": ""intfloat/multilingual-e5-small"", ""tfidf_lemmatize"": true, ""tfidf_max_df"": 0.9, ""tfidf_max_features"": 300, ""tfidf_min_df"": 3, ""tfidf_ngram_range"": [1, 2], ""tfidf_normalize_numbers"": true}",2026-09-08T17:15:05
E1_BETO_QUESTION,frozen,question,02,no_augmentation,PHQ9,44,Ridge,6.406641,False,,random50,"{""augmentation"": ""no_augmentation"", ""beto_model"": ""dccuchile/bert-base-spanish-wwm-cased"", ""chunk_stride"": 256, ""max_tokens"": 512, ""n_cv_splits"": 5, ""n_search_iter"": 50, ""seeds"": [42, 43, 44, 45, 46], ""sentence_transformer_model"": ""intfloat/multilingual-e5-small"", ""tfidf_lemmatize"": true, ""tfidf_max_df"": 0.9, ""tfidf_max_features"": 300, ""tfidf_min_df"": 3, ""tfidf_ngram_range"": [1, 2], ""tfidf_normalize_numbers"": true}",2026-09-08T17:22:40
E1_BETO_QUESTION,frozen,question,02,no_augmentation,PHQ9,44,SVR,5.574936,True,,random50,"{""augmentation"": ""no_augmentation"", ""beto_model"": ""dccuchile/bert-base-spanish-wwm-cased"", ""chunk_stride"": 256, ""max_tokens"": 512, ""n_cv_splits"": 5, ""n_search_iter"": 50, ""seeds"": [42, 43, 44, 45, 46], ""sentence_transformer_model"": ""intfloat/multilingual-e5-small"", ""tfidf_lemmatize"": true, ""tfidf_max_df"": 0.9, ""tfidf_max_features"": 300, ""tfidf_min_df"": 3, ""tfidf_ngram_range"": [1, 2], ""tfidf_normalize_numbers"": true}",2026-09-08T17:22:40
E1_BETO_QUESTION,frozen,question,02,no_augmentation,PHQ9,44,RandomForest,5.807629,False,,random50,"{""augmentation"": ""no_augmentation"", ""beto_model"": ""dccuchile/bert-base-spanish-wwm-cased"", ""chunk_stride"": 256, ""max_tokens"": 512, ""n_cv_splits"": 5, ""n_search_iter"": 50, ""seeds"": [42, 43, 44, 45, 46], ""sentence_transformer_model"": ""intfloat/multilingual-e5-small"", ""tfidf_lemmatize"": true, ""tfidf_max_df"": 0.9, ""tfidf_max_features"": 300, ""tfidf_min_df"": 3, ""tfidf_ngram_range"": [1, 2], ""tfidf_normalize_numbers"": true}",2026-09-08T17:22:40
E1_BETO_QUESTION,frozen,question,02,no_augmentation,PHQ9,44,ExtraTrees,5.77371,False,,random50,"{""augmentation"": ""no_augmentation"", ""beto_model"": ""dccuchile/bert-base-spanish-wwm-cased"", ""chunk_stride"": 256, ""max_tokens"": 512, ""n_cv_splits"": 5, ""n_search_iter"": 50, ""seeds"": [42, 43, 44, 45, 46], ""sentence_transformer_model"": ""intfloat/multilingual-e5-small"", ""tfidf_lemmatize"": true, ""tfidf_max_df"": 0.9, ""tfidf_max_features"": 300, ""tfidf_min_df"": 3, ""tfidf_ngram_range"": [1, 2], ""tfidf_normalize_numbers"": true}",2026-09-08T17:22:40
E1_BETO_QUESTION,frozen,question,02,no_augmentation,PHQ9,44,GradientBoosting,5.843544,False,,random50,"{""augmentation"": ""no_augmentation"", ""beto_model"": ""dccuchile/bert-base-spanish-wwm-cased"", ""chunk_stride"": 256, ""max_tokens"": 512, ""n_cv_splits"": 5, ""n_search_iter"": 50, ""seeds"": [42, 43, 44, 45, 46], ""sentence_transformer_model"": ""intfloat/multilingual-e5-small"", ""tfidf_lemmatize"": true, ""tfidf_max_df"": 0.9, ""tfidf_max_features"": 300, ""tfidf_min_df"": 3, ""tfidf_ngram_range"": [1, 2], ""tfidf_normalize_numbers"": true}",2026-09-08T17:22:40
E1_BETO_QUESTION,frozen,question,02,no_augmentation,PHQ9,44,LightGBM,5.875185,False,,random50,"{""augmentation"": ""no_augmentation"", ""beto_model"": ""dccuchile/bert-base-spanish-wwm-cased"", ""chunk_stride"": 256, ""max_tokens"": 512, ""n_cv_splits"": 5, ""n_search_iter"": 50, ""seeds"": [42, 43, 44, 45, 46], ""sentence_transformer_model"": ""intfloat/multilingual-e5-small"", ""tfidf_lemmatize"": true, ""tfidf_max_df"": 0.9, ""tfidf_max_features"": 300, ""tfidf_min_df"": 3, ""tfidf_ngram_range"": [1, 2], ""tfidf_normalize_numbers"": true}",2026-09-08T17:22:40
E1_BETO_QUESTION,frozen,question,02,no_augmentation,PHQ9,44,KNN,6.039038,False,,random50,"{""augmentation"": ""no_augmentation"", ""beto_model"": ""dccuchile/bert-base-spanish-wwm-cased"", ""chunk_stride"": 256, ""max_tokens"": 512, ""n_cv_splits"": 5, ""n_search_iter"": 50, ""seeds"": [42, 43, 44, 45, 46], ""sentence_transformer_model"": ""intfloat/multilingual-e5-small"", ""tfidf_lemmatize"": true, ""tfidf_max_df"": 0.9, ""tfidf_max_features"": 300, ""tfidf_min_df"": 3, ""tfidf_ngram_range"": [1, 2], ""tfidf_normalize_numbers"": true}",2026-09-08T17:22:40
E1_BETO_QUESTION,frozen,question,02,no_augmentation,PHQ9,44,DecisionTree,6.350026,False,,random50,"{""augmentation"": ""no_augmentation"", ""beto_model"": ""dccuchile/bert-base-spanish-wwm-cased"", ""chunk_stride"": 256, ""max_tokens"": 512, ""n_cv_splits"": 5, ""n_search_iter"": 50, ""seeds"": [42, 43, 44, 45, 46], ""sentence_transformer_model"": ""intfloat/multilingual-e5-small"", ""tfidf_lemmatize"": true, ""tfidf_max_df"": 0.9, ""tfidf_max_features"": 300, ""tfidf_min_df"": 3, ""tfidf_ngram_range"": [1, 2], ""tfidf_normalize_numbers"": true}",2026-09-08T17:22:40
E1_BETO_QUESTION,frozen,question,02,no_augmentation,PHQ9,44,AdaBoost,5.756114,False,,random50,"{""augmentation"": ""no_augmentation"", ""beto_model"": ""dccuchile/bert-base-spanish-wwm-cased"", ""chunk_stride"": 256, ""max_tokens"": 512, ""n_cv_splits"": 5, ""n_search_iter"": 50, ""seeds"": [42, 43, 44, 45, 46], ""sentence_transformer_model"": ""intfloat/multilingual-e5-small"", ""tfidf_lemmatize"": true, ""tfidf_max_df"": 0.9, ""tfidf_max_features"": 300, ""tfidf_min_df"": 3, ""tfidf_ngram_range"": [1, 2], ""tfidf_normalize_numbers"": true}",2026-09-08T17:22:40
E1_BETO_QUESTION,frozen,question,02,no_augmentation,GAD7,44,Ridge,5.642833,False,,random50,"{""augmentation"": ""no_augmentation"", ""beto_model"": ""dccuchile/bert-base-spanish-wwm-cased"", ""chunk_stride"": 256, ""max_tokens"": 512, ""n_cv_splits"": 5, ""n_search_iter"": 50, ""seeds"": [42, 43, 44, 45, 46], ""sentence_transformer_model"": ""intfloat/multilingual-e5-small"", ""tfidf_lemmatize"": true, ""tfidf_max_df"": 0.9, ""tfidf_max_features"": 300, ""tfidf_min_df"": 3, ""tfidf_ngram_range"": [1, 2], ""tfidf_normalize_numbers"": true}",2026-09-08T17:30:03
E1_BETO_QUESTION,frozen,question,02,no_augmentation,GAD7,44,SVR,4.613847,True,,random50,"{""augmentation"": ""no_augmentation"", ""beto_model"": ""dccuchile/bert-base-spanish-wwm-cased"", ""chunk_stride"": 256, ""max_tokens"": 512, ""n_cv_splits"": 5, ""n_search_iter"": 50, ""seeds"": [42, 43, 44, 45, 46], ""sentence_transformer_model"": ""intfloat/multilingual-e5-small"", ""tfidf_lemmatize"": true, ""tfidf_max_df"": 0.9, ""tfidf_max_features"": 300, ""tfidf_min_df"": 3, ""tfidf_ngram_range"": [1, 2], ""tfidf_normalize_numbers"": true}",2026-09-08T17:30:03
E1_BETO_QUESTION,frozen,question,02,no_augmentation,GAD7,44,RandomForest,4.750615,False,,random50,"{""augmentation"": ""no_augmentation"", ""beto_model"": ""dccuchile/bert-base-spanish-wwm-cased"", ""chunk_stride"": 256, ""max_tokens"": 512, ""n_cv_splits"": 5, ""n_search_iter"": 50, ""seeds"": [42, 43, 44, 45, 46], ""sentence_transformer_model"": ""intfloat/multilingual-e5-small"", ""tfidf_lemmatize"": true, ""tfidf_max_df"": 0.9, ""tfidf_max_features"": 300, ""tfidf_min_df"": 3, ""tfidf_ngram_range"": [1, 2], ""tfidf_normalize_numbers"": true}",2026-09-08T17:30:03
E1_BETO_QUESTION,frozen,question,02,no_augmentation,GAD7,44,ExtraTrees,4.752464,False,,random50,"{""augmentation"": ""no_augmentation"", ""beto_model"": ""dccuchile/bert-base-spanish-wwm-cased"", ""chunk_stride"": 256, ""max_tokens"": 512, ""n_cv_splits"": 5, ""n_search_iter"": 50, ""seeds"": [42, 43, 44, 45, 46], ""sentence_transformer_model"": ""intfloat/multilingual-e5-small"", ""tfidf_lemmatize"": true, ""tfidf_max_df"": 0.9, ""tfidf_max_features"": 300, ""tfidf_min_df"": 3, ""tfidf_ngram_range"": [1, 2], ""tfidf_normalize_numbers"": true}",2026-09-08T17:30:03
E1_BETO_QUESTION,frozen,question,02,no_augmentation,GAD7,44,GradientBoosting,4.749428,False,,random50,"{""augmentation"": ""no_augmentation"", ""beto_model"": ""dccuchile/bert-base-spanish-wwm-cased"", ""chunk_stride"": 256, ""max_tokens"": 512, ""n_cv_splits"": 5, ""n_search_iter"": 50, ""seeds"": [42, 43, 44, 45, 46], ""sentence_transformer_model"": ""intfloat/multilingual-e5-small"", ""tfidf_lemmatize"": true, ""tfidf_max_df"": 0.9, ""tfidf_max_features"": 300, ""tfidf_min_df"": 3, ""tfidf_ngram_range"": [1, 2], ""tfidf_normalize_numbers"": true}",2026-09-08T17:30:03
E1_BETO_QUESTION,frozen,question,02,no_augmentation,GAD7,44,LightGBM,4.770964,False,,random50,"{""augmentation"": ""no_augmentation"", ""beto_model"": ""dccuchile/bert-base-spanish-wwm-cased"", ""chunk_stride"": 256, ""max_tokens"": 512, ""n_cv_splits"": 5, ""n_search_iter"": 50, ""seeds"": [42, 43, 44, 45, 46], ""sentence_transformer_model"": ""intfloat/multilingual-e5-small"", ""tfidf_lemmatize"": true, ""tfidf_max_df"": 0.9, ""tfidf_max_features"": 300, ""tfidf_min_df"": 3, ""tfidf_ngram_range"": [1, 2], ""tfidf_normalize_numbers"": true}",2026-09-08T17:30:03
E1_BETO_QUESTION,frozen,question,02,no_augmentation,GAD7,44,KNN,5.036564,False,,random50,"{""augmentation"": ""no_augmentation"", ""beto_model"": ""dccuchile/bert-base-spanish-wwm-cased"", ""chunk_stride"": 256, ""max_tokens"": 512, ""n_cv_splits"": 5, ""n_search_iter"": 50, ""seeds"": [42, 43, 44, 45, 46], ""sentence_transformer_model"": ""intfloat/multilingual-e5-small"", ""tfidf_lemmatize"": true, ""tfidf_max_df"": 0.9, ""tfidf_max_features"": 300, ""tfidf_min_df"": 3, ""tfidf_ngram_range"": [1, 2], ""tfidf_normalize_numbers"": true}",2026-09-08T17:30:03
E1_BETO_QUESTION,frozen,question,02,no_augmentation,GAD7,44,DecisionTree,5.27723,False,,random50,"{""augmentation"": ""no_augmentation"", ""beto_model"": ""dccuchile/bert-base-spanish-wwm-cased"", ""chunk_stride"": 256, ""max_tokens"": 512, ""n_cv_splits"": 5, ""n_search_iter"": 50, ""seeds"": [42, 43, 44, 45, 46], ""sentence_transformer_model"": ""intfloat/multilingual-e5-small"", ""tfidf_lemmatize"": true, ""tfidf_max_df"": 0.9, ""tfidf_max_features"": 300, ""tfidf_min_df"": 3, ""tfidf_ngram_range"": [1, 2], ""tfidf_normalize_numbers"": true}",2026-09-08T17:30:03
E1_BETO_QUESTION,frozen,question,02,no_augmentation,GAD7,44,AdaBoost,4.738065,False,,random50,"{""augmentation"": ""no_augmentation"", ""beto_model"": ""dccuchile/bert-base-spanish-wwm-cased"", ""chunk_stride"": 256, ""max_tokens"": 512, ""n_cv_splits"": 5, ""n_search_iter"": 50, ""seeds"": [42, 43, 44, 45, 46], ""sentence_transformer_model"": ""intfloat/multilingual-e5-small"", ""tfidf_lemmatize"": true, ""tfidf_max_df"": 0.9, ""tfidf_max_features"": 300, ""tfidf_min_df"": 3, ""tfidf_ngram_range"": [1, 2], ""tfidf_normalize_numbers"": true}",2026-09-08T17:30:03
E1_BETO_QUESTION,frozen,question,02,no_augmentation,PHQ9,45,Ridge,6.05515,False,,random50,"{""augmentation"": ""no_augmentation"", ""beto_model"": ""dccuchile/bert-base-spanish-wwm-cased"", ""chunk_stride"": 256, ""max_tokens"": 512, ""n_cv_splits"": 5, ""n_search_iter"": 50, ""seeds"": [42, 43, 44, 45, 46], ""sentence_transformer_model"": ""intfloat/multilingual-e5-small"", ""tfidf_lemmatize"": true, ""tfidf_max_df"": 0.9, ""tfidf_max_features"": 300, ""tfidf_min_df"": 3, ""tfidf_ngram_range"": [1, 2], ""tfidf_normalize_numbers"": true}",2026-09-08T17:37:46
E1_BETO_QUESTION,frozen,question,02,no_augmentation,PHQ9,45,SVR,5.404687,True,,random50,"{""augmentation"": ""no_augmentation"", ""beto_model"": ""dccuchile/bert-base-spanish-wwm-cased"", ""chunk_stride"": 256, ""max_tokens"": 512, ""n_cv_splits"": 5, ""n_search_iter"": 50, ""seeds"": [42, 43, 44, 45, 46], ""sentence_transformer_model"": ""intfloat/multilingual-e5-small"", ""tfidf_lemmatize"": true, ""tfidf_max_df"": 0.9, ""tfidf_max_features"": 300, ""tfidf_min_df"": 3, ""tfidf_ngram_range"": [1, 2], ""tfidf_normalize_numbers"": true}",2026-09-08T17:37:46
E1_BETO_QUESTION,frozen,question,02,no_augmentation,PHQ9,45,RandomForest,5.719339,False,,random50,"{""augmentation"": ""no_augmentation"", ""beto_model"": ""dccuchile/bert-base-spanish-wwm-cased"", ""chunk_stride"": 256, ""max_tokens"": 512, ""n_cv_splits"": 5, ""n_search_iter"": 50, ""seeds"": [42, 43, 44, 45, 46], ""sentence_transformer_model"": ""intfloat/multilingual-e5-small"", ""tfidf_lemmatize"": true, ""tfidf_max_df"": 0.9, ""tfidf_max_features"": 300, ""tfidf_min_df"": 3, ""tfidf_ngram_range"": [1, 2], ""tfidf_normalize_numbers"": true}",2026-09-08T17:37:46
E1_BETO_QUESTION,frozen,question,02,no_augmentation,PHQ9,45,ExtraTrees,5.703635,False,,random50,"{""augmentation"": ""no_augmentation"", ""beto_model"": ""dccuchile/bert-base-spanish-wwm-cased"", ""chunk_stride"": 256, ""max_tokens"": 512, ""n_cv_splits"": 5, ""n_search_iter"": 50, ""seeds"": [42, 43, 44, 45, 46], ""sentence_transformer_model"": ""intfloat/multilingual-e5-small"", ""tfidf_lemmatize"": true, ""tfidf_max_df"": 0.9, ""tfidf_max_features"": 300, ""tfidf_min_df"": 3, ""tfidf_ngram_range"": [1, 2], ""tfidf_normalize_numbers"": true}",2026-09-08T17:37:46
E1_BETO_QUESTION,frozen,question,02,no_augmentation,PHQ9,45,GradientBoosting,5.717003,False,,random50,"{""augmentation"": ""no_augmentation"", ""beto_model"": ""dccuchile/bert-base-spanish-wwm-cased"", ""chunk_stride"": 256, ""max_tokens"": 512, ""n_cv_splits"": 5, ""n_search_iter"": 50, ""seeds"": [42, 43, 44, 45, 46], ""sentence_transformer_model"": ""intfloat/multilingual-e5-small"", ""tfidf_lemmatize"": true, ""tfidf_max_df"": 0.9, ""tfidf_max_features"": 300, ""tfidf_min_df"": 3, ""tfidf_ngram_range"": [1, 2], ""tfidf_normalize_numbers"": true}",2026-09-08T17:37:46
E1_BETO_QUESTION,frozen,question,02,no_augmentation,PHQ9,45,LightGBM,5.698093,False,,random50,"{""augmentation"": ""no_augmentation"", ""beto_model"": ""dccuchile/bert-base-spanish-wwm-cased"", ""chunk_stride"": 256, ""max_tokens"": 512, ""n_cv_splits"": 5, ""n_search_iter"": 50, ""seeds"": [42, 43, 44, 45, 46], ""sentence_transformer_model"": ""intfloat/multilingual-e5-small"", ""tfidf_lemmatize"": true, ""tfidf_max_df"": 0.9, ""tfidf_max_features"": 300, ""tfidf_min_df"": 3, ""tfidf_ngram_range"": [1, 2], ""tfidf_normalize_numbers"": true}",2026-09-08T17:37:46
E1_BETO_QUESTION,frozen,question,02,no_augmentation,PHQ9,45,KNN,5.899836,False,,random50,"{""augmentation"": ""no_augmentation"", ""beto_model"": ""dccuchile/bert-base-spanish-wwm-cased"", ""chunk_stride"": 256, ""max_tokens"": 512, ""n_cv_splits"": 5, ""n_search_iter"": 50, ""seeds"": [42, 43, 44, 45, 46], ""sentence_transformer_model"": ""intfloat/multilingual-e5-small"", ""tfidf_lemmatize"": true, ""tfidf_max_df"": 0.9, ""tfidf_max_features"": 300, ""tfidf_min_df"": 3, ""tfidf_ngram_range"": [1, 2], ""tfidf_normalize_numbers"": true}",2026-09-08T17:37:46
E1_BETO_QUESTION,frozen,question,02,no_augmentation,PHQ9,45,DecisionTree,6.280575,False,,random50,"{""augmentation"": ""no_augmentation"", ""beto_model"": ""dccuchile/bert-base-spanish-wwm-cased"", ""chunk_stride"": 256, ""max_tokens"": 512, ""n_cv_splits"": 5, ""n_search_iter"": 50, ""seeds"": [42, 43, 44, 45, 46], ""sentence_transformer_model"": ""intfloat/multilingual-e5-small"", ""tfidf_lemmatize"": true, ""tfidf_max_df"": 0.9, ""tfidf_max_features"": 300, ""tfidf_min_df"": 3, ""tfidf_ngram_range"": [1, 2], ""tfidf_normalize_numbers"": true}",2026-09-08T17:37:46
E1_BETO_QUESTION,frozen,question,02,no_augmentation,PHQ9,45,AdaBoost,5.604874,False,,random50,"{""augmentation"": ""no_augmentation"", ""beto_model"": ""dccuchile/bert-base-spanish-wwm-cased"", ""chunk_stride"": 256, ""max_tokens"": 512, ""n_cv_splits"": 5, ""n_search_iter"": 50, ""seeds"": [42, 43, 44, 45, 46], ""sentence_transformer_model"": ""intfloat/multilingual-e5-small"", ""tfidf_lemmatize"": true, ""tfidf_max_df"": 0.9, ""tfidf_max_features"": 300, ""tfidf_min_df"": 3, ""tfidf_ngram_range"": [1, 2], ""tfidf_normalize_numbers"": true}",2026-09-08T17:37:46
E1_BETO_QUESTION,frozen,question,02,no_augmentation,GAD7,45,Ridge,5.280659,False,,random50,"{""augmentation"": ""no_augmentation"", ""beto_model"": ""dccuchile/bert-base-spanish-wwm-cased"", ""chunk_stride"": 256, ""max_tokens"": 512, ""n_cv_splits"": 5, ""n_search_iter"": 50, ""seeds"": [42, 43, 44, 45, 46], ""sentence_transformer_model"": ""intfloat/multilingual-e5-small"", ""tfidf_lemmatize"": true, ""tfidf_max_df"": 0.9, ""tfidf_max_features"": 300, ""tfidf_min_df"": 3, ""tfidf_ngram_range"": [1, 2], ""tfidf_normalize_numbers"": true}",2026-09-08T17:45:23
E1_BETO_QUESTION,frozen,question,02,no_augmentation,GAD7,45,SVR,4.614276,True,,random50,"{""augmentation"": ""no_augmentation"", ""beto_model"": ""dccuchile/bert-base-spanish-wwm-cased"", ""chunk_stride"": 256, ""max_tokens"": 512, ""n_cv_splits"": 5, ""n_search_iter"": 50, ""seeds"": [42, 43, 44, 45, 46], ""sentence_transformer_model"": ""intfloat/multilingual-e5-small"", ""tfidf_lemmatize"": true, ""tfidf_max_df"": 0.9, ""tfidf_max_features"": 300, ""tfidf_min_df"": 3, ""tfidf_ngram_range"": [1, 2], ""tfidf_normalize_numbers"": true}",2026-09-08T17:45:23
E1_BETO_QUESTION,frozen,question,02,no_augmentation,GAD7,45,RandomForest,4.751209,False,,random50,"{""augmentation"": ""no_augmentation"", ""beto_model"": ""dccuchile/bert-base-spanish-wwm-cased"", ""chunk_stride"": 256, ""max_tokens"": 512, ""n_cv_splits"": 5, ""n_search_iter"": 50, ""seeds"": [42, 43, 44, 45, 46], ""sentence_transformer_model"": ""intfloat/multilingual-e5-small"", ""tfidf_lemmatize"": true, ""tfidf_max_df"": 0.9, ""tfidf_max_features"": 300, ""tfidf_min_df"": 3, ""tfidf_ngram_range"": [1, 2], ""tfidf_normalize_numbers"": true}",2026-09-08T17:45:23
E1_BETO_QUESTION,frozen,question,02,no_augmentation,GAD7,45,ExtraTrees,4.762888,False,,random50,"{""augmentation"": ""no_augmentation"", ""beto_model"": ""dccuchile/bert-base-spanish-wwm-cased"", ""chunk_stride"": 256, ""max_tokens"": 512, ""n_cv_splits"": 5, ""n_search_iter"": 50, ""seeds"": [42, 43, 44, 45, 46], ""sentence_transformer_model"": ""intfloat/multilingual-e5-small"", ""tfidf_lemmatize"": true, ""tfidf_max_df"": 0.9, ""tfidf_max_features"": 300, ""tfidf_min_df"": 3, ""tfidf_ngram_range"": [1, 2], ""tfidf_normalize_numbers"": true}",2026-09-08T17:45:23
E1_BETO_QUESTION,frozen,question,02,no_augmentation,GAD7,45,GradientBoosting,4.738304,False,,random50,"{""augmentation"": ""no_augmentation"", ""beto_model"": ""dccuchile/bert-base-spanish-wwm-cased"", ""chunk_stride"": 256, ""max_tokens"": 512, ""n_cv_splits"": 5, ""n_search_iter"": 50, ""seeds"": [42, 43, 44, 45, 46], ""sentence_transformer_model"": ""intfloat/multilingual-e5-small"", ""tfidf_lemmatize"": true, ""tfidf_max_df"": 0.9, ""tfidf_max_features"": 300, ""tfidf_min_df"": 3, ""tfidf_ngram_range"": [1, 2], ""tfidf_normalize_numbers"": true}",2026-09-08T17:45:23
E1_BETO_QUESTION,frozen,question,02,no_augmentation,GAD7,45,LightGBM,4.797054,False,,random50,"{""augmentation"": ""no_augmentation"", ""beto_model"": ""dccuchile/bert-base-spanish-wwm-cased"", ""chunk_stride"": 256, ""max_tokens"": 512, ""n_cv_splits"": 5, ""n_search_iter"": 50, ""seeds"": [42, 43, 44, 45, 46], ""sentence_transformer_model"": ""intfloat/multilingual-e5-small"", ""tfidf_lemmatize"": true, ""tfidf_max_df"": 0.9, ""tfidf_max_features"": 300, ""tfidf_min_df"": 3, ""tfidf_ngram_range"": [1, 2], ""tfidf_normalize_numbers"": true}",2026-09-08T17:45:23
E1_BETO_QUESTION,frozen,question,02,no_augmentation,GAD7,45,KNN,4.94828,False,,random50,"{""augmentation"": ""no_augmentation"", ""beto_model"": ""dccuchile/bert-base-spanish-wwm-cased"", ""chunk_stride"": 256, ""max_tokens"": 512, ""n_cv_splits"": 5, ""n_search_iter"": 50, ""seeds"": [42, 43, 44, 45, 46], ""sentence_transformer_model"": ""intfloat/multilingual-e5-small"", ""tfidf_lemmatize"": true, ""tfidf_max_df"": 0.9, ""tfidf_max_features"": 300, ""tfidf_min_df"": 3, ""tfidf_ngram_range"": [1, 2], ""tfidf_normalize_numbers"": true}",2026-09-08T17:45:23
E1_BETO_QUESTION,frozen,question,02,no_augmentation,GAD7,45,DecisionTree,5.119233,False,,random50,"{""augmentation"": ""no_augmentation"", ""beto_model"": ""dccuchile/bert-base-spanish-wwm-cased"", ""chunk_stride"": 256, ""max_tokens"": 512, ""n_cv_splits"": 5, ""n_search_iter"": 50, ""seeds"": [42, 43, 44, 45, 46], ""sentence_transformer_model"": ""intfloat/multilingual-e5-small"", ""tfidf_lemmatize"": true, ""tfidf_max_df"": 0.9, ""tfidf_max_features"": 300, ""tfidf_min_df"": 3, ""tfidf_ngram_range"": [1, 2], ""tfidf_normalize_numbers"": true}",2026-09-08T17:45:23
E1_BETO_QUESTION,frozen,question,02,no_augmentation,GAD7,45,AdaBoost,4.759041,False,,random50,"{""augmentation"": ""no_augmentation"", ""beto_model"": ""dccuchile/bert-base-spanish-wwm-cased"", ""chunk_stride"": 256, ""max_tokens"": 512, ""n_cv_splits"": 5, ""n_search_iter"": 50, ""seeds"": [42, 43, 44, 45, 46], ""sentence_transformer_model"": ""intfloat/multilingual-e5-small"", ""tfidf_lemmatize"": true, ""tfidf_max_df"": 0.9, ""tfidf_max_features"": 300, ""tfidf_min_df"": 3, ""tfidf_ngram_range"": [1, 2], ""tfidf_normalize_numbers"": true}",2026-09-08T17:45:23
E1_BETO_QUESTION,frozen,question,02,no_augmentation,PHQ9,46,Ridge,5.958557,False,,random50,"{""augmentation"": ""no_augmentation"", ""beto_model"": ""dccuchile/bert-base-spanish-wwm-cased"", ""chunk_stride"": 256, ""max_tokens"": 512, ""n_cv_splits"": 5, ""n_search_iter"": 50, ""seeds"": [42, 43, 44, 45, 46], ""sentence_transformer_model"": ""intfloat/multilingual-e5-small"", ""tfidf_lemmatize"": true, ""tfidf_max_df"": 0.9, ""tfidf_max_features"": 300, ""tfidf_min_df"": 3, ""tfidf_ngram_range"": [1, 2], ""tfidf_normalize_numbers"": true}",2026-09-08T17:54:30
E1_BETO_QUESTION,frozen,question,02,no_augmentation,PHQ9,46,SVR,5.315055,True,,random50,"{""augmentation"": ""no_augmentation"", ""beto_model"": ""dccuchile/bert-base-spanish-wwm-cased"", ""chunk_stride"": 256, ""max_tokens"": 512, ""n_cv_splits"": 5, ""n_search_iter"": 50, ""seeds"": [42, 43, 44, 45, 46], ""sentence_transformer_model"": ""intfloat/multilingual-e5-small"", ""tfidf_lemmatize"": true, ""tfidf_max_df"": 0.9, ""tfidf_max_features"": 300, ""tfidf_min_df"": 3, ""tfidf_ngram_range"": [1, 2], ""tfidf_normalize_numbers"": true}",2026-09-08T17:54:30
E1_BETO_QUESTION,frozen,question,02,no_augmentation,PHQ9,46,RandomForest,5.613063,False,,random50,"{""augmentation"": ""no_augmentation"", ""beto_model"": ""dccuchile/bert-base-spanish-wwm-cased"", ""chunk_stride"": 256, ""max_tokens"": 512, ""n_cv_splits"": 5, ""n_search_iter"": 50, ""seeds"": [42, 43, 44, 45, 46], ""sentence_transformer_model"": ""intfloat/multilingual-e5-small"", ""tfidf_lemmatize"": true, ""tfidf_max_df"": 0.9, ""tfidf_max_features"": 300, ""tfidf_min_df"": 3, ""tfidf_ngram_range"": [1, 2], ""tfidf_normalize_numbers"": true}",2026-09-08T17:54:30
E1_BETO_QUESTION,frozen,question,02,no_augmentation,PHQ9,46,ExtraTrees,5.599432,False,,random50,"{""augmentation"": ""no_augmentation"", ""beto_model"": ""dccuchile/bert-base-spanish-wwm-cased"", ""chunk_stride"": 256, ""max_tokens"": 512, ""n_cv_splits"": 5, ""n_search_iter"": 50, ""seeds"": [42, 43, 44, 45, 46], ""sentence_transformer_model"": ""intfloat/multilingual-e5-small"", ""tfidf_lemmatize"": true, ""tfidf_max_df"": 0.9, ""tfidf_max_features"": 300, ""tfidf_min_df"": 3, ""tfidf_ngram_range"": [1, 2], ""tfidf_normalize_numbers"": true}",2026-09-08T17:54:30
E1_BETO_QUESTION,frozen,question,02,no_augmentation,PHQ9,46,GradientBoosting,5.608415,False,,random50,"{""augmentation"": ""no_augmentation"", ""beto_model"": ""dccuchile/bert-base-spanish-wwm-cased"", ""chunk_stride"": 256, ""max_tokens"": 512, ""n_cv_splits"": 5, ""n_search_iter"": 50, ""seeds"": [42, 43, 44, 45, 46], ""sentence_transformer_model"": ""intfloat/multilingual-e5-small"", ""tfidf_lemmatize"": true, ""tfidf_max_df"": 0.9, ""tfidf_max_features"": 300, ""tfidf_min_df"": 3, ""tfidf_ngram_range"": [1, 2], ""tfidf_normalize_numbers"": true}",2026-09-08T17:54:30
E1_BETO_QUESTION,frozen,question,02,no_augmentation,PHQ9,46,LightGBM,5.641275,False,,random50,"{""augmentation"": ""no_augmentation"", ""beto_model"": ""dccuchile/bert-base-spanish-wwm-cased"", ""chunk_stride"": 256, ""max_tokens"": 512, ""n_cv_splits"": 5, ""n_search_iter"": 50, ""seeds"": [42, 43, 44, 45, 46], ""sentence_transformer_model"": ""intfloat/multilingual-e5-small"", ""tfidf_lemmatize"": true, ""tfidf_max_df"": 0.9, ""tfidf_max_features"": 300, ""tfidf_min_df"": 3, ""tfidf_ngram_range"": [1, 2], ""tfidf_normalize_numbers"": true}",2026-09-08T17:54:30
E1_BETO_QUESTION,frozen,question,02,no_augmentation,PHQ9,46,KNN,5.854711,False,,random50,"{""augmentation"": ""no_augmentation"", ""beto_model"": ""dccuchile/bert-base-spanish-wwm-cased"", ""chunk_stride"": 256, ""max_tokens"": 512, ""n_cv_splits"": 5, ""n_search_iter"": 50, ""seeds"": [42, 43, 44, 45, 46], ""sentence_transformer_model"": ""intfloat/multilingual-e5-small"", ""tfidf_lemmatize"": true, ""tfidf_max_df"": 0.9, ""tfidf_max_features"": 300, ""tfidf_min_df"": 3, ""tfidf_ngram_range"": [1, 2], ""tfidf_normalize_numbers"": true}",2026-09-08T17:54:30
E1_BETO_QUESTION,frozen,question,02,no_augmentation,PHQ9,46,DecisionTree,6.312033,False,,random50,"{""augmentation"": ""no_augmentation"", ""beto_model"": ""dccuchile/bert-base-spanish-wwm-cased"", ""chunk_stride"": 256, ""max_tokens"": 512, ""n_cv_splits"": 5, ""n_search_iter"": 50, ""seeds"": [42, 43, 44, 45, 46], ""sentence_transformer_model"": ""intfloat/multilingual-e5-small"", ""tfidf_lemmatize"": true, ""tfidf_max_df"": 0.9, ""tfidf_max_features"": 300, ""tfidf_min_df"": 3, ""tfidf_ngram_range"": [1, 2], ""tfidf_normalize_numbers"": true}",2026-09-08T17:54:30
E1_BETO_QUESTION,frozen,question,02,no_augmentation,PHQ9,46,AdaBoost,5.522499,False,,random50,"{""augmentation"": ""no_augmentation"", ""beto_model"": ""dccuchile/bert-base-spanish-wwm-cased"", ""chunk_stride"": 256, ""max_tokens"": 512, ""n_cv_splits"": 5, ""n_search_iter"": 50, ""seeds"": [42, 43, 44, 45, 46], ""sentence_transformer_model"": ""intfloat/multilingual-e5-small"", ""tfidf_lemmatize"": true, ""tfidf_max_df"": 0.9, ""tfidf_max_features"": 300, ""tfidf_min_df"": 3, ""tfidf_ngram_range"": [1, 2], ""tfidf_normalize_numbers"": true}",2026-09-08T17:54:30
E1_BETO_QUESTION,frozen,question,02,no_augmentation,GAD7,46,Ridge,5.427254,False,,random50,"{""augmentation"": ""no_augmentation"", ""beto_model"": ""dccuchile/bert-base-spanish-wwm-cased"", ""chunk_stride"": 256, ""max_tokens"": 512, ""n_cv_splits"": 5, ""n_search_iter"": 50, ""seeds"": [42, 43, 44, 45, 46], ""sentence_transformer_model"": ""intfloat/multilingual-e5-small"", ""tfidf_lemmatize"": true, ""tfidf_max_df"": 0.9, ""tfidf_max_features"": 300, ""tfidf_min_df"": 3, ""tfidf_ngram_range"": [1, 2], ""tfidf_normalize_numbers"": true}",2026-09-08T18:30:26
E1_BETO_QUESTION,frozen,question,02,no_augmentation,GAD7,46,SVR,4.554518,True,,random50,"{""augmentation"": ""no_augmentation"", ""beto_model"": ""dccuchile/bert-base-spanish-wwm-cased"", ""chunk_stride"": 256, ""max_tokens"": 512, ""n_cv_splits"": 5, ""n_search_iter"": 50, ""seeds"": [42, 43, 44, 45, 46], ""sentence_transformer_model"": ""intfloat/multilingual-e5-small"", ""tfidf_lemmatize"": true, ""tfidf_max_df"": 0.9, ""tfidf_max_features"": 300, ""tfidf_min_df"": 3, ""tfidf_ngram_range"": [1, 2], ""tfidf_normalize_numbers"": true}",2026-09-08T18:30:26
E1_BETO_QUESTION,frozen,question,02,no_augmentation,GAD7,46,RandomForest,4.636656,False,,random50,"{""augmentation"": ""no_augmentation"", ""beto_model"": ""dccuchile/bert-base-spanish-wwm-cased"", ""chunk_stride"": 256, ""max_tokens"": 512, ""n_cv_splits"": 5, ""n_search_iter"": 50, ""seeds"": [42, 43, 44, 45, 46], ""sentence_transformer_model"": ""intfloat/multilingual-e5-small"", ""tfidf_lemmatize"": true, ""tfidf_max_df"": 0.9, ""tfidf_max_features"": 300, ""tfidf_min_df"": 3, ""tfidf_ngram_range"": [1, 2], ""tfidf_normalize_numbers"": true}",2026-09-08T18:30:26
E1_BETO_QUESTION,frozen,question,02,no_augmentation,GAD7,46,ExtraTrees,4.645501,False,,random50,"{""augmentation"": ""no_augmentation"", ""beto_model"": ""dccuchile/bert-base-spanish-wwm-cased"", ""chunk_stride"": 256, ""max_tokens"": 512, ""n_cv_splits"": 5, ""n_search_iter"": 50, ""seeds"": [42, 43, 44, 45, 46], ""sentence_transformer_model"": ""intfloat/multilingual-e5-small"", ""tfidf_lemmatize"": true, ""tfidf_max_df"": 0.9, ""tfidf_max_features"": 300, ""tfidf_min_df"": 3, ""tfidf_ngram_range"": [1, 2], ""tfidf_normalize_numbers"": true}",2026-09-08T18:30:26
E1_BETO_QUESTION,frozen,question,02,no_augmentation,GAD7,46,GradientBoosting,4.645672,False,,random50,"{""augmentation"": ""no_augmentation"", ""beto_model"": ""dccuchile/bert-base-spanish-wwm-cased"", ""chunk_stride"": 256, ""max_tokens"": 512, ""n_cv_splits"": 5, ""n_search_iter"": 50, ""seeds"": [42, 43, 44, 45, 46], ""sentence_transformer_model"": ""intfloat/multilingual-e5-small"", ""tfidf_lemmatize"": true, ""tfidf_max_df"": 0.9, ""tfidf_max_features"": 300, ""tfidf_min_df"": 3, ""tfidf_ngram_range"": [1, 2], ""tfidf_normalize_numbers"": true}",2026-09-08T18:30:27
E1_BETO_QUESTION,frozen,question,02,no_augmentation,GAD7,46,LightGBM,4.715887,False,,random50,"{""augmentation"": ""no_augmentation"", ""beto_model"": ""dccuchile/bert-base-spanish-wwm-cased"", ""chunk_stride"": 256, ""max_tokens"": 512, ""n_cv_splits"": 5, ""n_search_iter"": 50, ""seeds"": [42, 43, 44, 45, 46], ""sentence_transformer_model"": ""intfloat/multilingual-e5-small"", ""tfidf_lemmatize"": true, ""tfidf_max_df"": 0.9, ""tfidf_max_features"": 300, ""tfidf_min_df"": 3, ""tfidf_ngram_range"": [1, 2], ""tfidf_normalize_numbers"": true}",2026-09-08T18:30:27
E1_BETO_QUESTION,frozen,question,02,no_augmentation,GAD7,46,KNN,4.923644,False,,random50,"{""augmentation"": ""no_augmentation"", ""beto_model"": ""dccuchile/bert-base-spanish-wwm-cased"", ""chunk_stride"": 256, ""max_tokens"": 512, ""n_cv_splits"": 5, ""n_search_iter"": 50, ""seeds"": [42, 43, 44, 45, 46], ""sentence_transformer_model"": ""intfloat/multilingual-e5-small"", ""tfidf_lemmatize"": true, ""tfidf_max_df"": 0.9, ""tfidf_max_features"": 300, ""tfidf_min_df"": 3, ""tfidf_ngram_range"": [1, 2], ""tfidf_normalize_numbers"": true}",2026-09-08T18:30:27
E1_BETO_QUESTION,frozen,question,02,no_augmentation,GAD7,46,DecisionTree,5.232837,False,,random50,"{""augmentation"": ""no_augmentation"", ""beto_model"": ""dccuchile/bert-base-spanish-wwm-cased"", ""chunk_stride"": 256, ""max_tokens"": 512, ""n_cv_splits"": 5, ""n_search_iter"": 50, ""seeds"": [42, 43, 44, 45, 46], ""sentence_transformer_model"": ""intfloat/multilingual-e5-small"", ""tfidf_lemmatize"": true, ""tfidf_max_df"": 0.9, ""tfidf_max_features"": 300, ""tfidf_min_df"": 3, ""tfidf_ngram_range"": [1, 2], ""tfidf_normalize_numbers"": true}",2026-09-08T18:30:27
E1_BETO_QUESTION,frozen,question,02,no_augmentation,GAD7,46,AdaBoost,4.680732,False,,random50,"{""augmentation"": ""no_augmentation"", ""beto_model"": ""dccuchile/bert-base-spanish-wwm-cased"", ""chunk_stride"": 256, ""max_tokens"": 512, ""n_cv_splits"": 5, ""n_search_iter"": 50, ""seeds"": [42, 43, 44, 45, 46], ""sentence_transformer_model"": ""intfloat/multilingual-e5-small"", ""tfidf_lemmatize"": true, ""tfidf_max_df"": 0.9, ""tfidf_max_features"": 300, ""tfidf_min_df"": 3, ""tfidf_ngram_range"": [1, 2], ""tfidf_normalize_numbers"": true}",2026-09-08T18:30:27
E2_E5SMALL_QUESTION,frozen,question,02,no_augmentation,PHQ9,42,Ridge,6.269288,False,,random50,"{""augmentation"": ""no_augmentation"", ""beto_model"": ""dccuchile/bert-base-spanish-wwm-cased"", ""chunk_stride"": 256, ""max_tokens"": 512, ""n_cv_splits"": 5, ""n_search_iter"": 50, ""seeds"": [42, 43, 44, 45, 46], ""sentence_transformer_model"": ""intfloat/multilingual-e5-small"", ""tfidf_lemmatize"": true, ""tfidf_max_df"": 0.9, ""tfidf_max_features"": 300, ""tfidf_min_df"": 3, ""tfidf_ngram_range"": [1, 2], ""tfidf_normalize_numbers"": true}",2026-09-08T18:52:41
E2_E5SMALL_QUESTION,frozen,question,02,no_augmentation,PHQ9,42,SVR,5.518442,True,,random50,"{""augmentation"": ""no_augmentation"", ""beto_model"": ""dccuchile/bert-base-spanish-wwm-cased"", ""chunk_stride"": 256, ""max_tokens"": 512, ""n_cv_splits"": 5, ""n_search_iter"": 50, ""seeds"": [42, 43, 44, 45, 46], ""sentence_transformer_model"": ""intfloat/multilingual-e5-small"", ""tfidf_lemmatize"": true, ""tfidf_max_df"": 0.9, ""tfidf_max_features"": 300, ""tfidf_min_df"": 3, ""tfidf_ngram_range"": [1, 2], ""tfidf_normalize_numbers"": true}",2026-09-08T18:52:41
E2_E5SMALL_QUESTION,frozen,question,02,no_augmentation,PHQ9,42,RandomForest,5.683448,False,,random50,"{""augmentation"": ""no_augmentation"", ""beto_model"": ""dccuchile/bert-base-spanish-wwm-cased"", ""chunk_stride"": 256, ""max_tokens"": 512, ""n_cv_splits"": 5, ""n_search_iter"": 50, ""seeds"": [42, 43, 44, 45, 46], ""sentence_transformer_model"": ""intfloat/multilingual-e5-small"", ""tfidf_lemmatize"": true, ""tfidf_max_df"": 0.9, ""tfidf_max_features"": 300, ""tfidf_min_df"": 3, ""tfidf_ngram_range"": [1, 2], ""tfidf_normalize_numbers"": true}",2026-09-08T18:52:41
E2_E5SMALL_QUESTION,frozen,question,02,no_augmentation,PHQ9,42,ExtraTrees,5.682637,False,,random50,"{""augmentation"": ""no_augmentation"", ""beto_model"": ""dccuchile/bert-base-spanish-wwm-cased"", ""chunk_stride"": 256, ""max_tokens"": 512, ""n_cv_splits"": 5, ""n_search_iter"": 50, ""seeds"": [42, 43, 44, 45, 46], ""sentence_transformer_model"": ""intfloat/multilingual-e5-small"", ""tfidf_lemmatize"": true, ""tfidf_max_df"": 0.9, ""tfidf_max_features"": 300, ""tfidf_min_df"": 3, ""tfidf_ngram_range"": [1, 2], ""tfidf_normalize_numbers"": true}",2026-09-08T18:52:41
E2_E5SMALL_QUESTION,frozen,question,02,no_augmentation,PHQ9,42,GradientBoosting,5.718223,False,,random50,"{""augmentation"": ""no_augmentation"", ""beto_model"": ""dccuchile/bert-base-spanish-wwm-cased"", ""chunk_stride"": 256, ""max_tokens"": 512, ""n_cv_splits"": 5, ""n_search_iter"": 50, ""seeds"": [42, 43, 44, 45, 46], ""sentence_transformer_model"": ""intfloat/multilingual-e5-small"", ""tfidf_lemmatize"": true, ""tfidf_max_df"": 0.9, ""tfidf_max_features"": 300, ""tfidf_min_df"": 3, ""tfidf_ngram_range"": [1, 2], ""tfidf_normalize_numbers"": true}",2026-09-08T18:52:41
E2_E5SMALL_QUESTION,frozen,question,02,no_augmentation,PHQ9,42,LightGBM,5.687256,False,,random50,"{""augmentation"": ""no_augmentation"", ""beto_model"": ""dccuchile/bert-base-spanish-wwm-cased"", ""chunk_stride"": 256, ""max_tokens"": 512, ""n_cv_splits"": 5, ""n_search_iter"": 50, ""seeds"": [42, 43, 44, 45, 46], ""sentence_transformer_model"": ""intfloat/multilingual-e5-small"", ""tfidf_lemmatize"": true, ""tfidf_max_df"": 0.9, ""tfidf_max_features"": 300, ""tfidf_min_df"": 3, ""tfidf_ngram_range"": [1, 2], ""tfidf_normalize_numbers"": true}",2026-09-08T18:52:41
E2_E5SMALL_QUESTION,frozen,question,02,no_augmentation,PHQ9,42,KNN,5.788144,False,,random50,"{""augmentation"": ""no_augmentation"", ""beto_model"": ""dccuchile/bert-base-spanish-wwm-cased"", ""chunk_stride"": 256, ""max_tokens"": 512, ""n_cv_splits"": 5, ""n_search_iter"": 50, ""seeds"": [42, 43, 44, 45, 46], ""sentence_transformer_model"": ""intfloat/multilingual-e5-small"", ""tfidf_lemmatize"": true, ""tfidf_max_df"": 0.9, ""tfidf_max_features"": 300, ""tfidf_min_df"": 3, ""tfidf_ngram_range"": [1, 2], ""tfidf_normalize_numbers"": true}",2026-09-08T18:52:41
E2_E5SMALL_QUESTION,frozen,question,02,no_augmentation,PHQ9,42,DecisionTree,6.213695,False,,random50,"{""augmentation"": ""no_augmentation"", ""beto_model"": ""dccuchile/bert-base-spanish-wwm-cased"", ""chunk_stride"": 256, ""max_tokens"": 512, ""n_cv_splits"": 5, ""n_search_iter"": 50, ""seeds"": [42, 43, 44, 45, 46], ""sentence_transformer_model"": ""intfloat/multilingual-e5-small"", ""tfidf_lemmatize"": true, ""tfidf_max_df"": 0.9, ""tfidf_max_features"": 300, ""tfidf_min_df"": 3, ""tfidf_ngram_range"": [1, 2], ""tfidf_normalize_numbers"": true}",2026-09-08T18:52:41
E2_E5SMALL_QUESTION,frozen,question,02,no_augmentation,PHQ9,42,AdaBoost,5.687705,False,,random50,"{""augmentation"": ""no_augmentation"", ""beto_model"": ""dccuchile/bert-base-spanish-wwm-cased"", ""chunk_stride"": 256, ""max_tokens"": 512, ""n_cv_splits"": 5, ""n_search_iter"": 50, ""seeds"": [42, 43, 44, 45, 46], ""sentence_transformer_model"": ""intfloat/multilingual-e5-small"", ""tfidf_lemmatize"": true, ""tfidf_max_df"": 0.9, ""tfidf_max_features"": 300, ""tfidf_min_df"": 3, ""tfidf_ngram_range"": [1, 2], ""tfidf_normalize_numbers"": true}",2026-09-08T18:52:41
E2_E5SMALL_QUESTION,frozen,question,02,no_augmentation,GAD7,42,Ridge,5.493947,False,,random50,"{""augmentation"": ""no_augmentation"", ""beto_model"": ""dccuchile/bert-base-spanish-wwm-cased"", ""chunk_stride"": 256, ""max_tokens"": 512, ""n_cv_splits"": 5, ""n_search_iter"": 50, ""seeds"": [42, 43, 44, 45, 46], ""sentence_transformer_model"": ""intfloat/multilingual-e5-small"", ""tfidf_lemmatize"": true, ""tfidf_max_df"": 0.9, ""tfidf_max_features"": 300, ""tfidf_min_df"": 3, ""tfidf_ngram_range"": [1, 2], ""tfidf_normalize_numbers"": true}",2026-09-08T19:14:28
E2_E5SMALL_QUESTION,frozen,question,02,no_augmentation,GAD7,42,SVR,4.609626,True,,random50,"{""augmentation"": ""no_augmentation"", ""beto_model"": ""dccuchile/bert-base-spanish-wwm-cased"", ""chunk_stride"": 256, ""max_tokens"": 512, ""n_cv_splits"": 5, ""n_search_iter"": 50, ""seeds"": [42, 43, 44, 45, 46], ""sentence_transformer_model"": ""intfloat/multilingual-e5-small"", ""tfidf_lemmatize"": true, ""tfidf_max_df"": 0.9, ""tfidf_max_features"": 300, ""tfidf_min_df"": 3, ""tfidf_ngram_range"": [1, 2], ""tfidf_normalize_numbers"": true}",2026-09-08T19:14:28
E2_E5SMALL_QUESTION,frozen,question,02,no_augmentation,GAD7,42,RandomForest,4.76737,False,,random50,"{""augmentation"": ""no_augmentation"", ""beto_model"": ""dccuchile/bert-base-spanish-wwm-cased"", ""chunk_stride"": 256, ""max_tokens"": 512, ""n_cv_splits"": 5, ""n_search_iter"": 50, ""seeds"": [42, 43, 44, 45, 46], ""sentence_transformer_model"": ""intfloat/multilingual-e5-small"", ""tfidf_lemmatize"": true, ""tfidf_max_df"": 0.9, ""tfidf_max_features"": 300, ""tfidf_min_df"": 3, ""tfidf_ngram_range"": [1, 2], ""tfidf_normalize_numbers"": true}",2026-09-08T19:14:28
E2_E5SMALL_QUESTION,frozen,question,02,no_augmentation,GAD7,42,ExtraTrees,4.774975,False,,random50,"{""augmentation"": ""no_augmentation"", ""beto_model"": ""dccuchile/bert-base-spanish-wwm-cased"", ""chunk_stride"": 256, ""max_tokens"": 512, ""n_cv_splits"": 5, ""n_search_iter"": 50, ""seeds"": [42, 43, 44, 45, 46], ""sentence_transformer_model"": ""intfloat/multilingual-e5-small"", ""tfidf_lemmatize"": true, ""tfidf_max_df"": 0.9, ""tfidf_max_features"": 300, ""tfidf_min_df"": 3, ""tfidf_ngram_range"": [1, 2], ""tfidf_normalize_numbers"": true}",2026-09-08T19:14:28
E2_E5SMALL_QUESTION,frozen,question,02,no_augmentation,GAD7,42,GradientBoosting,4.801977,False,,random50,"{""augmentation"": ""no_augmentation"", ""beto_model"": ""dccuchile/bert-base-spanish-wwm-cased"", ""chunk_stride"": 256, ""max_tokens"": 512, ""n_cv_splits"": 5, ""n_search_iter"": 50, ""seeds"": [42, 43, 44, 45, 46], ""sentence_transformer_model"": ""intfloat/multilingual-e5-small"", ""tfidf_lemmatize"": true, ""tfidf_max_df"": 0.9, ""tfidf_max_features"": 300, ""tfidf_min_df"": 3, ""tfidf_ngram_range"": [1, 2], ""tfidf_normalize_numbers"": true}",2026-09-08T19:14:28
E2_E5SMALL_QUESTION,frozen,question,02,no_augmentation,GAD7,42,LightGBM,4.816975,False,,random50,"{""augmentation"": ""no_augmentation"", ""beto_model"": ""dccuchile/bert-base-spanish-wwm-cased"", ""chunk_stride"": 256, ""max_tokens"": 512, ""n_cv_splits"": 5, ""n_search_iter"": 50, ""seeds"": [42, 43, 44, 45, 46], ""sentence_transformer_model"": ""intfloat/multilingual-e5-small"", ""tfidf_lemmatize"": true, ""tfidf_max_df"": 0.9, ""tfidf_max_features"": 300, ""tfidf_min_df"": 3, ""tfidf_ngram_range"": [1, 2], ""tfidf_normalize_numbers"": true}",2026-09-08T19:14:28
E2_E5SMALL_QUESTION,frozen,question,02,no_augmentation,GAD7,42,KNN,4.899881,False,,random50,"{""augmentation"": ""no_augmentation"", ""beto_model"": ""dccuchile/bert-base-spanish-wwm-cased"", ""chunk_stride"": 256, ""max_tokens"": 512, ""n_cv_splits"": 5, ""n_search_iter"": 50, ""seeds"": [42, 43, 44, 45, 46], ""sentence_transformer_model"": ""intfloat/multilingual-e5-small"", ""tfidf_lemmatize"": true, ""tfidf_max_df"": 0.9, ""tfidf_max_features"": 300, ""tfidf_min_df"": 3, ""tfidf_ngram_range"": [1, 2], ""tfidf_normalize_numbers"": true}",2026-09-08T19:14:28
E2_E5SMALL_QUESTION,frozen,question,02,no_augmentation,GAD7,42,DecisionTree,5.176173,False,,random50,"{""augmentation"": ""no_augmentation"", ""beto_model"": ""dccuchile/bert-base-spanish-wwm-cased"", ""chunk_stride"": 256, ""max_tokens"": 512, ""n_cv_splits"": 5, ""n_search_iter"": 50, ""seeds"": [42, 43, 44, 45, 46], ""sentence_transformer_model"": ""intfloat/multilingual-e5-small"", ""tfidf_lemmatize"": true, ""tfidf_max_df"": 0.9, ""tfidf_max_features"": 300, ""tfidf_min_df"": 3, ""tfidf_ngram_range"": [1, 2], ""tfidf_normalize_numbers"": true}",2026-09-08T19:14:28
E2_E5SMALL_QUESTION,frozen,question,02,no_augmentation,GAD7,42,AdaBoost,4.798757,False,,random50,"{""augmentation"": ""no_augmentation"", ""beto_model"": ""dccuchile/bert-base-spanish-wwm-cased"", ""chunk_stride"": 256, ""max_tokens"": 512, ""n_cv_splits"": 5, ""n_search_iter"": 50, ""seeds"": [42, 43, 44, 45, 46], ""sentence_transformer_model"": ""intfloat/multilingual-e5-small"", ""tfidf_lemmatize"": true, ""tfidf_max_df"": 0.9, ""tfidf_max_features"": 300, ""tfidf_min_df"": 3, ""tfidf_ngram_range"": [1, 2], ""tfidf_normalize_numbers"": true}",2026-09-08T19:14:28
E2_E5SMALL_QUESTION,frozen,question,02,no_augmentation,PHQ9,43,Ridge,6.249017,False,,random50,"{""augmentation"": ""no_augmentation"", ""beto_model"": ""dccuchile/bert-base-spanish-wwm-cased"", ""chunk_stride"": 256, ""max_tokens"": 512, ""n_cv_splits"": 5, ""n_search_iter"": 50, ""seeds"": [42, 43, 44, 45, 46], ""sentence_transformer_model"": ""intfloat/multilingual-e5-small"", ""tfidf_lemmatize"": true, ""tfidf_max_df"": 0.9, ""tfidf_max_features"": 300, ""tfidf_min_df"": 3, ""tfidf_ngram_range"": [1, 2], ""tfidf_normalize_numbers"": true}",2026-09-08T19:35:03
E2_E5SMALL_QUESTION,frozen,question,02,no_augmentation,PHQ9,43,SVR,5.617678,False,,random50,"{""augmentation"": ""no_augmentation"", ""beto_model"": ""dccuchile/bert-base-spanish-wwm-cased"", ""chunk_stride"": 256, ""max_tokens"": 512, ""n_cv_splits"": 5, ""n_search_iter"": 50, ""seeds"": [42, 43, 44, 45, 46], ""sentence_transformer_model"": ""intfloat/multilingual-e5-small"", ""tfidf_lemmatize"": true, ""tfidf_max_df"": 0.9, ""tfidf_max_features"": 300, ""tfidf_min_df"": 3, ""tfidf_ngram_range"": [1, 2], ""tfidf_normalize_numbers"": true}",2026-09-08T19:35:03
E2_E5SMALL_QUESTION,frozen,question,02,no_augmentation,PHQ9,43,RandomForest,5.705412,False,,random50,"{""augmentation"": ""no_augmentation"", ""beto_model"": ""dccuchile/bert-base-spanish-wwm-cased"", ""chunk_stride"": 256, ""max_tokens"": 512, ""n_cv_splits"": 5, ""n_search_iter"": 50, ""seeds"": [42, 43, 44, 45, 46], ""sentence_transformer_model"": ""intfloat/multilingual-e5-small"", ""tfidf_lemmatize"": true, ""tfidf_max_df"": 0.9, ""tfidf_max_features"": 300, ""tfidf_min_df"": 3, ""tfidf_ngram_range"": [1, 2], ""tfidf_normalize_numbers"": true}",2026-09-08T19:35:03
E2_E5SMALL_QUESTION,frozen,question,02,no_augmentation,PHQ9,43,ExtraTrees,5.705462,False,,random50,"{""augmentation"": ""no_augmentation"", ""beto_model"": ""dccuchile/bert-base-spanish-wwm-cased"", ""chunk_stride"": 256, ""max_tokens"": 512, ""n_cv_splits"": 5, ""n_search_iter"": 50, ""seeds"": [42, 43, 44, 45, 46], ""sentence_transformer_model"": ""intfloat/multilingual-e5-small"", ""tfidf_lemmatize"": true, ""tfidf_max_df"": 0.9, ""tfidf_max_features"": 300, ""tfidf_min_df"": 3, ""tfidf_ngram_range"": [1, 2], ""tfidf_normalize_numbers"": true}",2026-09-08T19:35:03
E2_E5SMALL_QUESTION,frozen,question,02,no_augmentation,PHQ9,43,GradientBoosting,5.692778,False,,random50,"{""augmentation"": ""no_augmentation"", ""beto_model"": ""dccuchile/bert-base-spanish-wwm-cased"", ""chunk_stride"": 256, ""max_tokens"": 512, ""n_cv_splits"": 5, ""n_search_iter"": 50, ""seeds"": [42, 43, 44, 45, 46], ""sentence_transformer_model"": ""intfloat/multilingual-e5-small"", ""tfidf_lemmatize"": true, ""tfidf_max_df"": 0.9, ""tfidf_max_features"": 300, ""tfidf_min_df"": 3, ""tfidf_ngram_range"": [1, 2], ""tfidf_normalize_numbers"": true}",2026-09-08T19:35:03
E2_E5SMALL_QUESTION,frozen,question,02,no_augmentation,PHQ9,43,LightGBM,5.755814,False,,random50,"{""augmentation"": ""no_augmentation"", ""beto_model"": ""dccuchile/bert-base-spanish-wwm-cased"", ""chunk_stride"": 256, ""max_tokens"": 512, ""n_cv_splits"": 5, ""n_search_iter"": 50, ""seeds"": [42, 43, 44, 45, 46], ""sentence_transformer_model"": ""intfloat/multilingual-e5-small"", ""tfidf_lemmatize"": true, ""tfidf_max_df"": 0.9, ""tfidf_max_features"": 300, ""tfidf_min_df"": 3, ""tfidf_ngram_range"": [1, 2], ""tfidf_normalize_numbers"": true}",2026-09-08T19:35:03
E2_E5SMALL_QUESTION,frozen,question,02,no_augmentation,PHQ9,43,KNN,5.846963,False,,random50,"{""augmentation"": ""no_augmentation"", ""beto_model"": ""dccuchile/bert-base-spanish-wwm-cased"", ""chunk_stride"": 256, ""max_tokens"": 512, ""n_cv_splits"": 5, ""n_search_iter"": 50, ""seeds"": [42, 43, 44, 45, 46], ""sentence_transformer_model"": ""intfloat/multilingual-e5-small"", ""tfidf_lemmatize"": true, ""tfidf_max_df"": 0.9, ""tfidf_max_features"": 300, ""tfidf_min_df"": 3, ""tfidf_ngram_range"": [1, 2], ""tfidf_normalize_numbers"": true}",2026-09-08T19:35:03
E2_E5SMALL_QUESTION,frozen,question,02,no_augmentation,PHQ9,43,DecisionTree,6.197119,False,,random50,"{""augmentation"": ""no_augmentation"", ""beto_model"": ""dccuchile/bert-base-spanish-wwm-cased"", ""chunk_stride"": 256, ""max_tokens"": 512, ""n_cv_splits"": 5, ""n_search_iter"": 50, ""seeds"": [42, 43, 44, 45, 46], ""sentence_transformer_model"": ""intfloat/multilingual-e5-small"", ""tfidf_lemmatize"": true, ""tfidf_max_df"": 0.9, ""tfidf_max_features"": 300, ""tfidf_min_df"": 3, ""tfidf_ngram_range"": [1, 2], ""tfidf_normalize_numbers"": true}",2026-09-08T19:35:03
E2_E5SMALL_QUESTION,frozen,question,02,no_augmentation,PHQ9,43,AdaBoost,5.612197,True,,random50,"{""augmentation"": ""no_augmentation"", ""beto_model"": ""dccuchile/bert-base-spanish-wwm-cased"", ""chunk_stride"": 256, ""max_tokens"": 512, ""n_cv_splits"": 5, ""n_search_iter"": 50, ""seeds"": [42, 43, 44, 45, 46], ""sentence_transformer_model"": ""intfloat/multilingual-e5-small"", ""tfidf_lemmatize"": true, ""tfidf_max_df"": 0.9, ""tfidf_max_features"": 300, ""tfidf_min_df"": 3, ""tfidf_ngram_range"": [1, 2], ""tfidf_normalize_numbers"": true}",2026-09-08T19:35:03
E2_E5SMALL_QUESTION,frozen,question,02,no_augmentation,GAD7,43,Ridge,5.187767,False,,random50,"{""augmentation"": ""no_augmentation"", ""beto_model"": ""dccuchile/bert-base-spanish-wwm-cased"", ""chunk_stride"": 256, ""max_tokens"": 512, ""n_cv_splits"": 5, ""n_search_iter"": 50, ""seeds"": [42, 43, 44, 45, 46], ""sentence_transformer_model"": ""intfloat/multilingual-e5-small"", ""tfidf_lemmatize"": true, ""tfidf_max_df"": 0.9, ""tfidf_max_features"": 300, ""tfidf_min_df"": 3, ""tfidf_ngram_range"": [1, 2], ""tfidf_normalize_numbers"": true}",2026-09-08T19:56:47
E2_E5SMALL_QUESTION,frozen,question,02,no_augmentation,GAD7,43,SVR,4.608463,True,,random50,"{""augmentation"": ""no_augmentation"", ""beto_model"": ""dccuchile/bert-base-spanish-wwm-cased"", ""chunk_stride"": 256, ""max_tokens"": 512, ""n_cv_splits"": 5, ""n_search_iter"": 50, ""seeds"": [42, 43, 44, 45, 46], ""sentence_transformer_model"": ""intfloat/multilingual-e5-small"", ""tfidf_lemmatize"": true, ""tfidf_max_df"": 0.9, ""tfidf_max_features"": 300, ""tfidf_min_df"": 3, ""tfidf_ngram_range"": [1, 2], ""tfidf_normalize_numbers"": true}",2026-09-08T19:56:47
E2_E5SMALL_QUESTION,frozen,question,02,no_augmentation,GAD7,43,RandomForest,4.674667,False,,random50,"{""augmentation"": ""no_augmentation"", ""beto_model"": ""dccuchile/bert-base-spanish-wwm-cased"", ""chunk_stride"": 256, ""max_tokens"": 512, ""n_cv_splits"": 5, ""n_search_iter"": 50, ""seeds"": [42, 43, 44, 45, 46], ""sentence_transformer_model"": ""intfloat/multilingual-e5-small"", ""tfidf_lemmatize"": true, ""tfidf_max_df"": 0.9, ""tfidf_max_features"": 300, ""tfidf_min_df"": 3, ""tfidf_ngram_range"": [1, 2], ""tfidf_normalize_numbers"": true}",2026-09-08T19:56:47
E2_E5SMALL_QUESTION,frozen,question,02,no_augmentation,GAD7,43,ExtraTrees,4.694726,False,,random50,"{""augmentation"": ""no_augmentation"", ""beto_model"": ""dccuchile/bert-base-spanish-wwm-cased"", ""chunk_stride"": 256, ""max_tokens"": 512, ""n_cv_splits"": 5, ""n_search_iter"": 50, ""seeds"": [42, 43, 44, 45, 46], ""sentence_transformer_model"": ""intfloat/multilingual-e5-small"", ""tfidf_lemmatize"": true, ""tfidf_max_df"": 0.9, ""tfidf_max_features"": 300, ""tfidf_min_df"": 3, ""tfidf_ngram_range"": [1, 2], ""tfidf_normalize_numbers"": true}",2026-09-08T19:56:47
E2_E5SMALL_QUESTION,frozen,question,02,no_augmentation,GAD7,43,GradientBoosting,4.621064,False,,random50,"{""augmentation"": ""no_augmentation"", ""beto_model"": ""dccuchile/bert-base-spanish-wwm-cased"", ""chunk_stride"": 256, ""max_tokens"": 512, ""n_cv_splits"": 5, ""n_search_iter"": 50, ""seeds"": [42, 43, 44, 45, 46], ""sentence_transformer_model"": ""intfloat/multilingual-e5-small"", ""tfidf_lemmatize"": true, ""tfidf_max_df"": 0.9, ""tfidf_max_features"": 300, ""tfidf_min_df"": 3, ""tfidf_ngram_range"": [1, 2], ""tfidf_normalize_numbers"": true}",2026-09-08T19:56:47
E2_E5SMALL_QUESTION,frozen,question,02,no_augmentation,GAD7,43,LightGBM,4.677249,False,,random50,"{""augmentation"": ""no_augmentation"", ""beto_model"": ""dccuchile/bert-base-spanish-wwm-cased"", ""chunk_stride"": 256, ""max_tokens"": 512, ""n_cv_splits"": 5, ""n_search_iter"": 50, ""seeds"": [42, 43, 44, 45, 46], ""sentence_transformer_model"": ""intfloat/multilingual-e5-small"", ""tfidf_lemmatize"": true, ""tfidf_max_df"": 0.9, ""tfidf_max_features"": 300, ""tfidf_min_df"": 3, ""tfidf_ngram_range"": [1, 2], ""tfidf_normalize_numbers"": true}",2026-09-08T19:56:47
E2_E5SMALL_QUESTION,frozen,question,02,no_augmentation,GAD7,43,KNN,4.82421,False,,random50,"{""augmentation"": ""no_augmentation"", ""beto_model"": ""dccuchile/bert-base-spanish-wwm-cased"", ""chunk_stride"": 256, ""max_tokens"": 512, ""n_cv_splits"": 5, ""n_search_iter"": 50, ""seeds"": [42, 43, 44, 45, 46], ""sentence_transformer_model"": ""intfloat/multilingual-e5-small"", ""tfidf_lemmatize"": true, ""tfidf_max_df"": 0.9, ""tfidf_max_features"": 300, ""tfidf_min_df"": 3, ""tfidf_ngram_range"": [1, 2], ""tfidf_normalize_numbers"": true}",2026-09-08T19:56:47
E2_E5SMALL_QUESTION,frozen,question,02,no_augmentation,GAD7,43,DecisionTree,5.086823,False,,random50,"{""augmentation"": ""no_augmentation"", ""beto_model"": ""dccuchile/bert-base-spanish-wwm-cased"", ""chunk_stride"": 256, ""max_tokens"": 512, ""n_cv_splits"": 5, ""n_search_iter"": 50, ""seeds"": [42, 43, 44, 45, 46], ""sentence_transformer_model"": ""intfloat/multilingual-e5-small"", ""tfidf_lemmatize"": true, ""tfidf_max_df"": 0.9, ""tfidf_max_features"": 300, ""tfidf_min_df"": 3, ""tfidf_ngram_range"": [1, 2], ""tfidf_normalize_numbers"": true}",2026-09-08T19:56:47
E2_E5SMALL_QUESTION,frozen,question,02,no_augmentation,GAD7,43,AdaBoost,4.633576,False,,random50,"{""augmentation"": ""no_augmentation"", ""beto_model"": ""dccuchile/bert-base-spanish-wwm-cased"", ""chunk_stride"": 256, ""max_tokens"": 512, ""n_cv_splits"": 5, ""n_search_iter"": 50, ""seeds"": [42, 43, 44, 45, 46], ""sentence_transformer_model"": ""intfloat/multilingual-e5-small"", ""tfidf_lemmatize"": true, ""tfidf_max_df"": 0.9, ""tfidf_max_features"": 300, ""tfidf_min_df"": 3, ""tfidf_ngram_range"": [1, 2], ""tfidf_normalize_numbers"": true}",2026-09-08T19:56:47
E2_E5SMALL_QUESTION,frozen,question,02,no_augmentation,PHQ9,44,Ridge,6.403744,False,,random50,"{""augmentation"": ""no_augmentation"", ""beto_model"": ""dccuchile/bert-base-spanish-wwm-cased"", ""chunk_stride"": 256, ""max_tokens"": 512, ""n_cv_splits"": 5, ""n_search_iter"": 50, ""seeds"": [42, 43, 44, 45, 46], ""sentence_transformer_model"": ""intfloat/multilingual-e5-small"", ""tfidf_lemmatize"": true, ""tfidf_max_df"": 0.9, ""tfidf_max_features"": 300, ""tfidf_min_df"": 3, ""tfidf_ngram_range"": [1, 2], ""tfidf_normalize_numbers"": true}",2026-09-08T20:15:49
E2_E5SMALL_QUESTION,frozen,question,02,no_augmentation,PHQ9,44,SVR,5.741366,True,,random50,"{""augmentation"": ""no_augmentation"", ""beto_model"": ""dccuchile/bert-base-spanish-wwm-cased"", ""chunk_stride"": 256, ""max_tokens"": 512, ""n_cv_splits"": 5, ""n_search_iter"": 50, ""seeds"": [42, 43, 44, 45, 46], ""sentence_transformer_model"": ""intfloat/multilingual-e5-small"", ""tfidf_lemmatize"": true, ""tfidf_max_df"": 0.9, ""tfidf_max_features"": 300, ""tfidf_min_df"": 3, ""tfidf_ngram_range"": [1, 2], ""tfidf_normalize_numbers"": true}",2026-09-08T20:15:49
E2_E5SMALL_QUESTION,frozen,question,02,no_augmentation,PHQ9,44,RandomForest,5.860708,False,,random50,"{""augmentation"": ""no_augmentation"", ""beto_model"": ""dccuchile/bert-base-spanish-wwm-cased"", ""chunk_stride"": 256, ""max_tokens"": 512, ""n_cv_splits"": 5, ""n_search_iter"": 50, ""seeds"": [42, 43, 44, 45, 46], ""sentence_transformer_model"": ""intfloat/multilingual-e5-small"", ""tfidf_lemmatize"": true, ""tfidf_max_df"": 0.9, ""tfidf_max_features"": 300, ""tfidf_min_df"": 3, ""tfidf_ngram_range"": [1, 2], ""tfidf_normalize_numbers"": true}",2026-09-08T20:15:49
E2_E5SMALL_QUESTION,frozen,question,02,no_augmentation,PHQ9,44,ExtraTrees,5.855476,False,,random50,"{""augmentation"": ""no_augmentation"", ""beto_model"": ""dccuchile/bert-base-spanish-wwm-cased"", ""chunk_stride"": 256, ""max_tokens"": 512, ""n_cv_splits"": 5, ""n_search_iter"": 50, ""seeds"": [42, 43, 44, 45, 46], ""sentence_transformer_model"": ""intfloat/multilingual-e5-small"", ""tfidf_lemmatize"": true, ""tfidf_max_df"": 0.9, ""tfidf_max_features"": 300, ""tfidf_min_df"": 3, ""tfidf_ngram_range"": [1, 2], ""tfidf_normalize_numbers"": true}",2026-09-08T20:15:49
E2_E5SMALL_QUESTION,frozen,question,02,no_augmentation,PHQ9,44,GradientBoosting,5.830275,False,,random50,"{""augmentation"": ""no_augmentation"", ""beto_model"": ""dccuchile/bert-base-spanish-wwm-cased"", ""chunk_stride"": 256, ""max_tokens"": 512, ""n_cv_splits"": 5, ""n_search_iter"": 50, ""seeds"": [42, 43, 44, 45, 46], ""sentence_transformer_model"": ""intfloat/multilingual-e5-small"", ""tfidf_lemmatize"": true, ""tfidf_max_df"": 0.9, ""tfidf_max_features"": 300, ""tfidf_min_df"": 3, ""tfidf_ngram_range"": [1, 2], ""tfidf_normalize_numbers"": true}",2026-09-08T20:15:49
E2_E5SMALL_QUESTION,frozen,question,02,no_augmentation,PHQ9,44,LightGBM,5.84451,False,,random50,"{""augmentation"": ""no_augmentation"", ""beto_model"": ""dccuchile/bert-base-spanish-wwm-cased"", ""chunk_stride"": 256, ""max_tokens"": 512, ""n_cv_splits"": 5, ""n_search_iter"": 50, ""seeds"": [42, 43, 44, 45, 46], ""sentence_transformer_model"": ""intfloat/multilingual-e5-small"", ""tfidf_lemmatize"": true, ""tfidf_max_df"": 0.9, ""tfidf_max_features"": 300, ""tfidf_min_df"": 3, ""tfidf_ngram_range"": [1, 2], ""tfidf_normalize_numbers"": true}",2026-09-08T20:15:49
E2_E5SMALL_QUESTION,frozen,question,02,no_augmentation,PHQ9,44,KNN,6.080685,False,,random50,"{""augmentation"": ""no_augmentation"", ""beto_model"": ""dccuchile/bert-base-spanish-wwm-cased"", ""chunk_stride"": 256, ""max_tokens"": 512, ""n_cv_splits"": 5, ""n_search_iter"": 50, ""seeds"": [42, 43, 44, 45, 46], ""sentence_transformer_model"": ""intfloat/multilingual-e5-small"", ""tfidf_lemmatize"": true, ""tfidf_max_df"": 0.9, ""tfidf_max_features"": 300, ""tfidf_min_df"": 3, ""tfidf_ngram_range"": [1, 2], ""tfidf_normalize_numbers"": true}",2026-09-08T20:15:49
E2_E5SMALL_QUESTION,frozen,question,02,no_augmentation,PHQ9,44,DecisionTree,6.35521,False,,random50,"{""augmentation"": ""no_augmentation"", ""beto_model"": ""dccuchile/bert-base-spanish-wwm-cased"", ""chunk_stride"": 256, ""max_tokens"": 512, ""n_cv_splits"": 5, ""n_search_iter"": 50, ""seeds"": [42, 43, 44, 45, 46], ""sentence_transformer_model"": ""intfloat/multilingual-e5-small"", ""tfidf_lemmatize"": true, ""tfidf_max_df"": 0.9, ""tfidf_max_features"": 300, ""tfidf_min_df"": 3, ""tfidf_ngram_range"": [1, 2], ""tfidf_normalize_numbers"": true}",2026-09-08T20:15:49
E2_E5SMALL_QUESTION,frozen,question,02,no_augmentation,PHQ9,44,AdaBoost,5.808509,False,,random50,"{""augmentation"": ""no_augmentation"", ""beto_model"": ""dccuchile/bert-base-spanish-wwm-cased"", ""chunk_stride"": 256, ""max_tokens"": 512, ""n_cv_splits"": 5, ""n_search_iter"": 50, ""seeds"": [42, 43, 44, 45, 46], ""sentence_transformer_model"": ""intfloat/multilingual-e5-small"", ""tfidf_lemmatize"": true, ""tfidf_max_df"": 0.9, ""tfidf_max_features"": 300, ""tfidf_min_df"": 3, ""tfidf_ngram_range"": [1, 2], ""tfidf_normalize_numbers"": true}",2026-09-08T20:15:49
E0_TFIDF_QUESTION,frozen,question,02,no_augmentation,PHQ9,42,Ridge,6.053323,False,tfidf,defaults,"{""augmentation"": ""no_augmentation"", ""beto_model"": ""dccuchile/bert-base-spanish-wwm-cased"", ""chunk_stride"": 256, ""max_tokens"": 512, ""n_cv_splits"": 5, ""n_search_iter"": 0, ""seeds"": [42, 43, 44, 45, 46], ""sentence_transformer_model"": ""intfloat/multilingual-e5-small"", ""tfidf_lemmatize"": true, ""tfidf_max_df"": 0.9, ""tfidf_max_features"": 300, ""tfidf_min_df"": 3, ""tfidf_ngram_range"": [1, 2], ""tfidf_normalize_numbers"": true}",2026-09-09T12:13:40
E0_TFIDF_QUESTION,frozen,question,02,no_augmentation,PHQ9,42,SVR,5.905756,False,tfidf,defaults,"{""augmentation"": ""no_augmentation"", ""beto_model"": ""dccuchile/bert-base-spanish-wwm-cased"", ""chunk_stride"": 256, ""max_tokens"": 512, ""n_cv_splits"": 5, ""n_search_iter"": 0, ""seeds"": [42, 43, 44, 45, 46], ""sentence_transformer_model"": ""intfloat/multilingual-e5-small"", ""tfidf_lemmatize"": true, ""tfidf_max_df"": 0.9, ""tfidf_max_features"": 300, ""tfidf_min_df"": 3, ""tfidf_ngram_range"": [1, 2], ""tfidf_normalize_numbers"": true}",2026-09-09T12:13:40
E0_TFIDF_QUESTION,frozen,question,02,no_augmentation,PHQ9,42,RandomForest,5.790246,True,tfidf,defaults,"{""augmentation"": ""no_augmentation"", ""beto_model"": ""dccuchile/bert-base-spanish-wwm-cased"", ""chunk_stride"": 256, ""max_tokens"": 512, ""n_cv_splits"": 5, ""n_search_iter"": 0, ""seeds"": [42, 43, 44, 45, 46], ""sentence_transformer_model"": ""intfloat/multilingual-e5-small"", ""tfidf_lemmatize"": true, ""tfidf_max_df"": 0.9, ""tfidf_max_features"": 300, ""tfidf_min_df"": 3, ""tfidf_ngram_range"": [1, 2], ""tfidf_normalize_numbers"": true}",2026-09-09T12:13:40
E0_TFIDF_QUESTION,frozen,question,02,no_augmentation,PHQ9,42,ExtraTrees,5.873878,False,tfidf,defaults,"{""augmentation"": ""no_augmentation"", ""beto_model"": ""dccuchile/bert-base-spanish-wwm-cased"", ""chunk_stride"": 256, ""max_tokens"": 512, ""n_cv_splits"": 5, ""n_search_iter"": 0, ""seeds"": [42, 43, 44, 45, 46], ""sentence_transformer_model"": ""intfloat/multilingual-e5-small"", ""tfidf_lemmatize"": true, ""tfidf_max_df"": 0.9, ""tfidf_max_features"": 300, ""tfidf_min_df"": 3, ""tfidf_ngram_range"": [1, 2], ""tfidf_normalize_numbers"": true}",2026-09-09T12:13:40
E0_TFIDF_QUESTION,frozen,question,02,no_augmentation,PHQ9,42,GradientBoosting,6.112806,False,tfidf,defaults,"{""augmentation"": ""no_augmentation"", ""beto_model"": ""dccuchile/bert-base-spanish-wwm-cased"", ""chunk_stride"": 256, ""max_tokens"": 512, ""n_cv_splits"": 5, ""n_search_iter"": 0, ""seeds"": [42, 43, 44, 45, 46], ""sentence_transformer_model"": ""intfloat/multilingual-e5-small"", ""tfidf_lemmatize"": true, ""tfidf_max_df"": 0.9, ""tfidf_max_features"": 300, ""tfidf_min_df"": 3, ""tfidf_ngram_range"": [1, 2], ""tfidf_normalize_numbers"": true}",2026-09-09T12:13:40
E0_TFIDF_QUESTION,frozen,question,02,no_augmentation,PHQ9,42,LightGBM,6.084392,False,tfidf,defaults,"{""augmentation"": ""no_augmentation"", ""beto_model"": ""dccuchile/bert-base-spanish-wwm-cased"", ""chunk_stride"": 256, ""max_tokens"": 512, ""n_cv_splits"": 5, ""n_search_iter"": 0, ""seeds"": [42, 43, 44, 45, 46], ""sentence_transformer_model"": ""intfloat/multilingual-e5-small"", ""tfidf_lemmatize"": true, ""tfidf_max_df"": 0.9, ""tfidf_max_features"": 300, ""tfidf_min_df"": 3, ""tfidf_ngram_range"": [1, 2], ""tfidf_normalize_numbers"": true}",2026-09-09T12:13:40
E0_TFIDF_QUESTION,frozen,question,02,no_augmentation,PHQ9,42,KNN,6.193033,False,tfidf,defaults,"{""augmentation"": ""no_augmentation"", ""beto_model"": ""dccuchile/bert-base-spanish-wwm-cased"", ""chunk_stride"": 256, ""max_tokens"": 512, ""n_cv_splits"": 5, ""n_search_iter"": 0, ""seeds"": [42, 43, 44, 45, 46], ""sentence_transformer_model"": ""intfloat/multilingual-e5-small"", ""tfidf_lemmatize"": true, ""tfidf_max_df"": 0.9, ""tfidf_max_features"": 300, ""tfidf_min_df"": 3, ""tfidf_ngram_range"": [1, 2], ""tfidf_normalize_numbers"": true}",2026-09-09T12:13:40
E0_TFIDF_QUESTION,frozen,question,02,no_augmentation,PHQ9,42,DecisionTree,6.793187,False,tfidf,defaults,"{""augmentation"": ""no_augmentation"", ""beto_model"": ""dccuchile/bert-base-spanish-wwm-cased"", ""chunk_stride"": 256, ""max_tokens"": 512, ""n_cv_splits"": 5, ""n_search_iter"": 0, ""seeds"": [42, 43, 44, 45, 46], ""sentence_transformer_model"": ""intfloat/multilingual-e5-small"", ""tfidf_lemmatize"": true, ""tfidf_max_df"": 0.9, ""tfidf_max_features"": 300, ""tfidf_min_df"": 3, ""tfidf_ngram_range"": [1, 2], ""tfidf_normalize_numbers"": true}",2026-09-09T12:13:40
E0_TFIDF_QUESTION,frozen,question,02,no_augmentation,PHQ9,42,AdaBoost,5.887882,False,tfidf,defaults,"{""augmentation"": ""no_augmentation"", ""beto_model"": ""dccuchile/bert-base-spanish-wwm-cased"", ""chunk_stride"": 256, ""max_tokens"": 512, ""n_cv_splits"": 5, ""n_search_iter"": 0, ""seeds"": [42, 43, 44, 45, 46], ""sentence_transformer_model"": ""intfloat/multilingual-e5-small"", ""tfidf_lemmatize"": true, ""tfidf_max_df"": 0.9, ""tfidf_max_features"": 300, ""tfidf_min_df"": 3, ""tfidf_ngram_range"": [1, 2], ""tfidf_normalize_numbers"": true}",2026-09-09T12:13:40
E0_TFIDF_QUESTION,frozen,question,02,no_augmentation,GAD7,42,Ridge,5.228856,False,tfidf,defaults,"{""augmentation"": ""no_augmentation"", ""beto_model"": ""dccuchile/bert-base-spanish-wwm-cased"", ""chunk_stride"": 256, ""max_tokens"": 512, ""n_cv_splits"": 5, ""n_search_iter"": 0, ""seeds"": [42, 43, 44, 45, 46], ""sentence_transformer_model"": ""intfloat/multilingual-e5-small"", ""tfidf_lemmatize"": true, ""tfidf_max_df"": 0.9, ""tfidf_max_features"": 300, ""tfidf_min_df"": 3, ""tfidf_ngram_range"": [1, 2], ""tfidf_normalize_numbers"": true}",2026-09-09T12:14:11
E0_TFIDF_QUESTION,frozen,question,02,no_augmentation,GAD7,42,SVR,5.009187,False,tfidf,defaults,"{""augmentation"": ""no_augmentation"", ""beto_model"": ""dccuchile/bert-base-spanish-wwm-cased"", ""chunk_stride"": 256, ""max_tokens"": 512, ""n_cv_splits"": 5, ""n_search_iter"": 0, ""seeds"": [42, 43, 44, 45, 46], ""sentence_transformer_model"": ""intfloat/multilingual-e5-small"", ""tfidf_lemmatize"": true, ""tfidf_max_df"": 0.9, ""tfidf_max_features"": 300, ""tfidf_min_df"": 3, ""tfidf_ngram_range"": [1, 2], ""tfidf_normalize_numbers"": true}",2026-09-09T12:14:11
E0_TFIDF_QUESTION,frozen,question,02,no_augmentation,GAD7,42,RandomForest,4.83921,True,tfidf,defaults,"{""augmentation"": ""no_augmentation"", ""beto_model"": ""dccuchile/bert-base-spanish-wwm-cased"", ""chunk_stride"": 256, ""max_tokens"": 512, ""n_cv_splits"": 5, ""n_search_iter"": 0, ""seeds"": [42, 43, 44, 45, 46], ""sentence_transformer_model"": ""intfloat/multilingual-e5-small"", ""tfidf_lemmatize"": true, ""tfidf_max_df"": 0.9, ""tfidf_max_features"": 300, ""tfidf_min_df"": 3, ""tfidf_ngram_range"": [1, 2], ""tfidf_normalize_numbers"": true}",2026-09-09T12:14:11
E0_TFIDF_QUESTION,frozen,question,02,no_augmentation,GAD7,42,ExtraTrees,4.905492,False,tfidf,defaults,"{""augmentation"": ""no_augmentation"", ""beto_model"": ""dccuchile/bert-base-spanish-wwm-cased"", ""chunk_stride"": 256, ""max_tokens"": 512, ""n_cv_splits"": 5, ""n_search_iter"": 0, ""seeds"": [42, 43, 44, 45, 46], ""sentence_transformer_model"": ""intfloat/multilingual-e5-small"", ""tfidf_lemmatize"": true, ""tfidf_max_df"": 0.9, ""tfidf_max_features"": 300, ""tfidf_min_df"": 3, ""tfidf_ngram_range"": [1, 2], ""tfidf_normalize_numbers"": true}",2026-09-09T12:14:11
E0_TFIDF_QUESTION,frozen,question,02,no_augmentation,GAD7,42,GradientBoosting,5.203473,False,tfidf,defaults,"{""augmentation"": ""no_augmentation"", ""beto_model"": ""dccuchile/bert-base-spanish-wwm-cased"", ""chunk_stride"": 256, ""max_tokens"": 512, ""n_cv_splits"": 5, ""n_search_iter"": 0, ""seeds"": [42, 43, 44, 45, 46], ""sentence_transformer_model"": ""intfloat/multilingual-e5-small"", ""tfidf_lemmatize"": true, ""tfidf_max_df"": 0.9, ""tfidf_max_features"": 300, ""tfidf_min_df"": 3, ""tfidf_ngram_range"": [1, 2], ""tfidf_normalize_numbers"": true}",2026-09-09T12:14:11
E0_TFIDF_QUESTION,frozen,question,02,no_augmentation,GAD7,42,LightGBM,5.051186,False,tfidf,defaults,"{""augmentation"": ""no_augmentation"", ""beto_model"": ""dccuchile/bert-base-spanish-wwm-cased"", ""chunk_stride"": 256, ""max_tokens"": 512, ""n_cv_splits"": 5, ""n_search_iter"": 0, ""seeds"": [42, 43, 44, 45, 46], ""sentence_transformer_model"": ""intfloat/multilingual-e5-small"", ""tfidf_lemmatize"": true, ""tfidf_max_df"": 0.9, ""tfidf_max_features"": 300, ""tfidf_min_df"": 3, ""tfidf_ngram_range"": [1, 2], ""tfidf_normalize_numbers"": true}",2026-09-09T12:14:11
E0_TFIDF_QUESTION,frozen,question,02,no_augmentation,GAD7,42,KNN,5.100465,False,tfidf,defaults,"{""augmentation"": ""no_augmentation"", ""beto_model"": ""dccuchile/bert-base-spanish-wwm-cased"", ""chunk_stride"": 256, ""max_tokens"": 512, ""n_cv_splits"": 5, ""n_search_iter"": 0, ""seeds"": [42, 43, 44, 45, 46], ""sentence_transformer_model"": ""intfloat/multilingual-e5-small"", ""tfidf_lemmatize"": true, ""tfidf_max_df"": 0.9, ""tfidf_max_features"": 300, ""tfidf_min_df"": 3, ""tfidf_ngram_range"": [1, 2], ""tfidf_normalize_numbers"": true}",2026-09-09T12:14:11
E0_TFIDF_QUESTION,frozen,question,02,no_augmentation,GAD7,42,DecisionTree,5.546038,False,tfidf,defaults,"{""augmentation"": ""no_augmentation"", ""beto_model"": ""dccuchile/bert-base-spanish-wwm-cased"", ""chunk_stride"": 256, ""max_tokens"": 512, ""n_cv_splits"": 5, ""n_search_iter"": 0, ""seeds"": [42, 43, 44, 45, 46], ""sentence_transformer_model"": ""intfloat/multilingual-e5-small"", ""tfidf_lemmatize"": true, ""tfidf_max_df"": 0.9, ""tfidf_max_features"": 300, ""tfidf_min_df"": 3, ""tfidf_ngram_range"": [1, 2], ""tfidf_normalize_numbers"": true}",2026-09-09T12:14:11
E0_TFIDF_QUESTION,frozen,question,02,no_augmentation,GAD7,42,AdaBoost,5.093532,False,tfidf,defaults,"{""augmentation"": ""no_augmentation"", ""beto_model"": ""dccuchile/bert-base-spanish-wwm-cased"", ""chunk_stride"": 256, ""max_tokens"": 512, ""n_cv_splits"": 5, ""n_search_iter"": 0, ""seeds"": [42, 43, 44, 45, 46], ""sentence_transformer_model"": ""intfloat/multilingual-e5-small"", ""tfidf_lemmatize"": true, ""tfidf_max_df"": 0.9, ""tfidf_max_features"": 300, ""tfidf_min_df"": 3, ""tfidf_ngram_range"": [1, 2], ""tfidf_normalize_numbers"": true}",2026-09-09T12:14:11
E0_TFIDF_QUESTION,frozen,question,02,no_augmentation,PHQ9,43,Ridge,6.169247,False,tfidf,defaults,"{""augmentation"": ""no_augmentation"", ""beto_model"": ""dccuchile/bert-base-spanish-wwm-cased"", ""chunk_stride"": 256, ""max_tokens"": 512, ""n_cv_splits"": 5, ""n_search_iter"": 0, ""seeds"": [42, 43, 44, 45, 46], ""sentence_transformer_model"": ""intfloat/multilingual-e5-small"", ""tfidf_lemmatize"": true, ""tfidf_max_df"": 0.9, ""tfidf_max_features"": 300, ""tfidf_min_df"": 3, ""tfidf_ngram_range"": [1, 2], ""tfidf_normalize_numbers"": true}",2026-09-09T12:14:42
E0_TFIDF_QUESTION,frozen,question,02,no_augmentation,PHQ9,43,SVR,5.9991,False,tfidf,defaults,"{""augmentation"": ""no_augmentation"", ""beto_model"": ""dccuchile/bert-base-spanish-wwm-cased"", ""chunk_stride"": 256, ""max_tokens"": 512, ""n_cv_splits"": 5, ""n_search_iter"": 0, ""seeds"": [42, 43, 44, 45, 46], ""sentence_transformer_model"": ""intfloat/multilingual-e5-small"", ""tfidf_lemmatize"": true, ""tfidf_max_df"": 0.9, ""tfidf_max_features"": 300, ""tfidf_min_df"": 3, ""tfidf_ngram_range"": [1, 2], ""tfidf_normalize_numbers"": true}",2026-09-09T12:14:42
E0_TFIDF_QUESTION,frozen,question,02,no_augmentation,PHQ9,43,RandomForest,5.89101,True,tfidf,defaults,"{""augmentation"": ""no_augmentation"", ""beto_model"": ""dccuchile/bert-base-spanish-wwm-cased"", ""chunk_stride"": 256, ""max_tokens"": 512, ""n_cv_splits"": 5, ""n_search_iter"": 0, ""seeds"": [42, 43, 44, 45, 46], ""sentence_transformer_model"": ""intfloat/multilingual-e5-small"", ""tfidf_lemmatize"": true, ""tfidf_max_df"": 0.9, ""tfidf_max_features"": 300, ""tfidf_min_df"": 3, ""tfidf_ngram_range"": [1, 2], ""tfidf_normalize_numbers"": true}",2026-09-09T12:14:42
E0_TFIDF_QUESTION,frozen,question,02,no_augmentation,PHQ9,43,ExtraTrees,5.918734,False,tfidf,defaults,"{""augmentation"": ""no_augmentation"", ""beto_model"": ""dccuchile/bert-base-spanish-wwm-cased"", ""chunk_stride"": 256, ""max_tokens"": 512, ""n_cv_splits"": 5, ""n_search_iter"": 0, ""seeds"": [42, 43, 44, 45, 46], ""sentence_transformer_model"": ""intfloat/multilingual-e5-small"", ""tfidf_lemmatize"": true, ""tfidf_max_df"": 0.9, ""tfidf_max_features"": 300, ""tfidf_min_df"": 3, ""tfidf_ngram_range"": [1, 2], ""tfidf_normalize_numbers"": true}",2026-09-09T12:14:42
E0_TFIDF_QUESTION,frozen,question,02,no_augmentation,PHQ9,43,GradientBoosting,6.283968,False,tfidf,defaults,"{""augmentation"": ""no_augmentation"", ""beto_model"": ""dccuchile/bert-base-spanish-wwm-cased"", ""chunk_stride"": 256, ""max_tokens"": 512, ""n_cv_splits"": 5, ""n_search_iter"": 0, ""seeds"": [42, 43, 44, 45, 46], ""sentence_transformer_model"": ""intfloat/multilingual-e5-small"", ""tfidf_lemmatize"": true, ""tfidf_max_df"": 0.9, ""tfidf_max_features"": 300, ""tfidf_min_df"": 3, ""tfidf_ngram_range"": [1, 2], ""tfidf_normalize_numbers"": true}",2026-09-09T12:14:42
E0_TFIDF_QUESTION,frozen,question,02,no_augmentation,PHQ9,43,LightGBM,6.209646,False,tfidf,defaults,"{""augmentation"": ""no_augmentation"", ""beto_model"": ""dccuchile/bert-base-spanish-wwm-cased"", ""chunk_stride"": 256, ""max_tokens"": 512, ""n_cv_splits"": 5, ""n_search_iter"": 0, ""seeds"": [42, 43, 44, 45, 46], ""sentence_transformer_model"": ""intfloat/multilingual-e5-small"", ""tfidf_lemmatize"": true, ""tfidf_max_df"": 0.9, ""tfidf_max_features"": 300, ""tfidf_min_df"": 3, ""tfidf_ngram_range"": [1, 2], ""tfidf_normalize_numbers"": true}",2026-09-09T12:14:42
E0_TFIDF_QUESTION,frozen,question,02,no_augmentation,PHQ9,43,KNN,6.320201,False,tfidf,defaults,"{""augmentation"": ""no_augmentation"", ""beto_model"": ""dccuchile/bert-base-spanish-wwm-cased"", ""chunk_stride"": 256, ""max_tokens"": 512, ""n_cv_splits"": 5, ""n_search_iter"": 0, ""seeds"": [42, 43, 44, 45, 46], ""sentence_transformer_model"": ""intfloat/multilingual-e5-small"", ""tfidf_lemmatize"": true, ""tfidf_max_df"": 0.9, ""tfidf_max_features"": 300, ""tfidf_min_df"": 3, ""tfidf_ngram_range"": [1, 2], ""tfidf_normalize_numbers"": true}",2026-09-09T12:14:42
E0_TFIDF_QUESTION,frozen,question,02,no_augmentation,PHQ9,43,DecisionTree,7.266826,False,tfidf,defaults,"{""augmentation"": ""no_augmentation"", ""beto_model"": ""dccuchile/bert-base-spanish-wwm-cased"", ""chunk_stride"": 256, ""max_tokens"": 512, ""n_cv_splits"": 5, ""n_search_iter"": 0, ""seeds"": [42, 43, 44, 45, 46], ""sentence_transformer_model"": ""intfloat/multilingual-e5-small"", ""tfidf_lemmatize"": true, ""tfidf_max_df"": 0.9, ""tfidf_max_features"": 300, ""tfidf_min_df"": 3, ""tfidf_ngram_range"": [1, 2], ""tfidf_normalize_numbers"": true}",2026-09-09T12:14:42
E0_TFIDF_QUESTION,frozen,question,02,no_augmentation,PHQ9,43,AdaBoost,6.097074,False,tfidf,defaults,"{""augmentation"": ""no_augmentation"", ""beto_model"": ""dccuchile/bert-base-spanish-wwm-cased"", ""chunk_stride"": 256, ""max_tokens"": 512, ""n_cv_splits"": 5, ""n_search_iter"": 0, ""seeds"": [42, 43, 44, 45, 46], ""sentence_transformer_model"": ""intfloat/multilingual-e5-small"", ""tfidf_lemmatize"": true, ""tfidf_max_df"": 0.9, ""tfidf_max_features"": 300, ""tfidf_min_df"": 3, ""tfidf_ngram_range"": [1, 2], ""tfidf_normalize_numbers"": true}",2026-09-09T12:14:42
E0_TFIDF_QUESTION,frozen,question,02,no_augmentation,GAD7,43,Ridge,5.314985,False,tfidf,defaults,"{""augmentation"": ""no_augmentation"", ""beto_model"": ""dccuchile/bert-base-spanish-wwm-cased"", ""chunk_stride"": 256, ""max_tokens"": 512, ""n_cv_splits"": 5, ""n_search_iter"": 0, ""seeds"": [42, 43, 44, 45, 46], ""sentence_transformer_model"": ""intfloat/multilingual-e5-small"", ""tfidf_lemmatize"": true, ""tfidf_max_df"": 0.9, ""tfidf_max_features"": 300, ""tfidf_min_df"": 3, ""tfidf_ngram_range"": [1, 2], ""tfidf_normalize_numbers"": true}",2026-09-09T12:15:15
E0_TFIDF_QUESTION,frozen,question,02,no_augmentation,GAD7,43,SVR,5.083668,False,tfidf,defaults,"{""augmentation"": ""no_augmentation"", ""beto_model"": ""dccuchile/bert-base-spanish-wwm-cased"", ""chunk_stride"": 256, ""max_tokens"": 512, ""n_cv_splits"": 5, ""n_search_iter"": 0, ""seeds"": [42, 43, 44, 45, 46], ""sentence_transformer_model"": ""intfloat/multilingual-e5-small"", ""tfidf_lemmatize"": true, ""tfidf_max_df"": 0.9, ""tfidf_max_features"": 300, ""tfidf_min_df"": 3, ""tfidf_ngram_range"": [1, 2], ""tfidf_normalize_numbers"": true}",2026-09-09T12:15:15
E0_TFIDF_QUESTION,frozen,question,02,no_augmentation,GAD7,43,RandomForest,4.880904,True,tfidf,defaults,"{""augmentation"": ""no_augmentation"", ""beto_model"": ""dccuchile/bert-base-spanish-wwm-cased"", ""chunk_stride"": 256, ""max_tokens"": 512, ""n_cv_splits"": 5, ""n_search_iter"": 0, ""seeds"": [42, 43, 44, 45, 46], ""sentence_transformer_model"": ""intfloat/multilingual-e5-small"", ""tfidf_lemmatize"": true, ""tfidf_max_df"": 0.9, ""tfidf_max_features"": 300, ""tfidf_min_df"": 3, ""tfidf_ngram_range"": [1, 2], ""tfidf_normalize_numbers"": true}",2026-09-09T12:15:15
E0_TFIDF_QUESTION,frozen,question,02,no_augmentation,GAD7,43,ExtraTrees,4.94254,False,tfidf,defaults,"{""augmentation"": ""no_augmentation"", ""beto_model"": ""dccuchile/bert-base-spanish-wwm-cased"", ""chunk_stride"": 256, ""max_tokens"": 512, ""n_cv_splits"": 5, ""n_search_iter"": 0, ""seeds"": [42, 43, 44, 45, 46], ""sentence_transformer_model"": ""intfloat/multilingual-e5-small"", ""tfidf_lemmatize"": true, ""tfidf_max_df"": 0.9, ""tfidf_max_features"": 300, ""tfidf_min_df"": 3, ""tfidf_ngram_range"": [1, 2], ""tfidf_normalize_numbers"": true}",2026-09-09T12:15:15
E0_TFIDF_QUESTION,frozen,question,02,no_augmentation,GAD7,43,GradientBoosting,5.317553,False,tfidf,defaults,"{""augmentation"": ""no_augmentation"", ""beto_model"": ""dccuchile/bert-base-spanish-wwm-cased"", ""chunk_stride"": 256, ""max_tokens"": 512, ""n_cv_splits"": 5, ""n_search_iter"": 0, ""seeds"": [42, 43, 44, 45, 46], ""sentence_transformer_model"": ""intfloat/multilingual-e5-small"", ""tfidf_lemmatize"": true, ""tfidf_max_df"": 0.9, ""tfidf_max_features"": 300, ""tfidf_min_df"": 3, ""tfidf_ngram_range"": [1, 2], ""tfidf_normalize_numbers"": true}",2026-09-09T12:15:15
E0_TFIDF_QUESTION,frozen,question,02,no_augmentation,GAD7,43,LightGBM,5.205917,False,tfidf,defaults,"{""augmentation"": ""no_augmentation"", ""beto_model"": ""dccuchile/bert-base-spanish-wwm-cased"", ""chunk_stride"": 256, ""max_tokens"": 512, ""n_cv_splits"": 5, ""n_search_iter"": 0, ""seeds"": [42, 43, 44, 45, 46], ""sentence_transformer_model"": ""intfloat/multilingual-e5-small"", ""tfidf_lemmatize"": true, ""tfidf_max_df"": 0.9, ""tfidf_max_features"": 300, ""tfidf_min_df"": 3, ""tfidf_ngram_range"": [1, 2], ""tfidf_normalize_numbers"": true}",2026-09-09T12:15:15
E0_TFIDF_QUESTION,frozen,question,02,no_augmentation,GAD7,43,KNN,5.228993,False,tfidf,defaults,"{""augmentation"": ""no_augmentation"", ""beto_model"": ""dccuchile/bert-base-spanish-wwm-cased"", ""chunk_stride"": 256, ""max_tokens"": 512, ""n_cv_splits"": 5, ""n_search_iter"": 0, ""seeds"": [42, 43, 44, 45, 46], ""sentence_transformer_model"": ""intfloat/multilingual-e5-small"", ""tfidf_lemmatize"": true, ""tfidf_max_df"": 0.9, ""tfidf_max_features"": 300, ""tfidf_min_df"": 3, ""tfidf_ngram_range"": [1, 2], ""tfidf_normalize_numbers"": true}",2026-09-09T12:15:15
E0_TFIDF_QUESTION,frozen,question,02,no_augmentation,GAD7,43,DecisionTree,5.581114,False,tfidf,defaults,"{""augmentation"": ""no_augmentation"", ""beto_model"": ""dccuchile/bert-base-spanish-wwm-cased"", ""chunk_stride"": 256, ""max_tokens"": 512, ""n_cv_splits"": 5, ""n_search_iter"": 0, ""seeds"": [42, 43, 44, 45, 46], ""sentence_transformer_model"": ""intfloat/multilingual-e5-small"", ""tfidf_lemmatize"": true, ""tfidf_max_df"": 0.9, ""tfidf_max_features"": 300, ""tfidf_min_df"": 3, ""tfidf_ngram_range"": [1, 2], ""tfidf_normalize_numbers"": true}",2026-09-09T12:15:15
E0_TFIDF_QUESTION,frozen,question,02,no_augmentation,GAD7,43,AdaBoost,5.178837,False,tfidf,defaults,"{""augmentation"": ""no_augmentation"", ""beto_model"": ""dccuchile/bert-base-spanish-wwm-cased"", ""chunk_stride"": 256, ""max_tokens"": 512, ""n_cv_splits"": 5, ""n_search_iter"": 0, ""seeds"": [42, 43, 44, 45, 46], ""sentence_transformer_model"": ""intfloat/multilingual-e5-small"", ""tfidf_lemmatize"": true, ""tfidf_max_df"": 0.9, ""tfidf_max_features"": 300, ""tfidf_min_df"": 3, ""tfidf_ngram_range"": [1, 2], ""tfidf_normalize_numbers"": true}",2026-09-09T12:15:15
E0_TFIDF_QUESTION,frozen,question,02,no_augmentation,PHQ9,44,Ridge,6.269699,False,tfidf,defaults,"{""augmentation"": ""no_augmentation"", ""beto_model"": ""dccuchile/bert-base-spanish-wwm-cased"", ""chunk_stride"": 256, ""max_tokens"": 512, ""n_cv_splits"": 5, ""n_search_iter"": 0, ""seeds"": [42, 43, 44, 45, 46], ""sentence_transformer_model"": ""intfloat/multilingual-e5-small"", ""tfidf_lemmatize"": true, ""tfidf_max_df"": 0.9, ""tfidf_max_features"": 300, ""tfidf_min_df"": 3, ""tfidf_ngram_range"": [1, 2], ""tfidf_normalize_numbers"": true}",2026-09-09T12:15:50
E0_TFIDF_QUESTION,frozen,question,02,no_augmentation,PHQ9,44,SVR,6.151499,False,tfidf,defaults,"{""augmentation"": ""no_augmentation"", ""beto_model"": ""dccuchile/bert-base-spanish-wwm-cased"", ""chunk_stride"": 256, ""max_tokens"": 512, ""n_cv_splits"": 5, ""n_search_iter"": 0, ""seeds"": [42, 43, 44, 45, 46], ""sentence_transformer_model"": ""intfloat/multilingual-e5-small"", ""tfidf_lemmatize"": true, ""tfidf_max_df"": 0.9, ""tfidf_max_features"": 300, ""tfidf_min_df"": 3, ""tfidf_ngram_range"": [1, 2], ""tfidf_normalize_numbers"": true}",2026-09-09T12:15:50
E0_TFIDF_QUESTION,frozen,question,02,no_augmentation,PHQ9,44,RandomForest,6.047181,True,tfidf,defaults,"{""augmentation"": ""no_augmentation"", ""beto_model"": ""dccuchile/bert-base-spanish-wwm-cased"", ""chunk_stride"": 256, ""max_tokens"": 512, ""n_cv_splits"": 5, ""n_search_iter"": 0, ""seeds"": [42, 43, 44, 45, 46], ""sentence_transformer_model"": ""intfloat/multilingual-e5-small"", ""tfidf_lemmatize"": true, ""tfidf_max_df"": 0.9, ""tfidf_max_features"": 300, ""tfidf_min_df"": 3, ""tfidf_ngram_range"": [1, 2], ""tfidf_normalize_numbers"": true}",2026-09-09T12:15:50
E0_TFIDF_QUESTION,frozen,question,02,no_augmentation,PHQ9,44,ExtraTrees,6.092415,False,tfidf,defaults,"{""augmentation"": ""no_augmentation"", ""beto_model"": ""dccuchile/bert-base-spanish-wwm-cased"", ""chunk_stride"": 256, ""max_tokens"": 512, ""n_cv_splits"": 5, ""n_search_iter"": 0, ""seeds"": [42, 43, 44, 45, 46], ""sentence_transformer_model"": ""intfloat/multilingual-e5-small"", ""tfidf_lemmatize"": true, ""tfidf_max_df"": 0.9, ""tfidf_max_features"": 300, ""tfidf_min_df"": 3, ""tfidf_ngram_range"": [1, 2], ""tfidf_normalize_numbers"": true}",2026-09-09T12:15:50
E0_TFIDF_QUESTION,frozen,question,02,no_augmentation,PHQ9,44,GradientBoosting,6.326846,False,tfidf,defaults,"{""augmentation"": ""no_augmentation"", ""beto_model"": ""dccuchile/bert-base-spanish-wwm-cased"", ""chunk_stride"": 256, ""max_tokens"": 512, ""n_cv_splits"": 5, ""n_search_iter"": 0, ""seeds"": [42, 43, 44, 45, 46], ""sentence_transformer_model"": ""intfloat/multilingual-e5-small"", ""tfidf_lemmatize"": true, ""tfidf_max_df"": 0.9, ""tfidf_max_features"": 300, ""tfidf_min_df"": 3, ""tfidf_ngram_range"": [1, 2], ""tfidf_normalize_numbers"": true}",2026-09-09T12:15:50
E0_TFIDF_QUESTION,frozen,question,02,no_augmentation,PHQ9,44,LightGBM,6.515097,False,tfidf,defaults,"{""augmentation"": ""no_augmentation"", ""beto_model"": ""dccuchile/bert-base-spanish-wwm-cased"", ""chunk_stride"": 256, ""max_tokens"": 512, ""n_cv_splits"": 5, ""n_search_iter"": 0, ""seeds"": [42, 43, 44, 45, 46], ""sentence_transformer_model"": ""intfloat/multilingual-e5-small"", ""tfidf_lemmatize"": true, ""tfidf_max_df"": 0.9, ""tfidf_max_features"": 300, ""tfidf_min_df"": 3, ""tfidf_ngram_range"": [1, 2], ""tfidf_normalize_numbers"": true}",2026-09-09T12:15:50
E0_TFIDF_QUESTION,frozen,question,02,no_augmentation,PHQ9,44,KNN,6.356704,False,tfidf,defaults,"{""augmentation"": ""no_augmentation"", ""beto_model"": ""dccuchile/bert-base-spanish-wwm-cased"", ""chunk_stride"": 256, ""max_tokens"": 512, ""n_cv_splits"": 5, ""n_search_iter"": 0, ""seeds"": [42, 43, 44, 45, 46], ""sentence_transformer_model"": ""intfloat/multilingual-e5-small"", ""tfidf_lemmatize"": true, ""tfidf_max_df"": 0.9, ""tfidf_max_features"": 300, ""tfidf_min_df"": 3, ""tfidf_ngram_range"": [1, 2], ""tfidf_normalize_numbers"": true}",2026-09-09T12:15:50
E0_TFIDF_QUESTION,frozen,question,02,no_augmentation,PHQ9,44,DecisionTree,7.080334,False,tfidf,defaults,"{""augmentation"": ""no_augmentation"", ""beto_model"": ""dccuchile/bert-base-spanish-wwm-cased"", ""chunk_stride"": 256, ""max_tokens"": 512, ""n_cv_splits"": 5, ""n_search_iter"": 0, ""seeds"": [42, 43, 44, 45, 46], ""sentence_transformer_model"": ""intfloat/multilingual-e5-small"", ""tfidf_lemmatize"": true, ""tfidf_max_df"": 0.9, ""tfidf_max_features"": 300, ""tfidf_min_df"": 3, ""tfidf_ngram_range"": [1, 2], ""tfidf_normalize_numbers"": true}",2026-09-09T12:15:50
E0_TFIDF_QUESTION,frozen,question,02,no_augmentation,PHQ9,44,AdaBoost,6.275926,False,tfidf,defaults,"{""augmentation"": ""no_augmentation"", ""beto_model"": ""dccuchile/bert-base-spanish-wwm-cased"", ""chunk_stride"": 256, ""max_tokens"": 512, ""n_cv_splits"": 5, ""n_search_iter"": 0, ""seeds"": [42, 43, 44, 45, 46], ""sentence_transformer_model"": ""intfloat/multilingual-e5-small"", ""tfidf_lemmatize"": true, ""tfidf_max_df"": 0.9, ""tfidf_max_features"": 300, ""tfidf_min_df"": 3, ""tfidf_ngram_range"": [1, 2], ""tfidf_normalize_numbers"": true}",2026-09-09T12:15:50
E0_TFIDF_QUESTION,frozen,question,02,no_augmentation,GAD7,44,Ridge,5.375482,False,tfidf,defaults,"{""augmentation"": ""no_augmentation"", ""beto_model"": ""dccuchile/bert-base-spanish-wwm-cased"", ""chunk_stride"": 256, ""max_tokens"": 512, ""n_cv_splits"": 5, ""n_search_iter"": 0, ""seeds"": [42, 43, 44, 45, 46], ""sentence_transformer_model"": ""intfloat/multilingual-e5-small"", ""tfidf_lemmatize"": true, ""tfidf_max_df"": 0.9, ""tfidf_max_features"": 300, ""tfidf_min_df"": 3, ""tfidf_ngram_range"": [1, 2], ""tfidf_normalize_numbers"": true}",2026-09-09T12:16:22
E0_TFIDF_QUESTION,frozen,question,02,no_augmentation,GAD7,44,SVR,5.191187,False,tfidf,defaults,"{""augmentation"": ""no_augmentation"", ""beto_model"": ""dccuchile/bert-base-spanish-wwm-cased"", ""chunk_stride"": 256, ""max_tokens"": 512, ""n_cv_splits"": 5, ""n_search_iter"": 0, ""seeds"": [42, 43, 44, 45, 46], ""sentence_transformer_model"": ""intfloat/multilingual-e5-small"", ""tfidf_lemmatize"": true, ""tfidf_max_df"": 0.9, ""tfidf_max_features"": 300, ""tfidf_min_df"": 3, ""tfidf_ngram_range"": [1, 2], ""tfidf_normalize_numbers"": true}",2026-09-09T12:16:22
E0_TFIDF_QUESTION,frozen,question,02,no_augmentation,GAD7,44,RandomForest,4.9343,True,tfidf,defaults,"{""augmentation"": ""no_augmentation"", ""beto_model"": ""dccuchile/bert-base-spanish-wwm-cased"", ""chunk_stride"": 256, ""max_tokens"": 512, ""n_cv_splits"": 5, ""n_search_iter"": 0, ""seeds"": [42, 43, 44, 45, 46], ""sentence_transformer_model"": ""intfloat/multilingual-e5-small"", ""tfidf_lemmatize"": true, ""tfidf_max_df"": 0.9, ""tfidf_max_features"": 300, ""tfidf_min_df"": 3, ""tfidf_ngram_range"": [1, 2], ""tfidf_normalize_numbers"": true}",2026-09-09T12:16:22
E0_TFIDF_QUESTION,frozen,question,02,no_augmentation,GAD7,44,ExtraTrees,4.957835,False,tfidf,defaults,"{""augmentation"": ""no_augmentation"", ""beto_model"": ""dccuchile/bert-base-spanish-wwm-cased"", ""chunk_stride"": 256, ""max_tokens"": 512, ""n_cv_splits"": 5, ""n_search_iter"": 0, ""seeds"": [42, 43, 44, 45, 46], ""sentence_transformer_model"": ""intfloat/multilingual-e5-small"", ""tfidf_lemmatize"": true, ""tfidf_max_df"": 0.9, ""tfidf_max_features"": 300, ""tfidf_min_df"": 3, ""tfidf_ngram_range"": [1, 2], ""tfidf_normalize_numbers"": true}",2026-09-09T12:16:22
E0_TFIDF_QUESTION,frozen,question,02,no_augmentation,GAD7,44,GradientBoosting,5.309684,False,tfidf,defaults,"{""augmentation"": ""no_augmentation"", ""beto_model"": ""dccuchile/bert-base-spanish-wwm-cased"", ""chunk_stride"": 256, ""max_tokens"": 512, ""n_cv_splits"": 5, ""n_search_iter"": 0, ""seeds"": [42, 43, 44, 45, 46], ""sentence_transformer_model"": ""intfloat/multilingual-e5-small"", ""tfidf_lemmatize"": true, ""tfidf_max_df"": 0.9, ""tfidf_max_features"": 300, ""tfidf_min_df"": 3, ""tfidf_ngram_range"": [1, 2], ""tfidf_normalize_numbers"": true}",2026-09-09T12:16:22
E0_TFIDF_QUESTION,frozen,question,02,no_augmentation,GAD7,44,LightGBM,5.340632,False,tfidf,defaults,"{""augmentation"": ""no_augmentation"", ""beto_model"": ""dccuchile/bert-base-spanish-wwm-cased"", ""chunk_stride"": 256, ""max_tokens"": 512, ""n_cv_splits"": 5, ""n_search_iter"": 0, ""seeds"": [42, 43, 44, 45, 46], ""sentence_transformer_model"": ""intfloat/multilingual-e5-small"", ""tfidf_lemmatize"": true, ""tfidf_max_df"": 0.9, ""tfidf_max_features"": 300, ""tfidf_min_df"": 3, ""tfidf_ngram_range"": [1, 2], ""tfidf_normalize_numbers"": true}",2026-09-09T12:16:22
E0_TFIDF_QUESTION,frozen,question,02,no_augmentation,GAD7,44,KNN,5.241101,False,tfidf,defaults,"{""augmentation"": ""no_augmentation"", ""beto_model"": ""dccuchile/bert-base-spanish-wwm-cased"", ""chunk_stride"": 256, ""max_tokens"": 512, ""n_cv_splits"": 5, ""n_search_iter"": 0, ""seeds"": [42, 43, 44, 45, 46], ""sentence_transformer_model"": ""intfloat/multilingual-e5-small"", ""tfidf_lemmatize"": true, ""tfidf_max_df"": 0.9, ""tfidf_max_features"": 300, ""tfidf_min_df"": 3, ""tfidf_ngram_range"": [1, 2], ""tfidf_normalize_numbers"": true}",2026-09-09T12:16:22
E0_TFIDF_QUESTION,frozen,question,02,no_augmentation,GAD7,44,DecisionTree,5.49845,False,tfidf,defaults,"{""augmentation"": ""no_augmentation"", ""beto_model"": ""dccuchile/bert-base-spanish-wwm-cased"", ""chunk_stride"": 256, ""max_tokens"": 512, ""n_cv_splits"": 5, ""n_search_iter"": 0, ""seeds"": [42, 43, 44, 45, 46], ""sentence_transformer_model"": ""intfloat/multilingual-e5-small"", ""tfidf_lemmatize"": true, ""tfidf_max_df"": 0.9, ""tfidf_max_features"": 300, ""tfidf_min_df"": 3, ""tfidf_ngram_range"": [1, 2], ""tfidf_normalize_numbers"": true}",2026-09-09T12:16:22
E0_TFIDF_QUESTION,frozen,question,02,no_augmentation,GAD7,44,AdaBoost,5.058354,False,tfidf,defaults,"{""augmentation"": ""no_augmentation"", ""beto_model"": ""dccuchile/bert-base-spanish-wwm-cased"", ""chunk_stride"": 256, ""max_tokens"": 512, ""n_cv_splits"": 5, ""n_search_iter"": 0, ""seeds"": [42, 43, 44, 45, 46], ""sentence_transformer_model"": ""intfloat/multilingual-e5-small"", ""tfidf_lemmatize"": true, ""tfidf_max_df"": 0.9, ""tfidf_max_features"": 300, ""tfidf_min_df"": 3, ""tfidf_ngram_range"": [1, 2], ""tfidf_normalize_numbers"": true}",2026-09-09T12:16:23
E0_TFIDF_QUESTION,frozen,question,02,no_augmentation,PHQ9,45,Ridge,6.063611,False,tfidf,defaults,"{""augmentation"": ""no_augmentation"", ""beto_model"": ""dccuchile/bert-base-spanish-wwm-cased"", ""chunk_stride"": 256, ""max_tokens"": 512, ""n_cv_splits"": 5, ""n_search_iter"": 0, ""seeds"": [42, 43, 44, 45, 46], ""sentence_transformer_model"": ""intfloat/multilingual-e5-small"", ""tfidf_lemmatize"": true, ""tfidf_max_df"": 0.9, ""tfidf_max_features"": 300, ""tfidf_min_df"": 3, ""tfidf_ngram_range"": [1, 2], ""tfidf_normalize_numbers"": true}",2026-09-09T12:16:54
E0_TFIDF_QUESTION,frozen,question,02,no_augmentation,PHQ9,45,SVR,5.952479,False,tfidf,defaults,"{""augmentation"": ""no_augmentation"", ""beto_model"": ""dccuchile/bert-base-spanish-wwm-cased"", ""chunk_stride"": 256, ""max_tokens"": 512, ""n_cv_splits"": 5, ""n_search_iter"": 0, ""seeds"": [42, 43, 44, 45, 46], ""sentence_transformer_model"": ""intfloat/multilingual-e5-small"", ""tfidf_lemmatize"": true, ""tfidf_max_df"": 0.9, ""tfidf_max_features"": 300, ""tfidf_min_df"": 3, ""tfidf_ngram_range"": [1, 2], ""tfidf_normalize_numbers"": true}",2026-09-09T12:16:54
E0_TFIDF_QUESTION,frozen,question,02,no_augmentation,PHQ9,45,RandomForest,5.901741,True,tfidf,defaults,"{""augmentation"": ""no_augmentation"", ""beto_model"": ""dccuchile/bert-base-spanish-wwm-cased"", ""chunk_stride"": 256, ""max_tokens"": 512, ""n_cv_splits"": 5, ""n_search_iter"": 0, ""seeds"": [42, 43, 44, 45, 46], ""sentence_transformer_model"": ""intfloat/multilingual-e5-small"", ""tfidf_lemmatize"": true, ""tfidf_max_df"": 0.9, ""tfidf_max_features"": 300, ""tfidf_min_df"": 3, ""tfidf_ngram_range"": [1, 2], ""tfidf_normalize_numbers"": true}",2026-09-09T12:16:54
E0_TFIDF_QUESTION,frozen,question,02,no_augmentation,PHQ9,45,ExtraTrees,5.916991,False,tfidf,defaults,"{""augmentation"": ""no_augmentation"", ""beto_model"": ""dccuchile/bert-base-spanish-wwm-cased"", ""chunk_stride"": 256, ""max_tokens"": 512, ""n_cv_splits"": 5, ""n_search_iter"": 0, ""seeds"": [42, 43, 44, 45, 46], ""sentence_transformer_model"": ""intfloat/multilingual-e5-small"", ""tfidf_lemmatize"": true, ""tfidf_max_df"": 0.9, ""tfidf_max_features"": 300, ""tfidf_min_df"": 3, ""tfidf_ngram_range"": [1, 2], ""tfidf_normalize_numbers"": true}",2026-09-09T12:16:54
E0_TFIDF_QUESTION,frozen,question,02,no_augmentation,PHQ9,45,GradientBoosting,6.099158,False,tfidf,defaults,"{""augmentation"": ""no_augmentation"", ""beto_model"": ""dccuchile/bert-base-spanish-wwm-cased"", ""chunk_stride"": 256, ""max_tokens"": 512, ""n_cv_splits"": 5, ""n_search_iter"": 0, ""seeds"": [42, 43, 44, 45, 46], ""sentence_transformer_model"": ""intfloat/multilingual-e5-small"", ""tfidf_lemmatize"": true, ""tfidf_max_df"": 0.9, ""tfidf_max_features"": 300, ""tfidf_min_df"": 3, ""tfidf_ngram_range"": [1, 2], ""tfidf_normalize_numbers"": true}",2026-09-09T12:16:54
E0_TFIDF_QUESTION,frozen,question,02,no_augmentation,PHQ9,45,LightGBM,6.240752,False,tfidf,defaults,"{""augmentation"": ""no_augmentation"", ""beto_model"": ""dccuchile/bert-base-spanish-wwm-cased"", ""chunk_stride"": 256, ""max_tokens"": 512, ""n_cv_splits"": 5, ""n_search_iter"": 0, ""seeds"": [42, 43, 44, 45, 46], ""sentence_transformer_model"": ""intfloat/multilingual-e5-small"", ""tfidf_lemmatize"": true, ""tfidf_max_df"": 0.9, ""tfidf_max_features"": 300, ""tfidf_min_df"": 3, ""tfidf_ngram_range"": [1, 2], ""tfidf_normalize_numbers"": true}",2026-09-09T12:16:54
E0_TFIDF_QUESTION,frozen,question,02,no_augmentation,PHQ9,45,KNN,6.279308,False,tfidf,defaults,"{""augmentation"": ""no_augmentation"", ""beto_model"": ""dccuchile/bert-base-spanish-wwm-cased"", ""chunk_stride"": 256, ""max_tokens"": 512, ""n_cv_splits"": 5, ""n_search_iter"": 0, ""seeds"": [42, 43, 44, 45, 46], ""sentence_transformer_model"": ""intfloat/multilingual-e5-small"", ""tfidf_lemmatize"": true, ""tfidf_max_df"": 0.9, ""tfidf_max_features"": 300, ""tfidf_min_df"": 3, ""tfidf_ngram_range"": [1, 2], ""tfidf_normalize_numbers"": true}",2026-09-09T12:16:54
E0_TFIDF_QUESTION,frozen,question,02,no_augmentation,PHQ9,45,DecisionTree,7.02662,False,tfidf,defaults,"{""augmentation"": ""no_augmentation"", ""beto_model"": ""dccuchile/bert-base-spanish-wwm-cased"", ""chunk_stride"": 256, ""max_tokens"": 512, ""n_cv_splits"": 5, ""n_search_iter"": 0, ""seeds"": [42, 43, 44, 45, 46], ""sentence_transformer_model"": ""intfloat/multilingual-e5-small"", ""tfidf_lemmatize"": true, ""tfidf_max_df"": 0.9, ""tfidf_max_features"": 300, ""tfidf_min_df"": 3, ""tfidf_ngram_range"": [1, 2], ""tfidf_normalize_numbers"": true}",2026-09-09T12:16:54
E0_TFIDF_QUESTION,frozen,question,02,no_augmentation,PHQ9,45,AdaBoost,6.20816,False,tfidf,defaults,"{""augmentation"": ""no_augmentation"", ""beto_model"": ""dccuchile/bert-base-spanish-wwm-cased"", ""chunk_stride"": 256, ""max_tokens"": 512, ""n_cv_splits"": 5, ""n_search_iter"": 0, ""seeds"": [42, 43, 44, 45, 46], ""sentence_transformer_model"": ""intfloat/multilingual-e5-small"", ""tfidf_lemmatize"": true, ""tfidf_max_df"": 0.9, ""tfidf_max_features"": 300, ""tfidf_min_df"": 3, ""tfidf_ngram_range"": [1, 2], ""tfidf_normalize_numbers"": true}",2026-09-09T12:16:54
E0_TFIDF_QUESTION,frozen,question,02,no_augmentation,GAD7,45,Ridge,5.284602,False,tfidf,defaults,"{""augmentation"": ""no_augmentation"", ""beto_model"": ""dccuchile/bert-base-spanish-wwm-cased"", ""chunk_stride"": 256, ""max_tokens"": 512, ""n_cv_splits"": 5, ""n_search_iter"": 0, ""seeds"": [42, 43, 44, 45, 46], ""sentence_transformer_model"": ""intfloat/multilingual-e5-small"", ""tfidf_lemmatize"": true, ""tfidf_max_df"": 0.9, ""tfidf_max_features"": 300, ""tfidf_min_df"": 3, ""tfidf_ngram_range"": [1, 2], ""tfidf_normalize_numbers"": true}",2026-09-09T12:17:24
E0_TFIDF_QUESTION,frozen,question,02,no_augmentation,GAD7,45,SVR,5.104012,False,tfidf,defaults,"{""augmentation"": ""no_augmentation"", ""beto_model"": ""dccuchile/bert-base-spanish-wwm-cased"", ""chunk_stride"": 256, ""max_tokens"": 512, ""n_cv_splits"": 5, ""n_search_iter"": 0, ""seeds"": [42, 43, 44, 45, 46], ""sentence_transformer_model"": ""intfloat/multilingual-e5-small"", ""tfidf_lemmatize"": true, ""tfidf_max_df"": 0.9, ""tfidf_max_features"": 300, ""tfidf_min_df"": 3, ""tfidf_ngram_range"": [1, 2], ""tfidf_normalize_numbers"": true}",2026-09-09T12:17:24
E0_TFIDF_QUESTION,frozen,question,02,no_augmentation,GAD7,45,RandomForest,4.929012,True,tfidf,defaults,"{""augmentation"": ""no_augmentation"", ""beto_model"": ""dccuchile/bert-base-spanish-wwm-cased"", ""chunk_stride"": 256, ""max_tokens"": 512, ""n_cv_splits"": 5, ""n_search_iter"": 0, ""seeds"": [42, 43, 44, 45, 46], ""sentence_transformer_model"": ""intfloat/multilingual-e5-small"", ""tfidf_lemmatize"": true, ""tfidf_max_df"": 0.9, ""tfidf_max_features"": 300, ""tfidf_min_df"": 3, ""tfidf_ngram_range"": [1, 2], ""tfidf_normalize_numbers"": true}",2026-09-09T12:17:24
E0_TFIDF_QUESTION,frozen,question,02,no_augmentation,GAD7,45,ExtraTrees,4.956806,False,tfidf,defaults,"{""augmentation"": ""no_augmentation"", ""beto_model"": ""dccuchile/bert-base-spanish-wwm-cased"", ""chunk_stride"": 256, ""max_tokens"": 512, ""n_cv_splits"": 5, ""n_search_iter"": 0, ""seeds"": [42, 43, 44, 45, 46], ""sentence_transformer_model"": ""intfloat/multilingual-e5-small"", ""tfidf_lemmatize"": true, ""tfidf_max_df"": 0.9, ""tfidf_max_features"": 300, ""tfidf_min_df"": 3, ""tfidf_ngram_range"": [1, 2], ""tfidf_normalize_numbers"": true}",2026-09-09T12:17:24
E0_TFIDF_QUESTION,frozen,question,02,no_augmentation,GAD7,45,GradientBoosting,5.144497,False,tfidf,defaults,"{""augmentation"": ""no_augmentation"", ""beto_model"": ""dccuchile/bert-base-spanish-wwm-cased"", ""chunk_stride"": 256, ""max_tokens"": 512, ""n_cv_splits"": 5, ""n_search_iter"": 0, ""seeds"": [42, 43, 44, 45, 46], ""sentence_transformer_model"": ""intfloat/multilingual-e5-small"", ""tfidf_lemmatize"": true, ""tfidf_max_df"": 0.9, ""tfidf_max_features"": 300, ""tfidf_min_df"": 3, ""tfidf_ngram_range"": [1, 2], ""tfidf_normalize_numbers"": true}",2026-09-09T12:17:24
E0_TFIDF_QUESTION,frozen,question,02,no_augmentation,GAD7,45,LightGBM,5.290916,False,tfidf,defaults,"{""augmentation"": ""no_augmentation"", ""beto_model"": ""dccuchile/bert-base-spanish-wwm-cased"", ""chunk_stride"": 256, ""max_tokens"": 512, ""n_cv_splits"": 5, ""n_search_iter"": 0, ""seeds"": [42, 43, 44, 45, 46], ""sentence_transformer_model"": ""intfloat/multilingual-e5-small"", ""tfidf_lemmatize"": true, ""tfidf_max_df"": 0.9, ""tfidf_max_features"": 300, ""tfidf_min_df"": 3, ""tfidf_ngram_range"": [1, 2], ""tfidf_normalize_numbers"": true}",2026-09-09T12:17:24
E0_TFIDF_QUESTION,frozen,question,02,no_augmentation,GAD7,45,KNN,5.295913,False,tfidf,defaults,"{""augmentation"": ""no_augmentation"", ""beto_model"": ""dccuchile/bert-base-spanish-wwm-cased"", ""chunk_stride"": 256, ""max_tokens"": 512, ""n_cv_splits"": 5, ""n_search_iter"": 0, ""seeds"": [42, 43, 44, 45, 46], ""sentence_transformer_model"": ""intfloat/multilingual-e5-small"", ""tfidf_lemmatize"": true, ""tfidf_max_df"": 0.9, ""tfidf_max_features"": 300, ""tfidf_min_df"": 3, ""tfidf_ngram_range"": [1, 2], ""tfidf_normalize_numbers"": true}",2026-09-09T12:17:24
E0_TFIDF_QUESTION,frozen,question,02,no_augmentation,GAD7,45,DecisionTree,5.686895,False,tfidf,defaults,"{""augmentation"": ""no_augmentation"", ""beto_model"": ""dccuchile/bert-base-spanish-wwm-cased"", ""chunk_stride"": 256, ""max_tokens"": 512, ""n_cv_splits"": 5, ""n_search_iter"": 0, ""seeds"": [42, 43, 44, 45, 46], ""sentence_transformer_model"": ""intfloat/multilingual-e5-small"", ""tfidf_lemmatize"": true, ""tfidf_max_df"": 0.9, ""tfidf_max_features"": 300, ""tfidf_min_df"": 3, ""tfidf_ngram_range"": [1, 2], ""tfidf_normalize_numbers"": true}",2026-09-09T12:17:24
E0_TFIDF_QUESTION,frozen,question,02,no_augmentation,GAD7,45,AdaBoost,5.273828,False,tfidf,defaults,"{""augmentation"": ""no_augmentation"", ""beto_model"": ""dccuchile/bert-base-spanish-wwm-cased"", ""chunk_stride"": 256, ""max_tokens"": 512, ""n_cv_splits"": 5, ""n_search_iter"": 0, ""seeds"": [42, 43, 44, 45, 46], ""sentence_transformer_model"": ""intfloat/multilingual-e5-small"", ""tfidf_lemmatize"": true, ""tfidf_max_df"": 0.9, ""tfidf_max_features"": 300, ""tfidf_min_df"": 3, ""tfidf_ngram_range"": [1, 2], ""tfidf_normalize_numbers"": true}",2026-09-09T12:17:24
E0_TFIDF_QUESTION,frozen,question,02,no_augmentation,PHQ9,46,Ridge,6.15323,False,tfidf,defaults,"{""augmentation"": ""no_augmentation"", ""beto_model"": ""dccuchile/bert-base-spanish-wwm-cased"", ""chunk_stride"": 256, ""max_tokens"": 512, ""n_cv_splits"": 5, ""n_search_iter"": 0, ""seeds"": [42, 43, 44, 45, 46], ""sentence_transformer_model"": ""intfloat/multilingual-e5-small"", ""tfidf_lemmatize"": true, ""tfidf_max_df"": 0.9, ""tfidf_max_features"": 300, ""tfidf_min_df"": 3, ""tfidf_ngram_range"": [1, 2], ""tfidf_normalize_numbers"": true}",2026-09-09T12:17:52
E0_TFIDF_QUESTION,frozen,question,02,no_augmentation,PHQ9,46,SVR,5.998734,False,tfidf,defaults,"{""augmentation"": ""no_augmentation"", ""beto_model"": ""dccuchile/bert-base-spanish-wwm-cased"", ""chunk_stride"": 256, ""max_tokens"": 512, ""n_cv_splits"": 5, ""n_search_iter"": 0, ""seeds"": [42, 43, 44, 45, 46], ""sentence_transformer_model"": ""intfloat/multilingual-e5-small"", ""tfidf_lemmatize"": true, ""tfidf_max_df"": 0.9, ""tfidf_max_features"": 300, ""tfidf_min_df"": 3, ""tfidf_ngram_range"": [1, 2], ""tfidf_normalize_numbers"": true}",2026-09-09T12:17:52
E0_TFIDF_QUESTION,frozen,question,02,no_augmentation,PHQ9,46,RandomForest,5.829629,True,tfidf,defaults,"{""augmentation"": ""no_augmentation"", ""beto_model"": ""dccuchile/bert-base-spanish-wwm-cased"", ""chunk_stride"": 256, ""max_tokens"": 512, ""n_cv_splits"": 5, ""n_search_iter"": 0, ""seeds"": [42, 43, 44, 45, 46], ""sentence_transformer_model"": ""intfloat/multilingual-e5-small"", ""tfidf_lemmatize"": true, ""tfidf_max_df"": 0.9, ""tfidf_max_features"": 300, ""tfidf_min_df"": 3, ""tfidf_ngram_range"": [1, 2], ""tfidf_normalize_numbers"": true}",2026-09-09T12:17:52
E0_TFIDF_QUESTION,frozen,question,02,no_augmentation,PHQ9,46,ExtraTrees,5.898468,False,tfidf,defaults,"{""augmentation"": ""no_augmentation"", ""beto_model"": ""dccuchile/bert-base-spanish-wwm-cased"", ""chunk_stride"": 256, ""max_tokens"": 512, ""n_cv_splits"": 5, ""n_search_iter"": 0, ""seeds"": [42, 43, 44, 45, 46], ""sentence_transformer_model"": ""intfloat/multilingual-e5-small"", ""tfidf_lemmatize"": true, ""tfidf_max_df"": 0.9, ""tfidf_max_features"": 300, ""tfidf_min_df"": 3, ""tfidf_ngram_range"": [1, 2], ""tfidf_normalize_numbers"": true}",2026-09-09T12:17:52
E0_TFIDF_QUESTION,frozen,question,02,no_augmentation,PHQ9,46,GradientBoosting,6.096866,False,tfidf,defaults,"{""augmentation"": ""no_augmentation"", ""beto_model"": ""dccuchile/bert-base-spanish-wwm-cased"", ""chunk_stride"": 256, ""max_tokens"": 512, ""n_cv_splits"": 5, ""n_search_iter"": 0, ""seeds"": [42, 43, 44, 45, 46], ""sentence_transformer_model"": ""intfloat/multilingual-e5-small"", ""tfidf_lemmatize"": true, ""tfidf_max_df"": 0.9, ""tfidf_max_features"": 300, ""tfidf_min_df"": 3, ""tfidf_ngram_range"": [1, 2], ""tfidf_normalize_numbers"": true}",2026-09-09T12:17:52
E0_TFIDF_QUESTION,frozen,question,02,no_augmentation,PHQ9,46,LightGBM,6.176132,False,tfidf,defaults,"{""augmentation"": ""no_augmentation"", ""beto_model"": ""dccuchile/bert-base-spanish-wwm-cased"", ""chunk_stride"": 256, ""max_tokens"": 512, ""n_cv_splits"": 5, ""n_search_iter"": 0, ""seeds"": [42, 43, 44, 45, 46], ""sentence_transformer_model"": ""intfloat/multilingual-e5-small"", ""tfidf_lemmatize"": true, ""tfidf_max_df"": 0.9, ""tfidf_max_features"": 300, ""tfidf_min_df"": 3, ""tfidf_ngram_range"": [1, 2], ""tfidf_normalize_numbers"": true}",2026-09-09T12:17:52
E0_TFIDF_QUESTION,frozen,question,02,no_augmentation,PHQ9,46,KNN,6.252562,False,tfidf,defaults,"{""augmentation"": ""no_augmentation"", ""beto_model"": ""dccuchile/bert-base-spanish-wwm-cased"", ""chunk_stride"": 256, ""max_tokens"": 512, ""n_cv_splits"": 5, ""n_search_iter"": 0, ""seeds"": [42, 43, 44, 45, 46], ""sentence_transformer_model"": ""intfloat/multilingual-e5-small"", ""tfidf_lemmatize"": true, ""tfidf_max_df"": 0.9, ""tfidf_max_features"": 300, ""tfidf_min_df"": 3, ""tfidf_ngram_range"": [1, 2], ""tfidf_normalize_numbers"": true}",2026-09-09T12:17:52
E0_TFIDF_QUESTION,frozen,question,02,no_augmentation,PHQ9,46,DecisionTree,6.948549,False,tfidf,defaults,"{""augmentation"": ""no_augmentation"", ""beto_model"": ""dccuchile/bert-base-spanish-wwm-cased"", ""chunk_stride"": 256, ""max_tokens"": 512, ""n_cv_splits"": 5, ""n_search_iter"": 0, ""seeds"": [42, 43, 44, 45, 46], ""sentence_transformer_model"": ""intfloat/multilingual-e5-small"", ""tfidf_lemmatize"": true, ""tfidf_max_df"": 0.9, ""tfidf_max_features"": 300, ""tfidf_min_df"": 3, ""tfidf_ngram_range"": [1, 2], ""tfidf_normalize_numbers"": true}",2026-09-09T12:17:52
E0_TFIDF_QUESTION,frozen,question,02,no_augmentation,PHQ9,46,AdaBoost,6.003432,False,tfidf,defaults,"{""augmentation"": ""no_augmentation"", ""beto_model"": ""dccuchile/bert-base-spanish-wwm-cased"", ""chunk_stride"": 256, ""max_tokens"": 512, ""n_cv_splits"": 5, ""n_search_iter"": 0, ""seeds"": [42, 43, 44, 45, 46], ""sentence_transformer_model"": ""intfloat/multilingual-e5-small"", ""tfidf_lemmatize"": true, ""tfidf_max_df"": 0.9, ""tfidf_max_features"": 300, ""tfidf_min_df"": 3, ""tfidf_ngram_range"": [1, 2], ""tfidf_normalize_numbers"": true}",2026-09-09T12:17:52
E0_TFIDF_QUESTION,frozen,question,02,no_augmentation,GAD7,46,Ridge,5.266886,False,tfidf,defaults,"{""augmentation"": ""no_augmentation"", ""beto_model"": ""dccuchile/bert-base-spanish-wwm-cased"", ""chunk_stride"": 256, ""max_tokens"": 512, ""n_cv_splits"": 5, ""n_search_iter"": 0, ""seeds"": [42, 43, 44, 45, 46], ""sentence_transformer_model"": ""intfloat/multilingual-e5-small"", ""tfidf_lemmatize"": true, ""tfidf_max_df"": 0.9, ""tfidf_max_features"": 300, ""tfidf_min_df"": 3, ""tfidf_ngram_range"": [1, 2], ""tfidf_normalize_numbers"": true}",2026-09-09T12:18:19
E0_TFIDF_QUESTION,frozen,question,02,no_augmentation,GAD7,46,SVR,5.074167,False,tfidf,defaults,"{""augmentation"": ""no_augmentation"", ""beto_model"": ""dccuchile/bert-base-spanish-wwm-cased"", ""chunk_stride"": 256, ""max_tokens"": 512, ""n_cv_splits"": 5, ""n_search_iter"": 0, ""seeds"": [42, 43, 44, 45, 46], ""sentence_transformer_model"": ""intfloat/multilingual-e5-small"", ""tfidf_lemmatize"": true, ""tfidf_max_df"": 0.9, ""tfidf_max_features"": 300, ""tfidf_min_df"": 3, ""tfidf_ngram_range"": [1, 2], ""tfidf_normalize_numbers"": true}",2026-09-09T12:18:19
E0_TFIDF_QUESTION,frozen,question,02,no_augmentation,GAD7,46,RandomForest,4.882054,True,tfidf,defaults,"{""augmentation"": ""no_augmentation"", ""beto_model"": ""dccuchile/bert-base-spanish-wwm-cased"", ""chunk_stride"": 256, ""max_tokens"": 512, ""n_cv_splits"": 5, ""n_search_iter"": 0, ""seeds"": [42, 43, 44, 45, 46], ""sentence_transformer_model"": ""intfloat/multilingual-e5-small"", ""tfidf_lemmatize"": true, ""tfidf_max_df"": 0.9, ""tfidf_max_features"": 300, ""tfidf_min_df"": 3, ""tfidf_ngram_range"": [1, 2], ""tfidf_normalize_numbers"": true}",2026-09-09T12:18:19
E0_TFIDF_QUESTION,frozen,question,02,no_augmentation,GAD7,46,ExtraTrees,4.914994,False,tfidf,defaults,"{""augmentation"": ""no_augmentation"", ""beto_model"": ""dccuchile/bert-base-spanish-wwm-cased"", ""chunk_stride"": 256, ""max_tokens"": 512, ""n_cv_splits"": 5, ""n_search_iter"": 0, ""seeds"": [42, 43, 44, 45, 46], ""sentence_transformer_model"": ""intfloat/multilingual-e5-small"", ""tfidf_lemmatize"": true, ""tfidf_max_df"": 0.9, ""tfidf_max_features"": 300, ""tfidf_min_df"": 3, ""tfidf_ngram_range"": [1, 2], ""tfidf_normalize_numbers"": true}",2026-09-09T12:18:19
E0_TFIDF_QUESTION,frozen,question,02,no_augmentation,GAD7,46,GradientBoosting,5.252587,False,tfidf,defaults,"{""augmentation"": ""no_augmentation"", ""beto_model"": ""dccuchile/bert-base-spanish-wwm-cased"", ""chunk_stride"": 256, ""max_tokens"": 512, ""n_cv_splits"": 5, ""n_search_iter"": 0, ""seeds"": [42, 43, 44, 45, 46], ""sentence_transformer_model"": ""intfloat/multilingual-e5-small"", ""tfidf_lemmatize"": true, ""tfidf_max_df"": 0.9, ""tfidf_max_features"": 300, ""tfidf_min_df"": 3, ""tfidf_ngram_range"": [1, 2], ""tfidf_normalize_numbers"": true}",2026-09-09T12:18:19
E0_TFIDF_QUESTION,frozen,question,02,no_augmentation,GAD7,46,LightGBM,5.213794,False,tfidf,defaults,"{""augmentation"": ""no_augmentation"", ""beto_model"": ""dccuchile/bert-base-spanish-wwm-cased"", ""chunk_stride"": 256, ""max_tokens"": 512, ""n_cv_splits"": 5, ""n_search_iter"": 0, ""seeds"": [42, 43, 44, 45, 46], ""sentence_transformer_model"": ""intfloat/multilingual-e5-small"", ""tfidf_lemmatize"": true, ""tfidf_max_df"": 0.9, ""tfidf_max_features"": 300, ""tfidf_min_df"": 3, ""tfidf_ngram_range"": [1, 2], ""tfidf_normalize_numbers"": true}",2026-09-09T12:18:19
E0_TFIDF_QUESTION,frozen,question,02,no_augmentation,GAD7,46,KNN,5.263817,False,tfidf,defaults,"{""augmentation"": ""no_augmentation"", ""beto_model"": ""dccuchile/bert-base-spanish-wwm-cased"", ""chunk_stride"": 256, ""max_tokens"": 512, ""n_cv_splits"": 5, ""n_search_iter"": 0, ""seeds"": [42, 43, 44, 45, 46], ""sentence_transformer_model"": ""intfloat/multilingual-e5-small"", ""tfidf_lemmatize"": true, ""tfidf_max_df"": 0.9, ""tfidf_max_features"": 300, ""tfidf_min_df"": 3, ""tfidf_ngram_range"": [1, 2], ""tfidf_normalize_numbers"": true}",2026-09-09T12:18:19
E0_TFIDF_QUESTION,frozen,question,02,no_augmentation,GAD7,46,DecisionTree,5.933595,False,tfidf,defaults,"{""augmentation"": ""no_augmentation"", ""beto_model"": ""dccuchile/bert-base-spanish-wwm-cased"", ""chunk_stride"": 256, ""max_tokens"": 512, ""n_cv_splits"": 5, ""n_search_iter"": 0, ""seeds"": [42, 43, 44, 45, 46], ""sentence_transformer_model"": ""intfloat/multilingual-e5-small"", ""tfidf_lemmatize"": true, ""tfidf_max_df"": 0.9, ""tfidf_max_features"": 300, ""tfidf_min_df"": 3, ""tfidf_ngram_range"": [1, 2], ""tfidf_normalize_numbers"": true}",2026-09-09T12:18:19
E0_TFIDF_QUESTION,frozen,question,02,no_augmentation,GAD7,46,AdaBoost,4.942887,False,tfidf,defaults,"{""augmentation"": ""no_augmentation"", ""beto_model"": ""dccuchile/bert-base-spanish-wwm-cased"", ""chunk_stride"": 256, ""max_tokens"": 512, ""n_cv_splits"": 5, ""n_search_iter"": 0, ""seeds"": [42, 43, 44, 45, 46], ""sentence_transformer_model"": ""intfloat/multilingual-e5-small"", ""tfidf_lemmatize"": true, ""tfidf_max_df"": 0.9, ""tfidf_max_features"": 300, ""tfidf_min_df"": 3, ""tfidf_ngram_range"": [1, 2], ""tfidf_normalize_numbers"": true}",2026-09-09T12:18:19
E1_BETO_QUESTION,frozen,question,02,no_augmentation,PHQ9,42,Ridge,6.753318,False,dccuchile/bert-base-spanish-wwm-cased,defaults,"{""augmentation"": ""no_augmentation"", ""beto_model"": ""dccuchile/bert-base-spanish-wwm-cased"", ""chunk_stride"": 256, ""max_tokens"": 512, ""n_cv_splits"": 5, ""n_search_iter"": 0, ""seeds"": [42, 43, 44, 45, 46], ""sentence_transformer_model"": ""intfloat/multilingual-e5-small"", ""tfidf_lemmatize"": true, ""tfidf_max_df"": 0.9, ""tfidf_max_features"": 300, ""tfidf_min_df"": 3, ""tfidf_ngram_range"": [1, 2], ""tfidf_normalize_numbers"": true}",2026-09-09T12:22:03
E1_BETO_QUESTION,frozen,question,02,no_augmentation,PHQ9,42,SVR,5.402295,True,dccuchile/bert-base-spanish-wwm-cased,defaults,"{""augmentation"": ""no_augmentation"", ""beto_model"": ""dccuchile/bert-base-spanish-wwm-cased"", ""chunk_stride"": 256, ""max_tokens"": 512, ""n_cv_splits"": 5, ""n_search_iter"": 0, ""seeds"": [42, 43, 44, 45, 46], ""sentence_transformer_model"": ""intfloat/multilingual-e5-small"", ""tfidf_lemmatize"": true, ""tfidf_max_df"": 0.9, ""tfidf_max_features"": 300, ""tfidf_min_df"": 3, ""tfidf_ngram_range"": [1, 2], ""tfidf_normalize_numbers"": true}",2026-09-09T12:22:03
E1_BETO_QUESTION,frozen,question,02,no_augmentation,PHQ9,42,RandomForest,5.634881,False,dccuchile/bert-base-spanish-wwm-cased,defaults,"{""augmentation"": ""no_augmentation"", ""beto_model"": ""dccuchile/bert-base-spanish-wwm-cased"", ""chunk_stride"": 256, ""max_tokens"": 512, ""n_cv_splits"": 5, ""n_search_iter"": 0, ""seeds"": [42, 43, 44, 45, 46], ""sentence_transformer_model"": ""intfloat/multilingual-e5-small"", ""tfidf_lemmatize"": true, ""tfidf_max_df"": 0.9, ""tfidf_max_features"": 300, ""tfidf_min_df"": 3, ""tfidf_ngram_range"": [1, 2], ""tfidf_normalize_numbers"": true}",2026-09-09T12:22:03
E1_BETO_QUESTION,frozen,question,02,no_augmentation,PHQ9,42,ExtraTrees,5.65393,False,dccuchile/bert-base-spanish-wwm-cased,defaults,"{""augmentation"": ""no_augmentation"", ""beto_model"": ""dccuchile/bert-base-spanish-wwm-cased"", ""chunk_stride"": 256, ""max_tokens"": 512, ""n_cv_splits"": 5, ""n_search_iter"": 0, ""seeds"": [42, 43, 44, 45, 46], ""sentence_transformer_model"": ""intfloat/multilingual-e5-small"", ""tfidf_lemmatize"": true, ""tfidf_max_df"": 0.9, ""tfidf_max_features"": 300, ""tfidf_min_df"": 3, ""tfidf_ngram_range"": [1, 2], ""tfidf_normalize_numbers"": true}",2026-09-09T12:22:03
E1_BETO_QUESTION,frozen,question,02,no_augmentation,PHQ9,42,GradientBoosting,5.757916,False,dccuchile/bert-base-spanish-wwm-cased,defaults,"{""augmentation"": ""no_augmentation"", ""beto_model"": ""dccuchile/bert-base-spanish-wwm-cased"", ""chunk_stride"": 256, ""max_tokens"": 512, ""n_cv_splits"": 5, ""n_search_iter"": 0, ""seeds"": [42, 43, 44, 45, 46], ""sentence_transformer_model"": ""intfloat/multilingual-e5-small"", ""tfidf_lemmatize"": true, ""tfidf_max_df"": 0.9, ""tfidf_max_features"": 300, ""tfidf_min_df"": 3, ""tfidf_ngram_range"": [1, 2], ""tfidf_normalize_numbers"": true}",2026-09-09T12:22:03
E1_BETO_QUESTION,frozen,question,02,no_augmentation,PHQ9,42,LightGBM,5.860401,False,dccuchile/bert-base-spanish-wwm-cased,defaults,"{""augmentation"": ""no_augmentation"", ""beto_model"": ""dccuchile/bert-base-spanish-wwm-cased"", ""chunk_stride"": 256, ""max_tokens"": 512, ""n_cv_splits"": 5, ""n_search_iter"": 0, ""seeds"": [42, 43, 44, 45, 46], ""sentence_transformer_model"": ""intfloat/multilingual-e5-small"", ""tfidf_lemmatize"": true, ""tfidf_max_df"": 0.9, ""tfidf_max_features"": 300, ""tfidf_min_df"": 3, ""tfidf_ngram_range"": [1, 2], ""tfidf_normalize_numbers"": true}",2026-09-09T12:22:03
E1_BETO_QUESTION,frozen,question,02,no_augmentation,PHQ9,42,KNN,6.06848,False,dccuchile/bert-base-spanish-wwm-cased,defaults,"{""augmentation"": ""no_augmentation"", ""beto_model"": ""dccuchile/bert-base-spanish-wwm-cased"", ""chunk_stride"": 256, ""max_tokens"": 512, ""n_cv_splits"": 5, ""n_search_iter"": 0, ""seeds"": [42, 43, 44, 45, 46], ""sentence_transformer_model"": ""intfloat/multilingual-e5-small"", ""tfidf_lemmatize"": true, ""tfidf_max_df"": 0.9, ""tfidf_max_features"": 300, ""tfidf_min_df"": 3, ""tfidf_ngram_range"": [1, 2], ""tfidf_normalize_numbers"": true}",2026-09-09T12:22:03
E1_BETO_QUESTION,frozen,question,02,no_augmentation,PHQ9,42,DecisionTree,7.562223,False,dccuchile/bert-base-spanish-wwm-cased,defaults,"{""augmentation"": ""no_augmentation"", ""beto_model"": ""dccuchile/bert-base-spanish-wwm-cased"", ""chunk_stride"": 256, ""max_tokens"": 512, ""n_cv_splits"": 5, ""n_search_iter"": 0, ""seeds"": [42, 43, 44, 45, 46], ""sentence_transformer_model"": ""intfloat/multilingual-e5-small"", ""tfidf_lemmatize"": true, ""tfidf_max_df"": 0.9, ""tfidf_max_features"": 300, ""tfidf_min_df"": 3, ""tfidf_ngram_range"": [1, 2], ""tfidf_normalize_numbers"": true}",2026-09-09T12:22:03
E1_BETO_QUESTION,frozen,question,02,no_augmentation,PHQ9,42,AdaBoost,5.636303,False,dccuchile/bert-base-spanish-wwm-cased,defaults,"{""augmentation"": ""no_augmentation"", ""beto_model"": ""dccuchile/bert-base-spanish-wwm-cased"", ""chunk_stride"": 256, ""max_tokens"": 512, ""n_cv_splits"": 5, ""n_search_iter"": 0, ""seeds"": [42, 43, 44, 45, 46], ""sentence_transformer_model"": ""intfloat/multilingual-e5-small"", ""tfidf_lemmatize"": true, ""tfidf_max_df"": 0.9, ""tfidf_max_features"": 300, ""tfidf_min_df"": 3, ""tfidf_ngram_range"": [1, 2], ""tfidf_normalize_numbers"": true}",2026-09-09T12:22:03
E1_BETO_QUESTION,frozen,question,02,no_augmentation,GAD7,42,Ridge,6.65317,False,dccuchile/bert-base-spanish-wwm-cased,defaults,"{""augmentation"": ""no_augmentation"", ""beto_model"": ""dccuchile/bert-base-spanish-wwm-cased"", ""chunk_stride"": 256, ""max_tokens"": 512, ""n_cv_splits"": 5, ""n_search_iter"": 0, ""seeds"": [42, 43, 44, 45, 46], ""sentence_transformer_model"": ""intfloat/multilingual-e5-small"", ""tfidf_lemmatize"": true, ""tfidf_max_df"": 0.9, ""tfidf_max_features"": 300, ""tfidf_min_df"": 3, ""tfidf_ngram_range"": [1, 2], ""tfidf_normalize_numbers"": true}",2026-09-09T12:25:43
E1_BETO_QUESTION,frozen,question,02,no_augmentation,GAD7,42,SVR,4.602138,True,dccuchile/bert-base-spanish-wwm-cased,defaults,"{""augmentation"": ""no_augmentation"", ""beto_model"": ""dccuchile/bert-base-spanish-wwm-cased"", ""chunk_stride"": 256, ""max_tokens"": 512, ""n_cv_splits"": 5, ""n_search_iter"": 0, ""seeds"": [42, 43, 44, 45, 46], ""sentence_transformer_model"": ""intfloat/multilingual-e5-small"", ""tfidf_lemmatize"": true, ""tfidf_max_df"": 0.9, ""tfidf_max_features"": 300, ""tfidf_min_df"": 3, ""tfidf_ngram_range"": [1, 2], ""tfidf_normalize_numbers"": true}",2026-09-09T12:25:43
E1_BETO_QUESTION,frozen,question,02,no_augmentation,GAD7,42,RandomForest,4.753548,False,dccuchile/bert-base-spanish-wwm-cased,defaults,"{""augmentation"": ""no_augmentation"", ""beto_model"": ""dccuchile/bert-base-spanish-wwm-cased"", ""chunk_stride"": 256, ""max_tokens"": 512, ""n_cv_splits"": 5, ""n_search_iter"": 0, ""seeds"": [42, 43, 44, 45, 46], ""sentence_transformer_model"": ""intfloat/multilingual-e5-small"", ""tfidf_lemmatize"": true, ""tfidf_max_df"": 0.9, ""tfidf_max_features"": 300, ""tfidf_min_df"": 3, ""tfidf_ngram_range"": [1, 2], ""tfidf_normalize_numbers"": true}",2026-09-09T12:25:43
E1_BETO_QUESTION,frozen,question,02,no_augmentation,GAD7,42,ExtraTrees,4.74054,False,dccuchile/bert-base-spanish-wwm-cased,defaults,"{""augmentation"": ""no_augmentation"", ""beto_model"": ""dccuchile/bert-base-spanish-wwm-cased"", ""chunk_stride"": 256, ""max_tokens"": 512, ""n_cv_splits"": 5, ""n_search_iter"": 0, ""seeds"": [42, 43, 44, 45, 46], ""sentence_transformer_model"": ""intfloat/multilingual-e5-small"", ""tfidf_lemmatize"": true, ""tfidf_max_df"": 0.9, ""tfidf_max_features"": 300, ""tfidf_min_df"": 3, ""tfidf_ngram_range"": [1, 2], ""tfidf_normalize_numbers"": true}",2026-09-09T12:25:43
E1_BETO_QUESTION,frozen,question,02,no_augmentation,GAD7,42,GradientBoosting,4.97964,False,dccuchile/bert-base-spanish-wwm-cased,defaults,"{""augmentation"": ""no_augmentation"", ""beto_model"": ""dccuchile/bert-base-spanish-wwm-cased"", ""chunk_stride"": 256, ""max_tokens"": 512, ""n_cv_splits"": 5, ""n_search_iter"": 0, ""seeds"": [42, 43, 44, 45, 46], ""sentence_transformer_model"": ""intfloat/multilingual-e5-small"", ""tfidf_lemmatize"": true, ""tfidf_max_df"": 0.9, ""tfidf_max_features"": 300, ""tfidf_min_df"": 3, ""tfidf_ngram_range"": [1, 2], ""tfidf_normalize_numbers"": true}",2026-09-09T12:25:43
E1_BETO_QUESTION,frozen,question,02,no_augmentation,GAD7,42,LightGBM,4.989938,False,dccuchile/bert-base-spanish-wwm-cased,defaults,"{""augmentation"": ""no_augmentation"", ""beto_model"": ""dccuchile/bert-base-spanish-wwm-cased"", ""chunk_stride"": 256, ""max_tokens"": 512, ""n_cv_splits"": 5, ""n_search_iter"": 0, ""seeds"": [42, 43, 44, 45, 46], ""sentence_transformer_model"": ""intfloat/multilingual-e5-small"", ""tfidf_lemmatize"": true, ""tfidf_max_df"": 0.9, ""tfidf_max_features"": 300, ""tfidf_min_df"": 3, ""tfidf_ngram_range"": [1, 2], ""tfidf_normalize_numbers"": true}",2026-09-09T12:25:43
E1_BETO_QUESTION,frozen,question,02,no_augmentation,GAD7,42,KNN,5.117181,False,dccuchile/bert-base-spanish-wwm-cased,defaults,"{""augmentation"": ""no_augmentation"", ""beto_model"": ""dccuchile/bert-base-spanish-wwm-cased"", ""chunk_stride"": 256, ""max_tokens"": 512, ""n_cv_splits"": 5, ""n_search_iter"": 0, ""seeds"": [42, 43, 44, 45, 46], ""sentence_transformer_model"": ""intfloat/multilingual-e5-small"", ""tfidf_lemmatize"": true, ""tfidf_max_df"": 0.9, ""tfidf_max_features"": 300, ""tfidf_min_df"": 3, ""tfidf_ngram_range"": [1, 2], ""tfidf_normalize_numbers"": true}",2026-09-09T12:25:43
E1_BETO_QUESTION,frozen,question,02,no_augmentation,GAD7,42,DecisionTree,6.216287,False,dccuchile/bert-base-spanish-wwm-cased,defaults,"{""augmentation"": ""no_augmentation"", ""beto_model"": ""dccuchile/bert-base-spanish-wwm-cased"", ""chunk_stride"": 256, ""max_tokens"": 512, ""n_cv_splits"": 5, ""n_search_iter"": 0, ""seeds"": [42, 43, 44, 45, 46], ""sentence_transformer_model"": ""intfloat/multilingual-e5-small"", ""tfidf_lemmatize"": true, ""tfidf_max_df"": 0.9, ""tfidf_max_features"": 300, ""tfidf_min_df"": 3, ""tfidf_ngram_range"": [1, 2], ""tfidf_normalize_numbers"": true}",2026-09-09T12:25:43
E1_BETO_QUESTION,frozen,question,02,no_augmentation,GAD7,42,AdaBoost,4.914865,False,dccuchile/bert-base-spanish-wwm-cased,defaults,"{""augmentation"": ""no_augmentation"", ""beto_model"": ""dccuchile/bert-base-spanish-wwm-cased"", ""chunk_stride"": 256, ""max_tokens"": 512, ""n_cv_splits"": 5, ""n_search_iter"": 0, ""seeds"": [42, 43, 44, 45, 46], ""sentence_transformer_model"": ""intfloat/multilingual-e5-small"", ""tfidf_lemmatize"": true, ""tfidf_max_df"": 0.9, ""tfidf_max_features"": 300, ""tfidf_min_df"": 3, ""tfidf_ngram_range"": [1, 2], ""tfidf_normalize_numbers"": true}",2026-09-09T12:25:43
E1_BETO_QUESTION,frozen,question,02,no_augmentation,PHQ9,43,Ridge,7.113587,False,dccuchile/bert-base-spanish-wwm-cased,defaults,"{""augmentation"": ""no_augmentation"", ""beto_model"": ""dccuchile/bert-base-spanish-wwm-cased"", ""chunk_stride"": 256, ""max_tokens"": 512, ""n_cv_splits"": 5, ""n_search_iter"": 0, ""seeds"": [42, 43, 44, 45, 46], ""sentence_transformer_model"": ""intfloat/multilingual-e5-small"", ""tfidf_lemmatize"": true, ""tfidf_max_df"": 0.9, ""tfidf_max_features"": 300, ""tfidf_min_df"": 3, ""tfidf_ngram_range"": [1, 2], ""tfidf_normalize_numbers"": true}",2026-09-09T12:29:30
E1_BETO_QUESTION,frozen,question,02,no_augmentation,PHQ9,43,SVR,5.404183,True,dccuchile/bert-base-spanish-wwm-cased,defaults,"{""augmentation"": ""no_augmentation"", ""beto_model"": ""dccuchile/bert-base-spanish-wwm-cased"", ""chunk_stride"": 256, ""max_tokens"": 512, ""n_cv_splits"": 5, ""n_search_iter"": 0, ""seeds"": [42, 43, 44, 45, 46], ""sentence_transformer_model"": ""intfloat/multilingual-e5-small"", ""tfidf_lemmatize"": true, ""tfidf_max_df"": 0.9, ""tfidf_max_features"": 300, ""tfidf_min_df"": 3, ""tfidf_ngram_range"": [1, 2], ""tfidf_normalize_numbers"": true}",2026-09-09T12:29:30
E1_BETO_QUESTION,frozen,question,02,no_augmentation,PHQ9,43,RandomForest,5.687051,False,dccuchile/bert-base-spanish-wwm-cased,defaults,"{""augmentation"": ""no_augmentation"", ""beto_model"": ""dccuchile/bert-base-spanish-wwm-cased"", ""chunk_stride"": 256, ""max_tokens"": 512, ""n_cv_splits"": 5, ""n_search_iter"": 0, ""seeds"": [42, 43, 44, 45, 46], ""sentence_transformer_model"": ""intfloat/multilingual-e5-small"", ""tfidf_lemmatize"": true, ""tfidf_max_df"": 0.9, ""tfidf_max_features"": 300, ""tfidf_min_df"": 3, ""tfidf_ngram_range"": [1, 2], ""tfidf_normalize_numbers"": true}",2026-09-09T12:29:30
E1_BETO_QUESTION,frozen,question,02,no_augmentation,PHQ9,43,ExtraTrees,5.706303,False,dccuchile/bert-base-spanish-wwm-cased,defaults,"{""augmentation"": ""no_augmentation"", ""beto_model"": ""dccuchile/bert-base-spanish-wwm-cased"", ""chunk_stride"": 256, ""max_tokens"": 512, ""n_cv_splits"": 5, ""n_search_iter"": 0, ""seeds"": [42, 43, 44, 45, 46], ""sentence_transformer_model"": ""intfloat/multilingual-e5-small"", ""tfidf_lemmatize"": true, ""tfidf_max_df"": 0.9, ""tfidf_max_features"": 300, ""tfidf_min_df"": 3, ""tfidf_ngram_range"": [1, 2], ""tfidf_normalize_numbers"": true}",2026-09-09T12:29:30
E1_BETO_QUESTION,frozen,question,02,no_augmentation,PHQ9,43,GradientBoosting,5.751265,False,dccuchile/bert-base-spanish-wwm-cased,defaults,"{""augmentation"": ""no_augmentation"", ""beto_model"": ""dccuchile/bert-base-spanish-wwm-cased"", ""chunk_stride"": 256, ""max_tokens"": 512, ""n_cv_splits"": 5, ""n_search_iter"": 0, ""seeds"": [42, 43, 44, 45, 46], ""sentence_transformer_model"": ""intfloat/multilingual-e5-small"", ""tfidf_lemmatize"": true, ""tfidf_max_df"": 0.9, ""tfidf_max_features"": 300, ""tfidf_min_df"": 3, ""tfidf_ngram_range"": [1, 2], ""tfidf_normalize_numbers"": true}",2026-09-09T12:29:30
E1_BETO_QUESTION,frozen,question,02,no_augmentation,PHQ9,43,LightGBM,5.786808,False,dccuchile/bert-base-spanish-wwm-cased,defaults,"{""augmentation"": ""no_augmentation"", ""beto_model"": ""dccuchile/bert-base-spanish-wwm-cased"", ""chunk_stride"": 256, ""max_tokens"": 512, ""n_cv_splits"": 5, ""n_search_iter"": 0, ""seeds"": [42, 43, 44, 45, 46], ""sentence_transformer_model"": ""intfloat/multilingual-e5-small"", ""tfidf_lemmatize"": true, ""tfidf_max_df"": 0.9, ""tfidf_max_features"": 300, ""tfidf_min_df"": 3, ""tfidf_ngram_range"": [1, 2], ""tfidf_normalize_numbers"": true}",2026-09-09T12:29:30
E1_BETO_QUESTION,frozen,question,02,no_augmentation,PHQ9,43,KNN,5.87231,False,dccuchile/bert-base-spanish-wwm-cased,defaults,"{""augmentation"": ""no_augmentation"", ""beto_model"": ""dccuchile/bert-base-spanish-wwm-cased"", ""chunk_stride"": 256, ""max_tokens"": 512, ""n_cv_splits"": 5, ""n_search_iter"": 0, ""seeds"": [42, 43, 44, 45, 46], ""sentence_transformer_model"": ""intfloat/multilingual-e5-small"", ""tfidf_lemmatize"": true, ""tfidf_max_df"": 0.9, ""tfidf_max_features"": 300, ""tfidf_min_df"": 3, ""tfidf_ngram_range"": [1, 2], ""tfidf_normalize_numbers"": true}",2026-09-09T12:29:30
E1_BETO_QUESTION,frozen,question,02,no_augmentation,PHQ9,43,DecisionTree,7.53941,False,dccuchile/bert-base-spanish-wwm-cased,defaults,"{""augmentation"": ""no_augmentation"", ""beto_model"": ""dccuchile/bert-base-spanish-wwm-cased"", ""chunk_stride"": 256, ""max_tokens"": 512, ""n_cv_splits"": 5, ""n_search_iter"": 0, ""seeds"": [42, 43, 44, 45, 46], ""sentence_transformer_model"": ""intfloat/multilingual-e5-small"", ""tfidf_lemmatize"": true, ""tfidf_max_df"": 0.9, ""tfidf_max_features"": 300, ""tfidf_min_df"": 3, ""tfidf_ngram_range"": [1, 2], ""tfidf_normalize_numbers"": true}",2026-09-09T12:29:30
E1_BETO_QUESTION,frozen,question,02,no_augmentation,PHQ9,43,AdaBoost,5.681534,False,dccuchile/bert-base-spanish-wwm-cased,defaults,"{""augmentation"": ""no_augmentation"", ""beto_model"": ""dccuchile/bert-base-spanish-wwm-cased"", ""chunk_stride"": 256, ""max_tokens"": 512, ""n_cv_splits"": 5, ""n_search_iter"": 0, ""seeds"": [42, 43, 44, 45, 46], ""sentence_transformer_model"": ""intfloat/multilingual-e5-small"", ""tfidf_lemmatize"": true, ""tfidf_max_df"": 0.9, ""tfidf_max_features"": 300, ""tfidf_min_df"": 3, ""tfidf_ngram_range"": [1, 2], ""tfidf_normalize_numbers"": true}",2026-09-09T12:29:30
E1_BETO_QUESTION,frozen,question,02,no_augmentation,GAD7,43,Ridge,7.131113,False,dccuchile/bert-base-spanish-wwm-cased,defaults,"{""augmentation"": ""no_augmentation"", ""beto_model"": ""dccuchile/bert-base-spanish-wwm-cased"", ""chunk_stride"": 256, ""max_tokens"": 512, ""n_cv_splits"": 5, ""n_search_iter"": 0, ""seeds"": [42, 43, 44, 45, 46], ""sentence_transformer_model"": ""intfloat/multilingual-e5-small"", ""tfidf_lemmatize"": true, ""tfidf_max_df"": 0.9, ""tfidf_max_features"": 300, ""tfidf_min_df"": 3, ""tfidf_ngram_range"": [1, 2], ""tfidf_normalize_numbers"": true}",2026-09-09T12:33:09
E1_BETO_QUESTION,frozen,question,02,no_augmentation,GAD7,43,SVR,4.463798,True,dccuchile/bert-base-spanish-wwm-cased,defaults,"{""augmentation"": ""no_augmentation"", ""beto_model"": ""dccuchile/bert-base-spanish-wwm-cased"", ""chunk_stride"": 256, ""max_tokens"": 512, ""n_cv_splits"": 5, ""n_search_iter"": 0, ""seeds"": [42, 43, 44, 45, 46], ""sentence_transformer_model"": ""intfloat/multilingual-e5-small"", ""tfidf_lemmatize"": true, ""tfidf_max_df"": 0.9, ""tfidf_max_features"": 300, ""tfidf_min_df"": 3, ""tfidf_ngram_range"": [1, 2], ""tfidf_normalize_numbers"": true}",2026-09-09T12:33:09
E1_BETO_QUESTION,frozen,question,02,no_augmentation,GAD7,43,RandomForest,4.679021,False,dccuchile/bert-base-spanish-wwm-cased,defaults,"{""augmentation"": ""no_augmentation"", ""beto_model"": ""dccuchile/bert-base-spanish-wwm-cased"", ""chunk_stride"": 256, ""max_tokens"": 512, ""n_cv_splits"": 5, ""n_search_iter"": 0, ""seeds"": [42, 43, 44, 45, 46], ""sentence_transformer_model"": ""intfloat/multilingual-e5-small"", ""tfidf_lemmatize"": true, ""tfidf_max_df"": 0.9, ""tfidf_max_features"": 300, ""tfidf_min_df"": 3, ""tfidf_ngram_range"": [1, 2], ""tfidf_normalize_numbers"": true}",2026-09-09T12:33:09
E1_BETO_QUESTION,frozen,question,02,no_augmentation,GAD7,43,ExtraTrees,4.669211,False,dccuchile/bert-base-spanish-wwm-cased,defaults,"{""augmentation"": ""no_augmentation"", ""beto_model"": ""dccuchile/bert-base-spanish-wwm-cased"", ""chunk_stride"": 256, ""max_tokens"": 512, ""n_cv_splits"": 5, ""n_search_iter"": 0, ""seeds"": [42, 43, 44, 45, 46], ""sentence_transformer_model"": ""intfloat/multilingual-e5-small"", ""tfidf_lemmatize"": true, ""tfidf_max_df"": 0.9, ""tfidf_max_features"": 300, ""tfidf_min_df"": 3, ""tfidf_ngram_range"": [1, 2], ""tfidf_normalize_numbers"": true}",2026-09-09T12:33:09
E1_BETO_QUESTION,frozen,question,02,no_augmentation,GAD7,43,GradientBoosting,4.683182,False,dccuchile/bert-base-spanish-wwm-cased,defaults,"{""augmentation"": ""no_augmentation"", ""beto_model"": ""dccuchile/bert-base-spanish-wwm-cased"", ""chunk_stride"": 256, ""max_tokens"": 512, ""n_cv_splits"": 5, ""n_search_iter"": 0, ""seeds"": [42, 43, 44, 45, 46], ""sentence_transformer_model"": ""intfloat/multilingual-e5-small"", ""tfidf_lemmatize"": true, ""tfidf_max_df"": 0.9, ""tfidf_max_features"": 300, ""tfidf_min_df"": 3, ""tfidf_ngram_range"": [1, 2], ""tfidf_normalize_numbers"": true}",2026-09-09T12:33:09
E1_BETO_QUESTION,frozen,question,02,no_augmentation,GAD7,43,LightGBM,4.843882,False,dccuchile/bert-base-spanish-wwm-cased,defaults,"{""augmentation"": ""no_augmentation"", ""beto_model"": ""dccuchile/bert-base-spanish-wwm-cased"", ""chunk_stride"": 256, ""max_tokens"": 512, ""n_cv_splits"": 5, ""n_search_iter"": 0, ""seeds"": [42, 43, 44, 45, 46], ""sentence_transformer_model"": ""intfloat/multilingual-e5-small"", ""tfidf_lemmatize"": true, ""tfidf_max_df"": 0.9, ""tfidf_max_features"": 300, ""tfidf_min_df"": 3, ""tfidf_ngram_range"": [1, 2], ""tfidf_normalize_numbers"": true}",2026-09-09T12:33:09
E1_BETO_QUESTION,frozen,question,02,no_augmentation,GAD7,43,KNN,5.009898,False,dccuchile/bert-base-spanish-wwm-cased,defaults,"{""augmentation"": ""no_augmentation"", ""beto_model"": ""dccuchile/bert-base-spanish-wwm-cased"", ""chunk_stride"": 256, ""max_tokens"": 512, ""n_cv_splits"": 5, ""n_search_iter"": 0, ""seeds"": [42, 43, 44, 45, 46], ""sentence_transformer_model"": ""intfloat/multilingual-e5-small"", ""tfidf_lemmatize"": true, ""tfidf_max_df"": 0.9, ""tfidf_max_features"": 300, ""tfidf_min_df"": 3, ""tfidf_ngram_range"": [1, 2], ""tfidf_normalize_numbers"": true}",2026-09-09T12:33:09
E1_BETO_QUESTION,frozen,question,02,no_augmentation,GAD7,43,DecisionTree,5.720804,False,dccuchile/bert-base-spanish-wwm-cased,defaults,"{""augmentation"": ""no_augmentation"", ""beto_model"": ""dccuchile/bert-base-spanish-wwm-cased"", ""chunk_stride"": 256, ""max_tokens"": 512, ""n_cv_splits"": 5, ""n_search_iter"": 0, ""seeds"": [42, 43, 44, 45, 46], ""sentence_transformer_model"": ""intfloat/multilingual-e5-small"", ""tfidf_lemmatize"": true, ""tfidf_max_df"": 0.9, ""tfidf_max_features"": 300, ""tfidf_min_df"": 3, ""tfidf_ngram_range"": [1, 2], ""tfidf_normalize_numbers"": true}",2026-09-09T12:33:09
E1_BETO_QUESTION,frozen,question,02,no_augmentation,GAD7,43,AdaBoost,4.677884,False,dccuchile/bert-base-spanish-wwm-cased,defaults,"{""augmentation"": ""no_augmentation"", ""beto_model"": ""dccuchile/bert-base-spanish-wwm-cased"", ""chunk_stride"": 256, ""max_tokens"": 512, ""n_cv_splits"": 5, ""n_search_iter"": 0, ""seeds"": [42, 43, 44, 45, 46], ""sentence_transformer_model"": ""intfloat/multilingual-e5-small"", ""tfidf_lemmatize"": true, ""tfidf_max_df"": 0.9, ""tfidf_max_features"": 300, ""tfidf_min_df"": 3, ""tfidf_ngram_range"": [1, 2], ""tfidf_normalize_numbers"": true}",2026-09-09T12:33:09
E1_BETO_QUESTION,frozen,question,02,no_augmentation,PHQ9,44,Ridge,7.583527,False,dccuchile/bert-base-spanish-wwm-cased,defaults,"{""augmentation"": ""no_augmentation"", ""beto_model"": ""dccuchile/bert-base-spanish-wwm-cased"", ""chunk_stride"": 256, ""max_tokens"": 512, ""n_cv_splits"": 5, ""n_search_iter"": 0, ""seeds"": [42, 43, 44, 45, 46], ""sentence_transformer_model"": ""intfloat/multilingual-e5-small"", ""tfidf_lemmatize"": true, ""tfidf_max_df"": 0.9, ""tfidf_max_features"": 300, ""tfidf_min_df"": 3, ""tfidf_ngram_range"": [1, 2], ""tfidf_normalize_numbers"": true}",2026-09-09T12:36:52
E1_BETO_QUESTION,frozen,question,02,no_augmentation,PHQ9,44,SVR,5.59165,True,dccuchile/bert-base-spanish-wwm-cased,defaults,"{""augmentation"": ""no_augmentation"", ""beto_model"": ""dccuchile/bert-base-spanish-wwm-cased"", ""chunk_stride"": 256, ""max_tokens"": 512, ""n_cv_splits"": 5, ""n_search_iter"": 0, ""seeds"": [42, 43, 44, 45, 46], ""sentence_transformer_model"": ""intfloat/multilingual-e5-small"", ""tfidf_lemmatize"": true, ""tfidf_max_df"": 0.9, ""tfidf_max_features"": 300, ""tfidf_min_df"": 3, ""tfidf_ngram_range"": [1, 2], ""tfidf_normalize_numbers"": true}",2026-09-09T12:36:52
E1_BETO_QUESTION,frozen,question,02,no_augmentation,PHQ9,44,RandomForest,5.860795,False,dccuchile/bert-base-spanish-wwm-cased,defaults,"{""augmentation"": ""no_augmentation"", ""beto_model"": ""dccuchile/bert-base-spanish-wwm-cased"", ""chunk_stride"": 256, ""max_tokens"": 512, ""n_cv_splits"": 5, ""n_search_iter"": 0, ""seeds"": [42, 43, 44, 45, 46], ""sentence_transformer_model"": ""intfloat/multilingual-e5-small"", ""tfidf_lemmatize"": true, ""tfidf_max_df"": 0.9, ""tfidf_max_features"": 300, ""tfidf_min_df"": 3, ""tfidf_ngram_range"": [1, 2], ""tfidf_normalize_numbers"": true}",2026-09-09T12:36:52
E1_BETO_QUESTION,frozen,question,02,no_augmentation,PHQ9,44,ExtraTrees,5.820324,False,dccuchile/bert-base-spanish-wwm-cased,defaults,"{""augmentation"": ""no_augmentation"", ""beto_model"": ""dccuchile/bert-base-spanish-wwm-cased"", ""chunk_stride"": 256, ""max_tokens"": 512, ""n_cv_splits"": 5, ""n_search_iter"": 0, ""seeds"": [42, 43, 44, 45, 46], ""sentence_transformer_model"": ""intfloat/multilingual-e5-small"", ""tfidf_lemmatize"": true, ""tfidf_max_df"": 0.9, ""tfidf_max_features"": 300, ""tfidf_min_df"": 3, ""tfidf_ngram_range"": [1, 2], ""tfidf_normalize_numbers"": true}",2026-09-09T12:36:52
E1_BETO_QUESTION,frozen,question,02,no_augmentation,PHQ9,44,GradientBoosting,5.981543,False,dccuchile/bert-base-spanish-wwm-cased,defaults,"{""augmentation"": ""no_augmentation"", ""beto_model"": ""dccuchile/bert-base-spanish-wwm-cased"", ""chunk_stride"": 256, ""max_tokens"": 512, ""n_cv_splits"": 5, ""n_search_iter"": 0, ""seeds"": [42, 43, 44, 45, 46], ""sentence_transformer_model"": ""intfloat/multilingual-e5-small"", ""tfidf_lemmatize"": true, ""tfidf_max_df"": 0.9, ""tfidf_max_features"": 300, ""tfidf_min_df"": 3, ""tfidf_ngram_range"": [1, 2], ""tfidf_normalize_numbers"": true}",2026-09-09T12:36:52
E1_BETO_QUESTION,frozen,question,02,no_augmentation,PHQ9,44,LightGBM,6.006656,False,dccuchile/bert-base-spanish-wwm-cased,defaults,"{""augmentation"": ""no_augmentation"", ""beto_model"": ""dccuchile/bert-base-spanish-wwm-cased"", ""chunk_stride"": 256, ""max_tokens"": 512, ""n_cv_splits"": 5, ""n_search_iter"": 0, ""seeds"": [42, 43, 44, 45, 46], ""sentence_transformer_model"": ""intfloat/multilingual-e5-small"", ""tfidf_lemmatize"": true, ""tfidf_max_df"": 0.9, ""tfidf_max_features"": 300, ""tfidf_min_df"": 3, ""tfidf_ngram_range"": [1, 2], ""tfidf_normalize_numbers"": true}",2026-09-09T12:36:52
E1_BETO_QUESTION,frozen,question,02,no_augmentation,PHQ9,44,KNN,6.249886,False,dccuchile/bert-base-spanish-wwm-cased,defaults,"{""augmentation"": ""no_augmentation"", ""beto_model"": ""dccuchile/bert-base-spanish-wwm-cased"", ""chunk_stride"": 256, ""max_tokens"": 512, ""n_cv_splits"": 5, ""n_search_iter"": 0, ""seeds"": [42, 43, 44, 45, 46], ""sentence_transformer_model"": ""intfloat/multilingual-e5-small"", ""tfidf_lemmatize"": true, ""tfidf_max_df"": 0.9, ""tfidf_max_features"": 300, ""tfidf_min_df"": 3, ""tfidf_ngram_range"": [1, 2], ""tfidf_normalize_numbers"": true}",2026-09-09T12:36:52
E1_BETO_QUESTION,frozen,question,02,no_augmentation,PHQ9,44,DecisionTree,7.447841,False,dccuchile/bert-base-spanish-wwm-cased,defaults,"{""augmentation"": ""no_augmentation"", ""beto_model"": ""dccuchile/bert-base-spanish-wwm-cased"", ""chunk_stride"": 256, ""max_tokens"": 512, ""n_cv_splits"": 5, ""n_search_iter"": 0, ""seeds"": [42, 43, 44, 45, 46], ""sentence_transformer_model"": ""intfloat/multilingual-e5-small"", ""tfidf_lemmatize"": true, ""tfidf_max_df"": 0.9, ""tfidf_max_features"": 300, ""tfidf_min_df"": 3, ""tfidf_ngram_range"": [1, 2], ""tfidf_normalize_numbers"": true}",2026-09-09T12:36:52
E1_BETO_QUESTION,frozen,question,02,no_augmentation,PHQ9,44,AdaBoost,5.849779,False,dccuchile/bert-base-spanish-wwm-cased,defaults,"{""augmentation"": ""no_augmentation"", ""beto_model"": ""dccuchile/bert-base-spanish-wwm-cased"", ""chunk_stride"": 256, ""max_tokens"": 512, ""n_cv_splits"": 5, ""n_search_iter"": 0, ""seeds"": [42, 43, 44, 45, 46], ""sentence_transformer_model"": ""intfloat/multilingual-e5-small"", ""tfidf_lemmatize"": true, ""tfidf_max_df"": 0.9, ""tfidf_max_features"": 300, ""tfidf_min_df"": 3, ""tfidf_ngram_range"": [1, 2], ""tfidf_normalize_numbers"": true}",2026-09-09T12:36:52
E1_BETO_QUESTION,frozen,question,02,no_augmentation,GAD7,44,Ridge,7.368932,False,dccuchile/bert-base-spanish-wwm-cased,defaults,"{""augmentation"": ""no_augmentation"", ""beto_model"": ""dccuchile/bert-base-spanish-wwm-cased"", ""chunk_stride"": 256, ""max_tokens"": 512, ""n_cv_splits"": 5, ""n_search_iter"": 0, ""seeds"": [42, 43, 44, 45, 46], ""sentence_transformer_model"": ""intfloat/multilingual-e5-small"", ""tfidf_lemmatize"": true, ""tfidf_max_df"": 0.9, ""tfidf_max_features"": 300, ""tfidf_min_df"": 3, ""tfidf_ngram_range"": [1, 2], ""tfidf_normalize_numbers"": true}",2026-09-09T12:40:42
E1_BETO_QUESTION,frozen,question,02,no_augmentation,GAD7,44,SVR,4.621388,True,dccuchile/bert-base-spanish-wwm-cased,defaults,"{""augmentation"": ""no_augmentation"", ""beto_model"": ""dccuchile/bert-base-spanish-wwm-cased"", ""chunk_stride"": 256, ""max_tokens"": 512, ""n_cv_splits"": 5, ""n_search_iter"": 0, ""seeds"": [42, 43, 44, 45, 46], ""sentence_transformer_model"": ""intfloat/multilingual-e5-small"", ""tfidf_lemmatize"": true, ""tfidf_max_df"": 0.9, ""tfidf_max_features"": 300, ""tfidf_min_df"": 3, ""tfidf_ngram_range"": [1, 2], ""tfidf_normalize_numbers"": true}",2026-09-09T12:40:42
E1_BETO_QUESTION,frozen,question,02,no_augmentation,GAD7,44,RandomForest,4.779105,False,dccuchile/bert-base-spanish-wwm-cased,defaults,"{""augmentation"": ""no_augmentation"", ""beto_model"": ""dccuchile/bert-base-spanish-wwm-cased"", ""chunk_stride"": 256, ""max_tokens"": 512, ""n_cv_splits"": 5, ""n_search_iter"": 0, ""seeds"": [42, 43, 44, 45, 46], ""sentence_transformer_model"": ""intfloat/multilingual-e5-small"", ""tfidf_lemmatize"": true, ""tfidf_max_df"": 0.9, ""tfidf_max_features"": 300, ""tfidf_min_df"": 3, ""tfidf_ngram_range"": [1, 2], ""tfidf_normalize_numbers"": true}",2026-09-09T12:40:42
E1_BETO_QUESTION,frozen,question,02,no_augmentation,GAD7,44,ExtraTrees,4.781238,False,dccuchile/bert-base-spanish-wwm-cased,defaults,"{""augmentation"": ""no_augmentation"", ""beto_model"": ""dccuchile/bert-base-spanish-wwm-cased"", ""chunk_stride"": 256, ""max_tokens"": 512, ""n_cv_splits"": 5, ""n_search_iter"": 0, ""seeds"": [42, 43, 44, 45, 46], ""sentence_transformer_model"": ""intfloat/multilingual-e5-small"", ""tfidf_lemmatize"": true, ""tfidf_max_df"": 0.9, ""tfidf_max_features"": 300, ""tfidf_min_df"": 3, ""tfidf_ngram_range"": [1, 2], ""tfidf_normalize_numbers"": true}",2026-09-09T12:40:42
E1_BETO_QUESTION,frozen,question,02,no_augmentation,GAD7,44,GradientBoosting,4.813346,False,dccuchile/bert-base-spanish-wwm-cased,defaults,"{""augmentation"": ""no_augmentation"", ""beto_model"": ""dccuchile/bert-base-spanish-wwm-cased"", ""chunk_stride"": 256, ""max_tokens"": 512, ""n_cv_splits"": 5, ""n_search_iter"": 0, ""seeds"": [42, 43, 44, 45, 46], ""sentence_transformer_model"": ""intfloat/multilingual-e5-small"", ""tfidf_lemmatize"": true, ""tfidf_max_df"": 0.9, ""tfidf_max_features"": 300, ""tfidf_min_df"": 3, ""tfidf_ngram_range"": [1, 2], ""tfidf_normalize_numbers"": true}",2026-09-09T12:40:42
E1_BETO_QUESTION,frozen,question,02,no_augmentation,GAD7,44,LightGBM,4.878551,False,dccuchile/bert-base-spanish-wwm-cased,defaults,"{""augmentation"": ""no_augmentation"", ""beto_model"": ""dccuchile/bert-base-spanish-wwm-cased"", ""chunk_stride"": 256, ""max_tokens"": 512, ""n_cv_splits"": 5, ""n_search_iter"": 0, ""seeds"": [42, 43, 44, 45, 46], ""sentence_transformer_model"": ""intfloat/multilingual-e5-small"", ""tfidf_lemmatize"": true, ""tfidf_max_df"": 0.9, ""tfidf_max_features"": 300, ""tfidf_min_df"": 3, ""tfidf_ngram_range"": [1, 2], ""tfidf_normalize_numbers"": true}",2026-09-09T12:40:42
E1_BETO_QUESTION,frozen,question,02,no_augmentation,GAD7,44,KNN,5.343487,False,dccuchile/bert-base-spanish-wwm-cased,defaults,"{""augmentation"": ""no_augmentation"", ""beto_model"": ""dccuchile/bert-base-spanish-wwm-cased"", ""chunk_stride"": 256, ""max_tokens"": 512, ""n_cv_splits"": 5, ""n_search_iter"": 0, ""seeds"": [42, 43, 44, 45, 46], ""sentence_transformer_model"": ""intfloat/multilingual-e5-small"", ""tfidf_lemmatize"": true, ""tfidf_max_df"": 0.9, ""tfidf_max_features"": 300, ""tfidf_min_df"": 3, ""tfidf_ngram_range"": [1, 2], ""tfidf_normalize_numbers"": true}",2026-09-09T12:40:42
E1_BETO_QUESTION,frozen,question,02,no_augmentation,GAD7,44,DecisionTree,6.214183,False,dccuchile/bert-base-spanish-wwm-cased,defaults,"{""augmentation"": ""no_augmentation"", ""beto_model"": ""dccuchile/bert-base-spanish-wwm-cased"", ""chunk_stride"": 256, ""max_tokens"": 512, ""n_cv_splits"": 5, ""n_search_iter"": 0, ""seeds"": [42, 43, 44, 45, 46], ""sentence_transformer_model"": ""intfloat/multilingual-e5-small"", ""tfidf_lemmatize"": true, ""tfidf_max_df"": 0.9, ""tfidf_max_features"": 300, ""tfidf_min_df"": 3, ""tfidf_ngram_range"": [1, 2], ""tfidf_normalize_numbers"": true}",2026-09-09T12:40:42
E1_BETO_QUESTION,frozen,question,02,no_augmentation,GAD7,44,AdaBoost,4.799595,False,dccuchile/bert-base-spanish-wwm-cased,defaults,"{""augmentation"": ""no_augmentation"", ""beto_model"": ""dccuchile/bert-base-spanish-wwm-cased"", ""chunk_stride"": 256, ""max_tokens"": 512, ""n_cv_splits"": 5, ""n_search_iter"": 0, ""seeds"": [42, 43, 44, 45, 46], ""sentence_transformer_model"": ""intfloat/multilingual-e5-small"", ""tfidf_lemmatize"": true, ""tfidf_max_df"": 0.9, ""tfidf_max_features"": 300, ""tfidf_min_df"": 3, ""tfidf_ngram_range"": [1, 2], ""tfidf_normalize_numbers"": true}",2026-09-09T12:40:42
E1_BETO_QUESTION,frozen,question,02,no_augmentation,PHQ9,45,Ridge,7.460197,False,dccuchile/bert-base-spanish-wwm-cased,defaults,"{""augmentation"": ""no_augmentation"", ""beto_model"": ""dccuchile/bert-base-spanish-wwm-cased"", ""chunk_stride"": 256, ""max_tokens"": 512, ""n_cv_splits"": 5, ""n_search_iter"": 0, ""seeds"": [42, 43, 44, 45, 46], ""sentence_transformer_model"": ""intfloat/multilingual-e5-small"", ""tfidf_lemmatize"": true, ""tfidf_max_df"": 0.9, ""tfidf_max_features"": 300, ""tfidf_min_df"": 3, ""tfidf_ngram_range"": [1, 2], ""tfidf_normalize_numbers"": true}",2026-09-09T12:44:27
E1_BETO_QUESTION,frozen,question,02,no_augmentation,PHQ9,45,SVR,5.464429,True,dccuchile/bert-base-spanish-wwm-cased,defaults,"{""augmentation"": ""no_augmentation"", ""beto_model"": ""dccuchile/bert-base-spanish-wwm-cased"", ""chunk_stride"": 256, ""max_tokens"": 512, ""n_cv_splits"": 5, ""n_search_iter"": 0, ""seeds"": [42, 43, 44, 45, 46], ""sentence_transformer_model"": ""intfloat/multilingual-e5-small"", ""tfidf_lemmatize"": true, ""tfidf_max_df"": 0.9, ""tfidf_max_features"": 300, ""tfidf_min_df"": 3, ""tfidf_ngram_range"": [1, 2], ""tfidf_normalize_numbers"": true}",2026-09-09T12:44:27
E1_BETO_QUESTION,frozen,question,02,no_augmentation,PHQ9,45,RandomForest,5.761853,False,dccuchile/bert-base-spanish-wwm-cased,defaults,"{""augmentation"": ""no_augmentation"", ""beto_model"": ""dccuchile/bert-base-spanish-wwm-cased"", ""chunk_stride"": 256, ""max_tokens"": 512, ""n_cv_splits"": 5, ""n_search_iter"": 0, ""seeds"": [42, 43, 44, 45, 46], ""sentence_transformer_model"": ""intfloat/multilingual-e5-small"", ""tfidf_lemmatize"": true, ""tfidf_max_df"": 0.9, ""tfidf_max_features"": 300, ""tfidf_min_df"": 3, ""tfidf_ngram_range"": [1, 2], ""tfidf_normalize_numbers"": true}",2026-09-09T12:44:27
E1_BETO_QUESTION,frozen,question,02,no_augmentation,PHQ9,45,ExtraTrees,5.719117,False,dccuchile/bert-base-spanish-wwm-cased,defaults,"{""augmentation"": ""no_augmentation"", ""beto_model"": ""dccuchile/bert-base-spanish-wwm-cased"", ""chunk_stride"": 256, ""max_tokens"": 512, ""n_cv_splits"": 5, ""n_search_iter"": 0, ""seeds"": [42, 43, 44, 45, 46], ""sentence_transformer_model"": ""intfloat/multilingual-e5-small"", ""tfidf_lemmatize"": true, ""tfidf_max_df"": 0.9, ""tfidf_max_features"": 300, ""tfidf_min_df"": 3, ""tfidf_ngram_range"": [1, 2], ""tfidf_normalize_numbers"": true}",2026-09-09T12:44:27
E1_BETO_QUESTION,frozen,question,02,no_augmentation,PHQ9,45,GradientBoosting,5.762142,False,dccuchile/bert-base-spanish-wwm-cased,defaults,"{""augmentation"": ""no_augmentation"", ""beto_model"": ""dccuchile/bert-base-spanish-wwm-cased"", ""chunk_stride"": 256, ""max_tokens"": 512, ""n_cv_splits"": 5, ""n_search_iter"": 0, ""seeds"": [42, 43, 44, 45, 46], ""sentence_transformer_model"": ""intfloat/multilingual-e5-small"", ""tfidf_lemmatize"": true, ""tfidf_max_df"": 0.9, ""tfidf_max_features"": 300, ""tfidf_min_df"": 3, ""tfidf_ngram_range"": [1, 2], ""tfidf_normalize_numbers"": true}",2026-09-09T12:44:27
E1_BETO_QUESTION,frozen,question,02,no_augmentation,PHQ9,45,LightGBM,5.758388,False,dccuchile/bert-base-spanish-wwm-cased,defaults,"{""augmentation"": ""no_augmentation"", ""beto_model"": ""dccuchile/bert-base-spanish-wwm-cased"", ""chunk_stride"": 256, ""max_tokens"": 512, ""n_cv_splits"": 5, ""n_search_iter"": 0, ""seeds"": [42, 43, 44, 45, 46], ""sentence_transformer_model"": ""intfloat/multilingual-e5-small"", ""tfidf_lemmatize"": true, ""tfidf_max_df"": 0.9, ""tfidf_max_features"": 300, ""tfidf_min_df"": 3, ""tfidf_ngram_range"": [1, 2], ""tfidf_normalize_numbers"": true}",2026-09-09T12:44:27
E1_BETO_QUESTION,frozen,question,02,no_augmentation,PHQ9,45,KNN,6.066128,False,dccuchile/bert-base-spanish-wwm-cased,defaults,"{""augmentation"": ""no_augmentation"", ""beto_model"": ""dccuchile/bert-base-spanish-wwm-cased"", ""chunk_stride"": 256, ""max_tokens"": 512, ""n_cv_splits"": 5, ""n_search_iter"": 0, ""seeds"": [42, 43, 44, 45, 46], ""sentence_transformer_model"": ""intfloat/multilingual-e5-small"", ""tfidf_lemmatize"": true, ""tfidf_max_df"": 0.9, ""tfidf_max_features"": 300, ""tfidf_min_df"": 3, ""tfidf_ngram_range"": [1, 2], ""tfidf_normalize_numbers"": true}",2026-09-09T12:44:27
E1_BETO_QUESTION,frozen,question,02,no_augmentation,PHQ9,45,DecisionTree,7.307021,False,dccuchile/bert-base-spanish-wwm-cased,defaults,"{""augmentation"": ""no_augmentation"", ""beto_model"": ""dccuchile/bert-base-spanish-wwm-cased"", ""chunk_stride"": 256, ""max_tokens"": 512, ""n_cv_splits"": 5, ""n_search_iter"": 0, ""seeds"": [42, 43, 44, 45, 46], ""sentence_transformer_model"": ""intfloat/multilingual-e5-small"", ""tfidf_lemmatize"": true, ""tfidf_max_df"": 0.9, ""tfidf_max_features"": 300, ""tfidf_min_df"": 3, ""tfidf_ngram_range"": [1, 2], ""tfidf_normalize_numbers"": true}",2026-09-09T12:44:27
E1_BETO_QUESTION,frozen,question,02,no_augmentation,PHQ9,45,AdaBoost,5.747133,False,dccuchile/bert-base-spanish-wwm-cased,defaults,"{""augmentation"": ""no_augmentation"", ""beto_model"": ""dccuchile/bert-base-spanish-wwm-cased"", ""chunk_stride"": 256, ""max_tokens"": 512, ""n_cv_splits"": 5, ""n_search_iter"": 0, ""seeds"": [42, 43, 44, 45, 46], ""sentence_transformer_model"": ""intfloat/multilingual-e5-small"", ""tfidf_lemmatize"": true, ""tfidf_max_df"": 0.9, ""tfidf_max_features"": 300, ""tfidf_min_df"": 3, ""tfidf_ngram_range"": [1, 2], ""tfidf_normalize_numbers"": true}",2026-09-09T12:44:27
E1_BETO_QUESTION,frozen,question,02,no_augmentation,GAD7,45,Ridge,7.058904,False,dccuchile/bert-base-spanish-wwm-cased,defaults,"{""augmentation"": ""no_augmentation"", ""beto_model"": ""dccuchile/bert-base-spanish-wwm-cased"", ""chunk_stride"": 256, ""max_tokens"": 512, ""n_cv_splits"": 5, ""n_search_iter"": 0, ""seeds"": [42, 43, 44, 45, 46], ""sentence_transformer_model"": ""intfloat/multilingual-e5-small"", ""tfidf_lemmatize"": true, ""tfidf_max_df"": 0.9, ""tfidf_max_features"": 300, ""tfidf_min_df"": 3, ""tfidf_ngram_range"": [1, 2], ""tfidf_normalize_numbers"": true}",2026-09-09T12:48:12
E1_BETO_QUESTION,frozen,question,02,no_augmentation,GAD7,45,SVR,4.621112,True,dccuchile/bert-base-spanish-wwm-cased,defaults,"{""augmentation"": ""no_augmentation"", ""beto_model"": ""dccuchile/bert-base-spanish-wwm-cased"", ""chunk_stride"": 256, ""max_tokens"": 512, ""n_cv_splits"": 5, ""n_search_iter"": 0, ""seeds"": [42, 43, 44, 45, 46], ""sentence_transformer_model"": ""intfloat/multilingual-e5-small"", ""tfidf_lemmatize"": true, ""tfidf_max_df"": 0.9, ""tfidf_max_features"": 300, ""tfidf_min_df"": 3, ""tfidf_ngram_range"": [1, 2], ""tfidf_normalize_numbers"": true}",2026-09-09T12:48:12
E1_BETO_QUESTION,frozen,question,02,no_augmentation,GAD7,45,RandomForest,4.791916,False,dccuchile/bert-base-spanish-wwm-cased,defaults,"{""augmentation"": ""no_augmentation"", ""beto_model"": ""dccuchile/bert-base-spanish-wwm-cased"", ""chunk_stride"": 256, ""max_tokens"": 512, ""n_cv_splits"": 5, ""n_search_iter"": 0, ""seeds"": [42, 43, 44, 45, 46], ""sentence_transformer_model"": ""intfloat/multilingual-e5-small"", ""tfidf_lemmatize"": true, ""tfidf_max_df"": 0.9, ""tfidf_max_features"": 300, ""tfidf_min_df"": 3, ""tfidf_ngram_range"": [1, 2], ""tfidf_normalize_numbers"": true}",2026-09-09T12:48:12
E1_BETO_QUESTION,frozen,question,02,no_augmentation,GAD7,45,ExtraTrees,4.802083,False,dccuchile/bert-base-spanish-wwm-cased,defaults,"{""augmentation"": ""no_augmentation"", ""beto_model"": ""dccuchile/bert-base-spanish-wwm-cased"", ""chunk_stride"": 256, ""max_tokens"": 512, ""n_cv_splits"": 5, ""n_search_iter"": 0, ""seeds"": [42, 43, 44, 45, 46], ""sentence_transformer_model"": ""intfloat/multilingual-e5-small"", ""tfidf_lemmatize"": true, ""tfidf_max_df"": 0.9, ""tfidf_max_features"": 300, ""tfidf_min_df"": 3, ""tfidf_ngram_range"": [1, 2], ""tfidf_normalize_numbers"": true}",2026-09-09T12:48:12
E1_BETO_QUESTION,frozen,question,02,no_augmentation,GAD7,45,GradientBoosting,4.839405,False,dccuchile/bert-base-spanish-wwm-cased,defaults,"{""augmentation"": ""no_augmentation"", ""beto_model"": ""dccuchile/bert-base-spanish-wwm-cased"", ""chunk_stride"": 256, ""max_tokens"": 512, ""n_cv_splits"": 5, ""n_search_iter"": 0, ""seeds"": [42, 43, 44, 45, 46], ""sentence_transformer_model"": ""intfloat/multilingual-e5-small"", ""tfidf_lemmatize"": true, ""tfidf_max_df"": 0.9, ""tfidf_max_features"": 300, ""tfidf_min_df"": 3, ""tfidf_ngram_range"": [1, 2], ""tfidf_normalize_numbers"": true}",2026-09-09T12:48:12
E1_BETO_QUESTION,frozen,question,02,no_augmentation,GAD7,45,LightGBM,4.845774,False,dccuchile/bert-base-spanish-wwm-cased,defaults,"{""augmentation"": ""no_augmentation"", ""beto_model"": ""dccuchile/bert-base-spanish-wwm-cased"", ""chunk_stride"": 256, ""max_tokens"": 512, ""n_cv_splits"": 5, ""n_search_iter"": 0, ""seeds"": [42, 43, 44, 45, 46], ""sentence_transformer_model"": ""intfloat/multilingual-e5-small"", ""tfidf_lemmatize"": true, ""tfidf_max_df"": 0.9, ""tfidf_max_features"": 300, ""tfidf_min_df"": 3, ""tfidf_ngram_range"": [1, 2], ""tfidf_normalize_numbers"": true}",2026-09-09T12:48:12
E1_BETO_QUESTION,frozen,question,02,no_augmentation,GAD7,45,KNN,5.155795,False,dccuchile/bert-base-spanish-wwm-cased,defaults,"{""augmentation"": ""no_augmentation"", ""beto_model"": ""dccuchile/bert-base-spanish-wwm-cased"", ""chunk_stride"": 256, ""max_tokens"": 512, ""n_cv_splits"": 5, ""n_search_iter"": 0, ""seeds"": [42, 43, 44, 45, 46], ""sentence_transformer_model"": ""intfloat/multilingual-e5-small"", ""tfidf_lemmatize"": true, ""tfidf_max_df"": 0.9, ""tfidf_max_features"": 300, ""tfidf_min_df"": 3, ""tfidf_ngram_range"": [1, 2], ""tfidf_normalize_numbers"": true}",2026-09-09T12:48:12
E1_BETO_QUESTION,frozen,question,02,no_augmentation,GAD7,45,DecisionTree,5.860077,False,dccuchile/bert-base-spanish-wwm-cased,defaults,"{""augmentation"": ""no_augmentation"", ""beto_model"": ""dccuchile/bert-base-spanish-wwm-cased"", ""chunk_stride"": 256, ""max_tokens"": 512, ""n_cv_splits"": 5, ""n_search_iter"": 0, ""seeds"": [42, 43, 44, 45, 46], ""sentence_transformer_model"": ""intfloat/multilingual-e5-small"", ""tfidf_lemmatize"": true, ""tfidf_max_df"": 0.9, ""tfidf_max_features"": 300, ""tfidf_min_df"": 3, ""tfidf_ngram_range"": [1, 2], ""tfidf_normalize_numbers"": true}",2026-09-09T12:48:12
E1_BETO_QUESTION,frozen,question,02,no_augmentation,GAD7,45,AdaBoost,4.881017,False,dccuchile/bert-base-spanish-wwm-cased,defaults,"{""augmentation"": ""no_augmentation"", ""beto_model"": ""dccuchile/bert-base-spanish-wwm-cased"", ""chunk_stride"": 256, ""max_tokens"": 512, ""n_cv_splits"": 5, ""n_search_iter"": 0, ""seeds"": [42, 43, 44, 45, 46], ""sentence_transformer_model"": ""intfloat/multilingual-e5-small"", ""tfidf_lemmatize"": true, ""tfidf_max_df"": 0.9, ""tfidf_max_features"": 300, ""tfidf_min_df"": 3, ""tfidf_ngram_range"": [1, 2], ""tfidf_normalize_numbers"": true}",2026-09-09T12:48:12
E1_BETO_QUESTION,frozen,question,02,no_augmentation,PHQ9,46,Ridge,7.092476,False,dccuchile/bert-base-spanish-wwm-cased,defaults,"{""augmentation"": ""no_augmentation"", ""beto_model"": ""dccuchile/bert-base-spanish-wwm-cased"", ""chunk_stride"": 256, ""max_tokens"": 512, ""n_cv_splits"": 5, ""n_search_iter"": 0, ""seeds"": [42, 43, 44, 45, 46], ""sentence_transformer_model"": ""intfloat/multilingual-e5-small"", ""tfidf_lemmatize"": true, ""tfidf_max_df"": 0.9, ""tfidf_max_features"": 300, ""tfidf_min_df"": 3, ""tfidf_ngram_range"": [1, 2], ""tfidf_normalize_numbers"": true}",2026-09-09T12:51:56
E1_BETO_QUESTION,frozen,question,02,no_augmentation,PHQ9,46,SVR,5.365939,True,dccuchile/bert-base-spanish-wwm-cased,defaults,"{""augmentation"": ""no_augmentation"", ""beto_model"": ""dccuchile/bert-base-spanish-wwm-cased"", ""chunk_stride"": 256, ""max_tokens"": 512, ""n_cv_splits"": 5, ""n_search_iter"": 0, ""seeds"": [42, 43, 44, 45, 46], ""sentence_transformer_model"": ""intfloat/multilingual-e5-small"", ""tfidf_lemmatize"": true, ""tfidf_max_df"": 0.9, ""tfidf_max_features"": 300, ""tfidf_min_df"": 3, ""tfidf_ngram_range"": [1, 2], ""tfidf_normalize_numbers"": true}",2026-09-09T12:51:56
E1_BETO_QUESTION,frozen,question,02,no_augmentation,PHQ9,46,RandomForest,5.62536,False,dccuchile/bert-base-spanish-wwm-cased,defaults,"{""augmentation"": ""no_augmentation"", ""beto_model"": ""dccuchile/bert-base-spanish-wwm-cased"", ""chunk_stride"": 256, ""max_tokens"": 512, ""n_cv_splits"": 5, ""n_search_iter"": 0, ""seeds"": [42, 43, 44, 45, 46], ""sentence_transformer_model"": ""intfloat/multilingual-e5-small"", ""tfidf_lemmatize"": true, ""tfidf_max_df"": 0.9, ""tfidf_max_features"": 300, ""tfidf_min_df"": 3, ""tfidf_ngram_range"": [1, 2], ""tfidf_normalize_numbers"": true}",2026-09-09T12:51:56
E1_BETO_QUESTION,frozen,question,02,no_augmentation,PHQ9,46,ExtraTrees,5.660916,False,dccuchile/bert-base-spanish-wwm-cased,defaults,"{""augmentation"": ""no_augmentation"", ""beto_model"": ""dccuchile/bert-base-spanish-wwm-cased"", ""chunk_stride"": 256, ""max_tokens"": 512, ""n_cv_splits"": 5, ""n_search_iter"": 0, ""seeds"": [42, 43, 44, 45, 46], ""sentence_transformer_model"": ""intfloat/multilingual-e5-small"", ""tfidf_lemmatize"": true, ""tfidf_max_df"": 0.9, ""tfidf_max_features"": 300, ""tfidf_min_df"": 3, ""tfidf_ngram_range"": [1, 2], ""tfidf_normalize_numbers"": true}",2026-09-09T12:51:56
E1_BETO_QUESTION,frozen,question,02,no_augmentation,PHQ9,46,GradientBoosting,5.665989,False,dccuchile/bert-base-spanish-wwm-cased,defaults,"{""augmentation"": ""no_augmentation"", ""beto_model"": ""dccuchile/bert-base-spanish-wwm-cased"", ""chunk_stride"": 256, ""max_tokens"": 512, ""n_cv_splits"": 5, ""n_search_iter"": 0, ""seeds"": [42, 43, 44, 45, 46], ""sentence_transformer_model"": ""intfloat/multilingual-e5-small"", ""tfidf_lemmatize"": true, ""tfidf_max_df"": 0.9, ""tfidf_max_features"": 300, ""tfidf_min_df"": 3, ""tfidf_ngram_range"": [1, 2], ""tfidf_normalize_numbers"": true}",2026-09-09T12:51:56
E1_BETO_QUESTION,frozen,question,02,no_augmentation,PHQ9,46,LightGBM,5.730911,False,dccuchile/bert-base-spanish-wwm-cased,defaults,"{""augmentation"": ""no_augmentation"", ""beto_model"": ""dccuchile/bert-base-spanish-wwm-cased"", ""chunk_stride"": 256, ""max_tokens"": 512, ""n_cv_splits"": 5, ""n_search_iter"": 0, ""seeds"": [42, 43, 44, 45, 46], ""sentence_transformer_model"": ""intfloat/multilingual-e5-small"", ""tfidf_lemmatize"": true, ""tfidf_max_df"": 0.9, ""tfidf_max_features"": 300, ""tfidf_min_df"": 3, ""tfidf_ngram_range"": [1, 2], ""tfidf_normalize_numbers"": true}",2026-09-09T12:51:56
E1_BETO_QUESTION,frozen,question,02,no_augmentation,PHQ9,46,KNN,6.071114,False,dccuchile/bert-base-spanish-wwm-cased,defaults,"{""augmentation"": ""no_augmentation"", ""beto_model"": ""dccuchile/bert-base-spanish-wwm-cased"", ""chunk_stride"": 256, ""max_tokens"": 512, ""n_cv_splits"": 5, ""n_search_iter"": 0, ""seeds"": [42, 43, 44, 45, 46], ""sentence_transformer_model"": ""intfloat/multilingual-e5-small"", ""tfidf_lemmatize"": true, ""tfidf_max_df"": 0.9, ""tfidf_max_features"": 300, ""tfidf_min_df"": 3, ""tfidf_ngram_range"": [1, 2], ""tfidf_normalize_numbers"": true}",2026-09-09T12:51:56
E1_BETO_QUESTION,frozen,question,02,no_augmentation,PHQ9,46,DecisionTree,7.153988,False,dccuchile/bert-base-spanish-wwm-cased,defaults,"{""augmentation"": ""no_augmentation"", ""beto_model"": ""dccuchile/bert-base-spanish-wwm-cased"", ""chunk_stride"": 256, ""max_tokens"": 512, ""n_cv_splits"": 5, ""n_search_iter"": 0, ""seeds"": [42, 43, 44, 45, 46], ""sentence_transformer_model"": ""intfloat/multilingual-e5-small"", ""tfidf_lemmatize"": true, ""tfidf_max_df"": 0.9, ""tfidf_max_features"": 300, ""tfidf_min_df"": 3, ""tfidf_ngram_range"": [1, 2], ""tfidf_normalize_numbers"": true}",2026-09-09T12:51:56
E1_BETO_QUESTION,frozen,question,02,no_augmentation,PHQ9,46,AdaBoost,5.551827,False,dccuchile/bert-base-spanish-wwm-cased,defaults,"{""augmentation"": ""no_augmentation"", ""beto_model"": ""dccuchile/bert-base-spanish-wwm-cased"", ""chunk_stride"": 256, ""max_tokens"": 512, ""n_cv_splits"": 5, ""n_search_iter"": 0, ""seeds"": [42, 43, 44, 45, 46], ""sentence_transformer_model"": ""intfloat/multilingual-e5-small"", ""tfidf_lemmatize"": true, ""tfidf_max_df"": 0.9, ""tfidf_max_features"": 300, ""tfidf_min_df"": 3, ""tfidf_ngram_range"": [1, 2], ""tfidf_normalize_numbers"": true}",2026-09-09T12:51:56
E1_BETO_QUESTION,frozen,question,02,no_augmentation,GAD7,46,Ridge,6.973917,False,dccuchile/bert-base-spanish-wwm-cased,defaults,"{""augmentation"": ""no_augmentation"", ""beto_model"": ""dccuchile/bert-base-spanish-wwm-cased"", ""chunk_stride"": 256, ""max_tokens"": 512, ""n_cv_splits"": 5, ""n_search_iter"": 0, ""seeds"": [42, 43, 44, 45, 46], ""sentence_transformer_model"": ""intfloat/multilingual-e5-small"", ""tfidf_lemmatize"": true, ""tfidf_max_df"": 0.9, ""tfidf_max_features"": 300, ""tfidf_min_df"": 3, ""tfidf_ngram_range"": [1, 2], ""tfidf_normalize_numbers"": true}",2026-09-09T12:55:39
E1_BETO_QUESTION,frozen,question,02,no_augmentation,GAD7,46,SVR,4.569089,True,dccuchile/bert-base-spanish-wwm-cased,defaults,"{""augmentation"": ""no_augmentation"", ""beto_model"": ""dccuchile/bert-base-spanish-wwm-cased"", ""chunk_stride"": 256, ""max_tokens"": 512, ""n_cv_splits"": 5, ""n_search_iter"": 0, ""seeds"": [42, 43, 44, 45, 46], ""sentence_transformer_model"": ""intfloat/multilingual-e5-small"", ""tfidf_lemmatize"": true, ""tfidf_max_df"": 0.9, ""tfidf_max_features"": 300, ""tfidf_min_df"": 3, ""tfidf_ngram_range"": [1, 2], ""tfidf_normalize_numbers"": true}",2026-09-09T12:55:39
E1_BETO_QUESTION,frozen,question,02,no_augmentation,GAD7,46,RandomForest,4.656291,False,dccuchile/bert-base-spanish-wwm-cased,defaults,"{""augmentation"": ""no_augmentation"", ""beto_model"": ""dccuchile/bert-base-spanish-wwm-cased"", ""chunk_stride"": 256, ""max_tokens"": 512, ""n_cv_splits"": 5, ""n_search_iter"": 0, ""seeds"": [42, 43, 44, 45, 46], ""sentence_transformer_model"": ""intfloat/multilingual-e5-small"", ""tfidf_lemmatize"": true, ""tfidf_max_df"": 0.9, ""tfidf_max_features"": 300, ""tfidf_min_df"": 3, ""tfidf_ngram_range"": [1, 2], ""tfidf_normalize_numbers"": true}",2026-09-09T12:55:39
E1_BETO_QUESTION,frozen,question,02,no_augmentation,GAD7,46,ExtraTrees,4.672077,False,dccuchile/bert-base-spanish-wwm-cased,defaults,"{""augmentation"": ""no_augmentation"", ""beto_model"": ""dccuchile/bert-base-spanish-wwm-cased"", ""chunk_stride"": 256, ""max_tokens"": 512, ""n_cv_splits"": 5, ""n_search_iter"": 0, ""seeds"": [42, 43, 44, 45, 46], ""sentence_transformer_model"": ""intfloat/multilingual-e5-small"", ""tfidf_lemmatize"": true, ""tfidf_max_df"": 0.9, ""tfidf_max_features"": 300, ""tfidf_min_df"": 3, ""tfidf_ngram_range"": [1, 2], ""tfidf_normalize_numbers"": true}",2026-09-09T12:55:39
E1_BETO_QUESTION,frozen,question,02,no_augmentation,GAD7,46,GradientBoosting,4.796283,False,dccuchile/bert-base-spanish-wwm-cased,defaults,"{""augmentation"": ""no_augmentation"", ""beto_model"": ""dccuchile/bert-base-spanish-wwm-cased"", ""chunk_stride"": 256, ""max_tokens"": 512, ""n_cv_splits"": 5, ""n_search_iter"": 0, ""seeds"": [42, 43, 44, 45, 46], ""sentence_transformer_model"": ""intfloat/multilingual-e5-small"", ""tfidf_lemmatize"": true, ""tfidf_max_df"": 0.9, ""tfidf_max_features"": 300, ""tfidf_min_df"": 3, ""tfidf_ngram_range"": [1, 2], ""tfidf_normalize_numbers"": true}",2026-09-09T12:55:39
E1_BETO_QUESTION,frozen,question,02,no_augmentation,GAD7,46,LightGBM,4.800016,False,dccuchile/bert-base-spanish-wwm-cased,defaults,"{""augmentation"": ""no_augmentation"", ""beto_model"": ""dccuchile/bert-base-spanish-wwm-cased"", ""chunk_stride"": 256, ""max_tokens"": 512, ""n_cv_splits"": 5, ""n_search_iter"": 0, ""seeds"": [42, 43, 44, 45, 46], ""sentence_transformer_model"": ""intfloat/multilingual-e5-small"", ""tfidf_lemmatize"": true, ""tfidf_max_df"": 0.9, ""tfidf_max_features"": 300, ""tfidf_min_df"": 3, ""tfidf_ngram_range"": [1, 2], ""tfidf_normalize_numbers"": true}",2026-09-09T12:55:39
E1_BETO_QUESTION,frozen,question,02,no_augmentation,GAD7,46,KNN,5.11679,False,dccuchile/bert-base-spanish-wwm-cased,defaults,"{""augmentation"": ""no_augmentation"", ""beto_model"": ""dccuchile/bert-base-spanish-wwm-cased"", ""chunk_stride"": 256, ""max_tokens"": 512, ""n_cv_splits"": 5, ""n_search_iter"": 0, ""seeds"": [42, 43, 44, 45, 46], ""sentence_transformer_model"": ""intfloat/multilingual-e5-small"", ""tfidf_lemmatize"": true, ""tfidf_max_df"": 0.9, ""tfidf_max_features"": 300, ""tfidf_min_df"": 3, ""tfidf_ngram_range"": [1, 2], ""tfidf_normalize_numbers"": true}",2026-09-09T12:55:39
E1_BETO_QUESTION,frozen,question,02,no_augmentation,GAD7,46,DecisionTree,5.759126,False,dccuchile/bert-base-spanish-wwm-cased,defaults,"{""augmentation"": ""no_augmentation"", ""beto_model"": ""dccuchile/bert-base-spanish-wwm-cased"", ""chunk_stride"": 256, ""max_tokens"": 512, ""n_cv_splits"": 5, ""n_search_iter"": 0, ""seeds"": [42, 43, 44, 45, 46], ""sentence_transformer_model"": ""intfloat/multilingual-e5-small"", ""tfidf_lemmatize"": true, ""tfidf_max_df"": 0.9, ""tfidf_max_features"": 300, ""tfidf_min_df"": 3, ""tfidf_ngram_range"": [1, 2], ""tfidf_normalize_numbers"": true}",2026-09-09T12:55:39
E1_BETO_QUESTION,frozen,question,02,no_augmentation,GAD7,46,AdaBoost,4.726784,False,dccuchile/bert-base-spanish-wwm-cased,defaults,"{""augmentation"": ""no_augmentation"", ""beto_model"": ""dccuchile/bert-base-spanish-wwm-cased"", ""chunk_stride"": 256, ""max_tokens"": 512, ""n_cv_splits"": 5, ""n_search_iter"": 0, ""seeds"": [42, 43, 44, 45, 46], ""sentence_transformer_model"": ""intfloat/multilingual-e5-small"", ""tfidf_lemmatize"": true, ""tfidf_max_df"": 0.9, ""tfidf_max_features"": 300, ""tfidf_min_df"": 3, ""tfidf_ngram_range"": [1, 2], ""tfidf_normalize_numbers"": true}",2026-09-09T12:55:39
E2_E5SMALL_QUESTION,frozen,question,02,no_augmentation,PHQ9,42,Ridge,10.933755,False,intfloat/multilingual-e5-small,defaults,"{""augmentation"": ""no_augmentation"", ""beto_model"": ""dccuchile/bert-base-spanish-wwm-cased"", ""chunk_stride"": 256, ""max_tokens"": 512, ""n_cv_splits"": 5, ""n_search_iter"": 0, ""seeds"": [42, 43, 44, 45, 46], ""sentence_transformer_model"": ""intfloat/multilingual-e5-small"", ""tfidf_lemmatize"": true, ""tfidf_max_df"": 0.9, ""tfidf_max_features"": 300, ""tfidf_min_df"": 3, ""tfidf_ngram_range"": [1, 2], ""tfidf_normalize_numbers"": true}",2026-09-09T12:57:41
E2_E5SMALL_QUESTION,frozen,question,02,no_augmentation,PHQ9,42,SVR,5.530396,True,intfloat/multilingual-e5-small,defaults,"{""augmentation"": ""no_augmentation"", ""beto_model"": ""dccuchile/bert-base-spanish-wwm-cased"", ""chunk_stride"": 256, ""max_tokens"": 512, ""n_cv_splits"": 5, ""n_search_iter"": 0, ""seeds"": [42, 43, 44, 45, 46], ""sentence_transformer_model"": ""intfloat/multilingual-e5-small"", ""tfidf_lemmatize"": true, ""tfidf_max_df"": 0.9, ""tfidf_max_features"": 300, ""tfidf_min_df"": 3, ""tfidf_ngram_range"": [1, 2], ""tfidf_normalize_numbers"": true}",2026-09-09T12:57:41
E2_E5SMALL_QUESTION,frozen,question,02,no_augmentation,PHQ9,42,RandomForest,5.744962,False,intfloat/multilingual-e5-small,defaults,"{""augmentation"": ""no_augmentation"", ""beto_model"": ""dccuchile/bert-base-spanish-wwm-cased"", ""chunk_stride"": 256, ""max_tokens"": 512, ""n_cv_splits"": 5, ""n_search_iter"": 0, ""seeds"": [42, 43, 44, 45, 46], ""sentence_transformer_model"": ""intfloat/multilingual-e5-small"", ""tfidf_lemmatize"": true, ""tfidf_max_df"": 0.9, ""tfidf_max_features"": 300, ""tfidf_min_df"": 3, ""tfidf_ngram_range"": [1, 2], ""tfidf_normalize_numbers"": true}",2026-09-09T12:57:41
E2_E5SMALL_QUESTION,frozen,question,02,no_augmentation,PHQ9,42,ExtraTrees,5.761456,False,intfloat/multilingual-e5-small,defaults,"{""augmentation"": ""no_augmentation"", ""beto_model"": ""dccuchile/bert-base-spanish-wwm-cased"", ""chunk_stride"": 256, ""max_tokens"": 512, ""n_cv_splits"": 5, ""n_search_iter"": 0, ""seeds"": [42, 43, 44, 45, 46], ""sentence_transformer_model"": ""intfloat/multilingual-e5-small"", ""tfidf_lemmatize"": true, ""tfidf_max_df"": 0.9, ""tfidf_max_features"": 300, ""tfidf_min_df"": 3, ""tfidf_ngram_range"": [1, 2], ""tfidf_normalize_numbers"": true}",2026-09-09T12:57:41
E2_E5SMALL_QUESTION,frozen,question,02,no_augmentation,PHQ9,42,GradientBoosting,5.801777,False,intfloat/multilingual-e5-small,defaults,"{""augmentation"": ""no_augmentation"", ""beto_model"": ""dccuchile/bert-base-spanish-wwm-cased"", ""chunk_stride"": 256, ""max_tokens"": 512, ""n_cv_splits"": 5, ""n_search_iter"": 0, ""seeds"": [42, 43, 44, 45, 46], ""sentence_transformer_model"": ""intfloat/multilingual-e5-small"", ""tfidf_lemmatize"": true, ""tfidf_max_df"": 0.9, ""tfidf_max_features"": 300, ""tfidf_min_df"": 3, ""tfidf_ngram_range"": [1, 2], ""tfidf_normalize_numbers"": true}",2026-09-09T12:57:41
E2_E5SMALL_QUESTION,frozen,question,02,no_augmentation,PHQ9,42,LightGBM,5.779412,False,intfloat/multilingual-e5-small,defaults,"{""augmentation"": ""no_augmentation"", ""beto_model"": ""dccuchile/bert-base-spanish-wwm-cased"", ""chunk_stride"": 256, ""max_tokens"": 512, ""n_cv_splits"": 5, ""n_search_iter"": 0, ""seeds"": [42, 43, 44, 45, 46], ""sentence_transformer_model"": ""intfloat/multilingual-e5-small"", ""tfidf_lemmatize"": true, ""tfidf_max_df"": 0.9, ""tfidf_max_features"": 300, ""tfidf_min_df"": 3, ""tfidf_ngram_range"": [1, 2], ""tfidf_normalize_numbers"": true}",2026-09-09T12:57:41
E2_E5SMALL_QUESTION,frozen,question,02,no_augmentation,PHQ9,42,KNN,5.98239,False,intfloat/multilingual-e5-small,defaults,"{""augmentation"": ""no_augmentation"", ""beto_model"": ""dccuchile/bert-base-spanish-wwm-cased"", ""chunk_stride"": 256, ""max_tokens"": 512, ""n_cv_splits"": 5, ""n_search_iter"": 0, ""seeds"": [42, 43, 44, 45, 46], ""sentence_transformer_model"": ""intfloat/multilingual-e5-small"", ""tfidf_lemmatize"": true, ""tfidf_max_df"": 0.9, ""tfidf_max_features"": 300, ""tfidf_min_df"": 3, ""tfidf_ngram_range"": [1, 2], ""tfidf_normalize_numbers"": true}",2026-09-09T12:57:41
E2_E5SMALL_QUESTION,frozen,question,02,no_augmentation,PHQ9,42,DecisionTree,7.425374,False,intfloat/multilingual-e5-small,defaults,"{""augmentation"": ""no_augmentation"", ""beto_model"": ""dccuchile/bert-base-spanish-wwm-cased"", ""chunk_stride"": 256, ""max_tokens"": 512, ""n_cv_splits"": 5, ""n_search_iter"": 0, ""seeds"": [42, 43, 44, 45, 46], ""sentence_transformer_model"": ""intfloat/multilingual-e5-small"", ""tfidf_lemmatize"": true, ""tfidf_max_df"": 0.9, ""tfidf_max_features"": 300, ""tfidf_min_df"": 3, ""tfidf_ngram_range"": [1, 2], ""tfidf_normalize_numbers"": true}",2026-09-09T12:57:41
E2_E5SMALL_QUESTION,frozen,question,02,no_augmentation,PHQ9,42,AdaBoost,5.785546,False,intfloat/multilingual-e5-small,defaults,"{""augmentation"": ""no_augmentation"", ""beto_model"": ""dccuchile/bert-base-spanish-wwm-cased"", ""chunk_stride"": 256, ""max_tokens"": 512, ""n_cv_splits"": 5, ""n_search_iter"": 0, ""seeds"": [42, 43, 44, 45, 46], ""sentence_transformer_model"": ""intfloat/multilingual-e5-small"", ""tfidf_lemmatize"": true, ""tfidf_max_df"": 0.9, ""tfidf_max_features"": 300, ""tfidf_min_df"": 3, ""tfidf_ngram_range"": [1, 2], ""tfidf_normalize_numbers"": true}",2026-09-09T12:57:41
E2_E5SMALL_QUESTION,frozen,question,02,no_augmentation,GAD7,42,Ridge,9.250398,False,intfloat/multilingual-e5-small,defaults,"{""augmentation"": ""no_augmentation"", ""beto_model"": ""dccuchile/bert-base-spanish-wwm-cased"", ""chunk_stride"": 256, ""max_tokens"": 512, ""n_cv_splits"": 5, ""n_search_iter"": 0, ""seeds"": [42, 43, 44, 45, 46], ""sentence_transformer_model"": ""intfloat/multilingual-e5-small"", ""tfidf_lemmatize"": true, ""tfidf_max_df"": 0.9, ""tfidf_max_features"": 300, ""tfidf_min_df"": 3, ""tfidf_ngram_range"": [1, 2], ""tfidf_normalize_numbers"": true}",2026-09-09T12:59:03
E2_E5SMALL_QUESTION,frozen,question,02,no_augmentation,GAD7,42,SVR,4.706244,True,intfloat/multilingual-e5-small,defaults,"{""augmentation"": ""no_augmentation"", ""beto_model"": ""dccuchile/bert-base-spanish-wwm-cased"", ""chunk_stride"": 256, ""max_tokens"": 512, ""n_cv_splits"": 5, ""n_search_iter"": 0, ""seeds"": [42, 43, 44, 45, 46], ""sentence_transformer_model"": ""intfloat/multilingual-e5-small"", ""tfidf_lemmatize"": true, ""tfidf_max_df"": 0.9, ""tfidf_max_features"": 300, ""tfidf_min_df"": 3, ""tfidf_ngram_range"": [1, 2], ""tfidf_normalize_numbers"": true}",2026-09-09T12:59:03
E2_E5SMALL_QUESTION,frozen,question,02,no_augmentation,GAD7,42,RandomForest,4.792092,False,intfloat/multilingual-e5-small,defaults,"{""augmentation"": ""no_augmentation"", ""beto_model"": ""dccuchile/bert-base-spanish-wwm-cased"", ""chunk_stride"": 256, ""max_tokens"": 512, ""n_cv_splits"": 5, ""n_search_iter"": 0, ""seeds"": [42, 43, 44, 45, 46], ""sentence_transformer_model"": ""intfloat/multilingual-e5-small"", ""tfidf_lemmatize"": true, ""tfidf_max_df"": 0.9, ""tfidf_max_features"": 300, ""tfidf_min_df"": 3, ""tfidf_ngram_range"": [1, 2], ""tfidf_normalize_numbers"": true}",2026-09-09T12:59:03
E2_E5SMALL_QUESTION,frozen,question,02,no_augmentation,GAD7,42,ExtraTrees,4.787799,False,intfloat/multilingual-e5-small,defaults,"{""augmentation"": ""no_augmentation"", ""beto_model"": ""dccuchile/bert-base-spanish-wwm-cased"", ""chunk_stride"": 256, ""max_tokens"": 512, ""n_cv_splits"": 5, ""n_search_iter"": 0, ""seeds"": [42, 43, 44, 45, 46], ""sentence_transformer_model"": ""intfloat/multilingual-e5-small"", ""tfidf_lemmatize"": true, ""tfidf_max_df"": 0.9, ""tfidf_max_features"": 300, ""tfidf_min_df"": 3, ""tfidf_ngram_range"": [1, 2], ""tfidf_normalize_numbers"": true}",2026-09-09T12:59:03
E2_E5SMALL_QUESTION,frozen,question,02,no_augmentation,GAD7,42,GradientBoosting,4.912152,False,intfloat/multilingual-e5-small,defaults,"{""augmentation"": ""no_augmentation"", ""beto_model"": ""dccuchile/bert-base-spanish-wwm-cased"", ""chunk_stride"": 256, ""max_tokens"": 512, ""n_cv_splits"": 5, ""n_search_iter"": 0, ""seeds"": [42, 43, 44, 45, 46], ""sentence_transformer_model"": ""intfloat/multilingual-e5-small"", ""tfidf_lemmatize"": true, ""tfidf_max_df"": 0.9, ""tfidf_max_features"": 300, ""tfidf_min_df"": 3, ""tfidf_ngram_range"": [1, 2], ""tfidf_normalize_numbers"": true}",2026-09-09T12:59:03
E2_E5SMALL_QUESTION,frozen,question,02,no_augmentation,GAD7,42,LightGBM,4.93208,False,intfloat/multilingual-e5-small,defaults,"{""augmentation"": ""no_augmentation"", ""beto_model"": ""dccuchile/bert-base-spanish-wwm-cased"", ""chunk_stride"": 256, ""max_tokens"": 512, ""n_cv_splits"": 5, ""n_search_iter"": 0, ""seeds"": [42, 43, 44, 45, 46], ""sentence_transformer_model"": ""intfloat/multilingual-e5-small"", ""tfidf_lemmatize"": true, ""tfidf_max_df"": 0.9, ""tfidf_max_features"": 300, ""tfidf_min_df"": 3, ""tfidf_ngram_range"": [1, 2], ""tfidf_normalize_numbers"": true}",2026-09-09T12:59:03
E2_E5SMALL_QUESTION,frozen,question,02,no_augmentation,GAD7,42,KNN,5.136555,False,intfloat/multilingual-e5-small,defaults,"{""augmentation"": ""no_augmentation"", ""beto_model"": ""dccuchile/bert-base-spanish-wwm-cased"", ""chunk_stride"": 256, ""max_tokens"": 512, ""n_cv_splits"": 5, ""n_search_iter"": 0, ""seeds"": [42, 43, 44, 45, 46], ""sentence_transformer_model"": ""intfloat/multilingual-e5-small"", ""tfidf_lemmatize"": true, ""tfidf_max_df"": 0.9, ""tfidf_max_features"": 300, ""tfidf_min_df"": 3, ""tfidf_ngram_range"": [1, 2], ""tfidf_normalize_numbers"": true}",2026-09-09T12:59:03
E2_E5SMALL_QUESTION,frozen,question,02,no_augmentation,GAD7,42,DecisionTree,6.095312,False,intfloat/multilingual-e5-small,defaults,"{""augmentation"": ""no_augmentation"", ""beto_model"": ""dccuchile/bert-base-spanish-wwm-cased"", ""chunk_stride"": 256, ""max_tokens"": 512, ""n_cv_splits"": 5, ""n_search_iter"": 0, ""seeds"": [42, 43, 44, 45, 46], ""sentence_transformer_model"": ""intfloat/multilingual-e5-small"", ""tfidf_lemmatize"": true, ""tfidf_max_df"": 0.9, ""tfidf_max_features"": 300, ""tfidf_min_df"": 3, ""tfidf_ngram_range"": [1, 2], ""tfidf_normalize_numbers"": true}",2026-09-09T12:59:03
E2_E5SMALL_QUESTION,frozen,question,02,no_augmentation,GAD7,42,AdaBoost,4.904148,False,intfloat/multilingual-e5-small,defaults,"{""augmentation"": ""no_augmentation"", ""beto_model"": ""dccuchile/bert-base-spanish-wwm-cased"", ""chunk_stride"": 256, ""max_tokens"": 512, ""n_cv_splits"": 5, ""n_search_iter"": 0, ""seeds"": [42, 43, 44, 45, 46], ""sentence_transformer_model"": ""intfloat/multilingual-e5-small"", ""tfidf_lemmatize"": true, ""tfidf_max_df"": 0.9, ""tfidf_max_features"": 300, ""tfidf_min_df"": 3, ""tfidf_ngram_range"": [1, 2], ""tfidf_normalize_numbers"": true}",2026-09-09T12:59:03
E2_E5SMALL_QUESTION,frozen,question,02,no_augmentation,PHQ9,43,Ridge,11.127197,False,intfloat/multilingual-e5-small,defaults,"{""augmentation"": ""no_augmentation"", ""beto_model"": ""dccuchile/bert-base-spanish-wwm-cased"", ""chunk_stride"": 256, ""max_tokens"": 512, ""n_cv_splits"": 5, ""n_search_iter"": 0, ""seeds"": [42, 43, 44, 45, 46], ""sentence_transformer_model"": ""intfloat/multilingual-e5-small"", ""tfidf_lemmatize"": true, ""tfidf_max_df"": 0.9, ""tfidf_max_features"": 300, ""tfidf_min_df"": 3, ""tfidf_ngram_range"": [1, 2], ""tfidf_normalize_numbers"": true}",2026-09-09T13:00:12
E2_E5SMALL_QUESTION,frozen,question,02,no_augmentation,PHQ9,43,SVR,5.661328,True,intfloat/multilingual-e5-small,defaults,"{""augmentation"": ""no_augmentation"", ""beto_model"": ""dccuchile/bert-base-spanish-wwm-cased"", ""chunk_stride"": 256, ""max_tokens"": 512, ""n_cv_splits"": 5, ""n_search_iter"": 0, ""seeds"": [42, 43, 44, 45, 46], ""sentence_transformer_model"": ""intfloat/multilingual-e5-small"", ""tfidf_lemmatize"": true, ""tfidf_max_df"": 0.9, ""tfidf_max_features"": 300, ""tfidf_min_df"": 3, ""tfidf_ngram_range"": [1, 2], ""tfidf_normalize_numbers"": true}",2026-09-09T13:00:12
E2_E5SMALL_QUESTION,frozen,question,02,no_augmentation,PHQ9,43,RandomForest,5.770702,False,intfloat/multilingual-e5-small,defaults,"{""augmentation"": ""no_augmentation"", ""beto_model"": ""dccuchile/bert-base-spanish-wwm-cased"", ""chunk_stride"": 256, ""max_tokens"": 512, ""n_cv_splits"": 5, ""n_search_iter"": 0, ""seeds"": [42, 43, 44, 45, 46], ""sentence_transformer_model"": ""intfloat/multilingual-e5-small"", ""tfidf_lemmatize"": true, ""tfidf_max_df"": 0.9, ""tfidf_max_features"": 300, ""tfidf_min_df"": 3, ""tfidf_ngram_range"": [1, 2], ""tfidf_normalize_numbers"": true}",2026-09-09T13:00:12
E2_E5SMALL_QUESTION,frozen,question,02,no_augmentation,PHQ9,43,ExtraTrees,5.772168,False,intfloat/multilingual-e5-small,defaults,"{""augmentation"": ""no_augmentation"", ""beto_model"": ""dccuchile/bert-base-spanish-wwm-cased"", ""chunk_stride"": 256, ""max_tokens"": 512, ""n_cv_splits"": 5, ""n_search_iter"": 0, ""seeds"": [42, 43, 44, 45, 46], ""sentence_transformer_model"": ""intfloat/multilingual-e5-small"", ""tfidf_lemmatize"": true, ""tfidf_max_df"": 0.9, ""tfidf_max_features"": 300, ""tfidf_min_df"": 3, ""tfidf_ngram_range"": [1, 2], ""tfidf_normalize_numbers"": true}",2026-09-09T13:00:12
E2_E5SMALL_QUESTION,frozen,question,02,no_augmentation,PHQ9,43,GradientBoosting,5.779489,False,intfloat/multilingual-e5-small,defaults,"{""augmentation"": ""no_augmentation"", ""beto_model"": ""dccuchile/bert-base-spanish-wwm-cased"", ""chunk_stride"": 256, ""max_tokens"": 512, ""n_cv_splits"": 5, ""n_search_iter"": 0, ""seeds"": [42, 43, 44, 45, 46], ""sentence_transformer_model"": ""intfloat/multilingual-e5-small"", ""tfidf_lemmatize"": true, ""tfidf_max_df"": 0.9, ""tfidf_max_features"": 300, ""tfidf_min_df"": 3, ""tfidf_ngram_range"": [1, 2], ""tfidf_normalize_numbers"": true}",2026-09-09T13:00:12
E2_E5SMALL_QUESTION,frozen,question,02,no_augmentation,PHQ9,43,LightGBM,5.867593,False,intfloat/multilingual-e5-small,defaults,"{""augmentation"": ""no_augmentation"", ""beto_model"": ""dccuchile/bert-base-spanish-wwm-cased"", ""chunk_stride"": 256, ""max_tokens"": 512, ""n_cv_splits"": 5, ""n_search_iter"": 0, ""seeds"": [42, 43, 44, 45, 46], ""sentence_transformer_model"": ""intfloat/multilingual-e5-small"", ""tfidf_lemmatize"": true, ""tfidf_max_df"": 0.9, ""tfidf_max_features"": 300, ""tfidf_min_df"": 3, ""tfidf_ngram_range"": [1, 2], ""tfidf_normalize_numbers"": true}",2026-09-09T13:00:12
E2_E5SMALL_QUESTION,frozen,question,02,no_augmentation,PHQ9,43,KNN,6.057594,False,intfloat/multilingual-e5-small,defaults,"{""augmentation"": ""no_augmentation"", ""beto_model"": ""dccuchile/bert-base-spanish-wwm-cased"", ""chunk_stride"": 256, ""max_tokens"": 512, ""n_cv_splits"": 5, ""n_search_iter"": 0, ""seeds"": [42, 43, 44, 45, 46], ""sentence_transformer_model"": ""intfloat/multilingual-e5-small"", ""tfidf_lemmatize"": true, ""tfidf_max_df"": 0.9, ""tfidf_max_features"": 300, ""tfidf_min_df"": 3, ""tfidf_ngram_range"": [1, 2], ""tfidf_normalize_numbers"": true}",2026-09-09T13:00:12
E2_E5SMALL_QUESTION,frozen,question,02,no_augmentation,PHQ9,43,DecisionTree,7.578472,False,intfloat/multilingual-e5-small,defaults,"{""augmentation"": ""no_augmentation"", ""beto_model"": ""dccuchile/bert-base-spanish-wwm-cased"", ""chunk_stride"": 256, ""max_tokens"": 512, ""n_cv_splits"": 5, ""n_search_iter"": 0, ""seeds"": [42, 43, 44, 45, 46], ""sentence_transformer_model"": ""intfloat/multilingual-e5-small"", ""tfidf_lemmatize"": true, ""tfidf_max_df"": 0.9, ""tfidf_max_features"": 300, ""tfidf_min_df"": 3, ""tfidf_ngram_range"": [1, 2], ""tfidf_normalize_numbers"": true}",2026-09-09T13:00:12
E2_E5SMALL_QUESTION,frozen,question,02,no_augmentation,PHQ9,43,AdaBoost,5.740334,False,intfloat/multilingual-e5-small,defaults,"{""augmentation"": ""no_augmentation"", ""beto_model"": ""dccuchile/bert-base-spanish-wwm-cased"", ""chunk_stride"": 256, ""max_tokens"": 512, ""n_cv_splits"": 5, ""n_search_iter"": 0, ""seeds"": [42, 43, 44, 45, 46], ""sentence_transformer_model"": ""intfloat/multilingual-e5-small"", ""tfidf_lemmatize"": true, ""tfidf_max_df"": 0.9, ""tfidf_max_features"": 300, ""tfidf_min_df"": 3, ""tfidf_ngram_range"": [1, 2], ""tfidf_normalize_numbers"": true}",2026-09-09T13:00:12
E2_E5SMALL_QUESTION,frozen,question,02,no_augmentation,GAD7,43,Ridge,8.93255,False,intfloat/multilingual-e5-small,defaults,"{""augmentation"": ""no_augmentation"", ""beto_model"": ""dccuchile/bert-base-spanish-wwm-cased"", ""chunk_stride"": 256, ""max_tokens"": 512, ""n_cv_splits"": 5, ""n_search_iter"": 0, ""seeds"": [42, 43, 44, 45, 46], ""sentence_transformer_model"": ""intfloat/multilingual-e5-small"", ""tfidf_lemmatize"": true, ""tfidf_max_df"": 0.9, ""tfidf_max_features"": 300, ""tfidf_min_df"": 3, ""tfidf_ngram_range"": [1, 2], ""tfidf_normalize_numbers"": true}",2026-09-09T13:01:22
E2_E5SMALL_QUESTION,frozen,question,02,no_augmentation,GAD7,43,SVR,4.680688,True,intfloat/multilingual-e5-small,defaults,"{""augmentation"": ""no_augmentation"", ""beto_model"": ""dccuchile/bert-base-spanish-wwm-cased"", ""chunk_stride"": 256, ""max_tokens"": 512, ""n_cv_splits"": 5, ""n_search_iter"": 0, ""seeds"": [42, 43, 44, 45, 46], ""sentence_transformer_model"": ""intfloat/multilingual-e5-small"", ""tfidf_lemmatize"": true, ""tfidf_max_df"": 0.9, ""tfidf_max_features"": 300, ""tfidf_min_df"": 3, ""tfidf_ngram_range"": [1, 2], ""tfidf_normalize_numbers"": true}",2026-09-09T13:01:22
E2_E5SMALL_QUESTION,frozen,question,02,no_augmentation,GAD7,43,RandomForest,4.741824,False,intfloat/multilingual-e5-small,defaults,"{""augmentation"": ""no_augmentation"", ""beto_model"": ""dccuchile/bert-base-spanish-wwm-cased"", ""chunk_stride"": 256, ""max_tokens"": 512, ""n_cv_splits"": 5, ""n_search_iter"": 0, ""seeds"": [42, 43, 44, 45, 46], ""sentence_transformer_model"": ""intfloat/multilingual-e5-small"", ""tfidf_lemmatize"": true, ""tfidf_max_df"": 0.9, ""tfidf_max_features"": 300, ""tfidf_min_df"": 3, ""tfidf_ngram_range"": [1, 2], ""tfidf_normalize_numbers"": true}",2026-09-09T13:01:22
E2_E5SMALL_QUESTION,frozen,question,02,no_augmentation,GAD7,43,ExtraTrees,4.70809,False,intfloat/multilingual-e5-small,defaults,"{""augmentation"": ""no_augmentation"", ""beto_model"": ""dccuchile/bert-base-spanish-wwm-cased"", ""chunk_stride"": 256, ""max_tokens"": 512, ""n_cv_splits"": 5, ""n_search_iter"": 0, ""seeds"": [42, 43, 44, 45, 46], ""sentence_transformer_model"": ""intfloat/multilingual-e5-small"", ""tfidf_lemmatize"": true, ""tfidf_max_df"": 0.9, ""tfidf_max_features"": 300, ""tfidf_min_df"": 3, ""tfidf_ngram_range"": [1, 2], ""tfidf_normalize_numbers"": true}",2026-09-09T13:01:22
E2_E5SMALL_QUESTION,frozen,question,02,no_augmentation,GAD7,43,GradientBoosting,4.736514,False,intfloat/multilingual-e5-small,defaults,"{""augmentation"": ""no_augmentation"", ""beto_model"": ""dccuchile/bert-base-spanish-wwm-cased"", ""chunk_stride"": 256, ""max_tokens"": 512, ""n_cv_splits"": 5, ""n_search_iter"": 0, ""seeds"": [42, 43, 44, 45, 46], ""sentence_transformer_model"": ""intfloat/multilingual-e5-small"", ""tfidf_lemmatize"": true, ""tfidf_max_df"": 0.9, ""tfidf_max_features"": 300, ""tfidf_min_df"": 3, ""tfidf_ngram_range"": [1, 2], ""tfidf_normalize_numbers"": true}",2026-09-09T13:01:22
E2_E5SMALL_QUESTION,frozen,question,02,no_augmentation,GAD7,43,LightGBM,4.749904,False,intfloat/multilingual-e5-small,defaults,"{""augmentation"": ""no_augmentation"", ""beto_model"": ""dccuchile/bert-base-spanish-wwm-cased"", ""chunk_stride"": 256, ""max_tokens"": 512, ""n_cv_splits"": 5, ""n_search_iter"": 0, ""seeds"": [42, 43, 44, 45, 46], ""sentence_transformer_model"": ""intfloat/multilingual-e5-small"", ""tfidf_lemmatize"": true, ""tfidf_max_df"": 0.9, ""tfidf_max_features"": 300, ""tfidf_min_df"": 3, ""tfidf_ngram_range"": [1, 2], ""tfidf_normalize_numbers"": true}",2026-09-09T13:01:22
E2_E5SMALL_QUESTION,frozen,question,02,no_augmentation,GAD7,43,KNN,5.016584,False,intfloat/multilingual-e5-small,defaults,"{""augmentation"": ""no_augmentation"", ""beto_model"": ""dccuchile/bert-base-spanish-wwm-cased"", ""chunk_stride"": 256, ""max_tokens"": 512, ""n_cv_splits"": 5, ""n_search_iter"": 0, ""seeds"": [42, 43, 44, 45, 46], ""sentence_transformer_model"": ""intfloat/multilingual-e5-small"", ""tfidf_lemmatize"": true, ""tfidf_max_df"": 0.9, ""tfidf_max_features"": 300, ""tfidf_min_df"": 3, ""tfidf_ngram_range"": [1, 2], ""tfidf_normalize_numbers"": true}",2026-09-09T13:01:22
E2_E5SMALL_QUESTION,frozen,question,02,no_augmentation,GAD7,43,DecisionTree,5.611714,False,intfloat/multilingual-e5-small,defaults,"{""augmentation"": ""no_augmentation"", ""beto_model"": ""dccuchile/bert-base-spanish-wwm-cased"", ""chunk_stride"": 256, ""max_tokens"": 512, ""n_cv_splits"": 5, ""n_search_iter"": 0, ""seeds"": [42, 43, 44, 45, 46], ""sentence_transformer_model"": ""intfloat/multilingual-e5-small"", ""tfidf_lemmatize"": true, ""tfidf_max_df"": 0.9, ""tfidf_max_features"": 300, ""tfidf_min_df"": 3, ""tfidf_ngram_range"": [1, 2], ""tfidf_normalize_numbers"": true}",2026-09-09T13:01:22
E2_E5SMALL_QUESTION,frozen,question,02,no_augmentation,GAD7,43,AdaBoost,4.724653,False,intfloat/multilingual-e5-small,defaults,"{""augmentation"": ""no_augmentation"", ""beto_model"": ""dccuchile/bert-base-spanish-wwm-cased"", ""chunk_stride"": 256, ""max_tokens"": 512, ""n_cv_splits"": 5, ""n_search_iter"": 0, ""seeds"": [42, 43, 44, 45, 46], ""sentence_transformer_model"": ""intfloat/multilingual-e5-small"", ""tfidf_lemmatize"": true, ""tfidf_max_df"": 0.9, ""tfidf_max_features"": 300, ""tfidf_min_df"": 3, ""tfidf_ngram_range"": [1, 2], ""tfidf_normalize_numbers"": true}",2026-09-09T13:01:22
E2_E5SMALL_QUESTION,frozen,question,02,no_augmentation,PHQ9,44,Ridge,11.46845,False,intfloat/multilingual-e5-small,defaults,"{""augmentation"": ""no_augmentation"", ""beto_model"": ""dccuchile/bert-base-spanish-wwm-cased"", ""chunk_stride"": 256, ""max_tokens"": 512, ""n_cv_splits"": 5, ""n_search_iter"": 0, ""seeds"": [42, 43, 44, 45, 46], ""sentence_transformer_model"": ""intfloat/multilingual-e5-small"", ""tfidf_lemmatize"": true, ""tfidf_max_df"": 0.9, ""tfidf_max_features"": 300, ""tfidf_min_df"": 3, ""tfidf_ngram_range"": [1, 2], ""tfidf_normalize_numbers"": true}",2026-09-09T13:02:32
E2_E5SMALL_QUESTION,frozen,question,02,no_augmentation,PHQ9,44,SVR,5.771662,True,intfloat/multilingual-e5-small,defaults,"{""augmentation"": ""no_augmentation"", ""beto_model"": ""dccuchile/bert-base-spanish-wwm-cased"", ""chunk_stride"": 256, ""max_tokens"": 512, ""n_cv_splits"": 5, ""n_search_iter"": 0, ""seeds"": [42, 43, 44, 45, 46], ""sentence_transformer_model"": ""intfloat/multilingual-e5-small"", ""tfidf_lemmatize"": true, ""tfidf_max_df"": 0.9, ""tfidf_max_features"": 300, ""tfidf_min_df"": 3, ""tfidf_ngram_range"": [1, 2], ""tfidf_normalize_numbers"": true}",2026-09-09T13:02:32
E2_E5SMALL_QUESTION,frozen,question,02,no_augmentation,PHQ9,44,RandomForest,5.896782,False,intfloat/multilingual-e5-small,defaults,"{""augmentation"": ""no_augmentation"", ""beto_model"": ""dccuchile/bert-base-spanish-wwm-cased"", ""chunk_stride"": 256, ""max_tokens"": 512, ""n_cv_splits"": 5, ""n_search_iter"": 0, ""seeds"": [42, 43, 44, 45, 46], ""sentence_transformer_model"": ""intfloat/multilingual-e5-small"", ""tfidf_lemmatize"": true, ""tfidf_max_df"": 0.9, ""tfidf_max_features"": 300, ""tfidf_min_df"": 3, ""tfidf_ngram_range"": [1, 2], ""tfidf_normalize_numbers"": true}",2026-09-09T13:02:32
E2_E5SMALL_QUESTION,frozen,question,02,no_augmentation,PHQ9,44,ExtraTrees,5.910295,False,intfloat/multilingual-e5-small,defaults,"{""augmentation"": ""no_augmentation"", ""beto_model"": ""dccuchile/bert-base-spanish-wwm-cased"", ""chunk_stride"": 256, ""max_tokens"": 512, ""n_cv_splits"": 5, ""n_search_iter"": 0, ""seeds"": [42, 43, 44, 45, 46], ""sentence_transformer_model"": ""intfloat/multilingual-e5-small"", ""tfidf_lemmatize"": true, ""tfidf_max_df"": 0.9, ""tfidf_max_features"": 300, ""tfidf_min_df"": 3, ""tfidf_ngram_range"": [1, 2], ""tfidf_normalize_numbers"": true}",2026-09-09T13:02:32
E2_E5SMALL_QUESTION,frozen,question,02,no_augmentation,PHQ9,44,GradientBoosting,5.949678,False,intfloat/multilingual-e5-small,defaults,"{""augmentation"": ""no_augmentation"", ""beto_model"": ""dccuchile/bert-base-spanish-wwm-cased"", ""chunk_stride"": 256, ""max_tokens"": 512, ""n_cv_splits"": 5, ""n_search_iter"": 0, ""seeds"": [42, 43, 44, 45, 46], ""sentence_transformer_model"": ""intfloat/multilingual-e5-small"", ""tfidf_lemmatize"": true, ""tfidf_max_df"": 0.9, ""tfidf_max_features"": 300, ""tfidf_min_df"": 3, ""tfidf_ngram_range"": [1, 2], ""tfidf_normalize_numbers"": true}",2026-09-09T13:02:32
E2_E5SMALL_QUESTION,frozen,question,02,no_augmentation,PHQ9,44,LightGBM,5.944469,False,intfloat/multilingual-e5-small,defaults,"{""augmentation"": ""no_augmentation"", ""beto_model"": ""dccuchile/bert-base-spanish-wwm-cased"", ""chunk_stride"": 256, ""max_tokens"": 512, ""n_cv_splits"": 5, ""n_search_iter"": 0, ""seeds"": [42, 43, 44, 45, 46], ""sentence_transformer_model"": ""intfloat/multilingual-e5-small"", ""tfidf_lemmatize"": true, ""tfidf_max_df"": 0.9, ""tfidf_max_features"": 300, ""tfidf_min_df"": 3, ""tfidf_ngram_range"": [1, 2], ""tfidf_normalize_numbers"": true}",2026-09-09T13:02:32
E2_E5SMALL_QUESTION,frozen,question,02,no_augmentation,PHQ9,44,KNN,6.235174,False,intfloat/multilingual-e5-small,defaults,"{""augmentation"": ""no_augmentation"", ""beto_model"": ""dccuchile/bert-base-spanish-wwm-cased"", ""chunk_stride"": 256, ""max_tokens"": 512, ""n_cv_splits"": 5, ""n_search_iter"": 0, ""seeds"": [42, 43, 44, 45, 46], ""sentence_transformer_model"": ""intfloat/multilingual-e5-small"", ""tfidf_lemmatize"": true, ""tfidf_max_df"": 0.9, ""tfidf_max_features"": 300, ""tfidf_min_df"": 3, ""tfidf_ngram_range"": [1, 2], ""tfidf_normalize_numbers"": true}",2026-09-09T13:02:32
E2_E5SMALL_QUESTION,frozen,question,02,no_augmentation,PHQ9,44,DecisionTree,7.255037,False,intfloat/multilingual-e5-small,defaults,"{""augmentation"": ""no_augmentation"", ""beto_model"": ""dccuchile/bert-base-spanish-wwm-cased"", ""chunk_stride"": 256, ""max_tokens"": 512, ""n_cv_splits"": 5, ""n_search_iter"": 0, ""seeds"": [42, 43, 44, 45, 46], ""sentence_transformer_model"": ""intfloat/multilingual-e5-small"", ""tfidf_lemmatize"": true, ""tfidf_max_df"": 0.9, ""tfidf_max_features"": 300, ""tfidf_min_df"": 3, ""tfidf_ngram_range"": [1, 2], ""tfidf_normalize_numbers"": true}",2026-09-09T13:02:32
E2_E5SMALL_QUESTION,frozen,question,02,no_augmentation,PHQ9,44,AdaBoost,5.870903,False,intfloat/multilingual-e5-small,defaults,"{""augmentation"": ""no_augmentation"", ""beto_model"": ""dccuchile/bert-base-spanish-wwm-cased"", ""chunk_stride"": 256, ""max_tokens"": 512, ""n_cv_splits"": 5, ""n_search_iter"": 0, ""seeds"": [42, 43, 44, 45, 46], ""sentence_transformer_model"": ""intfloat/multilingual-e5-small"", ""tfidf_lemmatize"": true, ""tfidf_max_df"": 0.9, ""tfidf_max_features"": 300, ""tfidf_min_df"": 3, ""tfidf_ngram_range"": [1, 2], ""tfidf_normalize_numbers"": true}",2026-09-09T13:02:32
E2_E5SMALL_QUESTION,frozen,question,02,no_augmentation,GAD7,44,Ridge,9.030308,False,intfloat/multilingual-e5-small,defaults,"{""augmentation"": ""no_augmentation"", ""beto_model"": ""dccuchile/bert-base-spanish-wwm-cased"", ""chunk_stride"": 256, ""max_tokens"": 512, ""n_cv_splits"": 5, ""n_search_iter"": 0, ""seeds"": [42, 43, 44, 45, 46], ""sentence_transformer_model"": ""intfloat/multilingual-e5-small"", ""tfidf_lemmatize"": true, ""tfidf_max_df"": 0.9, ""tfidf_max_features"": 300, ""tfidf_min_df"": 3, ""tfidf_ngram_range"": [1, 2], ""tfidf_normalize_numbers"": true}",2026-09-09T13:04:20
E2_E5SMALL_QUESTION,frozen,question,02,no_augmentation,GAD7,44,SVR,4.72935,True,intfloat/multilingual-e5-small,defaults,"{""augmentation"": ""no_augmentation"", ""beto_model"": ""dccuchile/bert-base-spanish-wwm-cased"", ""chunk_stride"": 256, ""max_tokens"": 512, ""n_cv_splits"": 5, ""n_search_iter"": 0, ""seeds"": [42, 43, 44, 45, 46], ""sentence_transformer_model"": ""intfloat/multilingual-e5-small"", ""tfidf_lemmatize"": true, ""tfidf_max_df"": 0.9, ""tfidf_max_features"": 300, ""tfidf_min_df"": 3, ""tfidf_ngram_range"": [1, 2], ""tfidf_normalize_numbers"": true}",2026-09-09T13:04:20
E2_E5SMALL_QUESTION,frozen,question,02,no_augmentation,GAD7,44,RandomForest,4.829216,False,intfloat/multilingual-e5-small,defaults,"{""augmentation"": ""no_augmentation"", ""beto_model"": ""dccuchile/bert-base-spanish-wwm-cased"", ""chunk_stride"": 256, ""max_tokens"": 512, ""n_cv_splits"": 5, ""n_search_iter"": 0, ""seeds"": [42, 43, 44, 45, 46], ""sentence_transformer_model"": ""intfloat/multilingual-e5-small"", ""tfidf_lemmatize"": true, ""tfidf_max_df"": 0.9, ""tfidf_max_features"": 300, ""tfidf_min_df"": 3, ""tfidf_ngram_range"": [1, 2], ""tfidf_normalize_numbers"": true}",2026-09-09T13:04:20
E2_E5SMALL_QUESTION,frozen,question,02,no_augmentation,GAD7,44,ExtraTrees,4.804142,False,intfloat/multilingual-e5-small,defaults,"{""augmentation"": ""no_augmentation"", ""beto_model"": ""dccuchile/bert-base-spanish-wwm-cased"", ""chunk_stride"": 256, ""max_tokens"": 512, ""n_cv_splits"": 5, ""n_search_iter"": 0, ""seeds"": [42, 43, 44, 45, 46], ""sentence_transformer_model"": ""intfloat/multilingual-e5-small"", ""tfidf_lemmatize"": true, ""tfidf_max_df"": 0.9, ""tfidf_max_features"": 300, ""tfidf_min_df"": 3, ""tfidf_ngram_range"": [1, 2], ""tfidf_normalize_numbers"": true}",2026-09-09T13:04:20
E2_E5SMALL_QUESTION,frozen,question,02,no_augmentation,GAD7,44,GradientBoosting,4.911602,False,intfloat/multilingual-e5-small,defaults,"{""augmentation"": ""no_augmentation"", ""beto_model"": ""dccuchile/bert-base-spanish-wwm-cased"", ""chunk_stride"": 256, ""max_tokens"": 512, ""n_cv_splits"": 5, ""n_search_iter"": 0, ""seeds"": [42, 43, 44, 45, 46], ""sentence_transformer_model"": ""intfloat/multilingual-e5-small"", ""tfidf_lemmatize"": true, ""tfidf_max_df"": 0.9, ""tfidf_max_features"": 300, ""tfidf_min_df"": 3, ""tfidf_ngram_range"": [1, 2], ""tfidf_normalize_numbers"": true}",2026-09-09T13:04:20
E2_E5SMALL_QUESTION,frozen,question,02,no_augmentation,GAD7,44,LightGBM,4.958638,False,intfloat/multilingual-e5-small,defaults,"{""augmentation"": ""no_augmentation"", ""beto_model"": ""dccuchile/bert-base-spanish-wwm-cased"", ""chunk_stride"": 256, ""max_tokens"": 512, ""n_cv_splits"": 5, ""n_search_iter"": 0, ""seeds"": [42, 43, 44, 45, 46], ""sentence_transformer_model"": ""intfloat/multilingual-e5-small"", ""tfidf_lemmatize"": true, ""tfidf_max_df"": 0.9, ""tfidf_max_features"": 300, ""tfidf_min_df"": 3, ""tfidf_ngram_range"": [1, 2], ""tfidf_normalize_numbers"": true}",2026-09-09T13:04:20
E2_E5SMALL_QUESTION,frozen,question,02,no_augmentation,GAD7,44,KNN,5.059006,False,intfloat/multilingual-e5-small,defaults,"{""augmentation"": ""no_augmentation"", ""beto_model"": ""dccuchile/bert-base-spanish-wwm-cased"", ""chunk_stride"": 256, ""max_tokens"": 512, ""n_cv_splits"": 5, ""n_search_iter"": 0, ""seeds"": [42, 43, 44, 45, 46], ""sentence_transformer_model"": ""intfloat/multilingual-e5-small"", ""tfidf_lemmatize"": true, ""tfidf_max_df"": 0.9, ""tfidf_max_features"": 300, ""tfidf_min_df"": 3, ""tfidf_ngram_range"": [1, 2], ""tfidf_normalize_numbers"": true}",2026-09-09T13:04:20
E2_E5SMALL_QUESTION,frozen,question,02,no_augmentation,GAD7,44,DecisionTree,6.11529,False,intfloat/multilingual-e5-small,defaults,"{""augmentation"": ""no_augmentation"", ""beto_model"": ""dccuchile/bert-base-spanish-wwm-cased"", ""chunk_stride"": 256, ""max_tokens"": 512, ""n_cv_splits"": 5, ""n_search_iter"": 0, ""seeds"": [42, 43, 44, 45, 46], ""sentence_transformer_model"": ""intfloat/multilingual-e5-small"", ""tfidf_lemmatize"": true, ""tfidf_max_df"": 0.9, ""tfidf_max_features"": 300, ""tfidf_min_df"": 3, ""tfidf_ngram_range"": [1, 2], ""tfidf_normalize_numbers"": true}",2026-09-09T13:04:20
E2_E5SMALL_QUESTION,frozen,question,02,no_augmentation,GAD7,44,AdaBoost,4.844649,False,intfloat/multilingual-e5-small,defaults,"{""augmentation"": ""no_augmentation"", ""beto_model"": ""dccuchile/bert-base-spanish-wwm-cased"", ""chunk_stride"": 256, ""max_tokens"": 512, ""n_cv_splits"": 5, ""n_search_iter"": 0, ""seeds"": [42, 43, 44, 45, 46], ""sentence_transformer_model"": ""intfloat/multilingual-e5-small"", ""tfidf_lemmatize"": true, ""tfidf_max_df"": 0.9, ""tfidf_max_features"": 300, ""tfidf_min_df"": 3, ""tfidf_ngram_range"": [1, 2], ""tfidf_normalize_numbers"": true}",2026-09-09T13:04:20
E2_E5SMALL_QUESTION,frozen,question,02,no_augmentation,PHQ9,45,Ridge,10.995052,False,intfloat/multilingual-e5-small,defaults,"{""augmentation"": ""no_augmentation"", ""beto_model"": ""dccuchile/bert-base-spanish-wwm-cased"", ""chunk_stride"": 256, ""max_tokens"": 512, ""n_cv_splits"": 5, ""n_search_iter"": 0, ""seeds"": [42, 43, 44, 45, 46], ""sentence_transformer_model"": ""intfloat/multilingual-e5-small"", ""tfidf_lemmatize"": true, ""tfidf_max_df"": 0.9, ""tfidf_max_features"": 300, ""tfidf_min_df"": 3, ""tfidf_ngram_range"": [1, 2], ""tfidf_normalize_numbers"": true}",2026-09-09T13:06:19
E2_E5SMALL_QUESTION,frozen,question,02,no_augmentation,PHQ9,45,SVR,5.667639,True,intfloat/multilingual-e5-small,defaults,"{""augmentation"": ""no_augmentation"", ""beto_model"": ""dccuchile/bert-base-spanish-wwm-cased"", ""chunk_stride"": 256, ""max_tokens"": 512, ""n_cv_splits"": 5, ""n_search_iter"": 0, ""seeds"": [42, 43, 44, 45, 46], ""sentence_transformer_model"": ""intfloat/multilingual-e5-small"", ""tfidf_lemmatize"": true, ""tfidf_max_df"": 0.9, ""tfidf_max_features"": 300, ""tfidf_min_df"": 3, ""tfidf_ngram_range"": [1, 2], ""tfidf_normalize_numbers"": true}",2026-09-09T13:06:19
E2_E5SMALL_QUESTION,frozen,question,02,no_augmentation,PHQ9,45,RandomForest,5.829903,False,intfloat/multilingual-e5-small,defaults,"{""augmentation"": ""no_augmentation"", ""beto_model"": ""dccuchile/bert-base-spanish-wwm-cased"", ""chunk_stride"": 256, ""max_tokens"": 512, ""n_cv_splits"": 5, ""n_search_iter"": 0, ""seeds"": [42, 43, 44, 45, 46], ""sentence_transformer_model"": ""intfloat/multilingual-e5-small"", ""tfidf_lemmatize"": true, ""tfidf_max_df"": 0.9, ""tfidf_max_features"": 300, ""tfidf_min_df"": 3, ""tfidf_ngram_range"": [1, 2], ""tfidf_normalize_numbers"": true}",2026-09-09T13:06:19
E2_E5SMALL_QUESTION,frozen,question,02,no_augmentation,PHQ9,45,ExtraTrees,5.820831,False,intfloat/multilingual-e5-small,defaults,"{""augmentation"": ""no_augmentation"", ""beto_model"": ""dccuchile/bert-base-spanish-wwm-cased"", ""chunk_stride"": 256, ""max_tokens"": 512, ""n_cv_splits"": 5, ""n_search_iter"": 0, ""seeds"": [42, 43, 44, 45, 46], ""sentence_transformer_model"": ""intfloat/multilingual-e5-small"", ""tfidf_lemmatize"": true, ""tfidf_max_df"": 0.9, ""tfidf_max_features"": 300, ""tfidf_min_df"": 3, ""tfidf_ngram_range"": [1, 2], ""tfidf_normalize_numbers"": true}",2026-09-09T13:06:19
E2_E5SMALL_QUESTION,frozen,question,02,no_augmentation,PHQ9,45,GradientBoosting,5.908869,False,intfloat/multilingual-e5-small,defaults,"{""augmentation"": ""no_augmentation"", ""beto_model"": ""dccuchile/bert-base-spanish-wwm-cased"", ""chunk_stride"": 256, ""max_tokens"": 512, ""n_cv_splits"": 5, ""n_search_iter"": 0, ""seeds"": [42, 43, 44, 45, 46], ""sentence_transformer_model"": ""intfloat/multilingual-e5-small"", ""tfidf_lemmatize"": true, ""tfidf_max_df"": 0.9, ""tfidf_max_features"": 300, ""tfidf_min_df"": 3, ""tfidf_ngram_range"": [1, 2], ""tfidf_normalize_numbers"": true}",2026-09-09T13:06:19
E2_E5SMALL_QUESTION,frozen,question,02,no_augmentation,PHQ9,45,LightGBM,5.902079,False,intfloat/multilingual-e5-small,defaults,"{""augmentation"": ""no_augmentation"", ""beto_model"": ""dccuchile/bert-base-spanish-wwm-cased"", ""chunk_stride"": 256, ""max_tokens"": 512, ""n_cv_splits"": 5, ""n_search_iter"": 0, ""seeds"": [42, 43, 44, 45, 46], ""sentence_transformer_model"": ""intfloat/multilingual-e5-small"", ""tfidf_lemmatize"": true, ""tfidf_max_df"": 0.9, ""tfidf_max_features"": 300, ""tfidf_min_df"": 3, ""tfidf_ngram_range"": [1, 2], ""tfidf_normalize_numbers"": true}",2026-09-09T13:06:19
E2_E5SMALL_QUESTION,frozen,question,02,no_augmentation,PHQ9,45,KNN,6.026329,False,intfloat/multilingual-e5-small,defaults,"{""augmentation"": ""no_augmentation"", ""beto_model"": ""dccuchile/bert-base-spanish-wwm-cased"", ""chunk_stride"": 256, ""max_tokens"": 512, ""n_cv_splits"": 5, ""n_search_iter"": 0, ""seeds"": [42, 43, 44, 45, 46], ""sentence_transformer_model"": ""intfloat/multilingual-e5-small"", ""tfidf_lemmatize"": true, ""tfidf_max_df"": 0.9, ""tfidf_max_features"": 300, ""tfidf_min_df"": 3, ""tfidf_ngram_range"": [1, 2], ""tfidf_normalize_numbers"": true}",2026-09-09T13:06:19
E2_E5SMALL_QUESTION,frozen,question,02,no_augmentation,PHQ9,45,DecisionTree,7.405205,False,intfloat/multilingual-e5-small,defaults,"{""augmentation"": ""no_augmentation"", ""beto_model"": ""dccuchile/bert-base-spanish-wwm-cased"", ""chunk_stride"": 256, ""max_tokens"": 512, ""n_cv_splits"": 5, ""n_search_iter"": 0, ""seeds"": [42, 43, 44, 45, 46], ""sentence_transformer_model"": ""intfloat/multilingual-e5-small"", ""tfidf_lemmatize"": true, ""tfidf_max_df"": 0.9, ""tfidf_max_features"": 300, ""tfidf_min_df"": 3, ""tfidf_ngram_range"": [1, 2], ""tfidf_normalize_numbers"": true}",2026-09-09T13:06:19
E2_E5SMALL_QUESTION,frozen,question,02,no_augmentation,PHQ9,45,AdaBoost,5.801015,False,intfloat/multilingual-e5-small,defaults,"{""augmentation"": ""no_augmentation"", ""beto_model"": ""dccuchile/bert-base-spanish-wwm-cased"", ""chunk_stride"": 256, ""max_tokens"": 512, ""n_cv_splits"": 5, ""n_search_iter"": 0, ""seeds"": [42, 43, 44, 45, 46], ""sentence_transformer_model"": ""intfloat/multilingual-e5-small"", ""tfidf_lemmatize"": true, ""tfidf_max_df"": 0.9, ""tfidf_max_features"": 300, ""tfidf_min_df"": 3, ""tfidf_ngram_range"": [1, 2], ""tfidf_normalize_numbers"": true}",2026-09-09T13:06:19
E2_E5SMALL_QUESTION,frozen,question,02,no_augmentation,GAD7,45,Ridge,8.63775,False,intfloat/multilingual-e5-small,defaults,"{""augmentation"": ""no_augmentation"", ""beto_model"": ""dccuchile/bert-base-spanish-wwm-cased"", ""chunk_stride"": 256, ""max_tokens"": 512, ""n_cv_splits"": 5, ""n_search_iter"": 0, ""seeds"": [42, 43, 44, 45, 46], ""sentence_transformer_model"": ""intfloat/multilingual-e5-small"", ""tfidf_lemmatize"": true, ""tfidf_max_df"": 0.9, ""tfidf_max_features"": 300, ""tfidf_min_df"": 3, ""tfidf_ngram_range"": [1, 2], ""tfidf_normalize_numbers"": true}",2026-09-09T13:08:07
E2_E5SMALL_QUESTION,frozen,question,02,no_augmentation,GAD7,45,SVR,4.815858,True,intfloat/multilingual-e5-small,defaults,"{""augmentation"": ""no_augmentation"", ""beto_model"": ""dccuchile/bert-base-spanish-wwm-cased"", ""chunk_stride"": 256, ""max_tokens"": 512, ""n_cv_splits"": 5, ""n_search_iter"": 0, ""seeds"": [42, 43, 44, 45, 46], ""sentence_transformer_model"": ""intfloat/multilingual-e5-small"", ""tfidf_lemmatize"": true, ""tfidf_max_df"": 0.9, ""tfidf_max_features"": 300, ""tfidf_min_df"": 3, ""tfidf_ngram_range"": [1, 2], ""tfidf_normalize_numbers"": true}",2026-09-09T13:08:07
E2_E5SMALL_QUESTION,frozen,question,02,no_augmentation,GAD7,45,RandomForest,4.885985,False,intfloat/multilingual-e5-small,defaults,"{""augmentation"": ""no_augmentation"", ""beto_model"": ""dccuchile/bert-base-spanish-wwm-cased"", ""chunk_stride"": 256, ""max_tokens"": 512, ""n_cv_splits"": 5, ""n_search_iter"": 0, ""seeds"": [42, 43, 44, 45, 46], ""sentence_transformer_model"": ""intfloat/multilingual-e5-small"", ""tfidf_lemmatize"": true, ""tfidf_max_df"": 0.9, ""tfidf_max_features"": 300, ""tfidf_min_df"": 3, ""tfidf_ngram_range"": [1, 2], ""tfidf_normalize_numbers"": true}",2026-09-09T13:08:07
E2_E5SMALL_QUESTION,frozen,question,02,no_augmentation,GAD7,45,ExtraTrees,4.886038,False,intfloat/multilingual-e5-small,defaults,"{""augmentation"": ""no_augmentation"", ""beto_model"": ""dccuchile/bert-base-spanish-wwm-cased"", ""chunk_stride"": 256, ""max_tokens"": 512, ""n_cv_splits"": 5, ""n_search_iter"": 0, ""seeds"": [42, 43, 44, 45, 46], ""sentence_transformer_model"": ""intfloat/multilingual-e5-small"", ""tfidf_lemmatize"": true, ""tfidf_max_df"": 0.9, ""tfidf_max_features"": 300, ""tfidf_min_df"": 3, ""tfidf_ngram_range"": [1, 2], ""tfidf_normalize_numbers"": true}",2026-09-09T13:08:07
E2_E5SMALL_QUESTION,frozen,question,02,no_augmentation,GAD7,45,GradientBoosting,5.068292,False,intfloat/multilingual-e5-small,defaults,"{""augmentation"": ""no_augmentation"", ""beto_model"": ""dccuchile/bert-base-spanish-wwm-cased"", ""chunk_stride"": 256, ""max_tokens"": 512, ""n_cv_splits"": 5, ""n_search_iter"": 0, ""seeds"": [42, 43, 44, 45, 46], ""sentence_transformer_model"": ""intfloat/multilingual-e5-small"", ""tfidf_lemmatize"": true, ""tfidf_max_df"": 0.9, ""tfidf_max_features"": 300, ""tfidf_min_df"": 3, ""tfidf_ngram_range"": [1, 2], ""tfidf_normalize_numbers"": true}",2026-09-09T13:08:07
E2_E5SMALL_QUESTION,frozen,question,02,no_augmentation,GAD7,45,LightGBM,5.111843,False,intfloat/multilingual-e5-small,defaults,"{""augmentation"": ""no_augmentation"", ""beto_model"": ""dccuchile/bert-base-spanish-wwm-cased"", ""chunk_stride"": 256, ""max_tokens"": 512, ""n_cv_splits"": 5, ""n_search_iter"": 0, ""seeds"": [42, 43, 44, 45, 46], ""sentence_transformer_model"": ""intfloat/multilingual-e5-small"", ""tfidf_lemmatize"": true, ""tfidf_max_df"": 0.9, ""tfidf_max_features"": 300, ""tfidf_min_df"": 3, ""tfidf_ngram_range"": [1, 2], ""tfidf_normalize_numbers"": true}",2026-09-09T13:08:07
E2_E5SMALL_QUESTION,frozen,question,02,no_augmentation,GAD7,45,KNN,4.992701,False,intfloat/multilingual-e5-small,defaults,"{""augmentation"": ""no_augmentation"", ""beto_model"": ""dccuchile/bert-base-spanish-wwm-cased"", ""chunk_stride"": 256, ""max_tokens"": 512, ""n_cv_splits"": 5, ""n_search_iter"": 0, ""seeds"": [42, 43, 44, 45, 46], ""sentence_transformer_model"": ""intfloat/multilingual-e5-small"", ""tfidf_lemmatize"": true, ""tfidf_max_df"": 0.9, ""tfidf_max_features"": 300, ""tfidf_min_df"": 3, ""tfidf_ngram_range"": [1, 2], ""tfidf_normalize_numbers"": true}",2026-09-09T13:08:07
E2_E5SMALL_QUESTION,frozen,question,02,no_augmentation,GAD7,45,DecisionTree,6.115491,False,intfloat/multilingual-e5-small,defaults,"{""augmentation"": ""no_augmentation"", ""beto_model"": ""dccuchile/bert-base-spanish-wwm-cased"", ""chunk_stride"": 256, ""max_tokens"": 512, ""n_cv_splits"": 5, ""n_search_iter"": 0, ""seeds"": [42, 43, 44, 45, 46], ""sentence_transformer_model"": ""intfloat/multilingual-e5-small"", ""tfidf_lemmatize"": true, ""tfidf_max_df"": 0.9, ""tfidf_max_features"": 300, ""tfidf_min_df"": 3, ""tfidf_ngram_range"": [1, 2], ""tfidf_normalize_numbers"": true}",2026-09-09T13:08:07
E2_E5SMALL_QUESTION,frozen,question,02,no_augmentation,GAD7,45,AdaBoost,4.926414,False,intfloat/multilingual-e5-small,defaults,"{""augmentation"": ""no_augmentation"", ""beto_model"": ""dccuchile/bert-base-spanish-wwm-cased"", ""chunk_stride"": 256, ""max_tokens"": 512, ""n_cv_splits"": 5, ""n_search_iter"": 0, ""seeds"": [42, 43, 44, 45, 46], ""sentence_transformer_model"": ""intfloat/multilingual-e5-small"", ""tfidf_lemmatize"": true, ""tfidf_max_df"": 0.9, ""tfidf_max_features"": 300, ""tfidf_min_df"": 3, ""tfidf_ngram_range"": [1, 2], ""tfidf_normalize_numbers"": true}",2026-09-09T13:08:07
E2_E5SMALL_QUESTION,frozen,question,02,no_augmentation,PHQ9,46,Ridge,11.53328,False,intfloat/multilingual-e5-small,defaults,"{""augmentation"": ""no_augmentation"", ""beto_model"": ""dccuchile/bert-base-spanish-wwm-cased"", ""chunk_stride"": 256, ""max_tokens"": 512, ""n_cv_splits"": 5, ""n_search_iter"": 0, ""seeds"": [42, 43, 44, 45, 46], ""sentence_transformer_model"": ""intfloat/multilingual-e5-small"", ""tfidf_lemmatize"": true, ""tfidf_max_df"": 0.9, ""tfidf_max_features"": 300, ""tfidf_min_df"": 3, ""tfidf_ngram_range"": [1, 2], ""tfidf_normalize_numbers"": true}",2026-09-09T13:10:08
E2_E5SMALL_QUESTION,frozen,question,02,no_augmentation,PHQ9,46,SVR,5.558113,True,intfloat/multilingual-e5-small,defaults,"{""augmentation"": ""no_augmentation"", ""beto_model"": ""dccuchile/bert-base-spanish-wwm-cased"", ""chunk_stride"": 256, ""max_tokens"": 512, ""n_cv_splits"": 5, ""n_search_iter"": 0, ""seeds"": [42, 43, 44, 45, 46], ""sentence_transformer_model"": ""intfloat/multilingual-e5-small"", ""tfidf_lemmatize"": true, ""tfidf_max_df"": 0.9, ""tfidf_max_features"": 300, ""tfidf_min_df"": 3, ""tfidf_ngram_range"": [1, 2], ""tfidf_normalize_numbers"": true}",2026-09-09T13:10:08
E2_E5SMALL_QUESTION,frozen,question,02,no_augmentation,PHQ9,46,RandomForest,5.700386,False,intfloat/multilingual-e5-small,defaults,"{""augmentation"": ""no_augmentation"", ""beto_model"": ""dccuchile/bert-base-spanish-wwm-cased"", ""chunk_stride"": 256, ""max_tokens"": 512, ""n_cv_splits"": 5, ""n_search_iter"": 0, ""seeds"": [42, 43, 44, 45, 46], ""sentence_transformer_model"": ""intfloat/multilingual-e5-small"", ""tfidf_lemmatize"": true, ""tfidf_max_df"": 0.9, ""tfidf_max_features"": 300, ""tfidf_min_df"": 3, ""tfidf_ngram_range"": [1, 2], ""tfidf_normalize_numbers"": true}",2026-09-09T13:10:08
E2_E5SMALL_QUESTION,frozen,question,02,no_augmentation,PHQ9,46,ExtraTrees,5.759743,False,intfloat/multilingual-e5-small,defaults,"{""augmentation"": ""no_augmentation"", ""beto_model"": ""dccuchile/bert-base-spanish-wwm-cased"", ""chunk_stride"": 256, ""max_tokens"": 512, ""n_cv_splits"": 5, ""n_search_iter"": 0, ""seeds"": [42, 43, 44, 45, 46], ""sentence_transformer_model"": ""intfloat/multilingual-e5-small"", ""tfidf_lemmatize"": true, ""tfidf_max_df"": 0.9, ""tfidf_max_features"": 300, ""tfidf_min_df"": 3, ""tfidf_ngram_range"": [1, 2], ""tfidf_normalize_numbers"": true}",2026-09-09T13:10:08
E2_E5SMALL_QUESTION,frozen,question,02,no_augmentation,PHQ9,46,GradientBoosting,5.825066,False,intfloat/multilingual-e5-small,defaults,"{""augmentation"": ""no_augmentation"", ""beto_model"": ""dccuchile/bert-base-spanish-wwm-cased"", ""chunk_stride"": 256, ""max_tokens"": 512, ""n_cv_splits"": 5, ""n_search_iter"": 0, ""seeds"": [42, 43, 44, 45, 46], ""sentence_transformer_model"": ""intfloat/multilingual-e5-small"", ""tfidf_lemmatize"": true, ""tfidf_max_df"": 0.9, ""tfidf_max_features"": 300, ""tfidf_min_df"": 3, ""tfidf_ngram_range"": [1, 2], ""tfidf_normalize_numbers"": true}",2026-09-09T13:10:08
E2_E5SMALL_QUESTION,frozen,question,02,no_augmentation,PHQ9,46,LightGBM,5.784733,False,intfloat/multilingual-e5-small,defaults,"{""augmentation"": ""no_augmentation"", ""beto_model"": ""dccuchile/bert-base-spanish-wwm-cased"", ""chunk_stride"": 256, ""max_tokens"": 512, ""n_cv_splits"": 5, ""n_search_iter"": 0, ""seeds"": [42, 43, 44, 45, 46], ""sentence_transformer_model"": ""intfloat/multilingual-e5-small"", ""tfidf_lemmatize"": true, ""tfidf_max_df"": 0.9, ""tfidf_max_features"": 300, ""tfidf_min_df"": 3, ""tfidf_ngram_range"": [1, 2], ""tfidf_normalize_numbers"": true}",2026-09-09T13:10:08
E2_E5SMALL_QUESTION,frozen,question,02,no_augmentation,PHQ9,46,KNN,5.930105,False,intfloat/multilingual-e5-small,defaults,"{""augmentation"": ""no_augmentation"", ""beto_model"": ""dccuchile/bert-base-spanish-wwm-cased"", ""chunk_stride"": 256, ""max_tokens"": 512, ""n_cv_splits"": 5, ""n_search_iter"": 0, ""seeds"": [42, 43, 44, 45, 46], ""sentence_transformer_model"": ""intfloat/multilingual-e5-small"", ""tfidf_lemmatize"": true, ""tfidf_max_df"": 0.9, ""tfidf_max_features"": 300, ""tfidf_min_df"": 3, ""tfidf_ngram_range"": [1, 2], ""tfidf_normalize_numbers"": true}",2026-09-09T13:10:08
E2_E5SMALL_QUESTION,frozen,question,02,no_augmentation,PHQ9,46,DecisionTree,7.342518,False,intfloat/multilingual-e5-small,defaults,"{""augmentation"": ""no_augmentation"", ""beto_model"": ""dccuchile/bert-base-spanish-wwm-cased"", ""chunk_stride"": 256, ""max_tokens"": 512, ""n_cv_splits"": 5, ""n_search_iter"": 0, ""seeds"": [42, 43, 44, 45, 46], ""sentence_transformer_model"": ""intfloat/multilingual-e5-small"", ""tfidf_lemmatize"": true, ""tfidf_max_df"": 0.9, ""tfidf_max_features"": 300, ""tfidf_min_df"": 3, ""tfidf_ngram_range"": [1, 2], ""tfidf_normalize_numbers"": true}",2026-09-09T13:10:08
E2_E5SMALL_QUESTION,frozen,question,02,no_augmentation,PHQ9,46,AdaBoost,5.709066,False,intfloat/multilingual-e5-small,defaults,"{""augmentation"": ""no_augmentation"", ""beto_model"": ""dccuchile/bert-base-spanish-wwm-cased"", ""chunk_stride"": 256, ""max_tokens"": 512, ""n_cv_splits"": 5, ""n_search_iter"": 0, ""seeds"": [42, 43, 44, 45, 46], ""sentence_transformer_model"": ""intfloat/multilingual-e5-small"", ""tfidf_lemmatize"": true, ""tfidf_max_df"": 0.9, ""tfidf_max_features"": 300, ""tfidf_min_df"": 3, ""tfidf_ngram_range"": [1, 2], ""tfidf_normalize_numbers"": true}",2026-09-09T13:10:08
E2_E5SMALL_QUESTION,frozen,question,02,no_augmentation,GAD7,46,Ridge,8.92412,False,intfloat/multilingual-e5-small,defaults,"{""augmentation"": ""no_augmentation"", ""beto_model"": ""dccuchile/bert-base-spanish-wwm-cased"", ""chunk_stride"": 256, ""max_tokens"": 512, ""n_cv_splits"": 5, ""n_search_iter"": 0, ""seeds"": [42, 43, 44, 45, 46], ""sentence_transformer_model"": ""intfloat/multilingual-e5-small"", ""tfidf_lemmatize"": true, ""tfidf_max_df"": 0.9, ""tfidf_max_features"": 300, ""tfidf_min_df"": 3, ""tfidf_ngram_range"": [1, 2], ""tfidf_normalize_numbers"": true}",2026-09-09T13:12:07
E2_E5SMALL_QUESTION,frozen,question,02,no_augmentation,GAD7,46,SVR,4.721021,True,intfloat/multilingual-e5-small,defaults,"{""augmentation"": ""no_augmentation"", ""beto_model"": ""dccuchile/bert-base-spanish-wwm-cased"", ""chunk_stride"": 256, ""max_tokens"": 512, ""n_cv_splits"": 5, ""n_search_iter"": 0, ""seeds"": [42, 43, 44, 45, 46], ""sentence_transformer_model"": ""intfloat/multilingual-e5-small"", ""tfidf_lemmatize"": true, ""tfidf_max_df"": 0.9, ""tfidf_max_features"": 300, ""tfidf_min_df"": 3, ""tfidf_ngram_range"": [1, 2], ""tfidf_normalize_numbers"": true}",2026-09-09T13:12:07
E2_E5SMALL_QUESTION,frozen,question,02,no_augmentation,GAD7,46,RandomForest,4.766938,False,intfloat/multilingual-e5-small,defaults,"{""augmentation"": ""no_augmentation"", ""beto_model"": ""dccuchile/bert-base-spanish-wwm-cased"", ""chunk_stride"": 256, ""max_tokens"": 512, ""n_cv_splits"": 5, ""n_search_iter"": 0, ""seeds"": [42, 43, 44, 45, 46], ""sentence_transformer_model"": ""intfloat/multilingual-e5-small"", ""tfidf_lemmatize"": true, ""tfidf_max_df"": 0.9, ""tfidf_max_features"": 300, ""tfidf_min_df"": 3, ""tfidf_ngram_range"": [1, 2], ""tfidf_normalize_numbers"": true}",2026-09-09T13:12:07
E2_E5SMALL_QUESTION,frozen,question,02,no_augmentation,GAD7,46,ExtraTrees,4.782447,False,intfloat/multilingual-e5-small,defaults,"{""augmentation"": ""no_augmentation"", ""beto_model"": ""dccuchile/bert-base-spanish-wwm-cased"", ""chunk_stride"": 256, ""max_tokens"": 512, ""n_cv_splits"": 5, ""n_search_iter"": 0, ""seeds"": [42, 43, 44, 45, 46], ""sentence_transformer_model"": ""intfloat/multilingual-e5-small"", ""tfidf_lemmatize"": true, ""tfidf_max_df"": 0.9, ""tfidf_max_features"": 300, ""tfidf_min_df"": 3, ""tfidf_ngram_range"": [1, 2], ""tfidf_normalize_numbers"": true}",2026-09-09T13:12:07
E2_E5SMALL_QUESTION,frozen,question,02,no_augmentation,GAD7,46,GradientBoosting,4.878514,False,intfloat/multilingual-e5-small,defaults,"{""augmentation"": ""no_augmentation"", ""beto_model"": ""dccuchile/bert-base-spanish-wwm-cased"", ""chunk_stride"": 256, ""max_tokens"": 512, ""n_cv_splits"": 5, ""n_search_iter"": 0, ""seeds"": [42, 43, 44, 45, 46], ""sentence_transformer_model"": ""intfloat/multilingual-e5-small"", ""tfidf_lemmatize"": true, ""tfidf_max_df"": 0.9, ""tfidf_max_features"": 300, ""tfidf_min_df"": 3, ""tfidf_ngram_range"": [1, 2], ""tfidf_normalize_numbers"": true}",2026-09-09T13:12:07
E2_E5SMALL_QUESTION,frozen,question,02,no_augmentation,GAD7,46,LightGBM,4.903197,False,intfloat/multilingual-e5-small,defaults,"{""augmentation"": ""no_augmentation"", ""beto_model"": ""dccuchile/bert-base-spanish-wwm-cased"", ""chunk_stride"": 256, ""max_tokens"": 512, ""n_cv_splits"": 5, ""n_search_iter"": 0, ""seeds"": [42, 43, 44, 45, 46], ""sentence_transformer_model"": ""intfloat/multilingual-e5-small"", ""tfidf_lemmatize"": true, ""tfidf_max_df"": 0.9, ""tfidf_max_features"": 300, ""tfidf_min_df"": 3, ""tfidf_ngram_range"": [1, 2], ""tfidf_normalize_numbers"": true}",2026-09-09T13:12:07
E2_E5SMALL_QUESTION,frozen,question,02,no_augmentation,GAD7,46,KNN,4.999454,False,intfloat/multilingual-e5-small,defaults,"{""augmentation"": ""no_augmentation"", ""beto_model"": ""dccuchile/bert-base-spanish-wwm-cased"", ""chunk_stride"": 256, ""max_tokens"": 512, ""n_cv_splits"": 5, ""n_search_iter"": 0, ""seeds"": [42, 43, 44, 45, 46], ""sentence_transformer_model"": ""intfloat/multilingual-e5-small"", ""tfidf_lemmatize"": true, ""tfidf_max_df"": 0.9, ""tfidf_max_features"": 300, ""tfidf_min_df"": 3, ""tfidf_ngram_range"": [1, 2], ""tfidf_normalize_numbers"": true}",2026-09-09T13:12:07
E2_E5SMALL_QUESTION,frozen,question,02,no_augmentation,GAD7,46,DecisionTree,6.138396,False,intfloat/multilingual-e5-small,defaults,"{""augmentation"": ""no_augmentation"", ""beto_model"": ""dccuchile/bert-base-spanish-wwm-cased"", ""chunk_stride"": 256, ""max_tokens"": 512, ""n_cv_splits"": 5, ""n_search_iter"": 0, ""seeds"": [42, 43, 44, 45, 46], ""sentence_transformer_model"": ""intfloat/multilingual-e5-small"", ""tfidf_lemmatize"": true, ""tfidf_max_df"": 0.9, ""tfidf_max_features"": 300, ""tfidf_min_df"": 3, ""tfidf_ngram_range"": [1, 2], ""tfidf_normalize_numbers"": true}",2026-09-09T13:12:07
E2_E5SMALL_QUESTION,frozen,question,02,no_augmentation,GAD7,46,AdaBoost,4.767984,False,intfloat/multilingual-e5-small,defaults,"{""augmentation"": ""no_augmentation"", ""beto_model"": ""dccuchile/bert-base-spanish-wwm-cased"", ""chunk_stride"": 256, ""max_tokens"": 512, ""n_cv_splits"": 5, ""n_search_iter"": 0, ""seeds"": [42, 43, 44, 45, 46], ""sentence_transformer_model"": ""intfloat/multilingual-e5-small"", ""tfidf_lemmatize"": true, ""tfidf_max_df"": 0.9, ""tfidf_max_features"": 300, ""tfidf_min_df"": 3, ""tfidf_ngram_range"": [1, 2], ""tfidf_normalize_numbers"": true}",2026-09-09T13:12:07
E2_E5BASE_QUESTION,frozen,question,02,no_augmentation,PHQ9,42,Ridge,8.116923,False,intfloat/multilingual-e5-base,defaults,"{""augmentation"": ""no_augmentation"", ""beto_model"": ""dccuchile/bert-base-spanish-wwm-cased"", ""chunk_stride"": 256, ""max_tokens"": 512, ""n_cv_splits"": 5, ""n_search_iter"": 0, ""seeds"": [42, 43, 44, 45, 46], ""sentence_transformer_model"": ""intfloat/multilingual-e5-small"", ""tfidf_lemmatize"": true, ""tfidf_max_df"": 0.9, ""tfidf_max_features"": 300, ""tfidf_min_df"": 3, ""tfidf_ngram_range"": [1, 2], ""tfidf_normalize_numbers"": true}",2026-09-09T13:15:55
E2_E5BASE_QUESTION,frozen,question,02,no_augmentation,PHQ9,42,SVR,5.2629,True,intfloat/multilingual-e5-base,defaults,"{""augmentation"": ""no_augmentation"", ""beto_model"": ""dccuchile/bert-base-spanish-wwm-cased"", ""chunk_stride"": 256, ""max_tokens"": 512, ""n_cv_splits"": 5, ""n_search_iter"": 0, ""seeds"": [42, 43, 44, 45, 46], ""sentence_transformer_model"": ""intfloat/multilingual-e5-small"", ""tfidf_lemmatize"": true, ""tfidf_max_df"": 0.9, ""tfidf_max_features"": 300, ""tfidf_min_df"": 3, ""tfidf_ngram_range"": [1, 2], ""tfidf_normalize_numbers"": true}",2026-09-09T13:15:55
E2_E5BASE_QUESTION,frozen,question,02,no_augmentation,PHQ9,42,RandomForest,5.440484,False,intfloat/multilingual-e5-base,defaults,"{""augmentation"": ""no_augmentation"", ""beto_model"": ""dccuchile/bert-base-spanish-wwm-cased"", ""chunk_stride"": 256, ""max_tokens"": 512, ""n_cv_splits"": 5, ""n_search_iter"": 0, ""seeds"": [42, 43, 44, 45, 46], ""sentence_transformer_model"": ""intfloat/multilingual-e5-small"", ""tfidf_lemmatize"": true, ""tfidf_max_df"": 0.9, ""tfidf_max_features"": 300, ""tfidf_min_df"": 3, ""tfidf_ngram_range"": [1, 2], ""tfidf_normalize_numbers"": true}",2026-09-09T13:15:55
E2_E5BASE_QUESTION,frozen,question,02,no_augmentation,PHQ9,42,ExtraTrees,5.498589,False,intfloat/multilingual-e5-base,defaults,"{""augmentation"": ""no_augmentation"", ""beto_model"": ""dccuchile/bert-base-spanish-wwm-cased"", ""chunk_stride"": 256, ""max_tokens"": 512, ""n_cv_splits"": 5, ""n_search_iter"": 0, ""seeds"": [42, 43, 44, 45, 46], ""sentence_transformer_model"": ""intfloat/multilingual-e5-small"", ""tfidf_lemmatize"": true, ""tfidf_max_df"": 0.9, ""tfidf_max_features"": 300, ""tfidf_min_df"": 3, ""tfidf_ngram_range"": [1, 2], ""tfidf_normalize_numbers"": true}",2026-09-09T13:15:56
E2_E5BASE_QUESTION,frozen,question,02,no_augmentation,PHQ9,42,GradientBoosting,5.451889,False,intfloat/multilingual-e5-base,defaults,"{""augmentation"": ""no_augmentation"", ""beto_model"": ""dccuchile/bert-base-spanish-wwm-cased"", ""chunk_stride"": 256, ""max_tokens"": 512, ""n_cv_splits"": 5, ""n_search_iter"": 0, ""seeds"": [42, 43, 44, 45, 46], ""sentence_transformer_model"": ""intfloat/multilingual-e5-small"", ""tfidf_lemmatize"": true, ""tfidf_max_df"": 0.9, ""tfidf_max_features"": 300, ""tfidf_min_df"": 3, ""tfidf_ngram_range"": [1, 2], ""tfidf_normalize_numbers"": true}",2026-09-09T13:15:56
E2_E5BASE_QUESTION,frozen,question,02,no_augmentation,PHQ9,42,LightGBM,5.423594,False,intfloat/multilingual-e5-base,defaults,"{""augmentation"": ""no_augmentation"", ""beto_model"": ""dccuchile/bert-base-spanish-wwm-cased"", ""chunk_stride"": 256, ""max_tokens"": 512, ""n_cv_splits"": 5, ""n_search_iter"": 0, ""seeds"": [42, 43, 44, 45, 46], ""sentence_transformer_model"": ""intfloat/multilingual-e5-small"", ""tfidf_lemmatize"": true, ""tfidf_max_df"": 0.9, ""tfidf_max_features"": 300, ""tfidf_min_df"": 3, ""tfidf_ngram_range"": [1, 2], ""tfidf_normalize_numbers"": true}",2026-09-09T13:15:56
E2_E5BASE_QUESTION,frozen,question,02,no_augmentation,PHQ9,42,KNN,5.566444,False,intfloat/multilingual-e5-base,defaults,"{""augmentation"": ""no_augmentation"", ""beto_model"": ""dccuchile/bert-base-spanish-wwm-cased"", ""chunk_stride"": 256, ""max_tokens"": 512, ""n_cv_splits"": 5, ""n_search_iter"": 0, ""seeds"": [42, 43, 44, 45, 46], ""sentence_transformer_model"": ""intfloat/multilingual-e5-small"", ""tfidf_lemmatize"": true, ""tfidf_max_df"": 0.9, ""tfidf_max_features"": 300, ""tfidf_min_df"": 3, ""tfidf_ngram_range"": [1, 2], ""tfidf_normalize_numbers"": true}",2026-09-09T13:15:56
E2_E5BASE_QUESTION,frozen,question,02,no_augmentation,PHQ9,42,DecisionTree,7.491956,False,intfloat/multilingual-e5-base,defaults,"{""augmentation"": ""no_augmentation"", ""beto_model"": ""dccuchile/bert-base-spanish-wwm-cased"", ""chunk_stride"": 256, ""max_tokens"": 512, ""n_cv_splits"": 5, ""n_search_iter"": 0, ""seeds"": [42, 43, 44, 45, 46], ""sentence_transformer_model"": ""intfloat/multilingual-e5-small"", ""tfidf_lemmatize"": true, ""tfidf_max_df"": 0.9, ""tfidf_max_features"": 300, ""tfidf_min_df"": 3, ""tfidf_ngram_range"": [1, 2], ""tfidf_normalize_numbers"": true}",2026-09-09T13:15:56
E2_E5BASE_QUESTION,frozen,question,02,no_augmentation,PHQ9,42,AdaBoost,5.344764,False,intfloat/multilingual-e5-base,defaults,"{""augmentation"": ""no_augmentation"", ""beto_model"": ""dccuchile/bert-base-spanish-wwm-cased"", ""chunk_stride"": 256, ""max_tokens"": 512, ""n_cv_splits"": 5, ""n_search_iter"": 0, ""seeds"": [42, 43, 44, 45, 46], ""sentence_transformer_model"": ""intfloat/multilingual-e5-small"", ""tfidf_lemmatize"": true, ""tfidf_max_df"": 0.9, ""tfidf_max_features"": 300, ""tfidf_min_df"": 3, ""tfidf_ngram_range"": [1, 2], ""tfidf_normalize_numbers"": true}",2026-09-09T13:15:56
E2_E5BASE_QUESTION,frozen,question,02,no_augmentation,GAD7,42,Ridge,7.095546,False,intfloat/multilingual-e5-base,defaults,"{""augmentation"": ""no_augmentation"", ""beto_model"": ""dccuchile/bert-base-spanish-wwm-cased"", ""chunk_stride"": 256, ""max_tokens"": 512, ""n_cv_splits"": 5, ""n_search_iter"": 0, ""seeds"": [42, 43, 44, 45, 46], ""sentence_transformer_model"": ""intfloat/multilingual-e5-small"", ""tfidf_lemmatize"": true, ""tfidf_max_df"": 0.9, ""tfidf_max_features"": 300, ""tfidf_min_df"": 3, ""tfidf_ngram_range"": [1, 2], ""tfidf_normalize_numbers"": true}",2026-09-09T13:19:43
E2_E5BASE_QUESTION,frozen,question,02,no_augmentation,GAD7,42,SVR,4.601733,True,intfloat/multilingual-e5-base,defaults,"{""augmentation"": ""no_augmentation"", ""beto_model"": ""dccuchile/bert-base-spanish-wwm-cased"", ""chunk_stride"": 256, ""max_tokens"": 512, ""n_cv_splits"": 5, ""n_search_iter"": 0, ""seeds"": [42, 43, 44, 45, 46], ""sentence_transformer_model"": ""intfloat/multilingual-e5-small"", ""tfidf_lemmatize"": true, ""tfidf_max_df"": 0.9, ""tfidf_max_features"": 300, ""tfidf_min_df"": 3, ""tfidf_ngram_range"": [1, 2], ""tfidf_normalize_numbers"": true}",2026-09-09T13:19:43
E2_E5BASE_QUESTION,frozen,question,02,no_augmentation,GAD7,42,RandomForest,4.629135,False,intfloat/multilingual-e5-base,defaults,"{""augmentation"": ""no_augmentation"", ""beto_model"": ""dccuchile/bert-base-spanish-wwm-cased"", ""chunk_stride"": 256, ""max_tokens"": 512, ""n_cv_splits"": 5, ""n_search_iter"": 0, ""seeds"": [42, 43, 44, 45, 46], ""sentence_transformer_model"": ""intfloat/multilingual-e5-small"", ""tfidf_lemmatize"": true, ""tfidf_max_df"": 0.9, ""tfidf_max_features"": 300, ""tfidf_min_df"": 3, ""tfidf_ngram_range"": [1, 2], ""tfidf_normalize_numbers"": true}",2026-09-09T13:19:43
E2_E5BASE_QUESTION,frozen,question,02,no_augmentation,GAD7,42,ExtraTrees,4.651202,False,intfloat/multilingual-e5-base,defaults,"{""augmentation"": ""no_augmentation"", ""beto_model"": ""dccuchile/bert-base-spanish-wwm-cased"", ""chunk_stride"": 256, ""max_tokens"": 512, ""n_cv_splits"": 5, ""n_search_iter"": 0, ""seeds"": [42, 43, 44, 45, 46], ""sentence_transformer_model"": ""intfloat/multilingual-e5-small"", ""tfidf_lemmatize"": true, ""tfidf_max_df"": 0.9, ""tfidf_max_features"": 300, ""tfidf_min_df"": 3, ""tfidf_ngram_range"": [1, 2], ""tfidf_normalize_numbers"": true}",2026-09-09T13:19:43
E2_E5BASE_QUESTION,frozen,question,02,no_augmentation,GAD7,42,GradientBoosting,4.67663,False,intfloat/multilingual-e5-base,defaults,"{""augmentation"": ""no_augmentation"", ""beto_model"": ""dccuchile/bert-base-spanish-wwm-cased"", ""chunk_stride"": 256, ""max_tokens"": 512, ""n_cv_splits"": 5, ""n_search_iter"": 0, ""seeds"": [42, 43, 44, 45, 46], ""sentence_transformer_model"": ""intfloat/multilingual-e5-small"", ""tfidf_lemmatize"": true, ""tfidf_max_df"": 0.9, ""tfidf_max_features"": 300, ""tfidf_min_df"": 3, ""tfidf_ngram_range"": [1, 2], ""tfidf_normalize_numbers"": true}",2026-09-09T13:19:43
E2_E5BASE_QUESTION,frozen,question,02,no_augmentation,GAD7,42,LightGBM,4.772546,False,intfloat/multilingual-e5-base,defaults,"{""augmentation"": ""no_augmentation"", ""beto_model"": ""dccuchile/bert-base-spanish-wwm-cased"", ""chunk_stride"": 256, ""max_tokens"": 512, ""n_cv_splits"": 5, ""n_search_iter"": 0, ""seeds"": [42, 43, 44, 45, 46], ""sentence_transformer_model"": ""intfloat/multilingual-e5-small"", ""tfidf_lemmatize"": true, ""tfidf_max_df"": 0.9, ""tfidf_max_features"": 300, ""tfidf_min_df"": 3, ""tfidf_ngram_range"": [1, 2], ""tfidf_normalize_numbers"": true}",2026-09-09T13:19:43
E2_E5BASE_QUESTION,frozen,question,02,no_augmentation,GAD7,42,KNN,4.940802,False,intfloat/multilingual-e5-base,defaults,"{""augmentation"": ""no_augmentation"", ""beto_model"": ""dccuchile/bert-base-spanish-wwm-cased"", ""chunk_stride"": 256, ""max_tokens"": 512, ""n_cv_splits"": 5, ""n_search_iter"": 0, ""seeds"": [42, 43, 44, 45, 46], ""sentence_transformer_model"": ""intfloat/multilingual-e5-small"", ""tfidf_lemmatize"": true, ""tfidf_max_df"": 0.9, ""tfidf_max_features"": 300, ""tfidf_min_df"": 3, ""tfidf_ngram_range"": [1, 2], ""tfidf_normalize_numbers"": true}",2026-09-09T13:19:43
E2_E5BASE_QUESTION,frozen,question,02,no_augmentation,GAD7,42,DecisionTree,5.915715,False,intfloat/multilingual-e5-base,defaults,"{""augmentation"": ""no_augmentation"", ""beto_model"": ""dccuchile/bert-base-spanish-wwm-cased"", ""chunk_stride"": 256, ""max_tokens"": 512, ""n_cv_splits"": 5, ""n_search_iter"": 0, ""seeds"": [42, 43, 44, 45, 46], ""sentence_transformer_model"": ""intfloat/multilingual-e5-small"", ""tfidf_lemmatize"": true, ""tfidf_max_df"": 0.9, ""tfidf_max_features"": 300, ""tfidf_min_df"": 3, ""tfidf_ngram_range"": [1, 2], ""tfidf_normalize_numbers"": true}",2026-09-09T13:19:43
E2_E5BASE_QUESTION,frozen,question,02,no_augmentation,GAD7,42,AdaBoost,4.618712,False,intfloat/multilingual-e5-base,defaults,"{""augmentation"": ""no_augmentation"", ""beto_model"": ""dccuchile/bert-base-spanish-wwm-cased"", ""chunk_stride"": 256, ""max_tokens"": 512, ""n_cv_splits"": 5, ""n_search_iter"": 0, ""seeds"": [42, 43, 44, 45, 46], ""sentence_transformer_model"": ""intfloat/multilingual-e5-small"", ""tfidf_lemmatize"": true, ""tfidf_max_df"": 0.9, ""tfidf_max_features"": 300, ""tfidf_min_df"": 3, ""tfidf_ngram_range"": [1, 2], ""tfidf_normalize_numbers"": true}",2026-09-09T13:19:43
E2_E5BASE_QUESTION,frozen,question,02,no_augmentation,PHQ9,43,Ridge,8.187664,False,intfloat/multilingual-e5-base,defaults,"{""augmentation"": ""no_augmentation"", ""beto_model"": ""dccuchile/bert-base-spanish-wwm-cased"", ""chunk_stride"": 256, ""max_tokens"": 512, ""n_cv_splits"": 5, ""n_search_iter"": 0, ""seeds"": [42, 43, 44, 45, 46], ""sentence_transformer_model"": ""intfloat/multilingual-e5-small"", ""tfidf_lemmatize"": true, ""tfidf_max_df"": 0.9, ""tfidf_max_features"": 300, ""tfidf_min_df"": 3, ""tfidf_ngram_range"": [1, 2], ""tfidf_normalize_numbers"": true}",2026-09-09T13:23:33
E2_E5BASE_QUESTION,frozen,question,02,no_augmentation,PHQ9,43,SVR,5.391521,True,intfloat/multilingual-e5-base,defaults,"{""augmentation"": ""no_augmentation"", ""beto_model"": ""dccuchile/bert-base-spanish-wwm-cased"", ""chunk_stride"": 256, ""max_tokens"": 512, ""n_cv_splits"": 5, ""n_search_iter"": 0, ""seeds"": [42, 43, 44, 45, 46], ""sentence_transformer_model"": ""intfloat/multilingual-e5-small"", ""tfidf_lemmatize"": true, ""tfidf_max_df"": 0.9, ""tfidf_max_features"": 300, ""tfidf_min_df"": 3, ""tfidf_ngram_range"": [1, 2], ""tfidf_normalize_numbers"": true}",2026-09-09T13:23:33
E2_E5BASE_QUESTION,frozen,question,02,no_augmentation,PHQ9,43,RandomForest,5.528976,False,intfloat/multilingual-e5-base,defaults,"{""augmentation"": ""no_augmentation"", ""beto_model"": ""dccuchile/bert-base-spanish-wwm-cased"", ""chunk_stride"": 256, ""max_tokens"": 512, ""n_cv_splits"": 5, ""n_search_iter"": 0, ""seeds"": [42, 43, 44, 45, 46], ""sentence_transformer_model"": ""intfloat/multilingual-e5-small"", ""tfidf_lemmatize"": true, ""tfidf_max_df"": 0.9, ""tfidf_max_features"": 300, ""tfidf_min_df"": 3, ""tfidf_ngram_range"": [1, 2], ""tfidf_normalize_numbers"": true}",2026-09-09T13:23:33
E2_E5BASE_QUESTION,frozen,question,02,no_augmentation,PHQ9,43,ExtraTrees,5.570014,False,intfloat/multilingual-e5-base,defaults,"{""augmentation"": ""no_augmentation"", ""beto_model"": ""dccuchile/bert-base-spanish-wwm-cased"", ""chunk_stride"": 256, ""max_tokens"": 512, ""n_cv_splits"": 5, ""n_search_iter"": 0, ""seeds"": [42, 43, 44, 45, 46], ""sentence_transformer_model"": ""intfloat/multilingual-e5-small"", ""tfidf_lemmatize"": true, ""tfidf_max_df"": 0.9, ""tfidf_max_features"": 300, ""tfidf_min_df"": 3, ""tfidf_ngram_range"": [1, 2], ""tfidf_normalize_numbers"": true}",2026-09-09T13:23:33
E2_E5BASE_QUESTION,frozen,question,02,no_augmentation,PHQ9,43,GradientBoosting,5.444407,False,intfloat/multilingual-e5-base,defaults,"{""augmentation"": ""no_augmentation"", ""beto_model"": ""dccuchile/bert-base-spanish-wwm-cased"", ""chunk_stride"": 256, ""max_tokens"": 512, ""n_cv_splits"": 5, ""n_search_iter"": 0, ""seeds"": [42, 43, 44, 45, 46], ""sentence_transformer_model"": ""intfloat/multilingual-e5-small"", ""tfidf_lemmatize"": true, ""tfidf_max_df"": 0.9, ""tfidf_max_features"": 300, ""tfidf_min_df"": 3, ""tfidf_ngram_range"": [1, 2], ""tfidf_normalize_numbers"": true}",2026-09-09T13:23:33
E2_E5BASE_QUESTION,frozen,question,02,no_augmentation,PHQ9,43,LightGBM,5.512813,False,intfloat/multilingual-e5-base,defaults,"{""augmentation"": ""no_augmentation"", ""beto_model"": ""dccuchile/bert-base-spanish-wwm-cased"", ""chunk_stride"": 256, ""max_tokens"": 512, ""n_cv_splits"": 5, ""n_search_iter"": 0, ""seeds"": [42, 43, 44, 45, 46], ""sentence_transformer_model"": ""intfloat/multilingual-e5-small"", ""tfidf_lemmatize"": true, ""tfidf_max_df"": 0.9, ""tfidf_max_features"": 300, ""tfidf_min_df"": 3, ""tfidf_ngram_range"": [1, 2], ""tfidf_normalize_numbers"": true}",2026-09-09T13:23:33
E2_E5BASE_QUESTION,frozen,question,02,no_augmentation,PHQ9,43,KNN,5.683861,False,intfloat/multilingual-e5-base,defaults,"{""augmentation"": ""no_augmentation"", ""beto_model"": ""dccuchile/bert-base-spanish-wwm-cased"", ""chunk_stride"": 256, ""max_tokens"": 512, ""n_cv_splits"": 5, ""n_search_iter"": 0, ""seeds"": [42, 43, 44, 45, 46], ""sentence_transformer_model"": ""intfloat/multilingual-e5-small"", ""tfidf_lemmatize"": true, ""tfidf_max_df"": 0.9, ""tfidf_max_features"": 300, ""tfidf_min_df"": 3, ""tfidf_ngram_range"": [1, 2], ""tfidf_normalize_numbers"": true}",2026-09-09T13:23:33
E2_E5BASE_QUESTION,frozen,question,02,no_augmentation,PHQ9,43,DecisionTree,7.381895,False,intfloat/multilingual-e5-base,defaults,"{""augmentation"": ""no_augmentation"", ""beto_model"": ""dccuchile/bert-base-spanish-wwm-cased"", ""chunk_stride"": 256, ""max_tokens"": 512, ""n_cv_splits"": 5, ""n_search_iter"": 0, ""seeds"": [42, 43, 44, 45, 46], ""sentence_transformer_model"": ""intfloat/multilingual-e5-small"", ""tfidf_lemmatize"": true, ""tfidf_max_df"": 0.9, ""tfidf_max_features"": 300, ""tfidf_min_df"": 3, ""tfidf_ngram_range"": [1, 2], ""tfidf_normalize_numbers"": true}",2026-09-09T13:23:33
E2_E5BASE_QUESTION,frozen,question,02,no_augmentation,PHQ9,43,AdaBoost,5.405284,False,intfloat/multilingual-e5-base,defaults,"{""augmentation"": ""no_augmentation"", ""beto_model"": ""dccuchile/bert-base-spanish-wwm-cased"", ""chunk_stride"": 256, ""max_tokens"": 512, ""n_cv_splits"": 5, ""n_search_iter"": 0, ""seeds"": [42, 43, 44, 45, 46], ""sentence_transformer_model"": ""intfloat/multilingual-e5-small"", ""tfidf_lemmatize"": true, ""tfidf_max_df"": 0.9, ""tfidf_max_features"": 300, ""tfidf_min_df"": 3, ""tfidf_ngram_range"": [1, 2], ""tfidf_normalize_numbers"": true}",2026-09-09T13:23:33
E2_E5BASE_QUESTION,frozen,question,02,no_augmentation,GAD7,43,Ridge,6.58804,False,intfloat/multilingual-e5-base,defaults,"{""augmentation"": ""no_augmentation"", ""beto_model"": ""dccuchile/bert-base-spanish-wwm-cased"", ""chunk_stride"": 256, ""max_tokens"": 512, ""n_cv_splits"": 5, ""n_search_iter"": 0, ""seeds"": [42, 43, 44, 45, 46], ""sentence_transformer_model"": ""intfloat/multilingual-e5-small"", ""tfidf_lemmatize"": true, ""tfidf_max_df"": 0.9, ""tfidf_max_features"": 300, ""tfidf_min_df"": 3, ""tfidf_ngram_range"": [1, 2], ""tfidf_normalize_numbers"": true}",2026-09-09T13:27:18
E2_E5BASE_QUESTION,frozen,question,02,no_augmentation,GAD7,43,SVR,4.533803,True,intfloat/multilingual-e5-base,defaults,"{""augmentation"": ""no_augmentation"", ""beto_model"": ""dccuchile/bert-base-spanish-wwm-cased"", ""chunk_stride"": 256, ""max_tokens"": 512, ""n_cv_splits"": 5, ""n_search_iter"": 0, ""seeds"": [42, 43, 44, 45, 46], ""sentence_transformer_model"": ""intfloat/multilingual-e5-small"", ""tfidf_lemmatize"": true, ""tfidf_max_df"": 0.9, ""tfidf_max_features"": 300, ""tfidf_min_df"": 3, ""tfidf_ngram_range"": [1, 2], ""tfidf_normalize_numbers"": true}",2026-09-09T13:27:18
E2_E5BASE_QUESTION,frozen,question,02,no_augmentation,GAD7,43,RandomForest,4.590345,False,intfloat/multilingual-e5-base,defaults,"{""augmentation"": ""no_augmentation"", ""beto_model"": ""dccuchile/bert-base-spanish-wwm-cased"", ""chunk_stride"": 256, ""max_tokens"": 512, ""n_cv_splits"": 5, ""n_search_iter"": 0, ""seeds"": [42, 43, 44, 45, 46], ""sentence_transformer_model"": ""intfloat/multilingual-e5-small"", ""tfidf_lemmatize"": true, ""tfidf_max_df"": 0.9, ""tfidf_max_features"": 300, ""tfidf_min_df"": 3, ""tfidf_ngram_range"": [1, 2], ""tfidf_normalize_numbers"": true}",2026-09-09T13:27:18
E2_E5BASE_QUESTION,frozen,question,02,no_augmentation,GAD7,43,ExtraTrees,4.597272,False,intfloat/multilingual-e5-base,defaults,"{""augmentation"": ""no_augmentation"", ""beto_model"": ""dccuchile/bert-base-spanish-wwm-cased"", ""chunk_stride"": 256, ""max_tokens"": 512, ""n_cv_splits"": 5, ""n_search_iter"": 0, ""seeds"": [42, 43, 44, 45, 46], ""sentence_transformer_model"": ""intfloat/multilingual-e5-small"", ""tfidf_lemmatize"": true, ""tfidf_max_df"": 0.9, ""tfidf_max_features"": 300, ""tfidf_min_df"": 3, ""tfidf_ngram_range"": [1, 2], ""tfidf_normalize_numbers"": true}",2026-09-09T13:27:18
E2_E5BASE_QUESTION,frozen,question,02,no_augmentation,GAD7,43,GradientBoosting,4.685748,False,intfloat/multilingual-e5-base,defaults,"{""augmentation"": ""no_augmentation"", ""beto_model"": ""dccuchile/bert-base-spanish-wwm-cased"", ""chunk_stride"": 256, ""max_tokens"": 512, ""n_cv_splits"": 5, ""n_search_iter"": 0, ""seeds"": [42, 43, 44, 45, 46], ""sentence_transformer_model"": ""intfloat/multilingual-e5-small"", ""tfidf_lemmatize"": true, ""tfidf_max_df"": 0.9, ""tfidf_max_features"": 300, ""tfidf_min_df"": 3, ""tfidf_ngram_range"": [1, 2], ""tfidf_normalize_numbers"": true}",2026-09-09T13:27:18
E2_E5BASE_QUESTION,frozen,question,02,no_augmentation,GAD7,43,LightGBM,4.695943,False,intfloat/multilingual-e5-base,defaults,"{""augmentation"": ""no_augmentation"", ""beto_model"": ""dccuchile/bert-base-spanish-wwm-cased"", ""chunk_stride"": 256, ""max_tokens"": 512, ""n_cv_splits"": 5, ""n_search_iter"": 0, ""seeds"": [42, 43, 44, 45, 46], ""sentence_transformer_model"": ""intfloat/multilingual-e5-small"", ""tfidf_lemmatize"": true, ""tfidf_max_df"": 0.9, ""tfidf_max_features"": 300, ""tfidf_min_df"": 3, ""tfidf_ngram_range"": [1, 2], ""tfidf_normalize_numbers"": true}",2026-09-09T13:27:18
E2_E5BASE_QUESTION,frozen,question,02,no_augmentation,GAD7,43,KNN,4.98241,False,intfloat/multilingual-e5-base,defaults,"{""augmentation"": ""no_augmentation"", ""beto_model"": ""dccuchile/bert-base-spanish-wwm-cased"", ""chunk_stride"": 256, ""max_tokens"": 512, ""n_cv_splits"": 5, ""n_search_iter"": 0, ""seeds"": [42, 43, 44, 45, 46], ""sentence_transformer_model"": ""intfloat/multilingual-e5-small"", ""tfidf_lemmatize"": true, ""tfidf_max_df"": 0.9, ""tfidf_max_features"": 300, ""tfidf_min_df"": 3, ""tfidf_ngram_range"": [1, 2], ""tfidf_normalize_numbers"": true}",2026-09-09T13:27:18
E2_E5BASE_QUESTION,frozen,question,02,no_augmentation,GAD7,43,DecisionTree,6.173806,False,intfloat/multilingual-e5-base,defaults,"{""augmentation"": ""no_augmentation"", ""beto_model"": ""dccuchile/bert-base-spanish-wwm-cased"", ""chunk_stride"": 256, ""max_tokens"": 512, ""n_cv_splits"": 5, ""n_search_iter"": 0, ""seeds"": [42, 43, 44, 45, 46], ""sentence_transformer_model"": ""intfloat/multilingual-e5-small"", ""tfidf_lemmatize"": true, ""tfidf_max_df"": 0.9, ""tfidf_max_features"": 300, ""tfidf_min_df"": 3, ""tfidf_ngram_range"": [1, 2], ""tfidf_normalize_numbers"": true}",2026-09-09T13:27:18
E2_E5BASE_QUESTION,frozen,question,02,no_augmentation,GAD7,43,AdaBoost,4.643542,False,intfloat/multilingual-e5-base,defaults,"{""augmentation"": ""no_augmentation"", ""beto_model"": ""dccuchile/bert-base-spanish-wwm-cased"", ""chunk_stride"": 256, ""max_tokens"": 512, ""n_cv_splits"": 5, ""n_search_iter"": 0, ""seeds"": [42, 43, 44, 45, 46], ""sentence_transformer_model"": ""intfloat/multilingual-e5-small"", ""tfidf_lemmatize"": true, ""tfidf_max_df"": 0.9, ""tfidf_max_features"": 300, ""tfidf_min_df"": 3, ""tfidf_ngram_range"": [1, 2], ""tfidf_normalize_numbers"": true}",2026-09-09T13:27:18
E2_E5BASE_QUESTION,frozen,question,02,no_augmentation,PHQ9,44,Ridge,8.449287,False,intfloat/multilingual-e5-base,defaults,"{""augmentation"": ""no_augmentation"", ""beto_model"": ""dccuchile/bert-base-spanish-wwm-cased"", ""chunk_stride"": 256, ""max_tokens"": 512, ""n_cv_splits"": 5, ""n_search_iter"": 0, ""seeds"": [42, 43, 44, 45, 46], ""sentence_transformer_model"": ""intfloat/multilingual-e5-small"", ""tfidf_lemmatize"": true, ""tfidf_max_df"": 0.9, ""tfidf_max_features"": 300, ""tfidf_min_df"": 3, ""tfidf_ngram_range"": [1, 2], ""tfidf_normalize_numbers"": true}",2026-09-09T13:31:03
E2_E5BASE_QUESTION,frozen,question,02,no_augmentation,PHQ9,44,SVR,5.538274,True,intfloat/multilingual-e5-base,defaults,"{""augmentation"": ""no_augmentation"", ""beto_model"": ""dccuchile/bert-base-spanish-wwm-cased"", ""chunk_stride"": 256, ""max_tokens"": 512, ""n_cv_splits"": 5, ""n_search_iter"": 0, ""seeds"": [42, 43, 44, 45, 46], ""sentence_transformer_model"": ""intfloat/multilingual-e5-small"", ""tfidf_lemmatize"": true, ""tfidf_max_df"": 0.9, ""tfidf_max_features"": 300, ""tfidf_min_df"": 3, ""tfidf_ngram_range"": [1, 2], ""tfidf_normalize_numbers"": true}",2026-09-09T13:31:03
E2_E5BASE_QUESTION,frozen,question,02,no_augmentation,PHQ9,44,RandomForest,5.610667,False,intfloat/multilingual-e5-base,defaults,"{""augmentation"": ""no_augmentation"", ""beto_model"": ""dccuchile/bert-base-spanish-wwm-cased"", ""chunk_stride"": 256, ""max_tokens"": 512, ""n_cv_splits"": 5, ""n_search_iter"": 0, ""seeds"": [42, 43, 44, 45, 46], ""sentence_transformer_model"": ""intfloat/multilingual-e5-small"", ""tfidf_lemmatize"": true, ""tfidf_max_df"": 0.9, ""tfidf_max_features"": 300, ""tfidf_min_df"": 3, ""tfidf_ngram_range"": [1, 2], ""tfidf_normalize_numbers"": true}",2026-09-09T13:31:03
E2_E5BASE_QUESTION,frozen,question,02,no_augmentation,PHQ9,44,ExtraTrees,5.62751,False,intfloat/multilingual-e5-base,defaults,"{""augmentation"": ""no_augmentation"", ""beto_model"": ""dccuchile/bert-base-spanish-wwm-cased"", ""chunk_stride"": 256, ""max_tokens"": 512, ""n_cv_splits"": 5, ""n_search_iter"": 0, ""seeds"": [42, 43, 44, 45, 46], ""sentence_transformer_model"": ""intfloat/multilingual-e5-small"", ""tfidf_lemmatize"": true, ""tfidf_max_df"": 0.9, ""tfidf_max_features"": 300, ""tfidf_min_df"": 3, ""tfidf_ngram_range"": [1, 2], ""tfidf_normalize_numbers"": true}",2026-09-09T13:31:03
E2_E5BASE_QUESTION,frozen,question,02,no_augmentation,PHQ9,44,GradientBoosting,5.641768,False,intfloat/multilingual-e5-base,defaults,"{""augmentation"": ""no_augmentation"", ""beto_model"": ""dccuchile/bert-base-spanish-wwm-cased"", ""chunk_stride"": 256, ""max_tokens"": 512, ""n_cv_splits"": 5, ""n_search_iter"": 0, ""seeds"": [42, 43, 44, 45, 46], ""sentence_transformer_model"": ""intfloat/multilingual-e5-small"", ""tfidf_lemmatize"": true, ""tfidf_max_df"": 0.9, ""tfidf_max_features"": 300, ""tfidf_min_df"": 3, ""tfidf_ngram_range"": [1, 2], ""tfidf_normalize_numbers"": true}",2026-09-09T13:31:03
E2_E5BASE_QUESTION,frozen,question,02,no_augmentation,PHQ9,44,LightGBM,5.719555,False,intfloat/multilingual-e5-base,defaults,"{""augmentation"": ""no_augmentation"", ""beto_model"": ""dccuchile/bert-base-spanish-wwm-cased"", ""chunk_stride"": 256, ""max_tokens"": 512, ""n_cv_splits"": 5, ""n_search_iter"": 0, ""seeds"": [42, 43, 44, 45, 46], ""sentence_transformer_model"": ""intfloat/multilingual-e5-small"", ""tfidf_lemmatize"": true, ""tfidf_max_df"": 0.9, ""tfidf_max_features"": 300, ""tfidf_min_df"": 3, ""tfidf_ngram_range"": [1, 2], ""tfidf_normalize_numbers"": true}",2026-09-09T13:31:03
E2_E5BASE_QUESTION,frozen,question,02,no_augmentation,PHQ9,44,KNN,5.792951,False,intfloat/multilingual-e5-base,defaults,"{""augmentation"": ""no_augmentation"", ""beto_model"": ""dccuchile/bert-base-spanish-wwm-cased"", ""chunk_stride"": 256, ""max_tokens"": 512, ""n_cv_splits"": 5, ""n_search_iter"": 0, ""seeds"": [42, 43, 44, 45, 46], ""sentence_transformer_model"": ""intfloat/multilingual-e5-small"", ""tfidf_lemmatize"": true, ""tfidf_max_df"": 0.9, ""tfidf_max_features"": 300, ""tfidf_min_df"": 3, ""tfidf_ngram_range"": [1, 2], ""tfidf_normalize_numbers"": true}",2026-09-09T13:31:03
E2_E5BASE_QUESTION,frozen,question,02,no_augmentation,PHQ9,44,DecisionTree,7.355917,False,intfloat/multilingual-e5-base,defaults,"{""augmentation"": ""no_augmentation"", ""beto_model"": ""dccuchile/bert-base-spanish-wwm-cased"", ""chunk_stride"": 256, ""max_tokens"": 512, ""n_cv_splits"": 5, ""n_search_iter"": 0, ""seeds"": [42, 43, 44, 45, 46], ""sentence_transformer_model"": ""intfloat/multilingual-e5-small"", ""tfidf_lemmatize"": true, ""tfidf_max_df"": 0.9, ""tfidf_max_features"": 300, ""tfidf_min_df"": 3, ""tfidf_ngram_range"": [1, 2], ""tfidf_normalize_numbers"": true}",2026-09-09T13:31:03
E2_E5BASE_QUESTION,frozen,question,02,no_augmentation,PHQ9,44,AdaBoost,5.547084,False,intfloat/multilingual-e5-base,defaults,"{""augmentation"": ""no_augmentation"", ""beto_model"": ""dccuchile/bert-base-spanish-wwm-cased"", ""chunk_stride"": 256, ""max_tokens"": 512, ""n_cv_splits"": 5, ""n_search_iter"": 0, ""seeds"": [42, 43, 44, 45, 46], ""sentence_transformer_model"": ""intfloat/multilingual-e5-small"", ""tfidf_lemmatize"": true, ""tfidf_max_df"": 0.9, ""tfidf_max_features"": 300, ""tfidf_min_df"": 3, ""tfidf_ngram_range"": [1, 2], ""tfidf_normalize_numbers"": true}",2026-09-09T13:31:03
E2_E5BASE_QUESTION,frozen,question,02,no_augmentation,GAD7,44,Ridge,6.99346,False,intfloat/multilingual-e5-base,defaults,"{""augmentation"": ""no_augmentation"", ""beto_model"": ""dccuchile/bert-base-spanish-wwm-cased"", ""chunk_stride"": 256, ""max_tokens"": 512, ""n_cv_splits"": 5, ""n_search_iter"": 0, ""seeds"": [42, 43, 44, 45, 46], ""sentence_transformer_model"": ""intfloat/multilingual-e5-small"", ""tfidf_lemmatize"": true, ""tfidf_max_df"": 0.9, ""tfidf_max_features"": 300, ""tfidf_min_df"": 3, ""tfidf_ngram_range"": [1, 2], ""tfidf_normalize_numbers"": true}",2026-09-09T13:34:54
E2_E5BASE_QUESTION,frozen,question,02,no_augmentation,GAD7,44,SVR,4.646655,False,intfloat/multilingual-e5-base,defaults,"{""augmentation"": ""no_augmentation"", ""beto_model"": ""dccuchile/bert-base-spanish-wwm-cased"", ""chunk_stride"": 256, ""max_tokens"": 512, ""n_cv_splits"": 5, ""n_search_iter"": 0, ""seeds"": [42, 43, 44, 45, 46], ""sentence_transformer_model"": ""intfloat/multilingual-e5-small"", ""tfidf_lemmatize"": true, ""tfidf_max_df"": 0.9, ""tfidf_max_features"": 300, ""tfidf_min_df"": 3, ""tfidf_ngram_range"": [1, 2], ""tfidf_normalize_numbers"": true}",2026-09-09T13:34:54
E2_E5BASE_QUESTION,frozen,question,02,no_augmentation,GAD7,44,RandomForest,4.688326,False,intfloat/multilingual-e5-base,defaults,"{""augmentation"": ""no_augmentation"", ""beto_model"": ""dccuchile/bert-base-spanish-wwm-cased"", ""chunk_stride"": 256, ""max_tokens"": 512, ""n_cv_splits"": 5, ""n_search_iter"": 0, ""seeds"": [42, 43, 44, 45, 46], ""sentence_transformer_model"": ""intfloat/multilingual-e5-small"", ""tfidf_lemmatize"": true, ""tfidf_max_df"": 0.9, ""tfidf_max_features"": 300, ""tfidf_min_df"": 3, ""tfidf_ngram_range"": [1, 2], ""tfidf_normalize_numbers"": true}",2026-09-09T13:34:54
E2_E5BASE_QUESTION,frozen,question,02,no_augmentation,GAD7,44,ExtraTrees,4.675677,False,intfloat/multilingual-e5-base,defaults,"{""augmentation"": ""no_augmentation"", ""beto_model"": ""dccuchile/bert-base-spanish-wwm-cased"", ""chunk_stride"": 256, ""max_tokens"": 512, ""n_cv_splits"": 5, ""n_search_iter"": 0, ""seeds"": [42, 43, 44, 45, 46], ""sentence_transformer_model"": ""intfloat/multilingual-e5-small"", ""tfidf_lemmatize"": true, ""tfidf_max_df"": 0.9, ""tfidf_max_features"": 300, ""tfidf_min_df"": 3, ""tfidf_ngram_range"": [1, 2], ""tfidf_normalize_numbers"": true}",2026-09-09T13:34:54
E2_E5BASE_QUESTION,frozen,question,02,no_augmentation,GAD7,44,GradientBoosting,4.748102,False,intfloat/multilingual-e5-base,defaults,"{""augmentation"": ""no_augmentation"", ""beto_model"": ""dccuchile/bert-base-spanish-wwm-cased"", ""chunk_stride"": 256, ""max_tokens"": 512, ""n_cv_splits"": 5, ""n_search_iter"": 0, ""seeds"": [42, 43, 44, 45, 46], ""sentence_transformer_model"": ""intfloat/multilingual-e5-small"", ""tfidf_lemmatize"": true, ""tfidf_max_df"": 0.9, ""tfidf_max_features"": 300, ""tfidf_min_df"": 3, ""tfidf_ngram_range"": [1, 2], ""tfidf_normalize_numbers"": true}",2026-09-09T13:34:54
E2_E5BASE_QUESTION,frozen,question,02,no_augmentation,GAD7,44,LightGBM,4.919823,False,intfloat/multilingual-e5-base,defaults,"{""augmentation"": ""no_augmentation"", ""beto_model"": ""dccuchile/bert-base-spanish-wwm-cased"", ""chunk_stride"": 256, ""max_tokens"": 512, ""n_cv_splits"": 5, ""n_search_iter"": 0, ""seeds"": [42, 43, 44, 45, 46], ""sentence_transformer_model"": ""intfloat/multilingual-e5-small"", ""tfidf_lemmatize"": true, ""tfidf_max_df"": 0.9, ""tfidf_max_features"": 300, ""tfidf_min_df"": 3, ""tfidf_ngram_range"": [1, 2], ""tfidf_normalize_numbers"": true}",2026-09-09T13:34:54
E2_E5BASE_QUESTION,frozen,question,02,no_augmentation,GAD7,44,KNN,4.963864,False,intfloat/multilingual-e5-base,defaults,"{""augmentation"": ""no_augmentation"", ""beto_model"": ""dccuchile/bert-base-spanish-wwm-cased"", ""chunk_stride"": 256, ""max_tokens"": 512, ""n_cv_splits"": 5, ""n_search_iter"": 0, ""seeds"": [42, 43, 44, 45, 46], ""sentence_transformer_model"": ""intfloat/multilingual-e5-small"", ""tfidf_lemmatize"": true, ""tfidf_max_df"": 0.9, ""tfidf_max_features"": 300, ""tfidf_min_df"": 3, ""tfidf_ngram_range"": [1, 2], ""tfidf_normalize_numbers"": true}",2026-09-09T13:34:54
E2_E5BASE_QUESTION,frozen,question,02,no_augmentation,GAD7,44,DecisionTree,6.109223,False,intfloat/multilingual-e5-base,defaults,"{""augmentation"": ""no_augmentation"", ""beto_model"": ""dccuchile/bert-base-spanish-wwm-cased"", ""chunk_stride"": 256, ""max_tokens"": 512, ""n_cv_splits"": 5, ""n_search_iter"": 0, ""seeds"": [42, 43, 44, 45, 46], ""sentence_transformer_model"": ""intfloat/multilingual-e5-small"", ""tfidf_lemmatize"": true, ""tfidf_max_df"": 0.9, ""tfidf_max_features"": 300, ""tfidf_min_df"": 3, ""tfidf_ngram_range"": [1, 2], ""tfidf_normalize_numbers"": true}",2026-09-09T13:34:54
E2_E5BASE_QUESTION,frozen,question,02,no_augmentation,GAD7,44,AdaBoost,4.646035,True,intfloat/multilingual-e5-base,defaults,"{""augmentation"": ""no_augmentation"", ""beto_model"": ""dccuchile/bert-base-spanish-wwm-cased"", ""chunk_stride"": 256, ""max_tokens"": 512, ""n_cv_splits"": 5, ""n_search_iter"": 0, ""seeds"": [42, 43, 44, 45, 46], ""sentence_transformer_model"": ""intfloat/multilingual-e5-small"", ""tfidf_lemmatize"": true, ""tfidf_max_df"": 0.9, ""tfidf_max_features"": 300, ""tfidf_min_df"": 3, ""tfidf_ngram_range"": [1, 2], ""tfidf_normalize_numbers"": true}",2026-09-09T13:34:54
E2_E5BASE_QUESTION,frozen,question,02,no_augmentation,PHQ9,45,Ridge,8.37945,False,intfloat/multilingual-e5-base,defaults,"{""augmentation"": ""no_augmentation"", ""beto_model"": ""dccuchile/bert-base-spanish-wwm-cased"", ""chunk_stride"": 256, ""max_tokens"": 512, ""n_cv_splits"": 5, ""n_search_iter"": 0, ""seeds"": [42, 43, 44, 45, 46], ""sentence_transformer_model"": ""intfloat/multilingual-e5-small"", ""tfidf_lemmatize"": true, ""tfidf_max_df"": 0.9, ""tfidf_max_features"": 300, ""tfidf_min_df"": 3, ""tfidf_ngram_range"": [1, 2], ""tfidf_normalize_numbers"": true}",2026-09-09T13:38:49
E2_E5BASE_QUESTION,frozen,question,02,no_augmentation,PHQ9,45,SVR,5.455076,True,intfloat/multilingual-e5-base,defaults,"{""augmentation"": ""no_augmentation"", ""beto_model"": ""dccuchile/bert-base-spanish-wwm-cased"", ""chunk_stride"": 256, ""max_tokens"": 512, ""n_cv_splits"": 5, ""n_search_iter"": 0, ""seeds"": [42, 43, 44, 45, 46], ""sentence_transformer_model"": ""intfloat/multilingual-e5-small"", ""tfidf_lemmatize"": true, ""tfidf_max_df"": 0.9, ""tfidf_max_features"": 300, ""tfidf_min_df"": 3, ""tfidf_ngram_range"": [1, 2], ""tfidf_normalize_numbers"": true}",2026-09-09T13:38:49
E2_E5BASE_QUESTION,frozen,question,02,no_augmentation,PHQ9,45,RandomForest,5.567753,False,intfloat/multilingual-e5-base,defaults,"{""augmentation"": ""no_augmentation"", ""beto_model"": ""dccuchile/bert-base-spanish-wwm-cased"", ""chunk_stride"": 256, ""max_tokens"": 512, ""n_cv_splits"": 5, ""n_search_iter"": 0, ""seeds"": [42, 43, 44, 45, 46], ""sentence_transformer_model"": ""intfloat/multilingual-e5-small"", ""tfidf_lemmatize"": true, ""tfidf_max_df"": 0.9, ""tfidf_max_features"": 300, ""tfidf_min_df"": 3, ""tfidf_ngram_range"": [1, 2], ""tfidf_normalize_numbers"": true}",2026-09-09T13:38:49
E2_E5BASE_QUESTION,frozen,question,02,no_augmentation,PHQ9,45,ExtraTrees,5.589507,False,intfloat/multilingual-e5-base,defaults,"{""augmentation"": ""no_augmentation"", ""beto_model"": ""dccuchile/bert-base-spanish-wwm-cased"", ""chunk_stride"": 256, ""max_tokens"": 512, ""n_cv_splits"": 5, ""n_search_iter"": 0, ""seeds"": [42, 43, 44, 45, 46], ""sentence_transformer_model"": ""intfloat/multilingual-e5-small"", ""tfidf_lemmatize"": true, ""tfidf_max_df"": 0.9, ""tfidf_max_features"": 300, ""tfidf_min_df"": 3, ""tfidf_ngram_range"": [1, 2], ""tfidf_normalize_numbers"": true}",2026-09-09T13:38:49
E2_E5BASE_QUESTION,frozen,question,02,no_augmentation,PHQ9,45,GradientBoosting,5.666787,False,intfloat/multilingual-e5-base,defaults,"{""augmentation"": ""no_augmentation"", ""beto_model"": ""dccuchile/bert-base-spanish-wwm-cased"", ""chunk_stride"": 256, ""max_tokens"": 512, ""n_cv_splits"": 5, ""n_search_iter"": 0, ""seeds"": [42, 43, 44, 45, 46], ""sentence_transformer_model"": ""intfloat/multilingual-e5-small"", ""tfidf_lemmatize"": true, ""tfidf_max_df"": 0.9, ""tfidf_max_features"": 300, ""tfidf_min_df"": 3, ""tfidf_ngram_range"": [1, 2], ""tfidf_normalize_numbers"": true}",2026-09-09T13:38:49
E2_E5BASE_QUESTION,frozen,question,02,no_augmentation,PHQ9,45,LightGBM,5.607173,False,intfloat/multilingual-e5-base,defaults,"{""augmentation"": ""no_augmentation"", ""beto_model"": ""dccuchile/bert-base-spanish-wwm-cased"", ""chunk_stride"": 256, ""max_tokens"": 512, ""n_cv_splits"": 5, ""n_search_iter"": 0, ""seeds"": [42, 43, 44, 45, 46], ""sentence_transformer_model"": ""intfloat/multilingual-e5-small"", ""tfidf_lemmatize"": true, ""tfidf_max_df"": 0.9, ""tfidf_max_features"": 300, ""tfidf_min_df"": 3, ""tfidf_ngram_range"": [1, 2], ""tfidf_normalize_numbers"": true}",2026-09-09T13:38:49
E2_E5BASE_QUESTION,frozen,question,02,no_augmentation,PHQ9,45,KNN,5.858776,False,intfloat/multilingual-e5-base,defaults,"{""augmentation"": ""no_augmentation"", ""beto_model"": ""dccuchile/bert-base-spanish-wwm-cased"", ""chunk_stride"": 256, ""max_tokens"": 512, ""n_cv_splits"": 5, ""n_search_iter"": 0, ""seeds"": [42, 43, 44, 45, 46], ""sentence_transformer_model"": ""intfloat/multilingual-e5-small"", ""tfidf_lemmatize"": true, ""tfidf_max_df"": 0.9, ""tfidf_max_features"": 300, ""tfidf_min_df"": 3, ""tfidf_ngram_range"": [1, 2], ""tfidf_normalize_numbers"": true}",2026-09-09T13:38:49
E2_E5BASE_QUESTION,frozen,question,02,no_augmentation,PHQ9,45,DecisionTree,7.040682,False,intfloat/multilingual-e5-base,defaults,"{""augmentation"": ""no_augmentation"", ""beto_model"": ""dccuchile/bert-base-spanish-wwm-cased"", ""chunk_stride"": 256, ""max_tokens"": 512, ""n_cv_splits"": 5, ""n_search_iter"": 0, ""seeds"": [42, 43, 44, 45, 46], ""sentence_transformer_model"": ""intfloat/multilingual-e5-small"", ""tfidf_lemmatize"": true, ""tfidf_max_df"": 0.9, ""tfidf_max_features"": 300, ""tfidf_min_df"": 3, ""tfidf_ngram_range"": [1, 2], ""tfidf_normalize_numbers"": true}",2026-09-09T13:38:49
E2_E5BASE_QUESTION,frozen,question,02,no_augmentation,PHQ9,45,AdaBoost,5.531934,False,intfloat/multilingual-e5-base,defaults,"{""augmentation"": ""no_augmentation"", ""beto_model"": ""dccuchile/bert-base-spanish-wwm-cased"", ""chunk_stride"": 256, ""max_tokens"": 512, ""n_cv_splits"": 5, ""n_search_iter"": 0, ""seeds"": [42, 43, 44, 45, 46], ""sentence_transformer_model"": ""intfloat/multilingual-e5-small"", ""tfidf_lemmatize"": true, ""tfidf_max_df"": 0.9, ""tfidf_max_features"": 300, ""tfidf_min_df"": 3, ""tfidf_ngram_range"": [1, 2], ""tfidf_normalize_numbers"": true}",2026-09-09T13:38:49
E2_E5BASE_QUESTION,frozen,question,02,no_augmentation,GAD7,45,Ridge,6.821142,False,intfloat/multilingual-e5-base,defaults,"{""augmentation"": ""no_augmentation"", ""beto_model"": ""dccuchile/bert-base-spanish-wwm-cased"", ""chunk_stride"": 256, ""max_tokens"": 512, ""n_cv_splits"": 5, ""n_search_iter"": 0, ""seeds"": [42, 43, 44, 45, 46], ""sentence_transformer_model"": ""intfloat/multilingual-e5-small"", ""tfidf_lemmatize"": true, ""tfidf_max_df"": 0.9, ""tfidf_max_features"": 300, ""tfidf_min_df"": 3, ""tfidf_ngram_range"": [1, 2], ""tfidf_normalize_numbers"": true}",2026-09-09T13:42:49
E2_E5BASE_QUESTION,frozen,question,02,no_augmentation,GAD7,45,SVR,4.696299,True,intfloat/multilingual-e5-base,defaults,"{""augmentation"": ""no_augmentation"", ""beto_model"": ""dccuchile/bert-base-spanish-wwm-cased"", ""chunk_stride"": 256, ""max_tokens"": 512, ""n_cv_splits"": 5, ""n_search_iter"": 0, ""seeds"": [42, 43, 44, 45, 46], ""sentence_transformer_model"": ""intfloat/multilingual-e5-small"", ""tfidf_lemmatize"": true, ""tfidf_max_df"": 0.9, ""tfidf_max_features"": 300, ""tfidf_min_df"": 3, ""tfidf_ngram_range"": [1, 2], ""tfidf_normalize_numbers"": true}",2026-09-09T13:42:49
E2_E5BASE_QUESTION,frozen,question,02,no_augmentation,GAD7,45,RandomForest,4.749522,False,intfloat/multilingual-e5-base,defaults,"{""augmentation"": ""no_augmentation"", ""beto_model"": ""dccuchile/bert-base-spanish-wwm-cased"", ""chunk_stride"": 256, ""max_tokens"": 512, ""n_cv_splits"": 5, ""n_search_iter"": 0, ""seeds"": [42, 43, 44, 45, 46], ""sentence_transformer_model"": ""intfloat/multilingual-e5-small"", ""tfidf_lemmatize"": true, ""tfidf_max_df"": 0.9, ""tfidf_max_features"": 300, ""tfidf_min_df"": 3, ""tfidf_ngram_range"": [1, 2], ""tfidf_normalize_numbers"": true}",2026-09-09T13:42:49
E2_E5BASE_QUESTION,frozen,question,02,no_augmentation,GAD7,45,ExtraTrees,4.767788,False,intfloat/multilingual-e5-base,defaults,"{""augmentation"": ""no_augmentation"", ""beto_model"": ""dccuchile/bert-base-spanish-wwm-cased"", ""chunk_stride"": 256, ""max_tokens"": 512, ""n_cv_splits"": 5, ""n_search_iter"": 0, ""seeds"": [42, 43, 44, 45, 46], ""sentence_transformer_model"": ""intfloat/multilingual-e5-small"", ""tfidf_lemmatize"": true, ""tfidf_max_df"": 0.9, ""tfidf_max_features"": 300, ""tfidf_min_df"": 3, ""tfidf_ngram_range"": [1, 2], ""tfidf_normalize_numbers"": true}",2026-09-09T13:42:49
E2_E5BASE_QUESTION,frozen,question,02,no_augmentation,GAD7,45,GradientBoosting,4.884782,False,intfloat/multilingual-e5-base,defaults,"{""augmentation"": ""no_augmentation"", ""beto_model"": ""dccuchile/bert-base-spanish-wwm-cased"", ""chunk_stride"": 256, ""max_tokens"": 512, ""n_cv_splits"": 5, ""n_search_iter"": 0, ""seeds"": [42, 43, 44, 45, 46], ""sentence_transformer_model"": ""intfloat/multilingual-e5-small"", ""tfidf_lemmatize"": true, ""tfidf_max_df"": 0.9, ""tfidf_max_features"": 300, ""tfidf_min_df"": 3, ""tfidf_ngram_range"": [1, 2], ""tfidf_normalize_numbers"": true}",2026-09-09T13:42:49
E2_E5BASE_QUESTION,frozen,question,02,no_augmentation,GAD7,45,LightGBM,4.969425,False,intfloat/multilingual-e5-base,defaults,"{""augmentation"": ""no_augmentation"", ""beto_model"": ""dccuchile/bert-base-spanish-wwm-cased"", ""chunk_stride"": 256, ""max_tokens"": 512, ""n_cv_splits"": 5, ""n_search_iter"": 0, ""seeds"": [42, 43, 44, 45, 46], ""sentence_transformer_model"": ""intfloat/multilingual-e5-small"", ""tfidf_lemmatize"": true, ""tfidf_max_df"": 0.9, ""tfidf_max_features"": 300, ""tfidf_min_df"": 3, ""tfidf_ngram_range"": [1, 2], ""tfidf_normalize_numbers"": true}",2026-09-09T13:42:49
E2_E5BASE_QUESTION,frozen,question,02,no_augmentation,GAD7,45,KNN,5.15273,False,intfloat/multilingual-e5-base,defaults,"{""augmentation"": ""no_augmentation"", ""beto_model"": ""dccuchile/bert-base-spanish-wwm-cased"", ""chunk_stride"": 256, ""max_tokens"": 512, ""n_cv_splits"": 5, ""n_search_iter"": 0, ""seeds"": [42, 43, 44, 45, 46], ""sentence_transformer_model"": ""intfloat/multilingual-e5-small"", ""tfidf_lemmatize"": true, ""tfidf_max_df"": 0.9, ""tfidf_max_features"": 300, ""tfidf_min_df"": 3, ""tfidf_ngram_range"": [1, 2], ""tfidf_normalize_numbers"": true}",2026-09-09T13:42:49
E2_E5BASE_QUESTION,frozen,question,02,no_augmentation,GAD7,45,DecisionTree,6.174654,False,intfloat/multilingual-e5-base,defaults,"{""augmentation"": ""no_augmentation"", ""beto_model"": ""dccuchile/bert-base-spanish-wwm-cased"", ""chunk_stride"": 256, ""max_tokens"": 512, ""n_cv_splits"": 5, ""n_search_iter"": 0, ""seeds"": [42, 43, 44, 45, 46], ""sentence_transformer_model"": ""intfloat/multilingual-e5-small"", ""tfidf_lemmatize"": true, ""tfidf_max_df"": 0.9, ""tfidf_max_features"": 300, ""tfidf_min_df"": 3, ""tfidf_ngram_range"": [1, 2], ""tfidf_normalize_numbers"": true}",2026-09-09T13:42:49
E2_E5BASE_QUESTION,frozen,question,02,no_augmentation,GAD7,45,AdaBoost,4.775642,False,intfloat/multilingual-e5-base,defaults,"{""augmentation"": ""no_augmentation"", ""beto_model"": ""dccuchile/bert-base-spanish-wwm-cased"", ""chunk_stride"": 256, ""max_tokens"": 512, ""n_cv_splits"": 5, ""n_search_iter"": 0, ""seeds"": [42, 43, 44, 45, 46], ""sentence_transformer_model"": ""intfloat/multilingual-e5-small"", ""tfidf_lemmatize"": true, ""tfidf_max_df"": 0.9, ""tfidf_max_features"": 300, ""tfidf_min_df"": 3, ""tfidf_ngram_range"": [1, 2], ""tfidf_normalize_numbers"": true}",2026-09-09T13:42:49
E2_E5BASE_QUESTION,frozen,question,02,no_augmentation,PHQ9,46,Ridge,8.084854,False,intfloat/multilingual-e5-base,defaults,"{""augmentation"": ""no_augmentation"", ""beto_model"": ""dccuchile/bert-base-spanish-wwm-cased"", ""chunk_stride"": 256, ""max_tokens"": 512, ""n_cv_splits"": 5, ""n_search_iter"": 0, ""seeds"": [42, 43, 44, 45, 46], ""sentence_transformer_model"": ""intfloat/multilingual-e5-small"", ""tfidf_lemmatize"": true, ""tfidf_max_df"": 0.9, ""tfidf_max_features"": 300, ""tfidf_min_df"": 3, ""tfidf_ngram_range"": [1, 2], ""tfidf_normalize_numbers"": true}",2026-09-09T13:46:34
E2_E5BASE_QUESTION,frozen,question,02,no_augmentation,PHQ9,46,SVR,5.263545,True,intfloat/multilingual-e5-base,defaults,"{""augmentation"": ""no_augmentation"", ""beto_model"": ""dccuchile/bert-base-spanish-wwm-cased"", ""chunk_stride"": 256, ""max_tokens"": 512, ""n_cv_splits"": 5, ""n_search_iter"": 0, ""seeds"": [42, 43, 44, 45, 46], ""sentence_transformer_model"": ""intfloat/multilingual-e5-small"", ""tfidf_lemmatize"": true, ""tfidf_max_df"": 0.9, ""tfidf_max_features"": 300, ""tfidf_min_df"": 3, ""tfidf_ngram_range"": [1, 2], ""tfidf_normalize_numbers"": true}",2026-09-09T13:46:34
E2_E5BASE_QUESTION,frozen,question,02,no_augmentation,PHQ9,46,RandomForest,5.457792,False,intfloat/multilingual-e5-base,defaults,"{""augmentation"": ""no_augmentation"", ""beto_model"": ""dccuchile/bert-base-spanish-wwm-cased"", ""chunk_stride"": 256, ""max_tokens"": 512, ""n_cv_splits"": 5, ""n_search_iter"": 0, ""seeds"": [42, 43, 44, 45, 46], ""sentence_transformer_model"": ""intfloat/multilingual-e5-small"", ""tfidf_lemmatize"": true, ""tfidf_max_df"": 0.9, ""tfidf_max_features"": 300, ""tfidf_min_df"": 3, ""tfidf_ngram_range"": [1, 2], ""tfidf_normalize_numbers"": true}",2026-09-09T13:46:34
E2_E5BASE_QUESTION,frozen,question,02,no_augmentation,PHQ9,46,ExtraTrees,5.487041,False,intfloat/multilingual-e5-base,defaults,"{""augmentation"": ""no_augmentation"", ""beto_model"": ""dccuchile/bert-base-spanish-wwm-cased"", ""chunk_stride"": 256, ""max_tokens"": 512, ""n_cv_splits"": 5, ""n_search_iter"": 0, ""seeds"": [42, 43, 44, 45, 46], ""sentence_transformer_model"": ""intfloat/multilingual-e5-small"", ""tfidf_lemmatize"": true, ""tfidf_max_df"": 0.9, ""tfidf_max_features"": 300, ""tfidf_min_df"": 3, ""tfidf_ngram_range"": [1, 2], ""tfidf_normalize_numbers"": true}",2026-09-09T13:46:34
E2_E5BASE_QUESTION,frozen,question,02,no_augmentation,PHQ9,46,GradientBoosting,5.40131,False,intfloat/multilingual-e5-base,defaults,"{""augmentation"": ""no_augmentation"", ""beto_model"": ""dccuchile/bert-base-spanish-wwm-cased"", ""chunk_stride"": 256, ""max_tokens"": 512, ""n_cv_splits"": 5, ""n_search_iter"": 0, ""seeds"": [42, 43, 44, 45, 46], ""sentence_transformer_model"": ""intfloat/multilingual-e5-small"", ""tfidf_lemmatize"": true, ""tfidf_max_df"": 0.9, ""tfidf_max_features"": 300, ""tfidf_min_df"": 3, ""tfidf_ngram_range"": [1, 2], ""tfidf_normalize_numbers"": true}",2026-09-09T13:46:34
E2_E5BASE_QUESTION,frozen,question,02,no_augmentation,PHQ9,46,LightGBM,5.456614,False,intfloat/multilingual-e5-base,defaults,"{""augmentation"": ""no_augmentation"", ""beto_model"": ""dccuchile/bert-base-spanish-wwm-cased"", ""chunk_stride"": 256, ""max_tokens"": 512, ""n_cv_splits"": 5, ""n_search_iter"": 0, ""seeds"": [42, 43, 44, 45, 46], ""sentence_transformer_model"": ""intfloat/multilingual-e5-small"", ""tfidf_lemmatize"": true, ""tfidf_max_df"": 0.9, ""tfidf_max_features"": 300, ""tfidf_min_df"": 3, ""tfidf_ngram_range"": [1, 2], ""tfidf_normalize_numbers"": true}",2026-09-09T13:46:34
E2_E5BASE_QUESTION,frozen,question,02,no_augmentation,PHQ9,46,KNN,5.63241,False,intfloat/multilingual-e5-base,defaults,"{""augmentation"": ""no_augmentation"", ""beto_model"": ""dccuchile/bert-base-spanish-wwm-cased"", ""chunk_stride"": 256, ""max_tokens"": 512, ""n_cv_splits"": 5, ""n_search_iter"": 0, ""seeds"": [42, 43, 44, 45, 46], ""sentence_transformer_model"": ""intfloat/multilingual-e5-small"", ""tfidf_lemmatize"": true, ""tfidf_max_df"": 0.9, ""tfidf_max_features"": 300, ""tfidf_min_df"": 3, ""tfidf_ngram_range"": [1, 2], ""tfidf_normalize_numbers"": true}",2026-09-09T13:46:34
E2_E5BASE_QUESTION,frozen,question,02,no_augmentation,PHQ9,46,DecisionTree,7.475883,False,intfloat/multilingual-e5-base,defaults,"{""augmentation"": ""no_augmentation"", ""beto_model"": ""dccuchile/bert-base-spanish-wwm-cased"", ""chunk_stride"": 256, ""max_tokens"": 512, ""n_cv_splits"": 5, ""n_search_iter"": 0, ""seeds"": [42, 43, 44, 45, 46], ""sentence_transformer_model"": ""intfloat/multilingual-e5-small"", ""tfidf_lemmatize"": true, ""tfidf_max_df"": 0.9, ""tfidf_max_features"": 300, ""tfidf_min_df"": 3, ""tfidf_ngram_range"": [1, 2], ""tfidf_normalize_numbers"": true}",2026-09-09T13:46:34
E2_E5BASE_QUESTION,frozen,question,02,no_augmentation,PHQ9,46,AdaBoost,5.309794,False,intfloat/multilingual-e5-base,defaults,"{""augmentation"": ""no_augmentation"", ""beto_model"": ""dccuchile/bert-base-spanish-wwm-cased"", ""chunk_stride"": 256, ""max_tokens"": 512, ""n_cv_splits"": 5, ""n_search_iter"": 0, ""seeds"": [42, 43, 44, 45, 46], ""sentence_transformer_model"": ""intfloat/multilingual-e5-small"", ""tfidf_lemmatize"": true, ""tfidf_max_df"": 0.9, ""tfidf_max_features"": 300, ""tfidf_min_df"": 3, ""tfidf_ngram_range"": [1, 2], ""tfidf_normalize_numbers"": true}",2026-09-09T13:46:34
E2_E5BASE_QUESTION,frozen,question,02,no_augmentation,GAD7,46,Ridge,6.624867,False,intfloat/multilingual-e5-base,defaults,"{""augmentation"": ""no_augmentation"", ""beto_model"": ""dccuchile/bert-base-spanish-wwm-cased"", ""chunk_stride"": 256, ""max_tokens"": 512, ""n_cv_splits"": 5, ""n_search_iter"": 0, ""seeds"": [42, 43, 44, 45, 46], ""sentence_transformer_model"": ""intfloat/multilingual-e5-small"", ""tfidf_lemmatize"": true, ""tfidf_max_df"": 0.9, ""tfidf_max_features"": 300, ""tfidf_min_df"": 3, ""tfidf_ngram_range"": [1, 2], ""tfidf_normalize_numbers"": true}",2026-09-09T13:50:17
E2_E5BASE_QUESTION,frozen,question,02,no_augmentation,GAD7,46,SVR,4.582692,True,intfloat/multilingual-e5-base,defaults,"{""augmentation"": ""no_augmentation"", ""beto_model"": ""dccuchile/bert-base-spanish-wwm-cased"", ""chunk_stride"": 256, ""max_tokens"": 512, ""n_cv_splits"": 5, ""n_search_iter"": 0, ""seeds"": [42, 43, 44, 45, 46], ""sentence_transformer_model"": ""intfloat/multilingual-e5-small"", ""tfidf_lemmatize"": true, ""tfidf_max_df"": 0.9, ""tfidf_max_features"": 300, ""tfidf_min_df"": 3, ""tfidf_ngram_range"": [1, 2], ""tfidf_normalize_numbers"": true}",2026-09-09T13:50:17
E2_E5BASE_QUESTION,frozen,question,02,no_augmentation,GAD7,46,RandomForest,4.599696,False,intfloat/multilingual-e5-base,defaults,"{""augmentation"": ""no_augmentation"", ""beto_model"": ""dccuchile/bert-base-spanish-wwm-cased"", ""chunk_stride"": 256, ""max_tokens"": 512, ""n_cv_splits"": 5, ""n_search_iter"": 0, ""seeds"": [42, 43, 44, 45, 46], ""sentence_transformer_model"": ""intfloat/multilingual-e5-small"", ""tfidf_lemmatize"": true, ""tfidf_max_df"": 0.9, ""tfidf_max_features"": 300, ""tfidf_min_df"": 3, ""tfidf_ngram_range"": [1, 2], ""tfidf_normalize_numbers"": true}",2026-09-09T13:50:17
E2_E5BASE_QUESTION,frozen,question,02,no_augmentation,GAD7,46,ExtraTrees,4.629303,False,intfloat/multilingual-e5-base,defaults,"{""augmentation"": ""no_augmentation"", ""beto_model"": ""dccuchile/bert-base-spanish-wwm-cased"", ""chunk_stride"": 256, ""max_tokens"": 512, ""n_cv_splits"": 5, ""n_search_iter"": 0, ""seeds"": [42, 43, 44, 45, 46], ""sentence_transformer_model"": ""intfloat/multilingual-e5-small"", ""tfidf_lemmatize"": true, ""tfidf_max_df"": 0.9, ""tfidf_max_features"": 300, ""tfidf_min_df"": 3, ""tfidf_ngram_range"": [1, 2], ""tfidf_normalize_numbers"": true}",2026-09-09T13:50:17
E2_E5BASE_QUESTION,frozen,question,02,no_augmentation,GAD7,46,GradientBoosting,4.664476,False,intfloat/multilingual-e5-base,defaults,"{""augmentation"": ""no_augmentation"", ""beto_model"": ""dccuchile/bert-base-spanish-wwm-cased"", ""chunk_stride"": 256, ""max_tokens"": 512, ""n_cv_splits"": 5, ""n_search_iter"": 0, ""seeds"": [42, 43, 44, 45, 46], ""sentence_transformer_model"": ""intfloat/multilingual-e5-small"", ""tfidf_lemmatize"": true, ""tfidf_max_df"": 0.9, ""tfidf_max_features"": 300, ""tfidf_min_df"": 3, ""tfidf_ngram_range"": [1, 2], ""tfidf_normalize_numbers"": true}",2026-09-09T13:50:17
E2_E5BASE_QUESTION,frozen,question,02,no_augmentation,GAD7,46,LightGBM,4.718725,False,intfloat/multilingual-e5-base,defaults,"{""augmentation"": ""no_augmentation"", ""beto_model"": ""dccuchile/bert-base-spanish-wwm-cased"", ""chunk_stride"": 256, ""max_tokens"": 512, ""n_cv_splits"": 5, ""n_search_iter"": 0, ""seeds"": [42, 43, 44, 45, 46], ""sentence_transformer_model"": ""intfloat/multilingual-e5-small"", ""tfidf_lemmatize"": true, ""tfidf_max_df"": 0.9, ""tfidf_max_features"": 300, ""tfidf_min_df"": 3, ""tfidf_ngram_range"": [1, 2], ""tfidf_normalize_numbers"": true}",2026-09-09T13:50:17
E2_E5BASE_QUESTION,frozen,question,02,no_augmentation,GAD7,46,KNN,4.956996,False,intfloat/multilingual-e5-base,defaults,"{""augmentation"": ""no_augmentation"", ""beto_model"": ""dccuchile/bert-base-spanish-wwm-cased"", ""chunk_stride"": 256, ""max_tokens"": 512, ""n_cv_splits"": 5, ""n_search_iter"": 0, ""seeds"": [42, 43, 44, 45, 46], ""sentence_transformer_model"": ""intfloat/multilingual-e5-small"", ""tfidf_lemmatize"": true, ""tfidf_max_df"": 0.9, ""tfidf_max_features"": 300, ""tfidf_min_df"": 3, ""tfidf_ngram_range"": [1, 2], ""tfidf_normalize_numbers"": true}",2026-09-09T13:50:17
E2_E5BASE_QUESTION,frozen,question,02,no_augmentation,GAD7,46,DecisionTree,6.08211,False,intfloat/multilingual-e5-base,defaults,"{""augmentation"": ""no_augmentation"", ""beto_model"": ""dccuchile/bert-base-spanish-wwm-cased"", ""chunk_stride"": 256, ""max_tokens"": 512, ""n_cv_splits"": 5, ""n_search_iter"": 0, ""seeds"": [42, 43, 44, 45, 46], ""sentence_transformer_model"": ""intfloat/multilingual-e5-small"", ""tfidf_lemmatize"": true, ""tfidf_max_df"": 0.9, ""tfidf_max_features"": 300, ""tfidf_min_df"": 3, ""tfidf_ngram_range"": [1, 2], ""tfidf_normalize_numbers"": true}",2026-09-09T13:50:17
E2_E5BASE_QUESTION,frozen,question,02,no_augmentation,GAD7,46,AdaBoost,4.694857,False,intfloat/multilingual-e5-base,defaults,"{""augmentation"": ""no_augmentation"", ""beto_model"": ""dccuchile/bert-base-spanish-wwm-cased"", ""chunk_stride"": 256, ""max_tokens"": 512, ""n_cv_splits"": 5, ""n_search_iter"": 0, ""seeds"": [42, 43, 44, 45, 46], ""sentence_transformer_model"": ""intfloat/multilingual-e5-small"", ""tfidf_lemmatize"": true, ""tfidf_max_df"": 0.9, ""tfidf_max_features"": 300, ""tfidf_min_df"": 3, ""tfidf_ngram_range"": [1, 2], ""tfidf_normalize_numbers"": true}",2026-09-09T13:50:17
E2_E5LARGE_QUESTION,frozen,question,02,no_augmentation,PHQ9,42,Ridge,7.857284,False,intfloat/multilingual-e5-large,defaults,"{""augmentation"": ""no_augmentation"", ""beto_model"": ""dccuchile/bert-base-spanish-wwm-cased"", ""chunk_stride"": 256, ""max_tokens"": 512, ""n_cv_splits"": 5, ""n_search_iter"": 0, ""seeds"": [42, 43, 44, 45, 46], ""sentence_transformer_model"": ""intfloat/multilingual-e5-small"", ""tfidf_lemmatize"": true, ""tfidf_max_df"": 0.9, ""tfidf_max_features"": 300, ""tfidf_min_df"": 3, ""tfidf_ngram_range"": [1, 2], ""tfidf_normalize_numbers"": true}",2026-09-09T13:55:02
E2_E5LARGE_QUESTION,frozen,question,02,no_augmentation,PHQ9,42,SVR,5.324954,True,intfloat/multilingual-e5-large,defaults,"{""augmentation"": ""no_augmentation"", ""beto_model"": ""dccuchile/bert-base-spanish-wwm-cased"", ""chunk_stride"": 256, ""max_tokens"": 512, ""n_cv_splits"": 5, ""n_search_iter"": 0, ""seeds"": [42, 43, 44, 45, 46], ""sentence_transformer_model"": ""intfloat/multilingual-e5-small"", ""tfidf_lemmatize"": true, ""tfidf_max_df"": 0.9, ""tfidf_max_features"": 300, ""tfidf_min_df"": 3, ""tfidf_ngram_range"": [1, 2], ""tfidf_normalize_numbers"": true}",2026-09-09T13:55:02
E2_E5LARGE_QUESTION,frozen,question,02,no_augmentation,PHQ9,42,RandomForest,5.451378,False,intfloat/multilingual-e5-large,defaults,"{""augmentation"": ""no_augmentation"", ""beto_model"": ""dccuchile/bert-base-spanish-wwm-cased"", ""chunk_stride"": 256, ""max_tokens"": 512, ""n_cv_splits"": 5, ""n_search_iter"": 0, ""seeds"": [42, 43, 44, 45, 46], ""sentence_transformer_model"": ""intfloat/multilingual-e5-small"", ""tfidf_lemmatize"": true, ""tfidf_max_df"": 0.9, ""tfidf_max_features"": 300, ""tfidf_min_df"": 3, ""tfidf_ngram_range"": [1, 2], ""tfidf_normalize_numbers"": true}",2026-09-09T13:55:02
E2_E5LARGE_QUESTION,frozen,question,02,no_augmentation,PHQ9,42,ExtraTrees,5.435997,False,intfloat/multilingual-e5-large,defaults,"{""augmentation"": ""no_augmentation"", ""beto_model"": ""dccuchile/bert-base-spanish-wwm-cased"", ""chunk_stride"": 256, ""max_tokens"": 512, ""n_cv_splits"": 5, ""n_search_iter"": 0, ""seeds"": [42, 43, 44, 45, 46], ""sentence_transformer_model"": ""intfloat/multilingual-e5-small"", ""tfidf_lemmatize"": true, ""tfidf_max_df"": 0.9, ""tfidf_max_features"": 300, ""tfidf_min_df"": 3, ""tfidf_ngram_range"": [1, 2], ""tfidf_normalize_numbers"": true}",2026-09-09T13:55:02
E2_E5LARGE_QUESTION,frozen,question,02,no_augmentation,PHQ9,42,GradientBoosting,5.568748,False,intfloat/multilingual-e5-large,defaults,"{""augmentation"": ""no_augmentation"", ""beto_model"": ""dccuchile/bert-base-spanish-wwm-cased"", ""chunk_stride"": 256, ""max_tokens"": 512, ""n_cv_splits"": 5, ""n_search_iter"": 0, ""seeds"": [42, 43, 44, 45, 46], ""sentence_transformer_model"": ""intfloat/multilingual-e5-small"", ""tfidf_lemmatize"": true, ""tfidf_max_df"": 0.9, ""tfidf_max_features"": 300, ""tfidf_min_df"": 3, ""tfidf_ngram_range"": [1, 2], ""tfidf_normalize_numbers"": true}",2026-09-09T13:55:02
E2_E5LARGE_QUESTION,frozen,question,02,no_augmentation,PHQ9,42,LightGBM,5.608852,False,intfloat/multilingual-e5-large,defaults,"{""augmentation"": ""no_augmentation"", ""beto_model"": ""dccuchile/bert-base-spanish-wwm-cased"", ""chunk_stride"": 256, ""max_tokens"": 512, ""n_cv_splits"": 5, ""n_search_iter"": 0, ""seeds"": [42, 43, 44, 45, 46], ""sentence_transformer_model"": ""intfloat/multilingual-e5-small"", ""tfidf_lemmatize"": true, ""tfidf_max_df"": 0.9, ""tfidf_max_features"": 300, ""tfidf_min_df"": 3, ""tfidf_ngram_range"": [1, 2], ""tfidf_normalize_numbers"": true}",2026-09-09T13:55:02
E2_E5LARGE_QUESTION,frozen,question,02,no_augmentation,PHQ9,42,KNN,5.383106,False,intfloat/multilingual-e5-large,defaults,"{""augmentation"": ""no_augmentation"", ""beto_model"": ""dccuchile/bert-base-spanish-wwm-cased"", ""chunk_stride"": 256, ""max_tokens"": 512, ""n_cv_splits"": 5, ""n_search_iter"": 0, ""seeds"": [42, 43, 44, 45, 46], ""sentence_transformer_model"": ""intfloat/multilingual-e5-small"", ""tfidf_lemmatize"": true, ""tfidf_max_df"": 0.9, ""tfidf_max_features"": 300, ""tfidf_min_df"": 3, ""tfidf_ngram_range"": [1, 2], ""tfidf_normalize_numbers"": true}",2026-09-09T13:55:02
E2_E5LARGE_QUESTION,frozen,question,02,no_augmentation,PHQ9,42,DecisionTree,6.778996,False,intfloat/multilingual-e5-large,defaults,"{""augmentation"": ""no_augmentation"", ""beto_model"": ""dccuchile/bert-base-spanish-wwm-cased"", ""chunk_stride"": 256, ""max_tokens"": 512, ""n_cv_splits"": 5, ""n_search_iter"": 0, ""seeds"": [42, 43, 44, 45, 46], ""sentence_transformer_model"": ""intfloat/multilingual-e5-small"", ""tfidf_lemmatize"": true, ""tfidf_max_df"": 0.9, ""tfidf_max_features"": 300, ""tfidf_min_df"": 3, ""tfidf_ngram_range"": [1, 2], ""tfidf_normalize_numbers"": true}",2026-09-09T13:55:02
E2_E5LARGE_QUESTION,frozen,question,02,no_augmentation,PHQ9,42,AdaBoost,5.487062,False,intfloat/multilingual-e5-large,defaults,"{""augmentation"": ""no_augmentation"", ""beto_model"": ""dccuchile/bert-base-spanish-wwm-cased"", ""chunk_stride"": 256, ""max_tokens"": 512, ""n_cv_splits"": 5, ""n_search_iter"": 0, ""seeds"": [42, 43, 44, 45, 46], ""sentence_transformer_model"": ""intfloat/multilingual-e5-small"", ""tfidf_lemmatize"": true, ""tfidf_max_df"": 0.9, ""tfidf_max_features"": 300, ""tfidf_min_df"": 3, ""tfidf_ngram_range"": [1, 2], ""tfidf_normalize_numbers"": true}",2026-09-09T13:55:02
E2_E5LARGE_QUESTION,frozen,question,02,no_augmentation,GAD7,42,Ridge,6.982471,False,intfloat/multilingual-e5-large,defaults,"{""augmentation"": ""no_augmentation"", ""beto_model"": ""dccuchile/bert-base-spanish-wwm-cased"", ""chunk_stride"": 256, ""max_tokens"": 512, ""n_cv_splits"": 5, ""n_search_iter"": 0, ""seeds"": [42, 43, 44, 45, 46], ""sentence_transformer_model"": ""intfloat/multilingual-e5-small"", ""tfidf_lemmatize"": true, ""tfidf_max_df"": 0.9, ""tfidf_max_features"": 300, ""tfidf_min_df"": 3, ""tfidf_ngram_range"": [1, 2], ""tfidf_normalize_numbers"": true}",2026-09-09T13:59:49
E2_E5LARGE_QUESTION,frozen,question,02,no_augmentation,GAD7,42,SVR,4.58932,False,intfloat/multilingual-e5-large,defaults,"{""augmentation"": ""no_augmentation"", ""beto_model"": ""dccuchile/bert-base-spanish-wwm-cased"", ""chunk_stride"": 256, ""max_tokens"": 512, ""n_cv_splits"": 5, ""n_search_iter"": 0, ""seeds"": [42, 43, 44, 45, 46], ""sentence_transformer_model"": ""intfloat/multilingual-e5-small"", ""tfidf_lemmatize"": true, ""tfidf_max_df"": 0.9, ""tfidf_max_features"": 300, ""tfidf_min_df"": 3, ""tfidf_ngram_range"": [1, 2], ""tfidf_normalize_numbers"": true}",2026-09-09T13:59:49
E2_E5LARGE_QUESTION,frozen,question,02,no_augmentation,GAD7,42,RandomForest,4.591165,False,intfloat/multilingual-e5-large,defaults,"{""augmentation"": ""no_augmentation"", ""beto_model"": ""dccuchile/bert-base-spanish-wwm-cased"", ""chunk_stride"": 256, ""max_tokens"": 512, ""n_cv_splits"": 5, ""n_search_iter"": 0, ""seeds"": [42, 43, 44, 45, 46], ""sentence_transformer_model"": ""intfloat/multilingual-e5-small"", ""tfidf_lemmatize"": true, ""tfidf_max_df"": 0.9, ""tfidf_max_features"": 300, ""tfidf_min_df"": 3, ""tfidf_ngram_range"": [1, 2], ""tfidf_normalize_numbers"": true}",2026-09-09T13:59:49
E2_E5LARGE_QUESTION,frozen,question,02,no_augmentation,GAD7,42,ExtraTrees,4.582472,True,intfloat/multilingual-e5-large,defaults,"{""augmentation"": ""no_augmentation"", ""beto_model"": ""dccuchile/bert-base-spanish-wwm-cased"", ""chunk_stride"": 256, ""max_tokens"": 512, ""n_cv_splits"": 5, ""n_search_iter"": 0, ""seeds"": [42, 43, 44, 45, 46], ""sentence_transformer_model"": ""intfloat/multilingual-e5-small"", ""tfidf_lemmatize"": true, ""tfidf_max_df"": 0.9, ""tfidf_max_features"": 300, ""tfidf_min_df"": 3, ""tfidf_ngram_range"": [1, 2], ""tfidf_normalize_numbers"": true}",2026-09-09T13:59:49
E2_E5LARGE_QUESTION,frozen,question,02,no_augmentation,GAD7,42,GradientBoosting,4.706748,False,intfloat/multilingual-e5-large,defaults,"{""augmentation"": ""no_augmentation"", ""beto_model"": ""dccuchile/bert-base-spanish-wwm-cased"", ""chunk_stride"": 256, ""max_tokens"": 512, ""n_cv_splits"": 5, ""n_search_iter"": 0, ""seeds"": [42, 43, 44, 45, 46], ""sentence_transformer_model"": ""intfloat/multilingual-e5-small"", ""tfidf_lemmatize"": true, ""tfidf_max_df"": 0.9, ""tfidf_max_features"": 300, ""tfidf_min_df"": 3, ""tfidf_ngram_range"": [1, 2], ""tfidf_normalize_numbers"": true}",2026-09-09T13:59:49
E2_E5LARGE_QUESTION,frozen,question,02,no_augmentation,GAD7,42,LightGBM,4.876011,False,intfloat/multilingual-e5-large,defaults,"{""augmentation"": ""no_augmentation"", ""beto_model"": ""dccuchile/bert-base-spanish-wwm-cased"", ""chunk_stride"": 256, ""max_tokens"": 512, ""n_cv_splits"": 5, ""n_search_iter"": 0, ""seeds"": [42, 43, 44, 45, 46], ""sentence_transformer_model"": ""intfloat/multilingual-e5-small"", ""tfidf_lemmatize"": true, ""tfidf_max_df"": 0.9, ""tfidf_max_features"": 300, ""tfidf_min_df"": 3, ""tfidf_ngram_range"": [1, 2], ""tfidf_normalize_numbers"": true}",2026-09-09T13:59:49
E2_E5LARGE_QUESTION,frozen,question,02,no_augmentation,GAD7,42,KNN,4.853947,False,intfloat/multilingual-e5-large,defaults,"{""augmentation"": ""no_augmentation"", ""beto_model"": ""dccuchile/bert-base-spanish-wwm-cased"", ""chunk_stride"": 256, ""max_tokens"": 512, ""n_cv_splits"": 5, ""n_search_iter"": 0, ""seeds"": [42, 43, 44, 45, 46], ""sentence_transformer_model"": ""intfloat/multilingual-e5-small"", ""tfidf_lemmatize"": true, ""tfidf_max_df"": 0.9, ""tfidf_max_features"": 300, ""tfidf_min_df"": 3, ""tfidf_ngram_range"": [1, 2], ""tfidf_normalize_numbers"": true}",2026-09-09T13:59:49
E2_E5LARGE_QUESTION,frozen,question,02,no_augmentation,GAD7,42,DecisionTree,5.977988,False,intfloat/multilingual-e5-large,defaults,"{""augmentation"": ""no_augmentation"", ""beto_model"": ""dccuchile/bert-base-spanish-wwm-cased"", ""chunk_stride"": 256, ""max_tokens"": 512, ""n_cv_splits"": 5, ""n_search_iter"": 0, ""seeds"": [42, 43, 44, 45, 46], ""sentence_transformer_model"": ""intfloat/multilingual-e5-small"", ""tfidf_lemmatize"": true, ""tfidf_max_df"": 0.9, ""tfidf_max_features"": 300, ""tfidf_min_df"": 3, ""tfidf_ngram_range"": [1, 2], ""tfidf_normalize_numbers"": true}",2026-09-09T13:59:49
E2_E5LARGE_QUESTION,frozen,question,02,no_augmentation,GAD7,42,AdaBoost,4.691193,False,intfloat/multilingual-e5-large,defaults,"{""augmentation"": ""no_augmentation"", ""beto_model"": ""dccuchile/bert-base-spanish-wwm-cased"", ""chunk_stride"": 256, ""max_tokens"": 512, ""n_cv_splits"": 5, ""n_search_iter"": 0, ""seeds"": [42, 43, 44, 45, 46], ""sentence_transformer_model"": ""intfloat/multilingual-e5-small"", ""tfidf_lemmatize"": true, ""tfidf_max_df"": 0.9, ""tfidf_max_features"": 300, ""tfidf_min_df"": 3, ""tfidf_ngram_range"": [1, 2], ""tfidf_normalize_numbers"": true}",2026-09-09T13:59:49
E2_E5LARGE_QUESTION,frozen,question,02,no_augmentation,PHQ9,43,Ridge,7.835231,False,intfloat/multilingual-e5-large,defaults,"{""augmentation"": ""no_augmentation"", ""beto_model"": ""dccuchile/bert-base-spanish-wwm-cased"", ""chunk_stride"": 256, ""max_tokens"": 512, ""n_cv_splits"": 5, ""n_search_iter"": 0, ""seeds"": [42, 43, 44, 45, 46], ""sentence_transformer_model"": ""intfloat/multilingual-e5-small"", ""tfidf_lemmatize"": true, ""tfidf_max_df"": 0.9, ""tfidf_max_features"": 300, ""tfidf_min_df"": 3, ""tfidf_ngram_range"": [1, 2], ""tfidf_normalize_numbers"": true}",2026-09-09T14:04:38
E2_E5LARGE_QUESTION,frozen,question,02,no_augmentation,PHQ9,43,SVR,5.342398,True,intfloat/multilingual-e5-large,defaults,"{""augmentation"": ""no_augmentation"", ""beto_model"": ""dccuchile/bert-base-spanish-wwm-cased"", ""chunk_stride"": 256, ""max_tokens"": 512, ""n_cv_splits"": 5, ""n_search_iter"": 0, ""seeds"": [42, 43, 44, 45, 46], ""sentence_transformer_model"": ""intfloat/multilingual-e5-small"", ""tfidf_lemmatize"": true, ""tfidf_max_df"": 0.9, ""tfidf_max_features"": 300, ""tfidf_min_df"": 3, ""tfidf_ngram_range"": [1, 2], ""tfidf_normalize_numbers"": true}",2026-09-09T14:04:38
E2_E5LARGE_QUESTION,frozen,question,02,no_augmentation,PHQ9,43,RandomForest,5.459407,False,intfloat/multilingual-e5-large,defaults,"{""augmentation"": ""no_augmentation"", ""beto_model"": ""dccuchile/bert-base-spanish-wwm-cased"", ""chunk_stride"": 256, ""max_tokens"": 512, ""n_cv_splits"": 5, ""n_search_iter"": 0, ""seeds"": [42, 43, 44, 45, 46], ""sentence_transformer_model"": ""intfloat/multilingual-e5-small"", ""tfidf_lemmatize"": true, ""tfidf_max_df"": 0.9, ""tfidf_max_features"": 300, ""tfidf_min_df"": 3, ""tfidf_ngram_range"": [1, 2], ""tfidf_normalize_numbers"": true}",2026-09-09T14:04:38
E2_E5LARGE_QUESTION,frozen,question,02,no_augmentation,PHQ9,43,ExtraTrees,5.482,False,intfloat/multilingual-e5-large,defaults,"{""augmentation"": ""no_augmentation"", ""beto_model"": ""dccuchile/bert-base-spanish-wwm-cased"", ""chunk_stride"": 256, ""max_tokens"": 512, ""n_cv_splits"": 5, ""n_search_iter"": 0, ""seeds"": [42, 43, 44, 45, 46], ""sentence_transformer_model"": ""intfloat/multilingual-e5-small"", ""tfidf_lemmatize"": true, ""tfidf_max_df"": 0.9, ""tfidf_max_features"": 300, ""tfidf_min_df"": 3, ""tfidf_ngram_range"": [1, 2], ""tfidf_normalize_numbers"": true}",2026-09-09T14:04:38
E2_E5LARGE_QUESTION,frozen,question,02,no_augmentation,PHQ9,43,GradientBoosting,5.560153,False,intfloat/multilingual-e5-large,defaults,"{""augmentation"": ""no_augmentation"", ""beto_model"": ""dccuchile/bert-base-spanish-wwm-cased"", ""chunk_stride"": 256, ""max_tokens"": 512, ""n_cv_splits"": 5, ""n_search_iter"": 0, ""seeds"": [42, 43, 44, 45, 46], ""sentence_transformer_model"": ""intfloat/multilingual-e5-small"", ""tfidf_lemmatize"": true, ""tfidf_max_df"": 0.9, ""tfidf_max_features"": 300, ""tfidf_min_df"": 3, ""tfidf_ngram_range"": [1, 2], ""tfidf_normalize_numbers"": true}",2026-09-09T14:04:38
E2_E5LARGE_QUESTION,frozen,question,02,no_augmentation,PHQ9,43,LightGBM,5.548062,False,intfloat/multilingual-e5-large,defaults,"{""augmentation"": ""no_augmentation"", ""beto_model"": ""dccuchile/bert-base-spanish-wwm-cased"", ""chunk_stride"": 256, ""max_tokens"": 512, ""n_cv_splits"": 5, ""n_search_iter"": 0, ""seeds"": [42, 43, 44, 45, 46], ""sentence_transformer_model"": ""intfloat/multilingual-e5-small"", ""tfidf_lemmatize"": true, ""tfidf_max_df"": 0.9, ""tfidf_max_features"": 300, ""tfidf_min_df"": 3, ""tfidf_ngram_range"": [1, 2], ""tfidf_normalize_numbers"": true}",2026-09-09T14:04:38
E2_E5LARGE_QUESTION,frozen,question,02,no_augmentation,PHQ9,43,KNN,5.582506,False,intfloat/multilingual-e5-large,defaults,"{""augmentation"": ""no_augmentation"", ""beto_model"": ""dccuchile/bert-base-spanish-wwm-cased"", ""chunk_stride"": 256, ""max_tokens"": 512, ""n_cv_splits"": 5, ""n_search_iter"": 0, ""seeds"": [42, 43, 44, 45, 46], ""sentence_transformer_model"": ""intfloat/multilingual-e5-small"", ""tfidf_lemmatize"": true, ""tfidf_max_df"": 0.9, ""tfidf_max_features"": 300, ""tfidf_min_df"": 3, ""tfidf_ngram_range"": [1, 2], ""tfidf_normalize_numbers"": true}",2026-09-09T14:04:38
E2_E5LARGE_QUESTION,frozen,question,02,no_augmentation,PHQ9,43,DecisionTree,7.375476,False,intfloat/multilingual-e5-large,defaults,"{""augmentation"": ""no_augmentation"", ""beto_model"": ""dccuchile/bert-base-spanish-wwm-cased"", ""chunk_stride"": 256, ""max_tokens"": 512, ""n_cv_splits"": 5, ""n_search_iter"": 0, ""seeds"": [42, 43, 44, 45, 46], ""sentence_transformer_model"": ""intfloat/multilingual-e5-small"", ""tfidf_lemmatize"": true, ""tfidf_max_df"": 0.9, ""tfidf_max_features"": 300, ""tfidf_min_df"": 3, ""tfidf_ngram_range"": [1, 2], ""tfidf_normalize_numbers"": true}",2026-09-09T14:04:38
E2_E5LARGE_QUESTION,frozen,question,02,no_augmentation,PHQ9,43,AdaBoost,5.39673,False,intfloat/multilingual-e5-large,defaults,"{""augmentation"": ""no_augmentation"", ""beto_model"": ""dccuchile/bert-base-spanish-wwm-cased"", ""chunk_stride"": 256, ""max_tokens"": 512, ""n_cv_splits"": 5, ""n_search_iter"": 0, ""seeds"": [42, 43, 44, 45, 46], ""sentence_transformer_model"": ""intfloat/multilingual-e5-small"", ""tfidf_lemmatize"": true, ""tfidf_max_df"": 0.9, ""tfidf_max_features"": 300, ""tfidf_min_df"": 3, ""tfidf_ngram_range"": [1, 2], ""tfidf_normalize_numbers"": true}",2026-09-09T14:04:38
E2_E5LARGE_QUESTION,frozen,question,02,no_augmentation,GAD7,43,Ridge,7.040941,False,intfloat/multilingual-e5-large,defaults,"{""augmentation"": ""no_augmentation"", ""beto_model"": ""dccuchile/bert-base-spanish-wwm-cased"", ""chunk_stride"": 256, ""max_tokens"": 512, ""n_cv_splits"": 5, ""n_search_iter"": 0, ""seeds"": [42, 43, 44, 45, 46], ""sentence_transformer_model"": ""intfloat/multilingual-e5-small"", ""tfidf_lemmatize"": true, ""tfidf_max_df"": 0.9, ""tfidf_max_features"": 300, ""tfidf_min_df"": 3, ""tfidf_ngram_range"": [1, 2], ""tfidf_normalize_numbers"": true}",2026-09-09T14:09:19
E2_E5LARGE_QUESTION,frozen,question,02,no_augmentation,GAD7,43,SVR,4.453867,False,intfloat/multilingual-e5-large,defaults,"{""augmentation"": ""no_augmentation"", ""beto_model"": ""dccuchile/bert-base-spanish-wwm-cased"", ""chunk_stride"": 256, ""max_tokens"": 512, ""n_cv_splits"": 5, ""n_search_iter"": 0, ""seeds"": [42, 43, 44, 45, 46], ""sentence_transformer_model"": ""intfloat/multilingual-e5-small"", ""tfidf_lemmatize"": true, ""tfidf_max_df"": 0.9, ""tfidf_max_features"": 300, ""tfidf_min_df"": 3, ""tfidf_ngram_range"": [1, 2], ""tfidf_normalize_numbers"": true}",2026-09-09T14:09:19
E2_E5LARGE_QUESTION,frozen,question,02,no_augmentation,GAD7,43,RandomForest,4.478868,False,intfloat/multilingual-e5-large,defaults,"{""augmentation"": ""no_augmentation"", ""beto_model"": ""dccuchile/bert-base-spanish-wwm-cased"", ""chunk_stride"": 256, ""max_tokens"": 512, ""n_cv_splits"": 5, ""n_search_iter"": 0, ""seeds"": [42, 43, 44, 45, 46], ""sentence_transformer_model"": ""intfloat/multilingual-e5-small"", ""tfidf_lemmatize"": true, ""tfidf_max_df"": 0.9, ""tfidf_max_features"": 300, ""tfidf_min_df"": 3, ""tfidf_ngram_range"": [1, 2], ""tfidf_normalize_numbers"": true}",2026-09-09T14:09:19
E2_E5LARGE_QUESTION,frozen,question,02,no_augmentation,GAD7,43,ExtraTrees,4.525415,False,intfloat/multilingual-e5-large,defaults,"{""augmentation"": ""no_augmentation"", ""beto_model"": ""dccuchile/bert-base-spanish-wwm-cased"", ""chunk_stride"": 256, ""max_tokens"": 512, ""n_cv_splits"": 5, ""n_search_iter"": 0, ""seeds"": [42, 43, 44, 45, 46], ""sentence_transformer_model"": ""intfloat/multilingual-e5-small"", ""tfidf_lemmatize"": true, ""tfidf_max_df"": 0.9, ""tfidf_max_features"": 300, ""tfidf_min_df"": 3, ""tfidf_ngram_range"": [1, 2], ""tfidf_normalize_numbers"": true}",2026-09-09T14:09:19
E2_E5LARGE_QUESTION,frozen,question,02,no_augmentation,GAD7,43,GradientBoosting,4.500746,False,intfloat/multilingual-e5-large,defaults,"{""augmentation"": ""no_augmentation"", ""beto_model"": ""dccuchile/bert-base-spanish-wwm-cased"", ""chunk_stride"": 256, ""max_tokens"": 512, ""n_cv_splits"": 5, ""n_search_iter"": 0, ""seeds"": [42, 43, 44, 45, 46], ""sentence_transformer_model"": ""intfloat/multilingual-e5-small"", ""tfidf_lemmatize"": true, ""tfidf_max_df"": 0.9, ""tfidf_max_features"": 300, ""tfidf_min_df"": 3, ""tfidf_ngram_range"": [1, 2], ""tfidf_normalize_numbers"": true}",2026-09-09T14:09:19
E2_E5LARGE_QUESTION,frozen,question,02,no_augmentation,GAD7,43,LightGBM,4.543958,False,intfloat/multilingual-e5-large,defaults,"{""augmentation"": ""no_augmentation"", ""beto_model"": ""dccuchile/bert-base-spanish-wwm-cased"", ""chunk_stride"": 256, ""max_tokens"": 512, ""n_cv_splits"": 5, ""n_search_iter"": 0, ""seeds"": [42, 43, 44, 45, 46], ""sentence_transformer_model"": ""intfloat/multilingual-e5-small"", ""tfidf_lemmatize"": true, ""tfidf_max_df"": 0.9, ""tfidf_max_features"": 300, ""tfidf_min_df"": 3, ""tfidf_ngram_range"": [1, 2], ""tfidf_normalize_numbers"": true}",2026-09-09T14:09:19
E2_E5LARGE_QUESTION,frozen,question,02,no_augmentation,GAD7,43,KNN,4.858713,False,intfloat/multilingual-e5-large,defaults,"{""augmentation"": ""no_augmentation"", ""beto_model"": ""dccuchile/bert-base-spanish-wwm-cased"", ""chunk_stride"": 256, ""max_tokens"": 512, ""n_cv_splits"": 5, ""n_search_iter"": 0, ""seeds"": [42, 43, 44, 45, 46], ""sentence_transformer_model"": ""intfloat/multilingual-e5-small"", ""tfidf_lemmatize"": true, ""tfidf_max_df"": 0.9, ""tfidf_max_features"": 300, ""tfidf_min_df"": 3, ""tfidf_ngram_range"": [1, 2], ""tfidf_normalize_numbers"": true}",2026-09-09T14:09:19
E2_E5LARGE_QUESTION,frozen,question,02,no_augmentation,GAD7,43,DecisionTree,5.71257,False,intfloat/multilingual-e5-large,defaults,"{""augmentation"": ""no_augmentation"", ""beto_model"": ""dccuchile/bert-base-spanish-wwm-cased"", ""chunk_stride"": 256, ""max_tokens"": 512, ""n_cv_splits"": 5, ""n_search_iter"": 0, ""seeds"": [42, 43, 44, 45, 46], ""sentence_transformer_model"": ""intfloat/multilingual-e5-small"", ""tfidf_lemmatize"": true, ""tfidf_max_df"": 0.9, ""tfidf_max_features"": 300, ""tfidf_min_df"": 3, ""tfidf_ngram_range"": [1, 2], ""tfidf_normalize_numbers"": true}",2026-09-09T14:09:19
E2_E5LARGE_QUESTION,frozen,question,02,no_augmentation,GAD7,43,AdaBoost,4.451025,True,intfloat/multilingual-e5-large,defaults,"{""augmentation"": ""no_augmentation"", ""beto_model"": ""dccuchile/bert-base-spanish-wwm-cased"", ""chunk_stride"": 256, ""max_tokens"": 512, ""n_cv_splits"": 5, ""n_search_iter"": 0, ""seeds"": [42, 43, 44, 45, 46], ""sentence_transformer_model"": ""intfloat/multilingual-e5-small"", ""tfidf_lemmatize"": true, ""tfidf_max_df"": 0.9, ""tfidf_max_features"": 300, ""tfidf_min_df"": 3, ""tfidf_ngram_range"": [1, 2], ""tfidf_normalize_numbers"": true}",2026-09-09T14:09:19
E2_E5LARGE_QUESTION,frozen,question,02,no_augmentation,PHQ9,44,Ridge,7.678971,False,intfloat/multilingual-e5-large,defaults,"{""augmentation"": ""no_augmentation"", ""beto_model"": ""dccuchile/bert-base-spanish-wwm-cased"", ""chunk_stride"": 256, ""max_tokens"": 512, ""n_cv_splits"": 5, ""n_search_iter"": 0, ""seeds"": [42, 43, 44, 45, 46], ""sentence_transformer_model"": ""intfloat/multilingual-e5-small"", ""tfidf_lemmatize"": true, ""tfidf_max_df"": 0.9, ""tfidf_max_features"": 300, ""tfidf_min_df"": 3, ""tfidf_ngram_range"": [1, 2], ""tfidf_normalize_numbers"": true}",2026-09-09T14:13:54
E2_E5LARGE_QUESTION,frozen,question,02,no_augmentation,PHQ9,44,SVR,5.439268,True,intfloat/multilingual-e5-large,defaults,"{""augmentation"": ""no_augmentation"", ""beto_model"": ""dccuchile/bert-base-spanish-wwm-cased"", ""chunk_stride"": 256, ""max_tokens"": 512, ""n_cv_splits"": 5, ""n_search_iter"": 0, ""seeds"": [42, 43, 44, 45, 46], ""sentence_transformer_model"": ""intfloat/multilingual-e5-small"", ""tfidf_lemmatize"": true, ""tfidf_max_df"": 0.9, ""tfidf_max_features"": 300, ""tfidf_min_df"": 3, ""tfidf_ngram_range"": [1, 2], ""tfidf_normalize_numbers"": true}",2026-09-09T14:13:54
E2_E5LARGE_QUESTION,frozen,question,02,no_augmentation,PHQ9,44,RandomForest,5.592823,False,intfloat/multilingual-e5-large,defaults,"{""augmentation"": ""no_augmentation"", ""beto_model"": ""dccuchile/bert-base-spanish-wwm-cased"", ""chunk_stride"": 256, ""max_tokens"": 512, ""n_cv_splits"": 5, ""n_search_iter"": 0, ""seeds"": [42, 43, 44, 45, 46], ""sentence_transformer_model"": ""intfloat/multilingual-e5-small"", ""tfidf_lemmatize"": true, ""tfidf_max_df"": 0.9, ""tfidf_max_features"": 300, ""tfidf_min_df"": 3, ""tfidf_ngram_range"": [1, 2], ""tfidf_normalize_numbers"": true}",2026-09-09T14:13:54
E2_E5LARGE_QUESTION,frozen,question,02,no_augmentation,PHQ9,44,ExtraTrees,5.620714,False,intfloat/multilingual-e5-large,defaults,"{""augmentation"": ""no_augmentation"", ""beto_model"": ""dccuchile/bert-base-spanish-wwm-cased"", ""chunk_stride"": 256, ""max_tokens"": 512, ""n_cv_splits"": 5, ""n_search_iter"": 0, ""seeds"": [42, 43, 44, 45, 46], ""sentence_transformer_model"": ""intfloat/multilingual-e5-small"", ""tfidf_lemmatize"": true, ""tfidf_max_df"": 0.9, ""tfidf_max_features"": 300, ""tfidf_min_df"": 3, ""tfidf_ngram_range"": [1, 2], ""tfidf_normalize_numbers"": true}",2026-09-09T14:13:54
E2_E5LARGE_QUESTION,frozen,question,02,no_augmentation,PHQ9,44,GradientBoosting,5.696557,False,intfloat/multilingual-e5-large,defaults,"{""augmentation"": ""no_augmentation"", ""beto_model"": ""dccuchile/bert-base-spanish-wwm-cased"", ""chunk_stride"": 256, ""max_tokens"": 512, ""n_cv_splits"": 5, ""n_search_iter"": 0, ""seeds"": [42, 43, 44, 45, 46], ""sentence_transformer_model"": ""intfloat/multilingual-e5-small"", ""tfidf_lemmatize"": true, ""tfidf_max_df"": 0.9, ""tfidf_max_features"": 300, ""tfidf_min_df"": 3, ""tfidf_ngram_range"": [1, 2], ""tfidf_normalize_numbers"": true}",2026-09-09T14:13:54
E2_E5LARGE_QUESTION,frozen,question,02,no_augmentation,PHQ9,44,LightGBM,5.72838,False,intfloat/multilingual-e5-large,defaults,"{""augmentation"": ""no_augmentation"", ""beto_model"": ""dccuchile/bert-base-spanish-wwm-cased"", ""chunk_stride"": 256, ""max_tokens"": 512, ""n_cv_splits"": 5, ""n_search_iter"": 0, ""seeds"": [42, 43, 44, 45, 46], ""sentence_transformer_model"": ""intfloat/multilingual-e5-small"", ""tfidf_lemmatize"": true, ""tfidf_max_df"": 0.9, ""tfidf_max_features"": 300, ""tfidf_min_df"": 3, ""tfidf_ngram_range"": [1, 2], ""tfidf_normalize_numbers"": true}",2026-09-09T14:13:54
E2_E5LARGE_QUESTION,frozen,question,02,no_augmentation,PHQ9,44,KNN,5.600464,False,intfloat/multilingual-e5-large,defaults,"{""augmentation"": ""no_augmentation"", ""beto_model"": ""dccuchile/bert-base-spanish-wwm-cased"", ""chunk_stride"": 256, ""max_tokens"": 512, ""n_cv_splits"": 5, ""n_search_iter"": 0, ""seeds"": [42, 43, 44, 45, 46], ""sentence_transformer_model"": ""intfloat/multilingual-e5-small"", ""tfidf_lemmatize"": true, ""tfidf_max_df"": 0.9, ""tfidf_max_features"": 300, ""tfidf_min_df"": 3, ""tfidf_ngram_range"": [1, 2], ""tfidf_normalize_numbers"": true}",2026-09-09T14:13:54
E2_E5LARGE_QUESTION,frozen,question,02,no_augmentation,PHQ9,44,DecisionTree,7.506652,False,intfloat/multilingual-e5-large,defaults,"{""augmentation"": ""no_augmentation"", ""beto_model"": ""dccuchile/bert-base-spanish-wwm-cased"", ""chunk_stride"": 256, ""max_tokens"": 512, ""n_cv_splits"": 5, ""n_search_iter"": 0, ""seeds"": [42, 43, 44, 45, 46], ""sentence_transformer_model"": ""intfloat/multilingual-e5-small"", ""tfidf_lemmatize"": true, ""tfidf_max_df"": 0.9, ""tfidf_max_features"": 300, ""tfidf_min_df"": 3, ""tfidf_ngram_range"": [1, 2], ""tfidf_normalize_numbers"": true}",2026-09-09T14:13:54
E2_E5LARGE_QUESTION,frozen,question,02,no_augmentation,PHQ9,44,AdaBoost,5.577671,False,intfloat/multilingual-e5-large,defaults,"{""augmentation"": ""no_augmentation"", ""beto_model"": ""dccuchile/bert-base-spanish-wwm-cased"", ""chunk_stride"": 256, ""max_tokens"": 512, ""n_cv_splits"": 5, ""n_search_iter"": 0, ""seeds"": [42, 43, 44, 45, 46], ""sentence_transformer_model"": ""intfloat/multilingual-e5-small"", ""tfidf_lemmatize"": true, ""tfidf_max_df"": 0.9, ""tfidf_max_features"": 300, ""tfidf_min_df"": 3, ""tfidf_ngram_range"": [1, 2], ""tfidf_normalize_numbers"": true}",2026-09-09T14:13:54
E2_E5LARGE_QUESTION,frozen,question,02,no_augmentation,GAD7,44,Ridge,6.583284,False,intfloat/multilingual-e5-large,defaults,"{""augmentation"": ""no_augmentation"", ""beto_model"": ""dccuchile/bert-base-spanish-wwm-cased"", ""chunk_stride"": 256, ""max_tokens"": 512, ""n_cv_splits"": 5, ""n_search_iter"": 0, ""seeds"": [42, 43, 44, 45, 46], ""sentence_transformer_model"": ""intfloat/multilingual-e5-small"", ""tfidf_lemmatize"": true, ""tfidf_max_df"": 0.9, ""tfidf_max_features"": 300, ""tfidf_min_df"": 3, ""tfidf_ngram_range"": [1, 2], ""tfidf_normalize_numbers"": true}",2026-09-09T14:18:47
E2_E5LARGE_QUESTION,frozen,question,02,no_augmentation,GAD7,44,SVR,4.482299,True,intfloat/multilingual-e5-large,defaults,"{""augmentation"": ""no_augmentation"", ""beto_model"": ""dccuchile/bert-base-spanish-wwm-cased"", ""chunk_stride"": 256, ""max_tokens"": 512, ""n_cv_splits"": 5, ""n_search_iter"": 0, ""seeds"": [42, 43, 44, 45, 46], ""sentence_transformer_model"": ""intfloat/multilingual-e5-small"", ""tfidf_lemmatize"": true, ""tfidf_max_df"": 0.9, ""tfidf_max_features"": 300, ""tfidf_min_df"": 3, ""tfidf_ngram_range"": [1, 2], ""tfidf_normalize_numbers"": true}",2026-09-09T14:18:47
E2_E5LARGE_QUESTION,frozen,question,02,no_augmentation,GAD7,44,RandomForest,4.605462,False,intfloat/multilingual-e5-large,defaults,"{""augmentation"": ""no_augmentation"", ""beto_model"": ""dccuchile/bert-base-spanish-wwm-cased"", ""chunk_stride"": 256, ""max_tokens"": 512, ""n_cv_splits"": 5, ""n_search_iter"": 0, ""seeds"": [42, 43, 44, 45, 46], ""sentence_transformer_model"": ""intfloat/multilingual-e5-small"", ""tfidf_lemmatize"": true, ""tfidf_max_df"": 0.9, ""tfidf_max_features"": 300, ""tfidf_min_df"": 3, ""tfidf_ngram_range"": [1, 2], ""tfidf_normalize_numbers"": true}",2026-09-09T14:18:47
E2_E5LARGE_QUESTION,frozen,question,02,no_augmentation,GAD7,44,ExtraTrees,4.640631,False,intfloat/multilingual-e5-large,defaults,"{""augmentation"": ""no_augmentation"", ""beto_model"": ""dccuchile/bert-base-spanish-wwm-cased"", ""chunk_stride"": 256, ""max_tokens"": 512, ""n_cv_splits"": 5, ""n_search_iter"": 0, ""seeds"": [42, 43, 44, 45, 46], ""sentence_transformer_model"": ""intfloat/multilingual-e5-small"", ""tfidf_lemmatize"": true, ""tfidf_max_df"": 0.9, ""tfidf_max_features"": 300, ""tfidf_min_df"": 3, ""tfidf_ngram_range"": [1, 2], ""tfidf_normalize_numbers"": true}",2026-09-09T14:18:47
E2_E5LARGE_QUESTION,frozen,question,02,no_augmentation,GAD7,44,GradientBoosting,4.700766,False,intfloat/multilingual-e5-large,defaults,"{""augmentation"": ""no_augmentation"", ""beto_model"": ""dccuchile/bert-base-spanish-wwm-cased"", ""chunk_stride"": 256, ""max_tokens"": 512, ""n_cv_splits"": 5, ""n_search_iter"": 0, ""seeds"": [42, 43, 44, 45, 46], ""sentence_transformer_model"": ""intfloat/multilingual-e5-small"", ""tfidf_lemmatize"": true, ""tfidf_max_df"": 0.9, ""tfidf_max_features"": 300, ""tfidf_min_df"": 3, ""tfidf_ngram_range"": [1, 2], ""tfidf_normalize_numbers"": true}",2026-09-09T14:18:47
E2_E5LARGE_QUESTION,frozen,question,02,no_augmentation,GAD7,44,LightGBM,4.743982,False,intfloat/multilingual-e5-large,defaults,"{""augmentation"": ""no_augmentation"", ""beto_model"": ""dccuchile/bert-base-spanish-wwm-cased"", ""chunk_stride"": 256, ""max_tokens"": 512, ""n_cv_splits"": 5, ""n_search_iter"": 0, ""seeds"": [42, 43, 44, 45, 46], ""sentence_transformer_model"": ""intfloat/multilingual-e5-small"", ""tfidf_lemmatize"": true, ""tfidf_max_df"": 0.9, ""tfidf_max_features"": 300, ""tfidf_min_df"": 3, ""tfidf_ngram_range"": [1, 2], ""tfidf_normalize_numbers"": true}",2026-09-09T14:18:47
E2_E5LARGE_QUESTION,frozen,question,02,no_augmentation,GAD7,44,KNN,4.763246,False,intfloat/multilingual-e5-large,defaults,"{""augmentation"": ""no_augmentation"", ""beto_model"": ""dccuchile/bert-base-spanish-wwm-cased"", ""chunk_stride"": 256, ""max_tokens"": 512, ""n_cv_splits"": 5, ""n_search_iter"": 0, ""seeds"": [42, 43, 44, 45, 46], ""sentence_transformer_model"": ""intfloat/multilingual-e5-small"", ""tfidf_lemmatize"": true, ""tfidf_max_df"": 0.9, ""tfidf_max_features"": 300, ""tfidf_min_df"": 3, ""tfidf_ngram_range"": [1, 2], ""tfidf_normalize_numbers"": true}",2026-09-09T14:18:47
E2_E5LARGE_QUESTION,frozen,question,02,no_augmentation,GAD7,44,DecisionTree,6.011072,False,intfloat/multilingual-e5-large,defaults,"{""augmentation"": ""no_augmentation"", ""beto_model"": ""dccuchile/bert-base-spanish-wwm-cased"", ""chunk_stride"": 256, ""max_tokens"": 512, ""n_cv_splits"": 5, ""n_search_iter"": 0, ""seeds"": [42, 43, 44, 45, 46], ""sentence_transformer_model"": ""intfloat/multilingual-e5-small"", ""tfidf_lemmatize"": true, ""tfidf_max_df"": 0.9, ""tfidf_max_features"": 300, ""tfidf_min_df"": 3, ""tfidf_ngram_range"": [1, 2], ""tfidf_normalize_numbers"": true}",2026-09-09T14:18:47
E2_E5LARGE_QUESTION,frozen,question,02,no_augmentation,GAD7,44,AdaBoost,4.631813,False,intfloat/multilingual-e5-large,defaults,"{""augmentation"": ""no_augmentation"", ""beto_model"": ""dccuchile/bert-base-spanish-wwm-cased"", ""chunk_stride"": 256, ""max_tokens"": 512, ""n_cv_splits"": 5, ""n_search_iter"": 0, ""seeds"": [42, 43, 44, 45, 46], ""sentence_transformer_model"": ""intfloat/multilingual-e5-small"", ""tfidf_lemmatize"": true, ""tfidf_max_df"": 0.9, ""tfidf_max_features"": 300, ""tfidf_min_df"": 3, ""tfidf_ngram_range"": [1, 2], ""tfidf_normalize_numbers"": true}",2026-09-09T14:18:47
E2_E5LARGE_QUESTION,frozen,question,02,no_augmentation,PHQ9,45,Ridge,7.963161,False,intfloat/multilingual-e5-large,defaults,"{""augmentation"": ""no_augmentation"", ""beto_model"": ""dccuchile/bert-base-spanish-wwm-cased"", ""chunk_stride"": 256, ""max_tokens"": 512, ""n_cv_splits"": 5, ""n_search_iter"": 0, ""seeds"": [42, 43, 44, 45, 46], ""sentence_transformer_model"": ""intfloat/multilingual-e5-small"", ""tfidf_lemmatize"": true, ""tfidf_max_df"": 0.9, ""tfidf_max_features"": 300, ""tfidf_min_df"": 3, ""tfidf_ngram_range"": [1, 2], ""tfidf_normalize_numbers"": true}",2026-09-09T14:23:54
E2_E5LARGE_QUESTION,frozen,question,02,no_augmentation,PHQ9,45,SVR,5.362008,True,intfloat/multilingual-e5-large,defaults,"{""augmentation"": ""no_augmentation"", ""beto_model"": ""dccuchile/bert-base-spanish-wwm-cased"", ""chunk_stride"": 256, ""max_tokens"": 512, ""n_cv_splits"": 5, ""n_search_iter"": 0, ""seeds"": [42, 43, 44, 45, 46], ""sentence_transformer_model"": ""intfloat/multilingual-e5-small"", ""tfidf_lemmatize"": true, ""tfidf_max_df"": 0.9, ""tfidf_max_features"": 300, ""tfidf_min_df"": 3, ""tfidf_ngram_range"": [1, 2], ""tfidf_normalize_numbers"": true}",2026-09-09T14:23:54
E2_E5LARGE_QUESTION,frozen,question,02,no_augmentation,PHQ9,45,RandomForest,5.532207,False,intfloat/multilingual-e5-large,defaults,"{""augmentation"": ""no_augmentation"", ""beto_model"": ""dccuchile/bert-base-spanish-wwm-cased"", ""chunk_stride"": 256, ""max_tokens"": 512, ""n_cv_splits"": 5, ""n_search_iter"": 0, ""seeds"": [42, 43, 44, 45, 46], ""sentence_transformer_model"": ""intfloat/multilingual-e5-small"", ""tfidf_lemmatize"": true, ""tfidf_max_df"": 0.9, ""tfidf_max_features"": 300, ""tfidf_min_df"": 3, ""tfidf_ngram_range"": [1, 2], ""tfidf_normalize_numbers"": true}",2026-09-09T14:23:54
E2_E5LARGE_QUESTION,frozen,question,02,no_augmentation,PHQ9,45,ExtraTrees,5.553811,False,intfloat/multilingual-e5-large,defaults,"{""augmentation"": ""no_augmentation"", ""beto_model"": ""dccuchile/bert-base-spanish-wwm-cased"", ""chunk_stride"": 256, ""max_tokens"": 512, ""n_cv_splits"": 5, ""n_search_iter"": 0, ""seeds"": [42, 43, 44, 45, 46], ""sentence_transformer_model"": ""intfloat/multilingual-e5-small"", ""tfidf_lemmatize"": true, ""tfidf_max_df"": 0.9, ""tfidf_max_features"": 300, ""tfidf_min_df"": 3, ""tfidf_ngram_range"": [1, 2], ""tfidf_normalize_numbers"": true}",2026-09-09T14:23:54
E2_E5LARGE_QUESTION,frozen,question,02,no_augmentation,PHQ9,45,GradientBoosting,5.521735,False,intfloat/multilingual-e5-large,defaults,"{""augmentation"": ""no_augmentation"", ""beto_model"": ""dccuchile/bert-base-spanish-wwm-cased"", ""chunk_stride"": 256, ""max_tokens"": 512, ""n_cv_splits"": 5, ""n_search_iter"": 0, ""seeds"": [42, 43, 44, 45, 46], ""sentence_transformer_model"": ""intfloat/multilingual-e5-small"", ""tfidf_lemmatize"": true, ""tfidf_max_df"": 0.9, ""tfidf_max_features"": 300, ""tfidf_min_df"": 3, ""tfidf_ngram_range"": [1, 2], ""tfidf_normalize_numbers"": true}",2026-09-09T14:23:54
E2_E5LARGE_QUESTION,frozen,question,02,no_augmentation,PHQ9,45,LightGBM,5.701186,False,intfloat/multilingual-e5-large,defaults,"{""augmentation"": ""no_augmentation"", ""beto_model"": ""dccuchile/bert-base-spanish-wwm-cased"", ""chunk_stride"": 256, ""max_tokens"": 512, ""n_cv_splits"": 5, ""n_search_iter"": 0, ""seeds"": [42, 43, 44, 45, 46], ""sentence_transformer_model"": ""intfloat/multilingual-e5-small"", ""tfidf_lemmatize"": true, ""tfidf_max_df"": 0.9, ""tfidf_max_features"": 300, ""tfidf_min_df"": 3, ""tfidf_ngram_range"": [1, 2], ""tfidf_normalize_numbers"": true}",2026-09-09T14:23:54
E2_E5LARGE_QUESTION,frozen,question,02,no_augmentation,PHQ9,45,KNN,5.590836,False,intfloat/multilingual-e5-large,defaults,"{""augmentation"": ""no_augmentation"", ""beto_model"": ""dccuchile/bert-base-spanish-wwm-cased"", ""chunk_stride"": 256, ""max_tokens"": 512, ""n_cv_splits"": 5, ""n_search_iter"": 0, ""seeds"": [42, 43, 44, 45, 46], ""sentence_transformer_model"": ""intfloat/multilingual-e5-small"", ""tfidf_lemmatize"": true, ""tfidf_max_df"": 0.9, ""tfidf_max_features"": 300, ""tfidf_min_df"": 3, ""tfidf_ngram_range"": [1, 2], ""tfidf_normalize_numbers"": true}",2026-09-09T14:23:54
E2_E5LARGE_QUESTION,frozen,question,02,no_augmentation,PHQ9,45,DecisionTree,7.470376,False,intfloat/multilingual-e5-large,defaults,"{""augmentation"": ""no_augmentation"", ""beto_model"": ""dccuchile/bert-base-spanish-wwm-cased"", ""chunk_stride"": 256, ""max_tokens"": 512, ""n_cv_splits"": 5, ""n_search_iter"": 0, ""seeds"": [42, 43, 44, 45, 46], ""sentence_transformer_model"": ""intfloat/multilingual-e5-small"", ""tfidf_lemmatize"": true, ""tfidf_max_df"": 0.9, ""tfidf_max_features"": 300, ""tfidf_min_df"": 3, ""tfidf_ngram_range"": [1, 2], ""tfidf_normalize_numbers"": true}",2026-09-09T14:23:54
E2_E5LARGE_QUESTION,frozen,question,02,no_augmentation,PHQ9,45,AdaBoost,5.509109,False,intfloat/multilingual-e5-large,defaults,"{""augmentation"": ""no_augmentation"", ""beto_model"": ""dccuchile/bert-base-spanish-wwm-cased"", ""chunk_stride"": 256, ""max_tokens"": 512, ""n_cv_splits"": 5, ""n_search_iter"": 0, ""seeds"": [42, 43, 44, 45, 46], ""sentence_transformer_model"": ""intfloat/multilingual-e5-small"", ""tfidf_lemmatize"": true, ""tfidf_max_df"": 0.9, ""tfidf_max_features"": 300, ""tfidf_min_df"": 3, ""tfidf_ngram_range"": [1, 2], ""tfidf_normalize_numbers"": true}",2026-09-09T14:23:54
E2_E5LARGE_QUESTION,frozen,question,02,no_augmentation,GAD7,45,Ridge,6.8302,False,intfloat/multilingual-e5-large,defaults,"{""augmentation"": ""no_augmentation"", ""beto_model"": ""dccuchile/bert-base-spanish-wwm-cased"", ""chunk_stride"": 256, ""max_tokens"": 512, ""n_cv_splits"": 5, ""n_search_iter"": 0, ""seeds"": [42, 43, 44, 45, 46], ""sentence_transformer_model"": ""intfloat/multilingual-e5-small"", ""tfidf_lemmatize"": true, ""tfidf_max_df"": 0.9, ""tfidf_max_features"": 300, ""tfidf_min_df"": 3, ""tfidf_ngram_range"": [1, 2], ""tfidf_normalize_numbers"": true}",2026-09-09T14:28:46
E2_E5LARGE_QUESTION,frozen,question,02,no_augmentation,GAD7,45,SVR,4.546042,True,intfloat/multilingual-e5-large,defaults,"{""augmentation"": ""no_augmentation"", ""beto_model"": ""dccuchile/bert-base-spanish-wwm-cased"", ""chunk_stride"": 256, ""max_tokens"": 512, ""n_cv_splits"": 5, ""n_search_iter"": 0, ""seeds"": [42, 43, 44, 45, 46], ""sentence_transformer_model"": ""intfloat/multilingual-e5-small"", ""tfidf_lemmatize"": true, ""tfidf_max_df"": 0.9, ""tfidf_max_features"": 300, ""tfidf_min_df"": 3, ""tfidf_ngram_range"": [1, 2], ""tfidf_normalize_numbers"": true}",2026-09-09T14:28:46
E2_E5LARGE_QUESTION,frozen,question,02,no_augmentation,GAD7,45,RandomForest,4.645938,False,intfloat/multilingual-e5-large,defaults,"{""augmentation"": ""no_augmentation"", ""beto_model"": ""dccuchile/bert-base-spanish-wwm-cased"", ""chunk_stride"": 256, ""max_tokens"": 512, ""n_cv_splits"": 5, ""n_search_iter"": 0, ""seeds"": [42, 43, 44, 45, 46], ""sentence_transformer_model"": ""intfloat/multilingual-e5-small"", ""tfidf_lemmatize"": true, ""tfidf_max_df"": 0.9, ""tfidf_max_features"": 300, ""tfidf_min_df"": 3, ""tfidf_ngram_range"": [1, 2], ""tfidf_normalize_numbers"": true}",2026-09-09T14:28:46
E2_E5LARGE_QUESTION,frozen,question,02,no_augmentation,GAD7,45,ExtraTrees,4.644862,False,intfloat/multilingual-e5-large,defaults,"{""augmentation"": ""no_augmentation"", ""beto_model"": ""dccuchile/bert-base-spanish-wwm-cased"", ""chunk_stride"": 256, ""max_tokens"": 512, ""n_cv_splits"": 5, ""n_search_iter"": 0, ""seeds"": [42, 43, 44, 45, 46], ""sentence_transformer_model"": ""intfloat/multilingual-e5-small"", ""tfidf_lemmatize"": true, ""tfidf_max_df"": 0.9, ""tfidf_max_features"": 300, ""tfidf_min_df"": 3, ""tfidf_ngram_range"": [1, 2], ""tfidf_normalize_numbers"": true}",2026-09-09T14:28:46
E2_E5LARGE_QUESTION,frozen,question,02,no_augmentation,GAD7,45,GradientBoosting,4.69143,False,intfloat/multilingual-e5-large,defaults,"{""augmentation"": ""no_augmentation"", ""beto_model"": ""dccuchile/bert-base-spanish-wwm-cased"", ""chunk_stride"": 256, ""max_tokens"": 512, ""n_cv_splits"": 5, ""n_search_iter"": 0, ""seeds"": [42, 43, 44, 45, 46], ""sentence_transformer_model"": ""intfloat/multilingual-e5-small"", ""tfidf_lemmatize"": true, ""tfidf_max_df"": 0.9, ""tfidf_max_features"": 300, ""tfidf_min_df"": 3, ""tfidf_ngram_range"": [1, 2], ""tfidf_normalize_numbers"": true}",2026-09-09T14:28:46
E2_E5LARGE_QUESTION,frozen,question,02,no_augmentation,GAD7,45,LightGBM,4.845672,False,intfloat/multilingual-e5-large,defaults,"{""augmentation"": ""no_augmentation"", ""beto_model"": ""dccuchile/bert-base-spanish-wwm-cased"", ""chunk_stride"": 256, ""max_tokens"": 512, ""n_cv_splits"": 5, ""n_search_iter"": 0, ""seeds"": [42, 43, 44, 45, 46], ""sentence_transformer_model"": ""intfloat/multilingual-e5-small"", ""tfidf_lemmatize"": true, ""tfidf_max_df"": 0.9, ""tfidf_max_features"": 300, ""tfidf_min_df"": 3, ""tfidf_ngram_range"": [1, 2], ""tfidf_normalize_numbers"": true}",2026-09-09T14:28:46
E2_E5LARGE_QUESTION,frozen,question,02,no_augmentation,GAD7,45,KNN,4.927165,False,intfloat/multilingual-e5-large,defaults,"{""augmentation"": ""no_augmentation"", ""beto_model"": ""dccuchile/bert-base-spanish-wwm-cased"", ""chunk_stride"": 256, ""max_tokens"": 512, ""n_cv_splits"": 5, ""n_search_iter"": 0, ""seeds"": [42, 43, 44, 45, 46], ""sentence_transformer_model"": ""intfloat/multilingual-e5-small"", ""tfidf_lemmatize"": true, ""tfidf_max_df"": 0.9, ""tfidf_max_features"": 300, ""tfidf_min_df"": 3, ""tfidf_ngram_range"": [1, 2], ""tfidf_normalize_numbers"": true}",2026-09-09T14:28:46
E2_E5LARGE_QUESTION,frozen,question,02,no_augmentation,GAD7,45,DecisionTree,5.953741,False,intfloat/multilingual-e5-large,defaults,"{""augmentation"": ""no_augmentation"", ""beto_model"": ""dccuchile/bert-base-spanish-wwm-cased"", ""chunk_stride"": 256, ""max_tokens"": 512, ""n_cv_splits"": 5, ""n_search_iter"": 0, ""seeds"": [42, 43, 44, 45, 46], ""sentence_transformer_model"": ""intfloat/multilingual-e5-small"", ""tfidf_lemmatize"": true, ""tfidf_max_df"": 0.9, ""tfidf_max_features"": 300, ""tfidf_min_df"": 3, ""tfidf_ngram_range"": [1, 2], ""tfidf_normalize_numbers"": true}",2026-09-09T14:28:46
E2_E5LARGE_QUESTION,frozen,question,02,no_augmentation,GAD7,45,AdaBoost,4.580693,False,intfloat/multilingual-e5-large,defaults,"{""augmentation"": ""no_augmentation"", ""beto_model"": ""dccuchile/bert-base-spanish-wwm-cased"", ""chunk_stride"": 256, ""max_tokens"": 512, ""n_cv_splits"": 5, ""n_search_iter"": 0, ""seeds"": [42, 43, 44, 45, 46], ""sentence_transformer_model"": ""intfloat/multilingual-e5-small"", ""tfidf_lemmatize"": true, ""tfidf_max_df"": 0.9, ""tfidf_max_features"": 300, ""tfidf_min_df"": 3, ""tfidf_ngram_range"": [1, 2], ""tfidf_normalize_numbers"": true}",2026-09-09T14:28:46
E2_E5LARGE_QUESTION,frozen,question,02,no_augmentation,PHQ9,46,Ridge,7.612007,False,intfloat/multilingual-e5-large,defaults,"{""augmentation"": ""no_augmentation"", ""beto_model"": ""dccuchile/bert-base-spanish-wwm-cased"", ""chunk_stride"": 256, ""max_tokens"": 512, ""n_cv_splits"": 5, ""n_search_iter"": 0, ""seeds"": [42, 43, 44, 45, 46], ""sentence_transformer_model"": ""intfloat/multilingual-e5-small"", ""tfidf_lemmatize"": true, ""tfidf_max_df"": 0.9, ""tfidf_max_features"": 300, ""tfidf_min_df"": 3, ""tfidf_ngram_range"": [1, 2], ""tfidf_normalize_numbers"": true}",2026-09-09T14:33:46
E2_E5LARGE_QUESTION,frozen,question,02,no_augmentation,PHQ9,46,SVR,5.216515,True,intfloat/multilingual-e5-large,defaults,"{""augmentation"": ""no_augmentation"", ""beto_model"": ""dccuchile/bert-base-spanish-wwm-cased"", ""chunk_stride"": 256, ""max_tokens"": 512, ""n_cv_splits"": 5, ""n_search_iter"": 0, ""seeds"": [42, 43, 44, 45, 46], ""sentence_transformer_model"": ""intfloat/multilingual-e5-small"", ""tfidf_lemmatize"": true, ""tfidf_max_df"": 0.9, ""tfidf_max_features"": 300, ""tfidf_min_df"": 3, ""tfidf_ngram_range"": [1, 2], ""tfidf_normalize_numbers"": true}",2026-09-09T14:33:46
E2_E5LARGE_QUESTION,frozen,question,02,no_augmentation,PHQ9,46,RandomForest,5.437009,False,intfloat/multilingual-e5-large,defaults,"{""augmentation"": ""no_augmentation"", ""beto_model"": ""dccuchile/bert-base-spanish-wwm-cased"", ""chunk_stride"": 256, ""max_tokens"": 512, ""n_cv_splits"": 5, ""n_search_iter"": 0, ""seeds"": [42, 43, 44, 45, 46], ""sentence_transformer_model"": ""intfloat/multilingual-e5-small"", ""tfidf_lemmatize"": true, ""tfidf_max_df"": 0.9, ""tfidf_max_features"": 300, ""tfidf_min_df"": 3, ""tfidf_ngram_range"": [1, 2], ""tfidf_normalize_numbers"": true}",2026-09-09T14:33:46
E2_E5LARGE_QUESTION,frozen,question,02,no_augmentation,PHQ9,46,ExtraTrees,5.467315,False,intfloat/multilingual-e5-large,defaults,"{""augmentation"": ""no_augmentation"", ""beto_model"": ""dccuchile/bert-base-spanish-wwm-cased"", ""chunk_stride"": 256, ""max_tokens"": 512, ""n_cv_splits"": 5, ""n_search_iter"": 0, ""seeds"": [42, 43, 44, 45, 46], ""sentence_transformer_model"": ""intfloat/multilingual-e5-small"", ""tfidf_lemmatize"": true, ""tfidf_max_df"": 0.9, ""tfidf_max_features"": 300, ""tfidf_min_df"": 3, ""tfidf_ngram_range"": [1, 2], ""tfidf_normalize_numbers"": true}",2026-09-09T14:33:46
E2_E5LARGE_QUESTION,frozen,question,02,no_augmentation,PHQ9,46,GradientBoosting,5.36793,False,intfloat/multilingual-e5-large,defaults,"{""augmentation"": ""no_augmentation"", ""beto_model"": ""dccuchile/bert-base-spanish-wwm-cased"", ""chunk_stride"": 256, ""max_tokens"": 512, ""n_cv_splits"": 5, ""n_search_iter"": 0, ""seeds"": [42, 43, 44, 45, 46], ""sentence_transformer_model"": ""intfloat/multilingual-e5-small"", ""tfidf_lemmatize"": true, ""tfidf_max_df"": 0.9, ""tfidf_max_features"": 300, ""tfidf_min_df"": 3, ""tfidf_ngram_range"": [1, 2], ""tfidf_normalize_numbers"": true}",2026-09-09T14:33:46
E2_E5LARGE_QUESTION,frozen,question,02,no_augmentation,PHQ9,46,LightGBM,5.650099,False,intfloat/multilingual-e5-large,defaults,"{""augmentation"": ""no_augmentation"", ""beto_model"": ""dccuchile/bert-base-spanish-wwm-cased"", ""chunk_stride"": 256, ""max_tokens"": 512, ""n_cv_splits"": 5, ""n_search_iter"": 0, ""seeds"": [42, 43, 44, 45, 46], ""sentence_transformer_model"": ""intfloat/multilingual-e5-small"", ""tfidf_lemmatize"": true, ""tfidf_max_df"": 0.9, ""tfidf_max_features"": 300, ""tfidf_min_df"": 3, ""tfidf_ngram_range"": [1, 2], ""tfidf_normalize_numbers"": true}",2026-09-09T14:33:46
E2_E5LARGE_QUESTION,frozen,question,02,no_augmentation,PHQ9,46,KNN,5.363734,False,intfloat/multilingual-e5-large,defaults,"{""augmentation"": ""no_augmentation"", ""beto_model"": ""dccuchile/bert-base-spanish-wwm-cased"", ""chunk_stride"": 256, ""max_tokens"": 512, ""n_cv_splits"": 5, ""n_search_iter"": 0, ""seeds"": [42, 43, 44, 45, 46], ""sentence_transformer_model"": ""intfloat/multilingual-e5-small"", ""tfidf_lemmatize"": true, ""tfidf_max_df"": 0.9, ""tfidf_max_features"": 300, ""tfidf_min_df"": 3, ""tfidf_ngram_range"": [1, 2], ""tfidf_normalize_numbers"": true}",2026-09-09T14:33:46
E2_E5LARGE_QUESTION,frozen,question,02,no_augmentation,PHQ9,46,DecisionTree,7.412288,False,intfloat/multilingual-e5-large,defaults,"{""augmentation"": ""no_augmentation"", ""beto_model"": ""dccuchile/bert-base-spanish-wwm-cased"", ""chunk_stride"": 256, ""max_tokens"": 512, ""n_cv_splits"": 5, ""n_search_iter"": 0, ""seeds"": [42, 43, 44, 45, 46], ""sentence_transformer_model"": ""intfloat/multilingual-e5-small"", ""tfidf_lemmatize"": true, ""tfidf_max_df"": 0.9, ""tfidf_max_features"": 300, ""tfidf_min_df"": 3, ""tfidf_ngram_range"": [1, 2], ""tfidf_normalize_numbers"": true}",2026-09-09T14:33:46
E2_E5LARGE_QUESTION,frozen,question,02,no_augmentation,PHQ9,46,AdaBoost,5.47068,False,intfloat/multilingual-e5-large,defaults,"{""augmentation"": ""no_augmentation"", ""beto_model"": ""dccuchile/bert-base-spanish-wwm-cased"", ""chunk_stride"": 256, ""max_tokens"": 512, ""n_cv_splits"": 5, ""n_search_iter"": 0, ""seeds"": [42, 43, 44, 45, 46], ""sentence_transformer_model"": ""intfloat/multilingual-e5-small"", ""tfidf_lemmatize"": true, ""tfidf_max_df"": 0.9, ""tfidf_max_features"": 300, ""tfidf_min_df"": 3, ""tfidf_ngram_range"": [1, 2], ""tfidf_normalize_numbers"": true}",2026-09-09T14:33:46
E2_E5LARGE_QUESTION,frozen,question,02,no_augmentation,GAD7,46,Ridge,7.117578,False,intfloat/multilingual-e5-large,defaults,"{""augmentation"": ""no_augmentation"", ""beto_model"": ""dccuchile/bert-base-spanish-wwm-cased"", ""chunk_stride"": 256, ""max_tokens"": 512, ""n_cv_splits"": 5, ""n_search_iter"": 0, ""seeds"": [42, 43, 44, 45, 46], ""sentence_transformer_model"": ""intfloat/multilingual-e5-small"", ""tfidf_lemmatize"": true, ""tfidf_max_df"": 0.9, ""tfidf_max_features"": 300, ""tfidf_min_df"": 3, ""tfidf_ngram_range"": [1, 2], ""tfidf_normalize_numbers"": true}",2026-09-09T14:38:37
E2_E5LARGE_QUESTION,frozen,question,02,no_augmentation,GAD7,46,SVR,4.451109,True,intfloat/multilingual-e5-large,defaults,"{""augmentation"": ""no_augmentation"", ""beto_model"": ""dccuchile/bert-base-spanish-wwm-cased"", ""chunk_stride"": 256, ""max_tokens"": 512, ""n_cv_splits"": 5, ""n_search_iter"": 0, ""seeds"": [42, 43, 44, 45, 46], ""sentence_transformer_model"": ""intfloat/multilingual-e5-small"", ""tfidf_lemmatize"": true, ""tfidf_max_df"": 0.9, ""tfidf_max_features"": 300, ""tfidf_min_df"": 3, ""tfidf_ngram_range"": [1, 2], ""tfidf_normalize_numbers"": true}",2026-09-09T14:38:37
E2_E5LARGE_QUESTION,frozen,question,02,no_augmentation,GAD7,46,RandomForest,4.51084,False,intfloat/multilingual-e5-large,defaults,"{""augmentation"": ""no_augmentation"", ""beto_model"": ""dccuchile/bert-base-spanish-wwm-cased"", ""chunk_stride"": 256, ""max_tokens"": 512, ""n_cv_splits"": 5, ""n_search_iter"": 0, ""seeds"": [42, 43, 44, 45, 46], ""sentence_transformer_model"": ""intfloat/multilingual-e5-small"", ""tfidf_lemmatize"": true, ""tfidf_max_df"": 0.9, ""tfidf_max_features"": 300, ""tfidf_min_df"": 3, ""tfidf_ngram_range"": [1, 2], ""tfidf_normalize_numbers"": true}",2026-09-09T14:38:37
E2_E5LARGE_QUESTION,frozen,question,02,no_augmentation,GAD7,46,ExtraTrees,4.5239,False,intfloat/multilingual-e5-large,defaults,"{""augmentation"": ""no_augmentation"", ""beto_model"": ""dccuchile/bert-base-spanish-wwm-cased"", ""chunk_stride"": 256, ""max_tokens"": 512, ""n_cv_splits"": 5, ""n_search_iter"": 0, ""seeds"": [42, 43, 44, 45, 46], ""sentence_transformer_model"": ""intfloat/multilingual-e5-small"", ""tfidf_lemmatize"": true, ""tfidf_max_df"": 0.9, ""tfidf_max_features"": 300, ""tfidf_min_df"": 3, ""tfidf_ngram_range"": [1, 2], ""tfidf_normalize_numbers"": true}",2026-09-09T14:38:37
E2_E5LARGE_QUESTION,frozen,question,02,no_augmentation,GAD7,46,GradientBoosting,4.59348,False,intfloat/multilingual-e5-large,defaults,"{""augmentation"": ""no_augmentation"", ""beto_model"": ""dccuchile/bert-base-spanish-wwm-cased"", ""chunk_stride"": 256, ""max_tokens"": 512, ""n_cv_splits"": 5, ""n_search_iter"": 0, ""seeds"": [42, 43, 44, 45, 46], ""sentence_transformer_model"": ""intfloat/multilingual-e5-small"", ""tfidf_lemmatize"": true, ""tfidf_max_df"": 0.9, ""tfidf_max_features"": 300, ""tfidf_min_df"": 3, ""tfidf_ngram_range"": [1, 2], ""tfidf_normalize_numbers"": true}",2026-09-09T14:38:37
E2_E5LARGE_QUESTION,frozen,question,02,no_augmentation,GAD7,46,LightGBM,4.665138,False,intfloat/multilingual-e5-large,defaults,"{""augmentation"": ""no_augmentation"", ""beto_model"": ""dccuchile/bert-base-spanish-wwm-cased"", ""chunk_stride"": 256, ""max_tokens"": 512, ""n_cv_splits"": 5, ""n_search_iter"": 0, ""seeds"": [42, 43, 44, 45, 46], ""sentence_transformer_model"": ""intfloat/multilingual-e5-small"", ""tfidf_lemmatize"": true, ""tfidf_max_df"": 0.9, ""tfidf_max_features"": 300, ""tfidf_min_df"": 3, ""tfidf_ngram_range"": [1, 2], ""tfidf_normalize_numbers"": true}",2026-09-09T14:38:37
E2_E5LARGE_QUESTION,frozen,question,02,no_augmentation,GAD7,46,KNN,4.755152,False,intfloat/multilingual-e5-large,defaults,"{""augmentation"": ""no_augmentation"", ""beto_model"": ""dccuchile/bert-base-spanish-wwm-cased"", ""chunk_stride"": 256, ""max_tokens"": 512, ""n_cv_splits"": 5, ""n_search_iter"": 0, ""seeds"": [42, 43, 44, 45, 46], ""sentence_transformer_model"": ""intfloat/multilingual-e5-small"", ""tfidf_lemmatize"": true, ""tfidf_max_df"": 0.9, ""tfidf_max_features"": 300, ""tfidf_min_df"": 3, ""tfidf_ngram_range"": [1, 2], ""tfidf_normalize_numbers"": true}",2026-09-09T14:38:37
E2_E5LARGE_QUESTION,frozen,question,02,no_augmentation,GAD7,46,DecisionTree,5.786632,False,intfloat/multilingual-e5-large,defaults,"{""augmentation"": ""no_augmentation"", ""beto_model"": ""dccuchile/bert-base-spanish-wwm-cased"", ""chunk_stride"": 256, ""max_tokens"": 512, ""n_cv_splits"": 5, ""n_search_iter"": 0, ""seeds"": [42, 43, 44, 45, 46], ""sentence_transformer_model"": ""intfloat/multilingual-e5-small"", ""tfidf_lemmatize"": true, ""tfidf_max_df"": 0.9, ""tfidf_max_features"": 300, ""tfidf_min_df"": 3, ""tfidf_ngram_range"": [1, 2], ""tfidf_normalize_numbers"": true}",2026-09-09T14:38:37
E2_E5LARGE_QUESTION,frozen,question,02,no_augmentation,GAD7,46,AdaBoost,4.507682,False,intfloat/multilingual-e5-large,defaults,"{""augmentation"": ""no_augmentation"", ""beto_model"": ""dccuchile/bert-base-spanish-wwm-cased"", ""chunk_stride"": 256, ""max_tokens"": 512, ""n_cv_splits"": 5, ""n_search_iter"": 0, ""seeds"": [42, 43, 44, 45, 46], ""sentence_transformer_model"": ""intfloat/multilingual-e5-small"", ""tfidf_lemmatize"": true, ""tfidf_max_df"": 0.9, ""tfidf_max_features"": 300, ""tfidf_min_df"": 3, ""tfidf_ngram_range"": [1, 2], ""tfidf_normalize_numbers"": true}",2026-09-09T14:38:37
