encoder,family,granularity,notebook,augmentation,target,seed,model_name,cv_rmse,is_selected,encoder_model,search,config_json,logged_at
E0_TFIDF,frozen,participant,1,no_augmentation,PHQ9,42,Ridge,5.910262,False,tfidf,defaults,"{""augmentation"": ""no_augmentation"", ""beto_model"": ""dccuchile/bert-base-spanish-wwm-cased"", ""chunk_stride"": 256, ""max_tokens"": 512, ""n_cv_splits"": 5, ""n_search_iter"": 0, ""seeds"": [42], ""sentence_transformer_model"": ""intfloat/multilingual-e5-small"", ""tfidf_lemmatize"": true, ""tfidf_max_df"": 0.9, ""tfidf_max_features"": 300, ""tfidf_min_df"": 3, ""tfidf_ngram_range"": [1, 2], ""tfidf_normalize_numbers"": true}",2026-09-10T01:36:44
E0_TFIDF,frozen,participant,1,no_augmentation,PHQ9,42,SVR,5.82719,False,tfidf,defaults,"{""augmentation"": ""no_augmentation"", ""beto_model"": ""dccuchile/bert-base-spanish-wwm-cased"", ""chunk_stride"": 256, ""max_tokens"": 512, ""n_cv_splits"": 5, ""n_search_iter"": 0, ""seeds"": [42], ""sentence_transformer_model"": ""intfloat/multilingual-e5-small"", ""tfidf_lemmatize"": true, ""tfidf_max_df"": 0.9, ""tfidf_max_features"": 300, ""tfidf_min_df"": 3, ""tfidf_ngram_range"": [1, 2], ""tfidf_normalize_numbers"": true}",2026-09-10T01:36:44
E0_TFIDF,frozen,participant,1,no_augmentation,PHQ9,42,RandomForest,5.797495,True,tfidf,defaults,"{""augmentation"": ""no_augmentation"", ""beto_model"": ""dccuchile/bert-base-spanish-wwm-cased"", ""chunk_stride"": 256, ""max_tokens"": 512, ""n_cv_splits"": 5, ""n_search_iter"": 0, ""seeds"": [42], ""sentence_transformer_model"": ""intfloat/multilingual-e5-small"", ""tfidf_lemmatize"": true, ""tfidf_max_df"": 0.9, ""tfidf_max_features"": 300, ""tfidf_min_df"": 3, ""tfidf_ngram_range"": [1, 2], ""tfidf_normalize_numbers"": true}",2026-09-10T01:36:44
E0_TFIDF,frozen,participant,1,no_augmentation,PHQ9,42,ExtraTrees,5.813325,False,tfidf,defaults,"{""augmentation"": ""no_augmentation"", ""beto_model"": ""dccuchile/bert-base-spanish-wwm-cased"", ""chunk_stride"": 256, ""max_tokens"": 512, ""n_cv_splits"": 5, ""n_search_iter"": 0, ""seeds"": [42], ""sentence_transformer_model"": ""intfloat/multilingual-e5-small"", ""tfidf_lemmatize"": true, ""tfidf_max_df"": 0.9, ""tfidf_max_features"": 300, ""tfidf_min_df"": 3, ""tfidf_ngram_range"": [1, 2], ""tfidf_normalize_numbers"": true}",2026-09-10T01:36:44
E0_TFIDF,frozen,participant,1,no_augmentation,PHQ9,42,GradientBoosting,5.950287,False,tfidf,defaults,"{""augmentation"": ""no_augmentation"", ""beto_model"": ""dccuchile/bert-base-spanish-wwm-cased"", ""chunk_stride"": 256, ""max_tokens"": 512, ""n_cv_splits"": 5, ""n_search_iter"": 0, ""seeds"": [42], ""sentence_transformer_model"": ""intfloat/multilingual-e5-small"", ""tfidf_lemmatize"": true, ""tfidf_max_df"": 0.9, ""tfidf_max_features"": 300, ""tfidf_min_df"": 3, ""tfidf_ngram_range"": [1, 2], ""tfidf_normalize_numbers"": true}",2026-09-10T01:36:44
E0_TFIDF,frozen,participant,1,no_augmentation,PHQ9,42,LightGBM,5.87346,False,tfidf,defaults,"{""augmentation"": ""no_augmentation"", ""beto_model"": ""dccuchile/bert-base-spanish-wwm-cased"", ""chunk_stride"": 256, ""max_tokens"": 512, ""n_cv_splits"": 5, ""n_search_iter"": 0, ""seeds"": [42], ""sentence_transformer_model"": ""intfloat/multilingual-e5-small"", ""tfidf_lemmatize"": true, ""tfidf_max_df"": 0.9, ""tfidf_max_features"": 300, ""tfidf_min_df"": 3, ""tfidf_ngram_range"": [1, 2], ""tfidf_normalize_numbers"": true}",2026-09-10T01:36:44
E0_TFIDF,frozen,participant,1,no_augmentation,PHQ9,42,KNN,6.259617,False,tfidf,defaults,"{""augmentation"": ""no_augmentation"", ""beto_model"": ""dccuchile/bert-base-spanish-wwm-cased"", ""chunk_stride"": 256, ""max_tokens"": 512, ""n_cv_splits"": 5, ""n_search_iter"": 0, ""seeds"": [42], ""sentence_transformer_model"": ""intfloat/multilingual-e5-small"", ""tfidf_lemmatize"": true, ""tfidf_max_df"": 0.9, ""tfidf_max_features"": 300, ""tfidf_min_df"": 3, ""tfidf_ngram_range"": [1, 2], ""tfidf_normalize_numbers"": true}",2026-09-10T01:36:44
E0_TFIDF,frozen,participant,1,no_augmentation,PHQ9,42,DecisionTree,8.056819,False,tfidf,defaults,"{""augmentation"": ""no_augmentation"", ""beto_model"": ""dccuchile/bert-base-spanish-wwm-cased"", ""chunk_stride"": 256, ""max_tokens"": 512, ""n_cv_splits"": 5, ""n_search_iter"": 0, ""seeds"": [42], ""sentence_transformer_model"": ""intfloat/multilingual-e5-small"", ""tfidf_lemmatize"": true, ""tfidf_max_df"": 0.9, ""tfidf_max_features"": 300, ""tfidf_min_df"": 3, ""tfidf_ngram_range"": [1, 2], ""tfidf_normalize_numbers"": true}",2026-09-10T01:36:44
E0_TFIDF,frozen,participant,1,no_augmentation,PHQ9,42,AdaBoost,5.892496,False,tfidf,defaults,"{""augmentation"": ""no_augmentation"", ""beto_model"": ""dccuchile/bert-base-spanish-wwm-cased"", ""chunk_stride"": 256, ""max_tokens"": 512, ""n_cv_splits"": 5, ""n_search_iter"": 0, ""seeds"": [42], ""sentence_transformer_model"": ""intfloat/multilingual-e5-small"", ""tfidf_lemmatize"": true, ""tfidf_max_df"": 0.9, ""tfidf_max_features"": 300, ""tfidf_min_df"": 3, ""tfidf_ngram_range"": [1, 2], ""tfidf_normalize_numbers"": true}",2026-09-10T01:36:44
E0_TFIDF,frozen,participant,1,no_augmentation,GAD7,42,Ridge,4.943418,False,tfidf,defaults,"{""augmentation"": ""no_augmentation"", ""beto_model"": ""dccuchile/bert-base-spanish-wwm-cased"", ""chunk_stride"": 256, ""max_tokens"": 512, ""n_cv_splits"": 5, ""n_search_iter"": 0, ""seeds"": [42], ""sentence_transformer_model"": ""intfloat/multilingual-e5-small"", ""tfidf_lemmatize"": true, ""tfidf_max_df"": 0.9, ""tfidf_max_features"": 300, ""tfidf_min_df"": 3, ""tfidf_ngram_range"": [1, 2], ""tfidf_normalize_numbers"": true}",2026-09-10T01:37:01
E0_TFIDF,frozen,participant,1,no_augmentation,GAD7,42,SVR,4.839395,False,tfidf,defaults,"{""augmentation"": ""no_augmentation"", ""beto_model"": ""dccuchile/bert-base-spanish-wwm-cased"", ""chunk_stride"": 256, ""max_tokens"": 512, ""n_cv_splits"": 5, ""n_search_iter"": 0, ""seeds"": [42], ""sentence_transformer_model"": ""intfloat/multilingual-e5-small"", ""tfidf_lemmatize"": true, ""tfidf_max_df"": 0.9, ""tfidf_max_features"": 300, ""tfidf_min_df"": 3, ""tfidf_ngram_range"": [1, 2], ""tfidf_normalize_numbers"": true}",2026-09-10T01:37:01
E0_TFIDF,frozen,participant,1,no_augmentation,GAD7,42,RandomForest,4.766152,True,tfidf,defaults,"{""augmentation"": ""no_augmentation"", ""beto_model"": ""dccuchile/bert-base-spanish-wwm-cased"", ""chunk_stride"": 256, ""max_tokens"": 512, ""n_cv_splits"": 5, ""n_search_iter"": 0, ""seeds"": [42], ""sentence_transformer_model"": ""intfloat/multilingual-e5-small"", ""tfidf_lemmatize"": true, ""tfidf_max_df"": 0.9, ""tfidf_max_features"": 300, ""tfidf_min_df"": 3, ""tfidf_ngram_range"": [1, 2], ""tfidf_normalize_numbers"": true}",2026-09-10T01:37:01
E0_TFIDF,frozen,participant,1,no_augmentation,GAD7,42,ExtraTrees,4.803948,False,tfidf,defaults,"{""augmentation"": ""no_augmentation"", ""beto_model"": ""dccuchile/bert-base-spanish-wwm-cased"", ""chunk_stride"": 256, ""max_tokens"": 512, ""n_cv_splits"": 5, ""n_search_iter"": 0, ""seeds"": [42], ""sentence_transformer_model"": ""intfloat/multilingual-e5-small"", ""tfidf_lemmatize"": true, ""tfidf_max_df"": 0.9, ""tfidf_max_features"": 300, ""tfidf_min_df"": 3, ""tfidf_ngram_range"": [1, 2], ""tfidf_normalize_numbers"": true}",2026-09-10T01:37:02
E0_TFIDF,frozen,participant,1,no_augmentation,GAD7,42,GradientBoosting,5.0712,False,tfidf,defaults,"{""augmentation"": ""no_augmentation"", ""beto_model"": ""dccuchile/bert-base-spanish-wwm-cased"", ""chunk_stride"": 256, ""max_tokens"": 512, ""n_cv_splits"": 5, ""n_search_iter"": 0, ""seeds"": [42], ""sentence_transformer_model"": ""intfloat/multilingual-e5-small"", ""tfidf_lemmatize"": true, ""tfidf_max_df"": 0.9, ""tfidf_max_features"": 300, ""tfidf_min_df"": 3, ""tfidf_ngram_range"": [1, 2], ""tfidf_normalize_numbers"": true}",2026-09-10T01:37:02
E0_TFIDF,frozen,participant,1,no_augmentation,GAD7,42,LightGBM,5.196952,False,tfidf,defaults,"{""augmentation"": ""no_augmentation"", ""beto_model"": ""dccuchile/bert-base-spanish-wwm-cased"", ""chunk_stride"": 256, ""max_tokens"": 512, ""n_cv_splits"": 5, ""n_search_iter"": 0, ""seeds"": [42], ""sentence_transformer_model"": ""intfloat/multilingual-e5-small"", ""tfidf_lemmatize"": true, ""tfidf_max_df"": 0.9, ""tfidf_max_features"": 300, ""tfidf_min_df"": 3, ""tfidf_ngram_range"": [1, 2], ""tfidf_normalize_numbers"": true}",2026-09-10T01:37:02
E0_TFIDF,frozen,participant,1,no_augmentation,GAD7,42,KNN,5.082594,False,tfidf,defaults,"{""augmentation"": ""no_augmentation"", ""beto_model"": ""dccuchile/bert-base-spanish-wwm-cased"", ""chunk_stride"": 256, ""max_tokens"": 512, ""n_cv_splits"": 5, ""n_search_iter"": 0, ""seeds"": [42], ""sentence_transformer_model"": ""intfloat/multilingual-e5-small"", ""tfidf_lemmatize"": true, ""tfidf_max_df"": 0.9, ""tfidf_max_features"": 300, ""tfidf_min_df"": 3, ""tfidf_ngram_range"": [1, 2], ""tfidf_normalize_numbers"": true}",2026-09-10T01:37:02
E0_TFIDF,frozen,participant,1,no_augmentation,GAD7,42,DecisionTree,6.102372,False,tfidf,defaults,"{""augmentation"": ""no_augmentation"", ""beto_model"": ""dccuchile/bert-base-spanish-wwm-cased"", ""chunk_stride"": 256, ""max_tokens"": 512, ""n_cv_splits"": 5, ""n_search_iter"": 0, ""seeds"": [42], ""sentence_transformer_model"": ""intfloat/multilingual-e5-small"", ""tfidf_lemmatize"": true, ""tfidf_max_df"": 0.9, ""tfidf_max_features"": 300, ""tfidf_min_df"": 3, ""tfidf_ngram_range"": [1, 2], ""tfidf_normalize_numbers"": true}",2026-09-10T01:37:02
E0_TFIDF,frozen,participant,1,no_augmentation,GAD7,42,AdaBoost,5.002817,False,tfidf,defaults,"{""augmentation"": ""no_augmentation"", ""beto_model"": ""dccuchile/bert-base-spanish-wwm-cased"", ""chunk_stride"": 256, ""max_tokens"": 512, ""n_cv_splits"": 5, ""n_search_iter"": 0, ""seeds"": [42], ""sentence_transformer_model"": ""intfloat/multilingual-e5-small"", ""tfidf_lemmatize"": true, ""tfidf_max_df"": 0.9, ""tfidf_max_features"": 300, ""tfidf_min_df"": 3, ""tfidf_ngram_range"": [1, 2], ""tfidf_normalize_numbers"": true}",2026-09-10T01:37:02
E1_BETO,frozen,participant,1,no_augmentation,PHQ9,42,Ridge,6.30277,False,dccuchile/bert-base-spanish-wwm-cased,defaults,"{""augmentation"": ""no_augmentation"", ""beto_model"": ""dccuchile/bert-base-spanish-wwm-cased"", ""chunk_stride"": 256, ""max_tokens"": 512, ""n_cv_splits"": 5, ""n_search_iter"": 0, ""seeds"": [42], ""sentence_transformer_model"": ""intfloat/multilingual-e5-small"", ""tfidf_lemmatize"": true, ""tfidf_max_df"": 0.9, ""tfidf_max_features"": 300, ""tfidf_min_df"": 3, ""tfidf_ngram_range"": [1, 2], ""tfidf_normalize_numbers"": true}",2026-09-10T01:37:41
E1_BETO,frozen,participant,1,no_augmentation,PHQ9,42,SVR,5.310129,True,dccuchile/bert-base-spanish-wwm-cased,defaults,"{""augmentation"": ""no_augmentation"", ""beto_model"": ""dccuchile/bert-base-spanish-wwm-cased"", ""chunk_stride"": 256, ""max_tokens"": 512, ""n_cv_splits"": 5, ""n_search_iter"": 0, ""seeds"": [42], ""sentence_transformer_model"": ""intfloat/multilingual-e5-small"", ""tfidf_lemmatize"": true, ""tfidf_max_df"": 0.9, ""tfidf_max_features"": 300, ""tfidf_min_df"": 3, ""tfidf_ngram_range"": [1, 2], ""tfidf_normalize_numbers"": true}",2026-09-10T01:37:41
E1_BETO,frozen,participant,1,no_augmentation,PHQ9,42,RandomForest,5.533563,False,dccuchile/bert-base-spanish-wwm-cased,defaults,"{""augmentation"": ""no_augmentation"", ""beto_model"": ""dccuchile/bert-base-spanish-wwm-cased"", ""chunk_stride"": 256, ""max_tokens"": 512, ""n_cv_splits"": 5, ""n_search_iter"": 0, ""seeds"": [42], ""sentence_transformer_model"": ""intfloat/multilingual-e5-small"", ""tfidf_lemmatize"": true, ""tfidf_max_df"": 0.9, ""tfidf_max_features"": 300, ""tfidf_min_df"": 3, ""tfidf_ngram_range"": [1, 2], ""tfidf_normalize_numbers"": true}",2026-09-10T01:37:41
E1_BETO,frozen,participant,1,no_augmentation,PHQ9,42,ExtraTrees,5.538566,False,dccuchile/bert-base-spanish-wwm-cased,defaults,"{""augmentation"": ""no_augmentation"", ""beto_model"": ""dccuchile/bert-base-spanish-wwm-cased"", ""chunk_stride"": 256, ""max_tokens"": 512, ""n_cv_splits"": 5, ""n_search_iter"": 0, ""seeds"": [42], ""sentence_transformer_model"": ""intfloat/multilingual-e5-small"", ""tfidf_lemmatize"": true, ""tfidf_max_df"": 0.9, ""tfidf_max_features"": 300, ""tfidf_min_df"": 3, ""tfidf_ngram_range"": [1, 2], ""tfidf_normalize_numbers"": true}",2026-09-10T01:37:41
E1_BETO,frozen,participant,1,no_augmentation,PHQ9,42,GradientBoosting,5.566803,False,dccuchile/bert-base-spanish-wwm-cased,defaults,"{""augmentation"": ""no_augmentation"", ""beto_model"": ""dccuchile/bert-base-spanish-wwm-cased"", ""chunk_stride"": 256, ""max_tokens"": 512, ""n_cv_splits"": 5, ""n_search_iter"": 0, ""seeds"": [42], ""sentence_transformer_model"": ""intfloat/multilingual-e5-small"", ""tfidf_lemmatize"": true, ""tfidf_max_df"": 0.9, ""tfidf_max_features"": 300, ""tfidf_min_df"": 3, ""tfidf_ngram_range"": [1, 2], ""tfidf_normalize_numbers"": true}",2026-09-10T01:37:41
E1_BETO,frozen,participant,1,no_augmentation,PHQ9,42,LightGBM,6.167107,False,dccuchile/bert-base-spanish-wwm-cased,defaults,"{""augmentation"": ""no_augmentation"", ""beto_model"": ""dccuchile/bert-base-spanish-wwm-cased"", ""chunk_stride"": 256, ""max_tokens"": 512, ""n_cv_splits"": 5, ""n_search_iter"": 0, ""seeds"": [42], ""sentence_transformer_model"": ""intfloat/multilingual-e5-small"", ""tfidf_lemmatize"": true, ""tfidf_max_df"": 0.9, ""tfidf_max_features"": 300, ""tfidf_min_df"": 3, ""tfidf_ngram_range"": [1, 2], ""tfidf_normalize_numbers"": true}",2026-09-10T01:37:41
E1_BETO,frozen,participant,1,no_augmentation,PHQ9,42,KNN,5.609571,False,dccuchile/bert-base-spanish-wwm-cased,defaults,"{""augmentation"": ""no_augmentation"", ""beto_model"": ""dccuchile/bert-base-spanish-wwm-cased"", ""chunk_stride"": 256, ""max_tokens"": 512, ""n_cv_splits"": 5, ""n_search_iter"": 0, ""seeds"": [42], ""sentence_transformer_model"": ""intfloat/multilingual-e5-small"", ""tfidf_lemmatize"": true, ""tfidf_max_df"": 0.9, ""tfidf_max_features"": 300, ""tfidf_min_df"": 3, ""tfidf_ngram_range"": [1, 2], ""tfidf_normalize_numbers"": true}",2026-09-10T01:37:41
E1_BETO,frozen,participant,1,no_augmentation,PHQ9,42,DecisionTree,7.096485,False,dccuchile/bert-base-spanish-wwm-cased,defaults,"{""augmentation"": ""no_augmentation"", ""beto_model"": ""dccuchile/bert-base-spanish-wwm-cased"", ""chunk_stride"": 256, ""max_tokens"": 512, ""n_cv_splits"": 5, ""n_search_iter"": 0, ""seeds"": [42], ""sentence_transformer_model"": ""intfloat/multilingual-e5-small"", ""tfidf_lemmatize"": true, ""tfidf_max_df"": 0.9, ""tfidf_max_features"": 300, ""tfidf_min_df"": 3, ""tfidf_ngram_range"": [1, 2], ""tfidf_normalize_numbers"": true}",2026-09-10T01:37:41
E1_BETO,frozen,participant,1,no_augmentation,PHQ9,42,AdaBoost,5.389987,False,dccuchile/bert-base-spanish-wwm-cased,defaults,"{""augmentation"": ""no_augmentation"", ""beto_model"": ""dccuchile/bert-base-spanish-wwm-cased"", ""chunk_stride"": 256, ""max_tokens"": 512, ""n_cv_splits"": 5, ""n_search_iter"": 0, ""seeds"": [42], ""sentence_transformer_model"": ""intfloat/multilingual-e5-small"", ""tfidf_lemmatize"": true, ""tfidf_max_df"": 0.9, ""tfidf_max_features"": 300, ""tfidf_min_df"": 3, ""tfidf_ngram_range"": [1, 2], ""tfidf_normalize_numbers"": true}",2026-09-10T01:37:41
E1_BETO,frozen,participant,1,no_augmentation,GAD7,42,Ridge,6.230106,False,dccuchile/bert-base-spanish-wwm-cased,defaults,"{""augmentation"": ""no_augmentation"", ""beto_model"": ""dccuchile/bert-base-spanish-wwm-cased"", ""chunk_stride"": 256, ""max_tokens"": 512, ""n_cv_splits"": 5, ""n_search_iter"": 0, ""seeds"": [42], ""sentence_transformer_model"": ""intfloat/multilingual-e5-small"", ""tfidf_lemmatize"": true, ""tfidf_max_df"": 0.9, ""tfidf_max_features"": 300, ""tfidf_min_df"": 3, ""tfidf_ngram_range"": [1, 2], ""tfidf_normalize_numbers"": true}",2026-09-10T01:38:39
E1_BETO,frozen,participant,1,no_augmentation,GAD7,42,SVR,4.513473,True,dccuchile/bert-base-spanish-wwm-cased,defaults,"{""augmentation"": ""no_augmentation"", ""beto_model"": ""dccuchile/bert-base-spanish-wwm-cased"", ""chunk_stride"": 256, ""max_tokens"": 512, ""n_cv_splits"": 5, ""n_search_iter"": 0, ""seeds"": [42], ""sentence_transformer_model"": ""intfloat/multilingual-e5-small"", ""tfidf_lemmatize"": true, ""tfidf_max_df"": 0.9, ""tfidf_max_features"": 300, ""tfidf_min_df"": 3, ""tfidf_ngram_range"": [1, 2], ""tfidf_normalize_numbers"": true}",2026-09-10T01:38:39
E1_BETO,frozen,participant,1,no_augmentation,GAD7,42,RandomForest,4.615606,False,dccuchile/bert-base-spanish-wwm-cased,defaults,"{""augmentation"": ""no_augmentation"", ""beto_model"": ""dccuchile/bert-base-spanish-wwm-cased"", ""chunk_stride"": 256, ""max_tokens"": 512, ""n_cv_splits"": 5, ""n_search_iter"": 0, ""seeds"": [42], ""sentence_transformer_model"": ""intfloat/multilingual-e5-small"", ""tfidf_lemmatize"": true, ""tfidf_max_df"": 0.9, ""tfidf_max_features"": 300, ""tfidf_min_df"": 3, ""tfidf_ngram_range"": [1, 2], ""tfidf_normalize_numbers"": true}",2026-09-10T01:38:39
E1_BETO,frozen,participant,1,no_augmentation,GAD7,42,ExtraTrees,4.613532,False,dccuchile/bert-base-spanish-wwm-cased,defaults,"{""augmentation"": ""no_augmentation"", ""beto_model"": ""dccuchile/bert-base-spanish-wwm-cased"", ""chunk_stride"": 256, ""max_tokens"": 512, ""n_cv_splits"": 5, ""n_search_iter"": 0, ""seeds"": [42], ""sentence_transformer_model"": ""intfloat/multilingual-e5-small"", ""tfidf_lemmatize"": true, ""tfidf_max_df"": 0.9, ""tfidf_max_features"": 300, ""tfidf_min_df"": 3, ""tfidf_ngram_range"": [1, 2], ""tfidf_normalize_numbers"": true}",2026-09-10T01:38:39
E1_BETO,frozen,participant,1,no_augmentation,GAD7,42,GradientBoosting,4.827985,False,dccuchile/bert-base-spanish-wwm-cased,defaults,"{""augmentation"": ""no_augmentation"", ""beto_model"": ""dccuchile/bert-base-spanish-wwm-cased"", ""chunk_stride"": 256, ""max_tokens"": 512, ""n_cv_splits"": 5, ""n_search_iter"": 0, ""seeds"": [42], ""sentence_transformer_model"": ""intfloat/multilingual-e5-small"", ""tfidf_lemmatize"": true, ""tfidf_max_df"": 0.9, ""tfidf_max_features"": 300, ""tfidf_min_df"": 3, ""tfidf_ngram_range"": [1, 2], ""tfidf_normalize_numbers"": true}",2026-09-10T01:38:39
E1_BETO,frozen,participant,1,no_augmentation,GAD7,42,LightGBM,5.249184,False,dccuchile/bert-base-spanish-wwm-cased,defaults,"{""augmentation"": ""no_augmentation"", ""beto_model"": ""dccuchile/bert-base-spanish-wwm-cased"", ""chunk_stride"": 256, ""max_tokens"": 512, ""n_cv_splits"": 5, ""n_search_iter"": 0, ""seeds"": [42], ""sentence_transformer_model"": ""intfloat/multilingual-e5-small"", ""tfidf_lemmatize"": true, ""tfidf_max_df"": 0.9, ""tfidf_max_features"": 300, ""tfidf_min_df"": 3, ""tfidf_ngram_range"": [1, 2], ""tfidf_normalize_numbers"": true}",2026-09-10T01:38:39
E1_BETO,frozen,participant,1,no_augmentation,GAD7,42,KNN,4.738897,False,dccuchile/bert-base-spanish-wwm-cased,defaults,"{""augmentation"": ""no_augmentation"", ""beto_model"": ""dccuchile/bert-base-spanish-wwm-cased"", ""chunk_stride"": 256, ""max_tokens"": 512, ""n_cv_splits"": 5, ""n_search_iter"": 0, ""seeds"": [42], ""sentence_transformer_model"": ""intfloat/multilingual-e5-small"", ""tfidf_lemmatize"": true, ""tfidf_max_df"": 0.9, ""tfidf_max_features"": 300, ""tfidf_min_df"": 3, ""tfidf_ngram_range"": [1, 2], ""tfidf_normalize_numbers"": true}",2026-09-10T01:38:39
E1_BETO,frozen,participant,1,no_augmentation,GAD7,42,DecisionTree,6.026691,False,dccuchile/bert-base-spanish-wwm-cased,defaults,"{""augmentation"": ""no_augmentation"", ""beto_model"": ""dccuchile/bert-base-spanish-wwm-cased"", ""chunk_stride"": 256, ""max_tokens"": 512, ""n_cv_splits"": 5, ""n_search_iter"": 0, ""seeds"": [42], ""sentence_transformer_model"": ""intfloat/multilingual-e5-small"", ""tfidf_lemmatize"": true, ""tfidf_max_df"": 0.9, ""tfidf_max_features"": 300, ""tfidf_min_df"": 3, ""tfidf_ngram_range"": [1, 2], ""tfidf_normalize_numbers"": true}",2026-09-10T01:38:39
E1_BETO,frozen,participant,1,no_augmentation,GAD7,42,AdaBoost,4.697947,False,dccuchile/bert-base-spanish-wwm-cased,defaults,"{""augmentation"": ""no_augmentation"", ""beto_model"": ""dccuchile/bert-base-spanish-wwm-cased"", ""chunk_stride"": 256, ""max_tokens"": 512, ""n_cv_splits"": 5, ""n_search_iter"": 0, ""seeds"": [42], ""sentence_transformer_model"": ""intfloat/multilingual-e5-small"", ""tfidf_lemmatize"": true, ""tfidf_max_df"": 0.9, ""tfidf_max_features"": 300, ""tfidf_min_df"": 3, ""tfidf_ngram_range"": [1, 2], ""tfidf_normalize_numbers"": true}",2026-09-10T01:38:39
E2_E5SMALL,frozen,participant,1,no_augmentation,PHQ9,42,Ridge,6.837709,False,intfloat/multilingual-e5-small,defaults,"{""augmentation"": ""no_augmentation"", ""beto_model"": ""dccuchile/bert-base-spanish-wwm-cased"", ""chunk_stride"": 256, ""max_tokens"": 512, ""n_cv_splits"": 5, ""n_search_iter"": 0, ""seeds"": [42], ""sentence_transformer_model"": ""intfloat/multilingual-e5-small"", ""tfidf_lemmatize"": true, ""tfidf_max_df"": 0.9, ""tfidf_max_features"": 300, ""tfidf_min_df"": 3, ""tfidf_ngram_range"": [1, 2], ""tfidf_normalize_numbers"": true}",2026-09-10T01:39:15
E2_E5SMALL,frozen,participant,1,no_augmentation,PHQ9,42,SVR,5.568736,False,intfloat/multilingual-e5-small,defaults,"{""augmentation"": ""no_augmentation"", ""beto_model"": ""dccuchile/bert-base-spanish-wwm-cased"", ""chunk_stride"": 256, ""max_tokens"": 512, ""n_cv_splits"": 5, ""n_search_iter"": 0, ""seeds"": [42], ""sentence_transformer_model"": ""intfloat/multilingual-e5-small"", ""tfidf_lemmatize"": true, ""tfidf_max_df"": 0.9, ""tfidf_max_features"": 300, ""tfidf_min_df"": 3, ""tfidf_ngram_range"": [1, 2], ""tfidf_normalize_numbers"": true}",2026-09-10T01:39:15
E2_E5SMALL,frozen,participant,1,no_augmentation,PHQ9,42,RandomForest,5.580059,False,intfloat/multilingual-e5-small,defaults,"{""augmentation"": ""no_augmentation"", ""beto_model"": ""dccuchile/bert-base-spanish-wwm-cased"", ""chunk_stride"": 256, ""max_tokens"": 512, ""n_cv_splits"": 5, ""n_search_iter"": 0, ""seeds"": [42], ""sentence_transformer_model"": ""intfloat/multilingual-e5-small"", ""tfidf_lemmatize"": true, ""tfidf_max_df"": 0.9, ""tfidf_max_features"": 300, ""tfidf_min_df"": 3, ""tfidf_ngram_range"": [1, 2], ""tfidf_normalize_numbers"": true}",2026-09-10T01:39:15
E2_E5SMALL,frozen,participant,1,no_augmentation,PHQ9,42,ExtraTrees,5.578678,False,intfloat/multilingual-e5-small,defaults,"{""augmentation"": ""no_augmentation"", ""beto_model"": ""dccuchile/bert-base-spanish-wwm-cased"", ""chunk_stride"": 256, ""max_tokens"": 512, ""n_cv_splits"": 5, ""n_search_iter"": 0, ""seeds"": [42], ""sentence_transformer_model"": ""intfloat/multilingual-e5-small"", ""tfidf_lemmatize"": true, ""tfidf_max_df"": 0.9, ""tfidf_max_features"": 300, ""tfidf_min_df"": 3, ""tfidf_ngram_range"": [1, 2], ""tfidf_normalize_numbers"": true}",2026-09-10T01:39:15
E2_E5SMALL,frozen,participant,1,no_augmentation,PHQ9,42,GradientBoosting,5.807749,False,intfloat/multilingual-e5-small,defaults,"{""augmentation"": ""no_augmentation"", ""beto_model"": ""dccuchile/bert-base-spanish-wwm-cased"", ""chunk_stride"": 256, ""max_tokens"": 512, ""n_cv_splits"": 5, ""n_search_iter"": 0, ""seeds"": [42], ""sentence_transformer_model"": ""intfloat/multilingual-e5-small"", ""tfidf_lemmatize"": true, ""tfidf_max_df"": 0.9, ""tfidf_max_features"": 300, ""tfidf_min_df"": 3, ""tfidf_ngram_range"": [1, 2], ""tfidf_normalize_numbers"": true}",2026-09-10T01:39:15
E2_E5SMALL,frozen,participant,1,no_augmentation,PHQ9,42,LightGBM,5.894356,False,intfloat/multilingual-e5-small,defaults,"{""augmentation"": ""no_augmentation"", ""beto_model"": ""dccuchile/bert-base-spanish-wwm-cased"", ""chunk_stride"": 256, ""max_tokens"": 512, ""n_cv_splits"": 5, ""n_search_iter"": 0, ""seeds"": [42], ""sentence_transformer_model"": ""intfloat/multilingual-e5-small"", ""tfidf_lemmatize"": true, ""tfidf_max_df"": 0.9, ""tfidf_max_features"": 300, ""tfidf_min_df"": 3, ""tfidf_ngram_range"": [1, 2], ""tfidf_normalize_numbers"": true}",2026-09-10T01:39:15
E2_E5SMALL,frozen,participant,1,no_augmentation,PHQ9,42,KNN,5.71955,False,intfloat/multilingual-e5-small,defaults,"{""augmentation"": ""no_augmentation"", ""beto_model"": ""dccuchile/bert-base-spanish-wwm-cased"", ""chunk_stride"": 256, ""max_tokens"": 512, ""n_cv_splits"": 5, ""n_search_iter"": 0, ""seeds"": [42], ""sentence_transformer_model"": ""intfloat/multilingual-e5-small"", ""tfidf_lemmatize"": true, ""tfidf_max_df"": 0.9, ""tfidf_max_features"": 300, ""tfidf_min_df"": 3, ""tfidf_ngram_range"": [1, 2], ""tfidf_normalize_numbers"": true}",2026-09-10T01:39:15
E2_E5SMALL,frozen,participant,1,no_augmentation,PHQ9,42,DecisionTree,8.272205,False,intfloat/multilingual-e5-small,defaults,"{""augmentation"": ""no_augmentation"", ""beto_model"": ""dccuchile/bert-base-spanish-wwm-cased"", ""chunk_stride"": 256, ""max_tokens"": 512, ""n_cv_splits"": 5, ""n_search_iter"": 0, ""seeds"": [42], ""sentence_transformer_model"": ""intfloat/multilingual-e5-small"", ""tfidf_lemmatize"": true, ""tfidf_max_df"": 0.9, ""tfidf_max_features"": 300, ""tfidf_min_df"": 3, ""tfidf_ngram_range"": [1, 2], ""tfidf_normalize_numbers"": true}",2026-09-10T01:39:15
E2_E5SMALL,frozen,participant,1,no_augmentation,PHQ9,42,AdaBoost,5.516649,True,intfloat/multilingual-e5-small,defaults,"{""augmentation"": ""no_augmentation"", ""beto_model"": ""dccuchile/bert-base-spanish-wwm-cased"", ""chunk_stride"": 256, ""max_tokens"": 512, ""n_cv_splits"": 5, ""n_search_iter"": 0, ""seeds"": [42], ""sentence_transformer_model"": ""intfloat/multilingual-e5-small"", ""tfidf_lemmatize"": true, ""tfidf_max_df"": 0.9, ""tfidf_max_features"": 300, ""tfidf_min_df"": 3, ""tfidf_ngram_range"": [1, 2], ""tfidf_normalize_numbers"": true}",2026-09-10T01:39:15
E2_E5SMALL,frozen,participant,1,no_augmentation,GAD7,42,Ridge,5.624098,False,intfloat/multilingual-e5-small,defaults,"{""augmentation"": ""no_augmentation"", ""beto_model"": ""dccuchile/bert-base-spanish-wwm-cased"", ""chunk_stride"": 256, ""max_tokens"": 512, ""n_cv_splits"": 5, ""n_search_iter"": 0, ""seeds"": [42], ""sentence_transformer_model"": ""intfloat/multilingual-e5-small"", ""tfidf_lemmatize"": true, ""tfidf_max_df"": 0.9, ""tfidf_max_features"": 300, ""tfidf_min_df"": 3, ""tfidf_ngram_range"": [1, 2], ""tfidf_normalize_numbers"": true}",2026-09-10T01:39:37
E2_E5SMALL,frozen,participant,1,no_augmentation,GAD7,42,SVR,4.564414,False,intfloat/multilingual-e5-small,defaults,"{""augmentation"": ""no_augmentation"", ""beto_model"": ""dccuchile/bert-base-spanish-wwm-cased"", ""chunk_stride"": 256, ""max_tokens"": 512, ""n_cv_splits"": 5, ""n_search_iter"": 0, ""seeds"": [42], ""sentence_transformer_model"": ""intfloat/multilingual-e5-small"", ""tfidf_lemmatize"": true, ""tfidf_max_df"": 0.9, ""tfidf_max_features"": 300, ""tfidf_min_df"": 3, ""tfidf_ngram_range"": [1, 2], ""tfidf_normalize_numbers"": true}",2026-09-10T01:39:37
E2_E5SMALL,frozen,participant,1,no_augmentation,GAD7,42,RandomForest,4.563336,True,intfloat/multilingual-e5-small,defaults,"{""augmentation"": ""no_augmentation"", ""beto_model"": ""dccuchile/bert-base-spanish-wwm-cased"", ""chunk_stride"": 256, ""max_tokens"": 512, ""n_cv_splits"": 5, ""n_search_iter"": 0, ""seeds"": [42], ""sentence_transformer_model"": ""intfloat/multilingual-e5-small"", ""tfidf_lemmatize"": true, ""tfidf_max_df"": 0.9, ""tfidf_max_features"": 300, ""tfidf_min_df"": 3, ""tfidf_ngram_range"": [1, 2], ""tfidf_normalize_numbers"": true}",2026-09-10T01:39:37
E2_E5SMALL,frozen,participant,1,no_augmentation,GAD7,42,ExtraTrees,4.656309,False,intfloat/multilingual-e5-small,defaults,"{""augmentation"": ""no_augmentation"", ""beto_model"": ""dccuchile/bert-base-spanish-wwm-cased"", ""chunk_stride"": 256, ""max_tokens"": 512, ""n_cv_splits"": 5, ""n_search_iter"": 0, ""seeds"": [42], ""sentence_transformer_model"": ""intfloat/multilingual-e5-small"", ""tfidf_lemmatize"": true, ""tfidf_max_df"": 0.9, ""tfidf_max_features"": 300, ""tfidf_min_df"": 3, ""tfidf_ngram_range"": [1, 2], ""tfidf_normalize_numbers"": true}",2026-09-10T01:39:37
E2_E5SMALL,frozen,participant,1,no_augmentation,GAD7,42,GradientBoosting,4.711605,False,intfloat/multilingual-e5-small,defaults,"{""augmentation"": ""no_augmentation"", ""beto_model"": ""dccuchile/bert-base-spanish-wwm-cased"", ""chunk_stride"": 256, ""max_tokens"": 512, ""n_cv_splits"": 5, ""n_search_iter"": 0, ""seeds"": [42], ""sentence_transformer_model"": ""intfloat/multilingual-e5-small"", ""tfidf_lemmatize"": true, ""tfidf_max_df"": 0.9, ""tfidf_max_features"": 300, ""tfidf_min_df"": 3, ""tfidf_ngram_range"": [1, 2], ""tfidf_normalize_numbers"": true}",2026-09-10T01:39:37
E2_E5SMALL,frozen,participant,1,no_augmentation,GAD7,42,LightGBM,4.744371,False,intfloat/multilingual-e5-small,defaults,"{""augmentation"": ""no_augmentation"", ""beto_model"": ""dccuchile/bert-base-spanish-wwm-cased"", ""chunk_stride"": 256, ""max_tokens"": 512, ""n_cv_splits"": 5, ""n_search_iter"": 0, ""seeds"": [42], ""sentence_transformer_model"": ""intfloat/multilingual-e5-small"", ""tfidf_lemmatize"": true, ""tfidf_max_df"": 0.9, ""tfidf_max_features"": 300, ""tfidf_min_df"": 3, ""tfidf_ngram_range"": [1, 2], ""tfidf_normalize_numbers"": true}",2026-09-10T01:39:37
E2_E5SMALL,frozen,participant,1,no_augmentation,GAD7,42,KNN,4.799106,False,intfloat/multilingual-e5-small,defaults,"{""augmentation"": ""no_augmentation"", ""beto_model"": ""dccuchile/bert-base-spanish-wwm-cased"", ""chunk_stride"": 256, ""max_tokens"": 512, ""n_cv_splits"": 5, ""n_search_iter"": 0, ""seeds"": [42], ""sentence_transformer_model"": ""intfloat/multilingual-e5-small"", ""tfidf_lemmatize"": true, ""tfidf_max_df"": 0.9, ""tfidf_max_features"": 300, ""tfidf_min_df"": 3, ""tfidf_ngram_range"": [1, 2], ""tfidf_normalize_numbers"": true}",2026-09-10T01:39:37
E2_E5SMALL,frozen,participant,1,no_augmentation,GAD7,42,DecisionTree,6.421207,False,intfloat/multilingual-e5-small,defaults,"{""augmentation"": ""no_augmentation"", ""beto_model"": ""dccuchile/bert-base-spanish-wwm-cased"", ""chunk_stride"": 256, ""max_tokens"": 512, ""n_cv_splits"": 5, ""n_search_iter"": 0, ""seeds"": [42], ""sentence_transformer_model"": ""intfloat/multilingual-e5-small"", ""tfidf_lemmatize"": true, ""tfidf_max_df"": 0.9, ""tfidf_max_features"": 300, ""tfidf_min_df"": 3, ""tfidf_ngram_range"": [1, 2], ""tfidf_normalize_numbers"": true}",2026-09-10T01:39:37
E2_E5SMALL,frozen,participant,1,no_augmentation,GAD7,42,AdaBoost,4.57554,False,intfloat/multilingual-e5-small,defaults,"{""augmentation"": ""no_augmentation"", ""beto_model"": ""dccuchile/bert-base-spanish-wwm-cased"", ""chunk_stride"": 256, ""max_tokens"": 512, ""n_cv_splits"": 5, ""n_search_iter"": 0, ""seeds"": [42], ""sentence_transformer_model"": ""intfloat/multilingual-e5-small"", ""tfidf_lemmatize"": true, ""tfidf_max_df"": 0.9, ""tfidf_max_features"": 300, ""tfidf_min_df"": 3, ""tfidf_ngram_range"": [1, 2], ""tfidf_normalize_numbers"": true}",2026-09-10T01:39:37
E2_E5BASE,frozen,participant,1,no_augmentation,PHQ9,42,Ridge,6.212348,False,intfloat/multilingual-e5-base,defaults,"{""augmentation"": ""no_augmentation"", ""beto_model"": ""dccuchile/bert-base-spanish-wwm-cased"", ""chunk_stride"": 256, ""max_tokens"": 512, ""n_cv_splits"": 5, ""n_search_iter"": 0, ""seeds"": [42], ""sentence_transformer_model"": ""intfloat/multilingual-e5-small"", ""tfidf_lemmatize"": true, ""tfidf_max_df"": 0.9, ""tfidf_max_features"": 300, ""tfidf_min_df"": 3, ""tfidf_ngram_range"": [1, 2], ""tfidf_normalize_numbers"": true}",2026-09-10T01:40:28
E2_E5BASE,frozen,participant,1,no_augmentation,PHQ9,42,SVR,5.157867,False,intfloat/multilingual-e5-base,defaults,"{""augmentation"": ""no_augmentation"", ""beto_model"": ""dccuchile/bert-base-spanish-wwm-cased"", ""chunk_stride"": 256, ""max_tokens"": 512, ""n_cv_splits"": 5, ""n_search_iter"": 0, ""seeds"": [42], ""sentence_transformer_model"": ""intfloat/multilingual-e5-small"", ""tfidf_lemmatize"": true, ""tfidf_max_df"": 0.9, ""tfidf_max_features"": 300, ""tfidf_min_df"": 3, ""tfidf_ngram_range"": [1, 2], ""tfidf_normalize_numbers"": true}",2026-09-10T01:40:28
E2_E5BASE,frozen,participant,1,no_augmentation,PHQ9,42,RandomForest,5.161188,False,intfloat/multilingual-e5-base,defaults,"{""augmentation"": ""no_augmentation"", ""beto_model"": ""dccuchile/bert-base-spanish-wwm-cased"", ""chunk_stride"": 256, ""max_tokens"": 512, ""n_cv_splits"": 5, ""n_search_iter"": 0, ""seeds"": [42], ""sentence_transformer_model"": ""intfloat/multilingual-e5-small"", ""tfidf_lemmatize"": true, ""tfidf_max_df"": 0.9, ""tfidf_max_features"": 300, ""tfidf_min_df"": 3, ""tfidf_ngram_range"": [1, 2], ""tfidf_normalize_numbers"": true}",2026-09-10T01:40:28
E2_E5BASE,frozen,participant,1,no_augmentation,PHQ9,42,ExtraTrees,5.234627,False,intfloat/multilingual-e5-base,defaults,"{""augmentation"": ""no_augmentation"", ""beto_model"": ""dccuchile/bert-base-spanish-wwm-cased"", ""chunk_stride"": 256, ""max_tokens"": 512, ""n_cv_splits"": 5, ""n_search_iter"": 0, ""seeds"": [42], ""sentence_transformer_model"": ""intfloat/multilingual-e5-small"", ""tfidf_lemmatize"": true, ""tfidf_max_df"": 0.9, ""tfidf_max_features"": 300, ""tfidf_min_df"": 3, ""tfidf_ngram_range"": [1, 2], ""tfidf_normalize_numbers"": true}",2026-09-10T01:40:28
E2_E5BASE,frozen,participant,1,no_augmentation,PHQ9,42,GradientBoosting,5.311426,False,intfloat/multilingual-e5-base,defaults,"{""augmentation"": ""no_augmentation"", ""beto_model"": ""dccuchile/bert-base-spanish-wwm-cased"", ""chunk_stride"": 256, ""max_tokens"": 512, ""n_cv_splits"": 5, ""n_search_iter"": 0, ""seeds"": [42], ""sentence_transformer_model"": ""intfloat/multilingual-e5-small"", ""tfidf_lemmatize"": true, ""tfidf_max_df"": 0.9, ""tfidf_max_features"": 300, ""tfidf_min_df"": 3, ""tfidf_ngram_range"": [1, 2], ""tfidf_normalize_numbers"": true}",2026-09-10T01:40:28
E2_E5BASE,frozen,participant,1,no_augmentation,PHQ9,42,LightGBM,5.21505,False,intfloat/multilingual-e5-base,defaults,"{""augmentation"": ""no_augmentation"", ""beto_model"": ""dccuchile/bert-base-spanish-wwm-cased"", ""chunk_stride"": 256, ""max_tokens"": 512, ""n_cv_splits"": 5, ""n_search_iter"": 0, ""seeds"": [42], ""sentence_transformer_model"": ""intfloat/multilingual-e5-small"", ""tfidf_lemmatize"": true, ""tfidf_max_df"": 0.9, ""tfidf_max_features"": 300, ""tfidf_min_df"": 3, ""tfidf_ngram_range"": [1, 2], ""tfidf_normalize_numbers"": true}",2026-09-10T01:40:28
E2_E5BASE,frozen,participant,1,no_augmentation,PHQ9,42,KNN,5.73176,False,intfloat/multilingual-e5-base,defaults,"{""augmentation"": ""no_augmentation"", ""beto_model"": ""dccuchile/bert-base-spanish-wwm-cased"", ""chunk_stride"": 256, ""max_tokens"": 512, ""n_cv_splits"": 5, ""n_search_iter"": 0, ""seeds"": [42], ""sentence_transformer_model"": ""intfloat/multilingual-e5-small"", ""tfidf_lemmatize"": true, ""tfidf_max_df"": 0.9, ""tfidf_max_features"": 300, ""tfidf_min_df"": 3, ""tfidf_ngram_range"": [1, 2], ""tfidf_normalize_numbers"": true}",2026-09-10T01:40:28
E2_E5BASE,frozen,participant,1,no_augmentation,PHQ9,42,DecisionTree,7.63936,False,intfloat/multilingual-e5-base,defaults,"{""augmentation"": ""no_augmentation"", ""beto_model"": ""dccuchile/bert-base-spanish-wwm-cased"", ""chunk_stride"": 256, ""max_tokens"": 512, ""n_cv_splits"": 5, ""n_search_iter"": 0, ""seeds"": [42], ""sentence_transformer_model"": ""intfloat/multilingual-e5-small"", ""tfidf_lemmatize"": true, ""tfidf_max_df"": 0.9, ""tfidf_max_features"": 300, ""tfidf_min_df"": 3, ""tfidf_ngram_range"": [1, 2], ""tfidf_normalize_numbers"": true}",2026-09-10T01:40:28
E2_E5BASE,frozen,participant,1,no_augmentation,PHQ9,42,AdaBoost,5.153795,True,intfloat/multilingual-e5-base,defaults,"{""augmentation"": ""no_augmentation"", ""beto_model"": ""dccuchile/bert-base-spanish-wwm-cased"", ""chunk_stride"": 256, ""max_tokens"": 512, ""n_cv_splits"": 5, ""n_search_iter"": 0, ""seeds"": [42], ""sentence_transformer_model"": ""intfloat/multilingual-e5-small"", ""tfidf_lemmatize"": true, ""tfidf_max_df"": 0.9, ""tfidf_max_features"": 300, ""tfidf_min_df"": 3, ""tfidf_ngram_range"": [1, 2], ""tfidf_normalize_numbers"": true}",2026-09-10T01:40:28
E2_E5BASE,frozen,participant,1,no_augmentation,GAD7,42,Ridge,5.059153,False,intfloat/multilingual-e5-base,defaults,"{""augmentation"": ""no_augmentation"", ""beto_model"": ""dccuchile/bert-base-spanish-wwm-cased"", ""chunk_stride"": 256, ""max_tokens"": 512, ""n_cv_splits"": 5, ""n_search_iter"": 0, ""seeds"": [42], ""sentence_transformer_model"": ""intfloat/multilingual-e5-small"", ""tfidf_lemmatize"": true, ""tfidf_max_df"": 0.9, ""tfidf_max_features"": 300, ""tfidf_min_df"": 3, ""tfidf_ngram_range"": [1, 2], ""tfidf_normalize_numbers"": true}",2026-09-10T01:41:28
E2_E5BASE,frozen,participant,1,no_augmentation,GAD7,42,SVR,4.372536,True,intfloat/multilingual-e5-base,defaults,"{""augmentation"": ""no_augmentation"", ""beto_model"": ""dccuchile/bert-base-spanish-wwm-cased"", ""chunk_stride"": 256, ""max_tokens"": 512, ""n_cv_splits"": 5, ""n_search_iter"": 0, ""seeds"": [42], ""sentence_transformer_model"": ""intfloat/multilingual-e5-small"", ""tfidf_lemmatize"": true, ""tfidf_max_df"": 0.9, ""tfidf_max_features"": 300, ""tfidf_min_df"": 3, ""tfidf_ngram_range"": [1, 2], ""tfidf_normalize_numbers"": true}",2026-09-10T01:41:28
E2_E5BASE,frozen,participant,1,no_augmentation,GAD7,42,RandomForest,4.492278,False,intfloat/multilingual-e5-base,defaults,"{""augmentation"": ""no_augmentation"", ""beto_model"": ""dccuchile/bert-base-spanish-wwm-cased"", ""chunk_stride"": 256, ""max_tokens"": 512, ""n_cv_splits"": 5, ""n_search_iter"": 0, ""seeds"": [42], ""sentence_transformer_model"": ""intfloat/multilingual-e5-small"", ""tfidf_lemmatize"": true, ""tfidf_max_df"": 0.9, ""tfidf_max_features"": 300, ""tfidf_min_df"": 3, ""tfidf_ngram_range"": [1, 2], ""tfidf_normalize_numbers"": true}",2026-09-10T01:41:28
E2_E5BASE,frozen,participant,1,no_augmentation,GAD7,42,ExtraTrees,4.454728,False,intfloat/multilingual-e5-base,defaults,"{""augmentation"": ""no_augmentation"", ""beto_model"": ""dccuchile/bert-base-spanish-wwm-cased"", ""chunk_stride"": 256, ""max_tokens"": 512, ""n_cv_splits"": 5, ""n_search_iter"": 0, ""seeds"": [42], ""sentence_transformer_model"": ""intfloat/multilingual-e5-small"", ""tfidf_lemmatize"": true, ""tfidf_max_df"": 0.9, ""tfidf_max_features"": 300, ""tfidf_min_df"": 3, ""tfidf_ngram_range"": [1, 2], ""tfidf_normalize_numbers"": true}",2026-09-10T01:41:28
E2_E5BASE,frozen,participant,1,no_augmentation,GAD7,42,GradientBoosting,4.561536,False,intfloat/multilingual-e5-base,defaults,"{""augmentation"": ""no_augmentation"", ""beto_model"": ""dccuchile/bert-base-spanish-wwm-cased"", ""chunk_stride"": 256, ""max_tokens"": 512, ""n_cv_splits"": 5, ""n_search_iter"": 0, ""seeds"": [42], ""sentence_transformer_model"": ""intfloat/multilingual-e5-small"", ""tfidf_lemmatize"": true, ""tfidf_max_df"": 0.9, ""tfidf_max_features"": 300, ""tfidf_min_df"": 3, ""tfidf_ngram_range"": [1, 2], ""tfidf_normalize_numbers"": true}",2026-09-10T01:41:28
E2_E5BASE,frozen,participant,1,no_augmentation,GAD7,42,LightGBM,4.656415,False,intfloat/multilingual-e5-base,defaults,"{""augmentation"": ""no_augmentation"", ""beto_model"": ""dccuchile/bert-base-spanish-wwm-cased"", ""chunk_stride"": 256, ""max_tokens"": 512, ""n_cv_splits"": 5, ""n_search_iter"": 0, ""seeds"": [42], ""sentence_transformer_model"": ""intfloat/multilingual-e5-small"", ""tfidf_lemmatize"": true, ""tfidf_max_df"": 0.9, ""tfidf_max_features"": 300, ""tfidf_min_df"": 3, ""tfidf_ngram_range"": [1, 2], ""tfidf_normalize_numbers"": true}",2026-09-10T01:41:28
E2_E5BASE,frozen,participant,1,no_augmentation,GAD7,42,KNN,4.808392,False,intfloat/multilingual-e5-base,defaults,"{""augmentation"": ""no_augmentation"", ""beto_model"": ""dccuchile/bert-base-spanish-wwm-cased"", ""chunk_stride"": 256, ""max_tokens"": 512, ""n_cv_splits"": 5, ""n_search_iter"": 0, ""seeds"": [42], ""sentence_transformer_model"": ""intfloat/multilingual-e5-small"", ""tfidf_lemmatize"": true, ""tfidf_max_df"": 0.9, ""tfidf_max_features"": 300, ""tfidf_min_df"": 3, ""tfidf_ngram_range"": [1, 2], ""tfidf_normalize_numbers"": true}",2026-09-10T01:41:28
E2_E5BASE,frozen,participant,1,no_augmentation,GAD7,42,DecisionTree,6.145487,False,intfloat/multilingual-e5-base,defaults,"{""augmentation"": ""no_augmentation"", ""beto_model"": ""dccuchile/bert-base-spanish-wwm-cased"", ""chunk_stride"": 256, ""max_tokens"": 512, ""n_cv_splits"": 5, ""n_search_iter"": 0, ""seeds"": [42], ""sentence_transformer_model"": ""intfloat/multilingual-e5-small"", ""tfidf_lemmatize"": true, ""tfidf_max_df"": 0.9, ""tfidf_max_features"": 300, ""tfidf_min_df"": 3, ""tfidf_ngram_range"": [1, 2], ""tfidf_normalize_numbers"": true}",2026-09-10T01:41:28
E2_E5BASE,frozen,participant,1,no_augmentation,GAD7,42,AdaBoost,4.535725,False,intfloat/multilingual-e5-base,defaults,"{""augmentation"": ""no_augmentation"", ""beto_model"": ""dccuchile/bert-base-spanish-wwm-cased"", ""chunk_stride"": 256, ""max_tokens"": 512, ""n_cv_splits"": 5, ""n_search_iter"": 0, ""seeds"": [42], ""sentence_transformer_model"": ""intfloat/multilingual-e5-small"", ""tfidf_lemmatize"": true, ""tfidf_max_df"": 0.9, ""tfidf_max_features"": 300, ""tfidf_min_df"": 3, ""tfidf_ngram_range"": [1, 2], ""tfidf_normalize_numbers"": true}",2026-09-10T01:41:28
E2_E5LARGE,frozen,participant,1,no_augmentation,PHQ9,42,Ridge,6.190602,False,intfloat/multilingual-e5-large,defaults,"{""augmentation"": ""no_augmentation"", ""beto_model"": ""dccuchile/bert-base-spanish-wwm-cased"", ""chunk_stride"": 256, ""max_tokens"": 512, ""n_cv_splits"": 5, ""n_search_iter"": 0, ""seeds"": [42], ""sentence_transformer_model"": ""intfloat/multilingual-e5-small"", ""tfidf_lemmatize"": true, ""tfidf_max_df"": 0.9, ""tfidf_max_features"": 300, ""tfidf_min_df"": 3, ""tfidf_ngram_range"": [1, 2], ""tfidf_normalize_numbers"": true}",2026-09-10T01:42:40
E2_E5LARGE,frozen,participant,1,no_augmentation,PHQ9,42,SVR,4.991432,True,intfloat/multilingual-e5-large,defaults,"{""augmentation"": ""no_augmentation"", ""beto_model"": ""dccuchile/bert-base-spanish-wwm-cased"", ""chunk_stride"": 256, ""max_tokens"": 512, ""n_cv_splits"": 5, ""n_search_iter"": 0, ""seeds"": [42], ""sentence_transformer_model"": ""intfloat/multilingual-e5-small"", ""tfidf_lemmatize"": true, ""tfidf_max_df"": 0.9, ""tfidf_max_features"": 300, ""tfidf_min_df"": 3, ""tfidf_ngram_range"": [1, 2], ""tfidf_normalize_numbers"": true}",2026-09-10T01:42:40
E2_E5LARGE,frozen,participant,1,no_augmentation,PHQ9,42,RandomForest,5.145748,False,intfloat/multilingual-e5-large,defaults,"{""augmentation"": ""no_augmentation"", ""beto_model"": ""dccuchile/bert-base-spanish-wwm-cased"", ""chunk_stride"": 256, ""max_tokens"": 512, ""n_cv_splits"": 5, ""n_search_iter"": 0, ""seeds"": [42], ""sentence_transformer_model"": ""intfloat/multilingual-e5-small"", ""tfidf_lemmatize"": true, ""tfidf_max_df"": 0.9, ""tfidf_max_features"": 300, ""tfidf_min_df"": 3, ""tfidf_ngram_range"": [1, 2], ""tfidf_normalize_numbers"": true}",2026-09-10T01:42:40
E2_E5LARGE,frozen,participant,1,no_augmentation,PHQ9,42,ExtraTrees,5.159636,False,intfloat/multilingual-e5-large,defaults,"{""augmentation"": ""no_augmentation"", ""beto_model"": ""dccuchile/bert-base-spanish-wwm-cased"", ""chunk_stride"": 256, ""max_tokens"": 512, ""n_cv_splits"": 5, ""n_search_iter"": 0, ""seeds"": [42], ""sentence_transformer_model"": ""intfloat/multilingual-e5-small"", ""tfidf_lemmatize"": true, ""tfidf_max_df"": 0.9, ""tfidf_max_features"": 300, ""tfidf_min_df"": 3, ""tfidf_ngram_range"": [1, 2], ""tfidf_normalize_numbers"": true}",2026-09-10T01:42:40
E2_E5LARGE,frozen,participant,1,no_augmentation,PHQ9,42,GradientBoosting,5.364609,False,intfloat/multilingual-e5-large,defaults,"{""augmentation"": ""no_augmentation"", ""beto_model"": ""dccuchile/bert-base-spanish-wwm-cased"", ""chunk_stride"": 256, ""max_tokens"": 512, ""n_cv_splits"": 5, ""n_search_iter"": 0, ""seeds"": [42], ""sentence_transformer_model"": ""intfloat/multilingual-e5-small"", ""tfidf_lemmatize"": true, ""tfidf_max_df"": 0.9, ""tfidf_max_features"": 300, ""tfidf_min_df"": 3, ""tfidf_ngram_range"": [1, 2], ""tfidf_normalize_numbers"": true}",2026-09-10T01:42:40
E2_E5LARGE,frozen,participant,1,no_augmentation,PHQ9,42,LightGBM,5.601032,False,intfloat/multilingual-e5-large,defaults,"{""augmentation"": ""no_augmentation"", ""beto_model"": ""dccuchile/bert-base-spanish-wwm-cased"", ""chunk_stride"": 256, ""max_tokens"": 512, ""n_cv_splits"": 5, ""n_search_iter"": 0, ""seeds"": [42], ""sentence_transformer_model"": ""intfloat/multilingual-e5-small"", ""tfidf_lemmatize"": true, ""tfidf_max_df"": 0.9, ""tfidf_max_features"": 300, ""tfidf_min_df"": 3, ""tfidf_ngram_range"": [1, 2], ""tfidf_normalize_numbers"": true}",2026-09-10T01:42:40
E2_E5LARGE,frozen,participant,1,no_augmentation,PHQ9,42,KNN,5.457582,False,intfloat/multilingual-e5-large,defaults,"{""augmentation"": ""no_augmentation"", ""beto_model"": ""dccuchile/bert-base-spanish-wwm-cased"", ""chunk_stride"": 256, ""max_tokens"": 512, ""n_cv_splits"": 5, ""n_search_iter"": 0, ""seeds"": [42], ""sentence_transformer_model"": ""intfloat/multilingual-e5-small"", ""tfidf_lemmatize"": true, ""tfidf_max_df"": 0.9, ""tfidf_max_features"": 300, ""tfidf_min_df"": 3, ""tfidf_ngram_range"": [1, 2], ""tfidf_normalize_numbers"": true}",2026-09-10T01:42:40
E2_E5LARGE,frozen,participant,1,no_augmentation,PHQ9,42,DecisionTree,7.155038,False,intfloat/multilingual-e5-large,defaults,"{""augmentation"": ""no_augmentation"", ""beto_model"": ""dccuchile/bert-base-spanish-wwm-cased"", ""chunk_stride"": 256, ""max_tokens"": 512, ""n_cv_splits"": 5, ""n_search_iter"": 0, ""seeds"": [42], ""sentence_transformer_model"": ""intfloat/multilingual-e5-small"", ""tfidf_lemmatize"": true, ""tfidf_max_df"": 0.9, ""tfidf_max_features"": 300, ""tfidf_min_df"": 3, ""tfidf_ngram_range"": [1, 2], ""tfidf_normalize_numbers"": true}",2026-09-10T01:42:40
E2_E5LARGE,frozen,participant,1,no_augmentation,PHQ9,42,AdaBoost,5.186731,False,intfloat/multilingual-e5-large,defaults,"{""augmentation"": ""no_augmentation"", ""beto_model"": ""dccuchile/bert-base-spanish-wwm-cased"", ""chunk_stride"": 256, ""max_tokens"": 512, ""n_cv_splits"": 5, ""n_search_iter"": 0, ""seeds"": [42], ""sentence_transformer_model"": ""intfloat/multilingual-e5-small"", ""tfidf_lemmatize"": true, ""tfidf_max_df"": 0.9, ""tfidf_max_features"": 300, ""tfidf_min_df"": 3, ""tfidf_ngram_range"": [1, 2], ""tfidf_normalize_numbers"": true}",2026-09-10T01:42:40
E2_E5LARGE,frozen,participant,1,no_augmentation,GAD7,42,Ridge,5.031379,False,intfloat/multilingual-e5-large,defaults,"{""augmentation"": ""no_augmentation"", ""beto_model"": ""dccuchile/bert-base-spanish-wwm-cased"", ""chunk_stride"": 256, ""max_tokens"": 512, ""n_cv_splits"": 5, ""n_search_iter"": 0, ""seeds"": [42], ""sentence_transformer_model"": ""intfloat/multilingual-e5-small"", ""tfidf_lemmatize"": true, ""tfidf_max_df"": 0.9, ""tfidf_max_features"": 300, ""tfidf_min_df"": 3, ""tfidf_ngram_range"": [1, 2], ""tfidf_normalize_numbers"": true}",2026-09-10T01:44:06
E2_E5LARGE,frozen,participant,1,no_augmentation,GAD7,42,SVR,4.247929,True,intfloat/multilingual-e5-large,defaults,"{""augmentation"": ""no_augmentation"", ""beto_model"": ""dccuchile/bert-base-spanish-wwm-cased"", ""chunk_stride"": 256, ""max_tokens"": 512, ""n_cv_splits"": 5, ""n_search_iter"": 0, ""seeds"": [42], ""sentence_transformer_model"": ""intfloat/multilingual-e5-small"", ""tfidf_lemmatize"": true, ""tfidf_max_df"": 0.9, ""tfidf_max_features"": 300, ""tfidf_min_df"": 3, ""tfidf_ngram_range"": [1, 2], ""tfidf_normalize_numbers"": true}",2026-09-10T01:44:06
E2_E5LARGE,frozen,participant,1,no_augmentation,GAD7,42,RandomForest,4.329954,False,intfloat/multilingual-e5-large,defaults,"{""augmentation"": ""no_augmentation"", ""beto_model"": ""dccuchile/bert-base-spanish-wwm-cased"", ""chunk_stride"": 256, ""max_tokens"": 512, ""n_cv_splits"": 5, ""n_search_iter"": 0, ""seeds"": [42], ""sentence_transformer_model"": ""intfloat/multilingual-e5-small"", ""tfidf_lemmatize"": true, ""tfidf_max_df"": 0.9, ""tfidf_max_features"": 300, ""tfidf_min_df"": 3, ""tfidf_ngram_range"": [1, 2], ""tfidf_normalize_numbers"": true}",2026-09-10T01:44:06
E2_E5LARGE,frozen,participant,1,no_augmentation,GAD7,42,ExtraTrees,4.326449,False,intfloat/multilingual-e5-large,defaults,"{""augmentation"": ""no_augmentation"", ""beto_model"": ""dccuchile/bert-base-spanish-wwm-cased"", ""chunk_stride"": 256, ""max_tokens"": 512, ""n_cv_splits"": 5, ""n_search_iter"": 0, ""seeds"": [42], ""sentence_transformer_model"": ""intfloat/multilingual-e5-small"", ""tfidf_lemmatize"": true, ""tfidf_max_df"": 0.9, ""tfidf_max_features"": 300, ""tfidf_min_df"": 3, ""tfidf_ngram_range"": [1, 2], ""tfidf_normalize_numbers"": true}",2026-09-10T01:44:06
E2_E5LARGE,frozen,participant,1,no_augmentation,GAD7,42,GradientBoosting,4.579416,False,intfloat/multilingual-e5-large,defaults,"{""augmentation"": ""no_augmentation"", ""beto_model"": ""dccuchile/bert-base-spanish-wwm-cased"", ""chunk_stride"": 256, ""max_tokens"": 512, ""n_cv_splits"": 5, ""n_search_iter"": 0, ""seeds"": [42], ""sentence_transformer_model"": ""intfloat/multilingual-e5-small"", ""tfidf_lemmatize"": true, ""tfidf_max_df"": 0.9, ""tfidf_max_features"": 300, ""tfidf_min_df"": 3, ""tfidf_ngram_range"": [1, 2], ""tfidf_normalize_numbers"": true}",2026-09-10T01:44:06
E2_E5LARGE,frozen,participant,1,no_augmentation,GAD7,42,LightGBM,4.537524,False,intfloat/multilingual-e5-large,defaults,"{""augmentation"": ""no_augmentation"", ""beto_model"": ""dccuchile/bert-base-spanish-wwm-cased"", ""chunk_stride"": 256, ""max_tokens"": 512, ""n_cv_splits"": 5, ""n_search_iter"": 0, ""seeds"": [42], ""sentence_transformer_model"": ""intfloat/multilingual-e5-small"", ""tfidf_lemmatize"": true, ""tfidf_max_df"": 0.9, ""tfidf_max_features"": 300, ""tfidf_min_df"": 3, ""tfidf_ngram_range"": [1, 2], ""tfidf_normalize_numbers"": true}",2026-09-10T01:44:06
E2_E5LARGE,frozen,participant,1,no_augmentation,GAD7,42,KNN,4.640617,False,intfloat/multilingual-e5-large,defaults,"{""augmentation"": ""no_augmentation"", ""beto_model"": ""dccuchile/bert-base-spanish-wwm-cased"", ""chunk_stride"": 256, ""max_tokens"": 512, ""n_cv_splits"": 5, ""n_search_iter"": 0, ""seeds"": [42], ""sentence_transformer_model"": ""intfloat/multilingual-e5-small"", ""tfidf_lemmatize"": true, ""tfidf_max_df"": 0.9, ""tfidf_max_features"": 300, ""tfidf_min_df"": 3, ""tfidf_ngram_range"": [1, 2], ""tfidf_normalize_numbers"": true}",2026-09-10T01:44:06
E2_E5LARGE,frozen,participant,1,no_augmentation,GAD7,42,DecisionTree,6.163757,False,intfloat/multilingual-e5-large,defaults,"{""augmentation"": ""no_augmentation"", ""beto_model"": ""dccuchile/bert-base-spanish-wwm-cased"", ""chunk_stride"": 256, ""max_tokens"": 512, ""n_cv_splits"": 5, ""n_search_iter"": 0, ""seeds"": [42], ""sentence_transformer_model"": ""intfloat/multilingual-e5-small"", ""tfidf_lemmatize"": true, ""tfidf_max_df"": 0.9, ""tfidf_max_features"": 300, ""tfidf_min_df"": 3, ""tfidf_ngram_range"": [1, 2], ""tfidf_normalize_numbers"": true}",2026-09-10T01:44:06
E2_E5LARGE,frozen,participant,1,no_augmentation,GAD7,42,AdaBoost,4.392679,False,intfloat/multilingual-e5-large,defaults,"{""augmentation"": ""no_augmentation"", ""beto_model"": ""dccuchile/bert-base-spanish-wwm-cased"", ""chunk_stride"": 256, ""max_tokens"": 512, ""n_cv_splits"": 5, ""n_search_iter"": 0, ""seeds"": [42], ""sentence_transformer_model"": ""intfloat/multilingual-e5-small"", ""tfidf_lemmatize"": true, ""tfidf_max_df"": 0.9, ""tfidf_max_features"": 300, ""tfidf_min_df"": 3, ""tfidf_ngram_range"": [1, 2], ""tfidf_normalize_numbers"": true}",2026-09-10T01:44:06
E3_TSDAE_EP05,frozen,participant,3,no_augmentation,PHQ9,42,Ridge,7.739993,False,models/tsdae_e5_small/ep05,defaults,"{""augmentation"": ""no_augmentation"", ""beto_model"": ""dccuchile/bert-base-spanish-wwm-cased"", ""chunk_stride"": 256, ""max_tokens"": 512, ""n_cv_splits"": 5, ""n_search_iter"": 0, ""seeds"": [42], ""sentence_transformer_model"": ""intfloat/multilingual-e5-small"", ""tfidf_lemmatize"": true, ""tfidf_max_df"": 0.9, ""tfidf_max_features"": 300, ""tfidf_min_df"": 3, ""tfidf_ngram_range"": [1, 2], ""tfidf_normalize_numbers"": true}",2026-09-10T06:20:14
E3_TSDAE_EP05,frozen,participant,3,no_augmentation,PHQ9,42,SVR,5.952889,False,models/tsdae_e5_small/ep05,defaults,"{""augmentation"": ""no_augmentation"", ""beto_model"": ""dccuchile/bert-base-spanish-wwm-cased"", ""chunk_stride"": 256, ""max_tokens"": 512, ""n_cv_splits"": 5, ""n_search_iter"": 0, ""seeds"": [42], ""sentence_transformer_model"": ""intfloat/multilingual-e5-small"", ""tfidf_lemmatize"": true, ""tfidf_max_df"": 0.9, ""tfidf_max_features"": 300, ""tfidf_min_df"": 3, ""tfidf_ngram_range"": [1, 2], ""tfidf_normalize_numbers"": true}",2026-09-10T06:20:14
E3_TSDAE_EP05,frozen,participant,3,no_augmentation,PHQ9,42,RandomForest,5.884935,False,models/tsdae_e5_small/ep05,defaults,"{""augmentation"": ""no_augmentation"", ""beto_model"": ""dccuchile/bert-base-spanish-wwm-cased"", ""chunk_stride"": 256, ""max_tokens"": 512, ""n_cv_splits"": 5, ""n_search_iter"": 0, ""seeds"": [42], ""sentence_transformer_model"": ""intfloat/multilingual-e5-small"", ""tfidf_lemmatize"": true, ""tfidf_max_df"": 0.9, ""tfidf_max_features"": 300, ""tfidf_min_df"": 3, ""tfidf_ngram_range"": [1, 2], ""tfidf_normalize_numbers"": true}",2026-09-10T06:20:14
E3_TSDAE_EP05,frozen,participant,3,no_augmentation,PHQ9,42,ExtraTrees,5.833328,True,models/tsdae_e5_small/ep05,defaults,"{""augmentation"": ""no_augmentation"", ""beto_model"": ""dccuchile/bert-base-spanish-wwm-cased"", ""chunk_stride"": 256, ""max_tokens"": 512, ""n_cv_splits"": 5, ""n_search_iter"": 0, ""seeds"": [42], ""sentence_transformer_model"": ""intfloat/multilingual-e5-small"", ""tfidf_lemmatize"": true, ""tfidf_max_df"": 0.9, ""tfidf_max_features"": 300, ""tfidf_min_df"": 3, ""tfidf_ngram_range"": [1, 2], ""tfidf_normalize_numbers"": true}",2026-09-10T06:20:14
E3_TSDAE_EP05,frozen,participant,3,no_augmentation,PHQ9,42,GradientBoosting,6.064614,False,models/tsdae_e5_small/ep05,defaults,"{""augmentation"": ""no_augmentation"", ""beto_model"": ""dccuchile/bert-base-spanish-wwm-cased"", ""chunk_stride"": 256, ""max_tokens"": 512, ""n_cv_splits"": 5, ""n_search_iter"": 0, ""seeds"": [42], ""sentence_transformer_model"": ""intfloat/multilingual-e5-small"", ""tfidf_lemmatize"": true, ""tfidf_max_df"": 0.9, ""tfidf_max_features"": 300, ""tfidf_min_df"": 3, ""tfidf_ngram_range"": [1, 2], ""tfidf_normalize_numbers"": true}",2026-09-10T06:20:14
E3_TSDAE_EP05,frozen,participant,3,no_augmentation,PHQ9,42,LightGBM,6.487946,False,models/tsdae_e5_small/ep05,defaults,"{""augmentation"": ""no_augmentation"", ""beto_model"": ""dccuchile/bert-base-spanish-wwm-cased"", ""chunk_stride"": 256, ""max_tokens"": 512, ""n_cv_splits"": 5, ""n_search_iter"": 0, ""seeds"": [42], ""sentence_transformer_model"": ""intfloat/multilingual-e5-small"", ""tfidf_lemmatize"": true, ""tfidf_max_df"": 0.9, ""tfidf_max_features"": 300, ""tfidf_min_df"": 3, ""tfidf_ngram_range"": [1, 2], ""tfidf_normalize_numbers"": true}",2026-09-10T06:20:14
E3_TSDAE_EP05,frozen,participant,3,no_augmentation,PHQ9,42,KNN,5.995137,False,models/tsdae_e5_small/ep05,defaults,"{""augmentation"": ""no_augmentation"", ""beto_model"": ""dccuchile/bert-base-spanish-wwm-cased"", ""chunk_stride"": 256, ""max_tokens"": 512, ""n_cv_splits"": 5, ""n_search_iter"": 0, ""seeds"": [42], ""sentence_transformer_model"": ""intfloat/multilingual-e5-small"", ""tfidf_lemmatize"": true, ""tfidf_max_df"": 0.9, ""tfidf_max_features"": 300, ""tfidf_min_df"": 3, ""tfidf_ngram_range"": [1, 2], ""tfidf_normalize_numbers"": true}",2026-09-10T06:20:14
E3_TSDAE_EP05,frozen,participant,3,no_augmentation,PHQ9,42,DecisionTree,8.25095,False,models/tsdae_e5_small/ep05,defaults,"{""augmentation"": ""no_augmentation"", ""beto_model"": ""dccuchile/bert-base-spanish-wwm-cased"", ""chunk_stride"": 256, ""max_tokens"": 512, ""n_cv_splits"": 5, ""n_search_iter"": 0, ""seeds"": [42], ""sentence_transformer_model"": ""intfloat/multilingual-e5-small"", ""tfidf_lemmatize"": true, ""tfidf_max_df"": 0.9, ""tfidf_max_features"": 300, ""tfidf_min_df"": 3, ""tfidf_ngram_range"": [1, 2], ""tfidf_normalize_numbers"": true}",2026-09-10T06:20:14
E3_TSDAE_EP05,frozen,participant,3,no_augmentation,PHQ9,42,AdaBoost,6.088149,False,models/tsdae_e5_small/ep05,defaults,"{""augmentation"": ""no_augmentation"", ""beto_model"": ""dccuchile/bert-base-spanish-wwm-cased"", ""chunk_stride"": 256, ""max_tokens"": 512, ""n_cv_splits"": 5, ""n_search_iter"": 0, ""seeds"": [42], ""sentence_transformer_model"": ""intfloat/multilingual-e5-small"", ""tfidf_lemmatize"": true, ""tfidf_max_df"": 0.9, ""tfidf_max_features"": 300, ""tfidf_min_df"": 3, ""tfidf_ngram_range"": [1, 2], ""tfidf_normalize_numbers"": true}",2026-09-10T06:20:14
E3_TSDAE_EP05,frozen,participant,3,no_augmentation,GAD7,42,Ridge,5.768151,False,models/tsdae_e5_small/ep05,defaults,"{""augmentation"": ""no_augmentation"", ""beto_model"": ""dccuchile/bert-base-spanish-wwm-cased"", ""chunk_stride"": 256, ""max_tokens"": 512, ""n_cv_splits"": 5, ""n_search_iter"": 0, ""seeds"": [42], ""sentence_transformer_model"": ""intfloat/multilingual-e5-small"", ""tfidf_lemmatize"": true, ""tfidf_max_df"": 0.9, ""tfidf_max_features"": 300, ""tfidf_min_df"": 3, ""tfidf_ngram_range"": [1, 2], ""tfidf_normalize_numbers"": true}",2026-09-10T06:20:35
E3_TSDAE_EP05,frozen,participant,3,no_augmentation,GAD7,42,SVR,4.665924,False,models/tsdae_e5_small/ep05,defaults,"{""augmentation"": ""no_augmentation"", ""beto_model"": ""dccuchile/bert-base-spanish-wwm-cased"", ""chunk_stride"": 256, ""max_tokens"": 512, ""n_cv_splits"": 5, ""n_search_iter"": 0, ""seeds"": [42], ""sentence_transformer_model"": ""intfloat/multilingual-e5-small"", ""tfidf_lemmatize"": true, ""tfidf_max_df"": 0.9, ""tfidf_max_features"": 300, ""tfidf_min_df"": 3, ""tfidf_ngram_range"": [1, 2], ""tfidf_normalize_numbers"": true}",2026-09-10T06:20:35
E3_TSDAE_EP05,frozen,participant,3,no_augmentation,GAD7,42,RandomForest,4.702408,False,models/tsdae_e5_small/ep05,defaults,"{""augmentation"": ""no_augmentation"", ""beto_model"": ""dccuchile/bert-base-spanish-wwm-cased"", ""chunk_stride"": 256, ""max_tokens"": 512, ""n_cv_splits"": 5, ""n_search_iter"": 0, ""seeds"": [42], ""sentence_transformer_model"": ""intfloat/multilingual-e5-small"", ""tfidf_lemmatize"": true, ""tfidf_max_df"": 0.9, ""tfidf_max_features"": 300, ""tfidf_min_df"": 3, ""tfidf_ngram_range"": [1, 2], ""tfidf_normalize_numbers"": true}",2026-09-10T06:20:35
E3_TSDAE_EP05,frozen,participant,3,no_augmentation,GAD7,42,ExtraTrees,4.656978,True,models/tsdae_e5_small/ep05,defaults,"{""augmentation"": ""no_augmentation"", ""beto_model"": ""dccuchile/bert-base-spanish-wwm-cased"", ""chunk_stride"": 256, ""max_tokens"": 512, ""n_cv_splits"": 5, ""n_search_iter"": 0, ""seeds"": [42], ""sentence_transformer_model"": ""intfloat/multilingual-e5-small"", ""tfidf_lemmatize"": true, ""tfidf_max_df"": 0.9, ""tfidf_max_features"": 300, ""tfidf_min_df"": 3, ""tfidf_ngram_range"": [1, 2], ""tfidf_normalize_numbers"": true}",2026-09-10T06:20:35
E3_TSDAE_EP05,frozen,participant,3,no_augmentation,GAD7,42,GradientBoosting,4.97863,False,models/tsdae_e5_small/ep05,defaults,"{""augmentation"": ""no_augmentation"", ""beto_model"": ""dccuchile/bert-base-spanish-wwm-cased"", ""chunk_stride"": 256, ""max_tokens"": 512, ""n_cv_splits"": 5, ""n_search_iter"": 0, ""seeds"": [42], ""sentence_transformer_model"": ""intfloat/multilingual-e5-small"", ""tfidf_lemmatize"": true, ""tfidf_max_df"": 0.9, ""tfidf_max_features"": 300, ""tfidf_min_df"": 3, ""tfidf_ngram_range"": [1, 2], ""tfidf_normalize_numbers"": true}",2026-09-10T06:20:35
E3_TSDAE_EP05,frozen,participant,3,no_augmentation,GAD7,42,LightGBM,4.800782,False,models/tsdae_e5_small/ep05,defaults,"{""augmentation"": ""no_augmentation"", ""beto_model"": ""dccuchile/bert-base-spanish-wwm-cased"", ""chunk_stride"": 256, ""max_tokens"": 512, ""n_cv_splits"": 5, ""n_search_iter"": 0, ""seeds"": [42], ""sentence_transformer_model"": ""intfloat/multilingual-e5-small"", ""tfidf_lemmatize"": true, ""tfidf_max_df"": 0.9, ""tfidf_max_features"": 300, ""tfidf_min_df"": 3, ""tfidf_ngram_range"": [1, 2], ""tfidf_normalize_numbers"": true}",2026-09-10T06:20:35
E3_TSDAE_EP05,frozen,participant,3,no_augmentation,GAD7,42,KNN,4.747778,False,models/tsdae_e5_small/ep05,defaults,"{""augmentation"": ""no_augmentation"", ""beto_model"": ""dccuchile/bert-base-spanish-wwm-cased"", ""chunk_stride"": 256, ""max_tokens"": 512, ""n_cv_splits"": 5, ""n_search_iter"": 0, ""seeds"": [42], ""sentence_transformer_model"": ""intfloat/multilingual-e5-small"", ""tfidf_lemmatize"": true, ""tfidf_max_df"": 0.9, ""tfidf_max_features"": 300, ""tfidf_min_df"": 3, ""tfidf_ngram_range"": [1, 2], ""tfidf_normalize_numbers"": true}",2026-09-10T06:20:35
E3_TSDAE_EP05,frozen,participant,3,no_augmentation,GAD7,42,DecisionTree,7.01067,False,models/tsdae_e5_small/ep05,defaults,"{""augmentation"": ""no_augmentation"", ""beto_model"": ""dccuchile/bert-base-spanish-wwm-cased"", ""chunk_stride"": 256, ""max_tokens"": 512, ""n_cv_splits"": 5, ""n_search_iter"": 0, ""seeds"": [42], ""sentence_transformer_model"": ""intfloat/multilingual-e5-small"", ""tfidf_lemmatize"": true, ""tfidf_max_df"": 0.9, ""tfidf_max_features"": 300, ""tfidf_min_df"": 3, ""tfidf_ngram_range"": [1, 2], ""tfidf_normalize_numbers"": true}",2026-09-10T06:20:35
E3_TSDAE_EP05,frozen,participant,3,no_augmentation,GAD7,42,AdaBoost,4.860807,False,models/tsdae_e5_small/ep05,defaults,"{""augmentation"": ""no_augmentation"", ""beto_model"": ""dccuchile/bert-base-spanish-wwm-cased"", ""chunk_stride"": 256, ""max_tokens"": 512, ""n_cv_splits"": 5, ""n_search_iter"": 0, ""seeds"": [42], ""sentence_transformer_model"": ""intfloat/multilingual-e5-small"", ""tfidf_lemmatize"": true, ""tfidf_max_df"": 0.9, ""tfidf_max_features"": 300, ""tfidf_min_df"": 3, ""tfidf_ngram_range"": [1, 2], ""tfidf_normalize_numbers"": true}",2026-09-10T06:20:35
E3_TSDAE_EP10,frozen,participant,3,no_augmentation,PHQ9,42,Ridge,8.209117,False,models/tsdae_e5_small/ep10,defaults,"{""augmentation"": ""no_augmentation"", ""beto_model"": ""dccuchile/bert-base-spanish-wwm-cased"", ""chunk_stride"": 256, ""max_tokens"": 512, ""n_cv_splits"": 5, ""n_search_iter"": 0, ""seeds"": [42], ""sentence_transformer_model"": ""intfloat/multilingual-e5-small"", ""tfidf_lemmatize"": true, ""tfidf_max_df"": 0.9, ""tfidf_max_features"": 300, ""tfidf_min_df"": 3, ""tfidf_ngram_range"": [1, 2], ""tfidf_normalize_numbers"": true}",2026-09-10T06:20:56
E3_TSDAE_EP10,frozen,participant,3,no_augmentation,PHQ9,42,SVR,6.118647,False,models/tsdae_e5_small/ep10,defaults,"{""augmentation"": ""no_augmentation"", ""beto_model"": ""dccuchile/bert-base-spanish-wwm-cased"", ""chunk_stride"": 256, ""max_tokens"": 512, ""n_cv_splits"": 5, ""n_search_iter"": 0, ""seeds"": [42], ""sentence_transformer_model"": ""intfloat/multilingual-e5-small"", ""tfidf_lemmatize"": true, ""tfidf_max_df"": 0.9, ""tfidf_max_features"": 300, ""tfidf_min_df"": 3, ""tfidf_ngram_range"": [1, 2], ""tfidf_normalize_numbers"": true}",2026-09-10T06:20:56
E3_TSDAE_EP10,frozen,participant,3,no_augmentation,PHQ9,42,RandomForest,5.977673,False,models/tsdae_e5_small/ep10,defaults,"{""augmentation"": ""no_augmentation"", ""beto_model"": ""dccuchile/bert-base-spanish-wwm-cased"", ""chunk_stride"": 256, ""max_tokens"": 512, ""n_cv_splits"": 5, ""n_search_iter"": 0, ""seeds"": [42], ""sentence_transformer_model"": ""intfloat/multilingual-e5-small"", ""tfidf_lemmatize"": true, ""tfidf_max_df"": 0.9, ""tfidf_max_features"": 300, ""tfidf_min_df"": 3, ""tfidf_ngram_range"": [1, 2], ""tfidf_normalize_numbers"": true}",2026-09-10T06:20:56
E3_TSDAE_EP10,frozen,participant,3,no_augmentation,PHQ9,42,ExtraTrees,5.92323,True,models/tsdae_e5_small/ep10,defaults,"{""augmentation"": ""no_augmentation"", ""beto_model"": ""dccuchile/bert-base-spanish-wwm-cased"", ""chunk_stride"": 256, ""max_tokens"": 512, ""n_cv_splits"": 5, ""n_search_iter"": 0, ""seeds"": [42], ""sentence_transformer_model"": ""intfloat/multilingual-e5-small"", ""tfidf_lemmatize"": true, ""tfidf_max_df"": 0.9, ""tfidf_max_features"": 300, ""tfidf_min_df"": 3, ""tfidf_ngram_range"": [1, 2], ""tfidf_normalize_numbers"": true}",2026-09-10T06:20:56
E3_TSDAE_EP10,frozen,participant,3,no_augmentation,PHQ9,42,GradientBoosting,6.2071,False,models/tsdae_e5_small/ep10,defaults,"{""augmentation"": ""no_augmentation"", ""beto_model"": ""dccuchile/bert-base-spanish-wwm-cased"", ""chunk_stride"": 256, ""max_tokens"": 512, ""n_cv_splits"": 5, ""n_search_iter"": 0, ""seeds"": [42], ""sentence_transformer_model"": ""intfloat/multilingual-e5-small"", ""tfidf_lemmatize"": true, ""tfidf_max_df"": 0.9, ""tfidf_max_features"": 300, ""tfidf_min_df"": 3, ""tfidf_ngram_range"": [1, 2], ""tfidf_normalize_numbers"": true}",2026-09-10T06:20:56
E3_TSDAE_EP10,frozen,participant,3,no_augmentation,PHQ9,42,LightGBM,6.163231,False,models/tsdae_e5_small/ep10,defaults,"{""augmentation"": ""no_augmentation"", ""beto_model"": ""dccuchile/bert-base-spanish-wwm-cased"", ""chunk_stride"": 256, ""max_tokens"": 512, ""n_cv_splits"": 5, ""n_search_iter"": 0, ""seeds"": [42], ""sentence_transformer_model"": ""intfloat/multilingual-e5-small"", ""tfidf_lemmatize"": true, ""tfidf_max_df"": 0.9, ""tfidf_max_features"": 300, ""tfidf_min_df"": 3, ""tfidf_ngram_range"": [1, 2], ""tfidf_normalize_numbers"": true}",2026-09-10T06:20:56
E3_TSDAE_EP10,frozen,participant,3,no_augmentation,PHQ9,42,KNN,6.068192,False,models/tsdae_e5_small/ep10,defaults,"{""augmentation"": ""no_augmentation"", ""beto_model"": ""dccuchile/bert-base-spanish-wwm-cased"", ""chunk_stride"": 256, ""max_tokens"": 512, ""n_cv_splits"": 5, ""n_search_iter"": 0, ""seeds"": [42], ""sentence_transformer_model"": ""intfloat/multilingual-e5-small"", ""tfidf_lemmatize"": true, ""tfidf_max_df"": 0.9, ""tfidf_max_features"": 300, ""tfidf_min_df"": 3, ""tfidf_ngram_range"": [1, 2], ""tfidf_normalize_numbers"": true}",2026-09-10T06:20:56
E3_TSDAE_EP10,frozen,participant,3,no_augmentation,PHQ9,42,DecisionTree,7.489334,False,models/tsdae_e5_small/ep10,defaults,"{""augmentation"": ""no_augmentation"", ""beto_model"": ""dccuchile/bert-base-spanish-wwm-cased"", ""chunk_stride"": 256, ""max_tokens"": 512, ""n_cv_splits"": 5, ""n_search_iter"": 0, ""seeds"": [42], ""sentence_transformer_model"": ""intfloat/multilingual-e5-small"", ""tfidf_lemmatize"": true, ""tfidf_max_df"": 0.9, ""tfidf_max_features"": 300, ""tfidf_min_df"": 3, ""tfidf_ngram_range"": [1, 2], ""tfidf_normalize_numbers"": true}",2026-09-10T06:20:56
E3_TSDAE_EP10,frozen,participant,3,no_augmentation,PHQ9,42,AdaBoost,6.184276,False,models/tsdae_e5_small/ep10,defaults,"{""augmentation"": ""no_augmentation"", ""beto_model"": ""dccuchile/bert-base-spanish-wwm-cased"", ""chunk_stride"": 256, ""max_tokens"": 512, ""n_cv_splits"": 5, ""n_search_iter"": 0, ""seeds"": [42], ""sentence_transformer_model"": ""intfloat/multilingual-e5-small"", ""tfidf_lemmatize"": true, ""tfidf_max_df"": 0.9, ""tfidf_max_features"": 300, ""tfidf_min_df"": 3, ""tfidf_ngram_range"": [1, 2], ""tfidf_normalize_numbers"": true}",2026-09-10T06:20:56
E3_TSDAE_EP10,frozen,participant,3,no_augmentation,GAD7,42,Ridge,6.284887,False,models/tsdae_e5_small/ep10,defaults,"{""augmentation"": ""no_augmentation"", ""beto_model"": ""dccuchile/bert-base-spanish-wwm-cased"", ""chunk_stride"": 256, ""max_tokens"": 512, ""n_cv_splits"": 5, ""n_search_iter"": 0, ""seeds"": [42], ""sentence_transformer_model"": ""intfloat/multilingual-e5-small"", ""tfidf_lemmatize"": true, ""tfidf_max_df"": 0.9, ""tfidf_max_features"": 300, ""tfidf_min_df"": 3, ""tfidf_ngram_range"": [1, 2], ""tfidf_normalize_numbers"": true}",2026-09-10T06:21:17
E3_TSDAE_EP10,frozen,participant,3,no_augmentation,GAD7,42,SVR,4.880638,False,models/tsdae_e5_small/ep10,defaults,"{""augmentation"": ""no_augmentation"", ""beto_model"": ""dccuchile/bert-base-spanish-wwm-cased"", ""chunk_stride"": 256, ""max_tokens"": 512, ""n_cv_splits"": 5, ""n_search_iter"": 0, ""seeds"": [42], ""sentence_transformer_model"": ""intfloat/multilingual-e5-small"", ""tfidf_lemmatize"": true, ""tfidf_max_df"": 0.9, ""tfidf_max_features"": 300, ""tfidf_min_df"": 3, ""tfidf_ngram_range"": [1, 2], ""tfidf_normalize_numbers"": true}",2026-09-10T06:21:17
E3_TSDAE_EP10,frozen,participant,3,no_augmentation,GAD7,42,RandomForest,4.74642,True,models/tsdae_e5_small/ep10,defaults,"{""augmentation"": ""no_augmentation"", ""beto_model"": ""dccuchile/bert-base-spanish-wwm-cased"", ""chunk_stride"": 256, ""max_tokens"": 512, ""n_cv_splits"": 5, ""n_search_iter"": 0, ""seeds"": [42], ""sentence_transformer_model"": ""intfloat/multilingual-e5-small"", ""tfidf_lemmatize"": true, ""tfidf_max_df"": 0.9, ""tfidf_max_features"": 300, ""tfidf_min_df"": 3, ""tfidf_ngram_range"": [1, 2], ""tfidf_normalize_numbers"": true}",2026-09-10T06:21:17
E3_TSDAE_EP10,frozen,participant,3,no_augmentation,GAD7,42,ExtraTrees,4.762389,False,models/tsdae_e5_small/ep10,defaults,"{""augmentation"": ""no_augmentation"", ""beto_model"": ""dccuchile/bert-base-spanish-wwm-cased"", ""chunk_stride"": 256, ""max_tokens"": 512, ""n_cv_splits"": 5, ""n_search_iter"": 0, ""seeds"": [42], ""sentence_transformer_model"": ""intfloat/multilingual-e5-small"", ""tfidf_lemmatize"": true, ""tfidf_max_df"": 0.9, ""tfidf_max_features"": 300, ""tfidf_min_df"": 3, ""tfidf_ngram_range"": [1, 2], ""tfidf_normalize_numbers"": true}",2026-09-10T06:21:17
E3_TSDAE_EP10,frozen,participant,3,no_augmentation,GAD7,42,GradientBoosting,4.898349,False,models/tsdae_e5_small/ep10,defaults,"{""augmentation"": ""no_augmentation"", ""beto_model"": ""dccuchile/bert-base-spanish-wwm-cased"", ""chunk_stride"": 256, ""max_tokens"": 512, ""n_cv_splits"": 5, ""n_search_iter"": 0, ""seeds"": [42], ""sentence_transformer_model"": ""intfloat/multilingual-e5-small"", ""tfidf_lemmatize"": true, ""tfidf_max_df"": 0.9, ""tfidf_max_features"": 300, ""tfidf_min_df"": 3, ""tfidf_ngram_range"": [1, 2], ""tfidf_normalize_numbers"": true}",2026-09-10T06:21:17
E3_TSDAE_EP10,frozen,participant,3,no_augmentation,GAD7,42,LightGBM,4.793605,False,models/tsdae_e5_small/ep10,defaults,"{""augmentation"": ""no_augmentation"", ""beto_model"": ""dccuchile/bert-base-spanish-wwm-cased"", ""chunk_stride"": 256, ""max_tokens"": 512, ""n_cv_splits"": 5, ""n_search_iter"": 0, ""seeds"": [42], ""sentence_transformer_model"": ""intfloat/multilingual-e5-small"", ""tfidf_lemmatize"": true, ""tfidf_max_df"": 0.9, ""tfidf_max_features"": 300, ""tfidf_min_df"": 3, ""tfidf_ngram_range"": [1, 2], ""tfidf_normalize_numbers"": true}",2026-09-10T06:21:17
E3_TSDAE_EP10,frozen,participant,3,no_augmentation,GAD7,42,KNN,4.959834,False,models/tsdae_e5_small/ep10,defaults,"{""augmentation"": ""no_augmentation"", ""beto_model"": ""dccuchile/bert-base-spanish-wwm-cased"", ""chunk_stride"": 256, ""max_tokens"": 512, ""n_cv_splits"": 5, ""n_search_iter"": 0, ""seeds"": [42], ""sentence_transformer_model"": ""intfloat/multilingual-e5-small"", ""tfidf_lemmatize"": true, ""tfidf_max_df"": 0.9, ""tfidf_max_features"": 300, ""tfidf_min_df"": 3, ""tfidf_ngram_range"": [1, 2], ""tfidf_normalize_numbers"": true}",2026-09-10T06:21:17
E3_TSDAE_EP10,frozen,participant,3,no_augmentation,GAD7,42,DecisionTree,6.529809,False,models/tsdae_e5_small/ep10,defaults,"{""augmentation"": ""no_augmentation"", ""beto_model"": ""dccuchile/bert-base-spanish-wwm-cased"", ""chunk_stride"": 256, ""max_tokens"": 512, ""n_cv_splits"": 5, ""n_search_iter"": 0, ""seeds"": [42], ""sentence_transformer_model"": ""intfloat/multilingual-e5-small"", ""tfidf_lemmatize"": true, ""tfidf_max_df"": 0.9, ""tfidf_max_features"": 300, ""tfidf_min_df"": 3, ""tfidf_ngram_range"": [1, 2], ""tfidf_normalize_numbers"": true}",2026-09-10T06:21:17
E3_TSDAE_EP10,frozen,participant,3,no_augmentation,GAD7,42,AdaBoost,4.821029,False,models/tsdae_e5_small/ep10,defaults,"{""augmentation"": ""no_augmentation"", ""beto_model"": ""dccuchile/bert-base-spanish-wwm-cased"", ""chunk_stride"": 256, ""max_tokens"": 512, ""n_cv_splits"": 5, ""n_search_iter"": 0, ""seeds"": [42], ""sentence_transformer_model"": ""intfloat/multilingual-e5-small"", ""tfidf_lemmatize"": true, ""tfidf_max_df"": 0.9, ""tfidf_max_features"": 300, ""tfidf_min_df"": 3, ""tfidf_ngram_range"": [1, 2], ""tfidf_normalize_numbers"": true}",2026-09-10T06:21:17
E3_TSDAE_EP20,frozen,participant,3,no_augmentation,PHQ9,42,Ridge,8.574258,False,models/tsdae_e5_small/ep20,defaults,"{""augmentation"": ""no_augmentation"", ""beto_model"": ""dccuchile/bert-base-spanish-wwm-cased"", ""chunk_stride"": 256, ""max_tokens"": 512, ""n_cv_splits"": 5, ""n_search_iter"": 0, ""seeds"": [42], ""sentence_transformer_model"": ""intfloat/multilingual-e5-small"", ""tfidf_lemmatize"": true, ""tfidf_max_df"": 0.9, ""tfidf_max_features"": 300, ""tfidf_min_df"": 3, ""tfidf_ngram_range"": [1, 2], ""tfidf_normalize_numbers"": true}",2026-09-10T06:21:39
E3_TSDAE_EP20,frozen,participant,3,no_augmentation,PHQ9,42,SVR,6.093574,False,models/tsdae_e5_small/ep20,defaults,"{""augmentation"": ""no_augmentation"", ""beto_model"": ""dccuchile/bert-base-spanish-wwm-cased"", ""chunk_stride"": 256, ""max_tokens"": 512, ""n_cv_splits"": 5, ""n_search_iter"": 0, ""seeds"": [42], ""sentence_transformer_model"": ""intfloat/multilingual-e5-small"", ""tfidf_lemmatize"": true, ""tfidf_max_df"": 0.9, ""tfidf_max_features"": 300, ""tfidf_min_df"": 3, ""tfidf_ngram_range"": [1, 2], ""tfidf_normalize_numbers"": true}",2026-09-10T06:21:39
E3_TSDAE_EP20,frozen,participant,3,no_augmentation,PHQ9,42,RandomForest,5.958456,False,models/tsdae_e5_small/ep20,defaults,"{""augmentation"": ""no_augmentation"", ""beto_model"": ""dccuchile/bert-base-spanish-wwm-cased"", ""chunk_stride"": 256, ""max_tokens"": 512, ""n_cv_splits"": 5, ""n_search_iter"": 0, ""seeds"": [42], ""sentence_transformer_model"": ""intfloat/multilingual-e5-small"", ""tfidf_lemmatize"": true, ""tfidf_max_df"": 0.9, ""tfidf_max_features"": 300, ""tfidf_min_df"": 3, ""tfidf_ngram_range"": [1, 2], ""tfidf_normalize_numbers"": true}",2026-09-10T06:21:39
E3_TSDAE_EP20,frozen,participant,3,no_augmentation,PHQ9,42,ExtraTrees,5.967857,False,models/tsdae_e5_small/ep20,defaults,"{""augmentation"": ""no_augmentation"", ""beto_model"": ""dccuchile/bert-base-spanish-wwm-cased"", ""chunk_stride"": 256, ""max_tokens"": 512, ""n_cv_splits"": 5, ""n_search_iter"": 0, ""seeds"": [42], ""sentence_transformer_model"": ""intfloat/multilingual-e5-small"", ""tfidf_lemmatize"": true, ""tfidf_max_df"": 0.9, ""tfidf_max_features"": 300, ""tfidf_min_df"": 3, ""tfidf_ngram_range"": [1, 2], ""tfidf_normalize_numbers"": true}",2026-09-10T06:21:39
E3_TSDAE_EP20,frozen,participant,3,no_augmentation,PHQ9,42,GradientBoosting,5.73105,True,models/tsdae_e5_small/ep20,defaults,"{""augmentation"": ""no_augmentation"", ""beto_model"": ""dccuchile/bert-base-spanish-wwm-cased"", ""chunk_stride"": 256, ""max_tokens"": 512, ""n_cv_splits"": 5, ""n_search_iter"": 0, ""seeds"": [42], ""sentence_transformer_model"": ""intfloat/multilingual-e5-small"", ""tfidf_lemmatize"": true, ""tfidf_max_df"": 0.9, ""tfidf_max_features"": 300, ""tfidf_min_df"": 3, ""tfidf_ngram_range"": [1, 2], ""tfidf_normalize_numbers"": true}",2026-09-10T06:21:39
E3_TSDAE_EP20,frozen,participant,3,no_augmentation,PHQ9,42,LightGBM,6.165641,False,models/tsdae_e5_small/ep20,defaults,"{""augmentation"": ""no_augmentation"", ""beto_model"": ""dccuchile/bert-base-spanish-wwm-cased"", ""chunk_stride"": 256, ""max_tokens"": 512, ""n_cv_splits"": 5, ""n_search_iter"": 0, ""seeds"": [42], ""sentence_transformer_model"": ""intfloat/multilingual-e5-small"", ""tfidf_lemmatize"": true, ""tfidf_max_df"": 0.9, ""tfidf_max_features"": 300, ""tfidf_min_df"": 3, ""tfidf_ngram_range"": [1, 2], ""tfidf_normalize_numbers"": true}",2026-09-10T06:21:39
E3_TSDAE_EP20,frozen,participant,3,no_augmentation,PHQ9,42,KNN,6.232484,False,models/tsdae_e5_small/ep20,defaults,"{""augmentation"": ""no_augmentation"", ""beto_model"": ""dccuchile/bert-base-spanish-wwm-cased"", ""chunk_stride"": 256, ""max_tokens"": 512, ""n_cv_splits"": 5, ""n_search_iter"": 0, ""seeds"": [42], ""sentence_transformer_model"": ""intfloat/multilingual-e5-small"", ""tfidf_lemmatize"": true, ""tfidf_max_df"": 0.9, ""tfidf_max_features"": 300, ""tfidf_min_df"": 3, ""tfidf_ngram_range"": [1, 2], ""tfidf_normalize_numbers"": true}",2026-09-10T06:21:39
E3_TSDAE_EP20,frozen,participant,3,no_augmentation,PHQ9,42,DecisionTree,6.781558,False,models/tsdae_e5_small/ep20,defaults,"{""augmentation"": ""no_augmentation"", ""beto_model"": ""dccuchile/bert-base-spanish-wwm-cased"", ""chunk_stride"": 256, ""max_tokens"": 512, ""n_cv_splits"": 5, ""n_search_iter"": 0, ""seeds"": [42], ""sentence_transformer_model"": ""intfloat/multilingual-e5-small"", ""tfidf_lemmatize"": true, ""tfidf_max_df"": 0.9, ""tfidf_max_features"": 300, ""tfidf_min_df"": 3, ""tfidf_ngram_range"": [1, 2], ""tfidf_normalize_numbers"": true}",2026-09-10T06:21:39
E3_TSDAE_EP20,frozen,participant,3,no_augmentation,PHQ9,42,AdaBoost,5.956138,False,models/tsdae_e5_small/ep20,defaults,"{""augmentation"": ""no_augmentation"", ""beto_model"": ""dccuchile/bert-base-spanish-wwm-cased"", ""chunk_stride"": 256, ""max_tokens"": 512, ""n_cv_splits"": 5, ""n_search_iter"": 0, ""seeds"": [42], ""sentence_transformer_model"": ""intfloat/multilingual-e5-small"", ""tfidf_lemmatize"": true, ""tfidf_max_df"": 0.9, ""tfidf_max_features"": 300, ""tfidf_min_df"": 3, ""tfidf_ngram_range"": [1, 2], ""tfidf_normalize_numbers"": true}",2026-09-10T06:21:39
E3_TSDAE_EP20,frozen,participant,3,no_augmentation,GAD7,42,Ridge,7.406563,False,models/tsdae_e5_small/ep20,defaults,"{""augmentation"": ""no_augmentation"", ""beto_model"": ""dccuchile/bert-base-spanish-wwm-cased"", ""chunk_stride"": 256, ""max_tokens"": 512, ""n_cv_splits"": 5, ""n_search_iter"": 0, ""seeds"": [42], ""sentence_transformer_model"": ""intfloat/multilingual-e5-small"", ""tfidf_lemmatize"": true, ""tfidf_max_df"": 0.9, ""tfidf_max_features"": 300, ""tfidf_min_df"": 3, ""tfidf_ngram_range"": [1, 2], ""tfidf_normalize_numbers"": true}",2026-09-10T06:22:00
E3_TSDAE_EP20,frozen,participant,3,no_augmentation,GAD7,42,SVR,5.066556,False,models/tsdae_e5_small/ep20,defaults,"{""augmentation"": ""no_augmentation"", ""beto_model"": ""dccuchile/bert-base-spanish-wwm-cased"", ""chunk_stride"": 256, ""max_tokens"": 512, ""n_cv_splits"": 5, ""n_search_iter"": 0, ""seeds"": [42], ""sentence_transformer_model"": ""intfloat/multilingual-e5-small"", ""tfidf_lemmatize"": true, ""tfidf_max_df"": 0.9, ""tfidf_max_features"": 300, ""tfidf_min_df"": 3, ""tfidf_ngram_range"": [1, 2], ""tfidf_normalize_numbers"": true}",2026-09-10T06:22:00
E3_TSDAE_EP20,frozen,participant,3,no_augmentation,GAD7,42,RandomForest,4.738246,False,models/tsdae_e5_small/ep20,defaults,"{""augmentation"": ""no_augmentation"", ""beto_model"": ""dccuchile/bert-base-spanish-wwm-cased"", ""chunk_stride"": 256, ""max_tokens"": 512, ""n_cv_splits"": 5, ""n_search_iter"": 0, ""seeds"": [42], ""sentence_transformer_model"": ""intfloat/multilingual-e5-small"", ""tfidf_lemmatize"": true, ""tfidf_max_df"": 0.9, ""tfidf_max_features"": 300, ""tfidf_min_df"": 3, ""tfidf_ngram_range"": [1, 2], ""tfidf_normalize_numbers"": true}",2026-09-10T06:22:00
E3_TSDAE_EP20,frozen,participant,3,no_augmentation,GAD7,42,ExtraTrees,4.824195,False,models/tsdae_e5_small/ep20,defaults,"{""augmentation"": ""no_augmentation"", ""beto_model"": ""dccuchile/bert-base-spanish-wwm-cased"", ""chunk_stride"": 256, ""max_tokens"": 512, ""n_cv_splits"": 5, ""n_search_iter"": 0, ""seeds"": [42], ""sentence_transformer_model"": ""intfloat/multilingual-e5-small"", ""tfidf_lemmatize"": true, ""tfidf_max_df"": 0.9, ""tfidf_max_features"": 300, ""tfidf_min_df"": 3, ""tfidf_ngram_range"": [1, 2], ""tfidf_normalize_numbers"": true}",2026-09-10T06:22:00
E3_TSDAE_EP20,frozen,participant,3,no_augmentation,GAD7,42,GradientBoosting,4.541901,True,models/tsdae_e5_small/ep20,defaults,"{""augmentation"": ""no_augmentation"", ""beto_model"": ""dccuchile/bert-base-spanish-wwm-cased"", ""chunk_stride"": 256, ""max_tokens"": 512, ""n_cv_splits"": 5, ""n_search_iter"": 0, ""seeds"": [42], ""sentence_transformer_model"": ""intfloat/multilingual-e5-small"", ""tfidf_lemmatize"": true, ""tfidf_max_df"": 0.9, ""tfidf_max_features"": 300, ""tfidf_min_df"": 3, ""tfidf_ngram_range"": [1, 2], ""tfidf_normalize_numbers"": true}",2026-09-10T06:22:00
E3_TSDAE_EP20,frozen,participant,3,no_augmentation,GAD7,42,LightGBM,4.983719,False,models/tsdae_e5_small/ep20,defaults,"{""augmentation"": ""no_augmentation"", ""beto_model"": ""dccuchile/bert-base-spanish-wwm-cased"", ""chunk_stride"": 256, ""max_tokens"": 512, ""n_cv_splits"": 5, ""n_search_iter"": 0, ""seeds"": [42], ""sentence_transformer_model"": ""intfloat/multilingual-e5-small"", ""tfidf_lemmatize"": true, ""tfidf_max_df"": 0.9, ""tfidf_max_features"": 300, ""tfidf_min_df"": 3, ""tfidf_ngram_range"": [1, 2], ""tfidf_normalize_numbers"": true}",2026-09-10T06:22:00
E3_TSDAE_EP20,frozen,participant,3,no_augmentation,GAD7,42,KNN,5.088103,False,models/tsdae_e5_small/ep20,defaults,"{""augmentation"": ""no_augmentation"", ""beto_model"": ""dccuchile/bert-base-spanish-wwm-cased"", ""chunk_stride"": 256, ""max_tokens"": 512, ""n_cv_splits"": 5, ""n_search_iter"": 0, ""seeds"": [42], ""sentence_transformer_model"": ""intfloat/multilingual-e5-small"", ""tfidf_lemmatize"": true, ""tfidf_max_df"": 0.9, ""tfidf_max_features"": 300, ""tfidf_min_df"": 3, ""tfidf_ngram_range"": [1, 2], ""tfidf_normalize_numbers"": true}",2026-09-10T06:22:00
E3_TSDAE_EP20,frozen,participant,3,no_augmentation,GAD7,42,DecisionTree,6.26363,False,models/tsdae_e5_small/ep20,defaults,"{""augmentation"": ""no_augmentation"", ""beto_model"": ""dccuchile/bert-base-spanish-wwm-cased"", ""chunk_stride"": 256, ""max_tokens"": 512, ""n_cv_splits"": 5, ""n_search_iter"": 0, ""seeds"": [42], ""sentence_transformer_model"": ""intfloat/multilingual-e5-small"", ""tfidf_lemmatize"": true, ""tfidf_max_df"": 0.9, ""tfidf_max_features"": 300, ""tfidf_min_df"": 3, ""tfidf_ngram_range"": [1, 2], ""tfidf_normalize_numbers"": true}",2026-09-10T06:22:00
E3_TSDAE_EP20,frozen,participant,3,no_augmentation,GAD7,42,AdaBoost,4.661696,False,models/tsdae_e5_small/ep20,defaults,"{""augmentation"": ""no_augmentation"", ""beto_model"": ""dccuchile/bert-base-spanish-wwm-cased"", ""chunk_stride"": 256, ""max_tokens"": 512, ""n_cv_splits"": 5, ""n_search_iter"": 0, ""seeds"": [42], ""sentence_transformer_model"": ""intfloat/multilingual-e5-small"", ""tfidf_lemmatize"": true, ""tfidf_max_df"": 0.9, ""tfidf_max_features"": 300, ""tfidf_min_df"": 3, ""tfidf_ngram_range"": [1, 2], ""tfidf_normalize_numbers"": true}",2026-09-10T06:22:00
E3_TSDAE_EP30,frozen,participant,3,no_augmentation,PHQ9,42,Ridge,7.553798,False,models/tsdae_e5_small/ep30,defaults,"{""augmentation"": ""no_augmentation"", ""beto_model"": ""dccuchile/bert-base-spanish-wwm-cased"", ""chunk_stride"": 256, ""max_tokens"": 512, ""n_cv_splits"": 5, ""n_search_iter"": 0, ""seeds"": [42], ""sentence_transformer_model"": ""intfloat/multilingual-e5-small"", ""tfidf_lemmatize"": true, ""tfidf_max_df"": 0.9, ""tfidf_max_features"": 300, ""tfidf_min_df"": 3, ""tfidf_ngram_range"": [1, 2], ""tfidf_normalize_numbers"": true}",2026-09-10T06:22:21
E3_TSDAE_EP30,frozen,participant,3,no_augmentation,PHQ9,42,SVR,6.004703,False,models/tsdae_e5_small/ep30,defaults,"{""augmentation"": ""no_augmentation"", ""beto_model"": ""dccuchile/bert-base-spanish-wwm-cased"", ""chunk_stride"": 256, ""max_tokens"": 512, ""n_cv_splits"": 5, ""n_search_iter"": 0, ""seeds"": [42], ""sentence_transformer_model"": ""intfloat/multilingual-e5-small"", ""tfidf_lemmatize"": true, ""tfidf_max_df"": 0.9, ""tfidf_max_features"": 300, ""tfidf_min_df"": 3, ""tfidf_ngram_range"": [1, 2], ""tfidf_normalize_numbers"": true}",2026-09-10T06:22:21
E3_TSDAE_EP30,frozen,participant,3,no_augmentation,PHQ9,42,RandomForest,5.922891,False,models/tsdae_e5_small/ep30,defaults,"{""augmentation"": ""no_augmentation"", ""beto_model"": ""dccuchile/bert-base-spanish-wwm-cased"", ""chunk_stride"": 256, ""max_tokens"": 512, ""n_cv_splits"": 5, ""n_search_iter"": 0, ""seeds"": [42], ""sentence_transformer_model"": ""intfloat/multilingual-e5-small"", ""tfidf_lemmatize"": true, ""tfidf_max_df"": 0.9, ""tfidf_max_features"": 300, ""tfidf_min_df"": 3, ""tfidf_ngram_range"": [1, 2], ""tfidf_normalize_numbers"": true}",2026-09-10T06:22:21
E3_TSDAE_EP30,frozen,participant,3,no_augmentation,PHQ9,42,ExtraTrees,5.936457,False,models/tsdae_e5_small/ep30,defaults,"{""augmentation"": ""no_augmentation"", ""beto_model"": ""dccuchile/bert-base-spanish-wwm-cased"", ""chunk_stride"": 256, ""max_tokens"": 512, ""n_cv_splits"": 5, ""n_search_iter"": 0, ""seeds"": [42], ""sentence_transformer_model"": ""intfloat/multilingual-e5-small"", ""tfidf_lemmatize"": true, ""tfidf_max_df"": 0.9, ""tfidf_max_features"": 300, ""tfidf_min_df"": 3, ""tfidf_ngram_range"": [1, 2], ""tfidf_normalize_numbers"": true}",2026-09-10T06:22:21
E3_TSDAE_EP30,frozen,participant,3,no_augmentation,PHQ9,42,GradientBoosting,5.806878,True,models/tsdae_e5_small/ep30,defaults,"{""augmentation"": ""no_augmentation"", ""beto_model"": ""dccuchile/bert-base-spanish-wwm-cased"", ""chunk_stride"": 256, ""max_tokens"": 512, ""n_cv_splits"": 5, ""n_search_iter"": 0, ""seeds"": [42], ""sentence_transformer_model"": ""intfloat/multilingual-e5-small"", ""tfidf_lemmatize"": true, ""tfidf_max_df"": 0.9, ""tfidf_max_features"": 300, ""tfidf_min_df"": 3, ""tfidf_ngram_range"": [1, 2], ""tfidf_normalize_numbers"": true}",2026-09-10T06:22:21
E3_TSDAE_EP30,frozen,participant,3,no_augmentation,PHQ9,42,LightGBM,6.477615,False,models/tsdae_e5_small/ep30,defaults,"{""augmentation"": ""no_augmentation"", ""beto_model"": ""dccuchile/bert-base-spanish-wwm-cased"", ""chunk_stride"": 256, ""max_tokens"": 512, ""n_cv_splits"": 5, ""n_search_iter"": 0, ""seeds"": [42], ""sentence_transformer_model"": ""intfloat/multilingual-e5-small"", ""tfidf_lemmatize"": true, ""tfidf_max_df"": 0.9, ""tfidf_max_features"": 300, ""tfidf_min_df"": 3, ""tfidf_ngram_range"": [1, 2], ""tfidf_normalize_numbers"": true}",2026-09-10T06:22:21
E3_TSDAE_EP30,frozen,participant,3,no_augmentation,PHQ9,42,KNN,6.075311,False,models/tsdae_e5_small/ep30,defaults,"{""augmentation"": ""no_augmentation"", ""beto_model"": ""dccuchile/bert-base-spanish-wwm-cased"", ""chunk_stride"": 256, ""max_tokens"": 512, ""n_cv_splits"": 5, ""n_search_iter"": 0, ""seeds"": [42], ""sentence_transformer_model"": ""intfloat/multilingual-e5-small"", ""tfidf_lemmatize"": true, ""tfidf_max_df"": 0.9, ""tfidf_max_features"": 300, ""tfidf_min_df"": 3, ""tfidf_ngram_range"": [1, 2], ""tfidf_normalize_numbers"": true}",2026-09-10T06:22:21
E3_TSDAE_EP30,frozen,participant,3,no_augmentation,PHQ9,42,DecisionTree,7.731964,False,models/tsdae_e5_small/ep30,defaults,"{""augmentation"": ""no_augmentation"", ""beto_model"": ""dccuchile/bert-base-spanish-wwm-cased"", ""chunk_stride"": 256, ""max_tokens"": 512, ""n_cv_splits"": 5, ""n_search_iter"": 0, ""seeds"": [42], ""sentence_transformer_model"": ""intfloat/multilingual-e5-small"", ""tfidf_lemmatize"": true, ""tfidf_max_df"": 0.9, ""tfidf_max_features"": 300, ""tfidf_min_df"": 3, ""tfidf_ngram_range"": [1, 2], ""tfidf_normalize_numbers"": true}",2026-09-10T06:22:21
E3_TSDAE_EP30,frozen,participant,3,no_augmentation,PHQ9,42,AdaBoost,5.863713,False,models/tsdae_e5_small/ep30,defaults,"{""augmentation"": ""no_augmentation"", ""beto_model"": ""dccuchile/bert-base-spanish-wwm-cased"", ""chunk_stride"": 256, ""max_tokens"": 512, ""n_cv_splits"": 5, ""n_search_iter"": 0, ""seeds"": [42], ""sentence_transformer_model"": ""intfloat/multilingual-e5-small"", ""tfidf_lemmatize"": true, ""tfidf_max_df"": 0.9, ""tfidf_max_features"": 300, ""tfidf_min_df"": 3, ""tfidf_ngram_range"": [1, 2], ""tfidf_normalize_numbers"": true}",2026-09-10T06:22:21
E3_TSDAE_EP30,frozen,participant,3,no_augmentation,GAD7,42,Ridge,7.111214,False,models/tsdae_e5_small/ep30,defaults,"{""augmentation"": ""no_augmentation"", ""beto_model"": ""dccuchile/bert-base-spanish-wwm-cased"", ""chunk_stride"": 256, ""max_tokens"": 512, ""n_cv_splits"": 5, ""n_search_iter"": 0, ""seeds"": [42], ""sentence_transformer_model"": ""intfloat/multilingual-e5-small"", ""tfidf_lemmatize"": true, ""tfidf_max_df"": 0.9, ""tfidf_max_features"": 300, ""tfidf_min_df"": 3, ""tfidf_ngram_range"": [1, 2], ""tfidf_normalize_numbers"": true}",2026-09-10T06:22:41
E3_TSDAE_EP30,frozen,participant,3,no_augmentation,GAD7,42,SVR,4.952044,False,models/tsdae_e5_small/ep30,defaults,"{""augmentation"": ""no_augmentation"", ""beto_model"": ""dccuchile/bert-base-spanish-wwm-cased"", ""chunk_stride"": 256, ""max_tokens"": 512, ""n_cv_splits"": 5, ""n_search_iter"": 0, ""seeds"": [42], ""sentence_transformer_model"": ""intfloat/multilingual-e5-small"", ""tfidf_lemmatize"": true, ""tfidf_max_df"": 0.9, ""tfidf_max_features"": 300, ""tfidf_min_df"": 3, ""tfidf_ngram_range"": [1, 2], ""tfidf_normalize_numbers"": true}",2026-09-10T06:22:42
E3_TSDAE_EP30,frozen,participant,3,no_augmentation,GAD7,42,RandomForest,4.798739,True,models/tsdae_e5_small/ep30,defaults,"{""augmentation"": ""no_augmentation"", ""beto_model"": ""dccuchile/bert-base-spanish-wwm-cased"", ""chunk_stride"": 256, ""max_tokens"": 512, ""n_cv_splits"": 5, ""n_search_iter"": 0, ""seeds"": [42], ""sentence_transformer_model"": ""intfloat/multilingual-e5-small"", ""tfidf_lemmatize"": true, ""tfidf_max_df"": 0.9, ""tfidf_max_features"": 300, ""tfidf_min_df"": 3, ""tfidf_ngram_range"": [1, 2], ""tfidf_normalize_numbers"": true}",2026-09-10T06:22:42
E3_TSDAE_EP30,frozen,participant,3,no_augmentation,GAD7,42,ExtraTrees,4.803538,False,models/tsdae_e5_small/ep30,defaults,"{""augmentation"": ""no_augmentation"", ""beto_model"": ""dccuchile/bert-base-spanish-wwm-cased"", ""chunk_stride"": 256, ""max_tokens"": 512, ""n_cv_splits"": 5, ""n_search_iter"": 0, ""seeds"": [42], ""sentence_transformer_model"": ""intfloat/multilingual-e5-small"", ""tfidf_lemmatize"": true, ""tfidf_max_df"": 0.9, ""tfidf_max_features"": 300, ""tfidf_min_df"": 3, ""tfidf_ngram_range"": [1, 2], ""tfidf_normalize_numbers"": true}",2026-09-10T06:22:42
E3_TSDAE_EP30,frozen,participant,3,no_augmentation,GAD7,42,GradientBoosting,4.965933,False,models/tsdae_e5_small/ep30,defaults,"{""augmentation"": ""no_augmentation"", ""beto_model"": ""dccuchile/bert-base-spanish-wwm-cased"", ""chunk_stride"": 256, ""max_tokens"": 512, ""n_cv_splits"": 5, ""n_search_iter"": 0, ""seeds"": [42], ""sentence_transformer_model"": ""intfloat/multilingual-e5-small"", ""tfidf_lemmatize"": true, ""tfidf_max_df"": 0.9, ""tfidf_max_features"": 300, ""tfidf_min_df"": 3, ""tfidf_ngram_range"": [1, 2], ""tfidf_normalize_numbers"": true}",2026-09-10T06:22:42
E3_TSDAE_EP30,frozen,participant,3,no_augmentation,GAD7,42,LightGBM,5.392353,False,models/tsdae_e5_small/ep30,defaults,"{""augmentation"": ""no_augmentation"", ""beto_model"": ""dccuchile/bert-base-spanish-wwm-cased"", ""chunk_stride"": 256, ""max_tokens"": 512, ""n_cv_splits"": 5, ""n_search_iter"": 0, ""seeds"": [42], ""sentence_transformer_model"": ""intfloat/multilingual-e5-small"", ""tfidf_lemmatize"": true, ""tfidf_max_df"": 0.9, ""tfidf_max_features"": 300, ""tfidf_min_df"": 3, ""tfidf_ngram_range"": [1, 2], ""tfidf_normalize_numbers"": true}",2026-09-10T06:22:42
E3_TSDAE_EP30,frozen,participant,3,no_augmentation,GAD7,42,KNN,4.964437,False,models/tsdae_e5_small/ep30,defaults,"{""augmentation"": ""no_augmentation"", ""beto_model"": ""dccuchile/bert-base-spanish-wwm-cased"", ""chunk_stride"": 256, ""max_tokens"": 512, ""n_cv_splits"": 5, ""n_search_iter"": 0, ""seeds"": [42], ""sentence_transformer_model"": ""intfloat/multilingual-e5-small"", ""tfidf_lemmatize"": true, ""tfidf_max_df"": 0.9, ""tfidf_max_features"": 300, ""tfidf_min_df"": 3, ""tfidf_ngram_range"": [1, 2], ""tfidf_normalize_numbers"": true}",2026-09-10T06:22:42
E3_TSDAE_EP30,frozen,participant,3,no_augmentation,GAD7,42,DecisionTree,5.730507,False,models/tsdae_e5_small/ep30,defaults,"{""augmentation"": ""no_augmentation"", ""beto_model"": ""dccuchile/bert-base-spanish-wwm-cased"", ""chunk_stride"": 256, ""max_tokens"": 512, ""n_cv_splits"": 5, ""n_search_iter"": 0, ""seeds"": [42], ""sentence_transformer_model"": ""intfloat/multilingual-e5-small"", ""tfidf_lemmatize"": true, ""tfidf_max_df"": 0.9, ""tfidf_max_features"": 300, ""tfidf_min_df"": 3, ""tfidf_ngram_range"": [1, 2], ""tfidf_normalize_numbers"": true}",2026-09-10T06:22:42
E3_TSDAE_EP30,frozen,participant,3,no_augmentation,GAD7,42,AdaBoost,4.839712,False,models/tsdae_e5_small/ep30,defaults,"{""augmentation"": ""no_augmentation"", ""beto_model"": ""dccuchile/bert-base-spanish-wwm-cased"", ""chunk_stride"": 256, ""max_tokens"": 512, ""n_cv_splits"": 5, ""n_search_iter"": 0, ""seeds"": [42], ""sentence_transformer_model"": ""intfloat/multilingual-e5-small"", ""tfidf_lemmatize"": true, ""tfidf_max_df"": 0.9, ""tfidf_max_features"": 300, ""tfidf_min_df"": 3, ""tfidf_ngram_range"": [1, 2], ""tfidf_normalize_numbers"": true}",2026-09-10T06:22:42
E3_TSDAE_EP05,frozen,participant,3,no_augmentation,PHQ9,42,Ridge,7.079678,False,models/tsdae_e5_small_v2/ep05,defaults,"{""augmentation"": ""no_augmentation"", ""beto_model"": ""dccuchile/bert-base-spanish-wwm-cased"", ""chunk_stride"": 256, ""max_tokens"": 512, ""n_cv_splits"": 5, ""n_search_iter"": 0, ""seeds"": [42], ""sentence_transformer_model"": ""intfloat/multilingual-e5-small"", ""tfidf_lemmatize"": true, ""tfidf_max_df"": 0.9, ""tfidf_max_features"": 300, ""tfidf_min_df"": 3, ""tfidf_ngram_range"": [1, 2], ""tfidf_normalize_numbers"": true}",2026-09-17T03:15:43
E3_TSDAE_EP05,frozen,participant,3,no_augmentation,PHQ9,42,SVR,5.488478,True,models/tsdae_e5_small_v2/ep05,defaults,"{""augmentation"": ""no_augmentation"", ""beto_model"": ""dccuchile/bert-base-spanish-wwm-cased"", ""chunk_stride"": 256, ""max_tokens"": 512, ""n_cv_splits"": 5, ""n_search_iter"": 0, ""seeds"": [42], ""sentence_transformer_model"": ""intfloat/multilingual-e5-small"", ""tfidf_lemmatize"": true, ""tfidf_max_df"": 0.9, ""tfidf_max_features"": 300, ""tfidf_min_df"": 3, ""tfidf_ngram_range"": [1, 2], ""tfidf_normalize_numbers"": true}",2026-09-17T03:15:43
E3_TSDAE_EP05,frozen,participant,3,no_augmentation,PHQ9,42,RandomForest,5.641116,False,models/tsdae_e5_small_v2/ep05,defaults,"{""augmentation"": ""no_augmentation"", ""beto_model"": ""dccuchile/bert-base-spanish-wwm-cased"", ""chunk_stride"": 256, ""max_tokens"": 512, ""n_cv_splits"": 5, ""n_search_iter"": 0, ""seeds"": [42], ""sentence_transformer_model"": ""intfloat/multilingual-e5-small"", ""tfidf_lemmatize"": true, ""tfidf_max_df"": 0.9, ""tfidf_max_features"": 300, ""tfidf_min_df"": 3, ""tfidf_ngram_range"": [1, 2], ""tfidf_normalize_numbers"": true}",2026-09-17T03:15:43
E3_TSDAE_EP05,frozen,participant,3,no_augmentation,PHQ9,42,ExtraTrees,5.598035,False,models/tsdae_e5_small_v2/ep05,defaults,"{""augmentation"": ""no_augmentation"", ""beto_model"": ""dccuchile/bert-base-spanish-wwm-cased"", ""chunk_stride"": 256, ""max_tokens"": 512, ""n_cv_splits"": 5, ""n_search_iter"": 0, ""seeds"": [42], ""sentence_transformer_model"": ""intfloat/multilingual-e5-small"", ""tfidf_lemmatize"": true, ""tfidf_max_df"": 0.9, ""tfidf_max_features"": 300, ""tfidf_min_df"": 3, ""tfidf_ngram_range"": [1, 2], ""tfidf_normalize_numbers"": true}",2026-09-17T03:15:43
E3_TSDAE_EP05,frozen,participant,3,no_augmentation,PHQ9,42,GradientBoosting,5.891149,False,models/tsdae_e5_small_v2/ep05,defaults,"{""augmentation"": ""no_augmentation"", ""beto_model"": ""dccuchile/bert-base-spanish-wwm-cased"", ""chunk_stride"": 256, ""max_tokens"": 512, ""n_cv_splits"": 5, ""n_search_iter"": 0, ""seeds"": [42], ""sentence_transformer_model"": ""intfloat/multilingual-e5-small"", ""tfidf_lemmatize"": true, ""tfidf_max_df"": 0.9, ""tfidf_max_features"": 300, ""tfidf_min_df"": 3, ""tfidf_ngram_range"": [1, 2], ""tfidf_normalize_numbers"": true}",2026-09-17T03:15:43
E3_TSDAE_EP05,frozen,participant,3,no_augmentation,PHQ9,42,LightGBM,5.85124,False,models/tsdae_e5_small_v2/ep05,defaults,"{""augmentation"": ""no_augmentation"", ""beto_model"": ""dccuchile/bert-base-spanish-wwm-cased"", ""chunk_stride"": 256, ""max_tokens"": 512, ""n_cv_splits"": 5, ""n_search_iter"": 0, ""seeds"": [42], ""sentence_transformer_model"": ""intfloat/multilingual-e5-small"", ""tfidf_lemmatize"": true, ""tfidf_max_df"": 0.9, ""tfidf_max_features"": 300, ""tfidf_min_df"": 3, ""tfidf_ngram_range"": [1, 2], ""tfidf_normalize_numbers"": true}",2026-09-17T03:15:43
E3_TSDAE_EP05,frozen,participant,3,no_augmentation,PHQ9,42,KNN,5.640511,False,models/tsdae_e5_small_v2/ep05,defaults,"{""augmentation"": ""no_augmentation"", ""beto_model"": ""dccuchile/bert-base-spanish-wwm-cased"", ""chunk_stride"": 256, ""max_tokens"": 512, ""n_cv_splits"": 5, ""n_search_iter"": 0, ""seeds"": [42], ""sentence_transformer_model"": ""intfloat/multilingual-e5-small"", ""tfidf_lemmatize"": true, ""tfidf_max_df"": 0.9, ""tfidf_max_features"": 300, ""tfidf_min_df"": 3, ""tfidf_ngram_range"": [1, 2], ""tfidf_normalize_numbers"": true}",2026-09-17T03:15:43
E3_TSDAE_EP05,frozen,participant,3,no_augmentation,PHQ9,42,DecisionTree,7.180886,False,models/tsdae_e5_small_v2/ep05,defaults,"{""augmentation"": ""no_augmentation"", ""beto_model"": ""dccuchile/bert-base-spanish-wwm-cased"", ""chunk_stride"": 256, ""max_tokens"": 512, ""n_cv_splits"": 5, ""n_search_iter"": 0, ""seeds"": [42], ""sentence_transformer_model"": ""intfloat/multilingual-e5-small"", ""tfidf_lemmatize"": true, ""tfidf_max_df"": 0.9, ""tfidf_max_features"": 300, ""tfidf_min_df"": 3, ""tfidf_ngram_range"": [1, 2], ""tfidf_normalize_numbers"": true}",2026-09-17T03:15:43
E3_TSDAE_EP05,frozen,participant,3,no_augmentation,PHQ9,42,AdaBoost,5.664233,False,models/tsdae_e5_small_v2/ep05,defaults,"{""augmentation"": ""no_augmentation"", ""beto_model"": ""dccuchile/bert-base-spanish-wwm-cased"", ""chunk_stride"": 256, ""max_tokens"": 512, ""n_cv_splits"": 5, ""n_search_iter"": 0, ""seeds"": [42], ""sentence_transformer_model"": ""intfloat/multilingual-e5-small"", ""tfidf_lemmatize"": true, ""tfidf_max_df"": 0.9, ""tfidf_max_features"": 300, ""tfidf_min_df"": 3, ""tfidf_ngram_range"": [1, 2], ""tfidf_normalize_numbers"": true}",2026-09-17T03:15:43
E3_TSDAE_EP05,frozen,participant,3,no_augmentation,GAD7,42,Ridge,5.855488,False,models/tsdae_e5_small_v2/ep05,defaults,"{""augmentation"": ""no_augmentation"", ""beto_model"": ""dccuchile/bert-base-spanish-wwm-cased"", ""chunk_stride"": 256, ""max_tokens"": 512, ""n_cv_splits"": 5, ""n_search_iter"": 0, ""seeds"": [42], ""sentence_transformer_model"": ""intfloat/multilingual-e5-small"", ""tfidf_lemmatize"": true, ""tfidf_max_df"": 0.9, ""tfidf_max_features"": 300, ""tfidf_min_df"": 3, ""tfidf_ngram_range"": [1, 2], ""tfidf_normalize_numbers"": true}",2026-09-17T03:16:04
E3_TSDAE_EP05,frozen,participant,3,no_augmentation,GAD7,42,SVR,4.595709,True,models/tsdae_e5_small_v2/ep05,defaults,"{""augmentation"": ""no_augmentation"", ""beto_model"": ""dccuchile/bert-base-spanish-wwm-cased"", ""chunk_stride"": 256, ""max_tokens"": 512, ""n_cv_splits"": 5, ""n_search_iter"": 0, ""seeds"": [42], ""sentence_transformer_model"": ""intfloat/multilingual-e5-small"", ""tfidf_lemmatize"": true, ""tfidf_max_df"": 0.9, ""tfidf_max_features"": 300, ""tfidf_min_df"": 3, ""tfidf_ngram_range"": [1, 2], ""tfidf_normalize_numbers"": true}",2026-09-17T03:16:04
E3_TSDAE_EP05,frozen,participant,3,no_augmentation,GAD7,42,RandomForest,4.610343,False,models/tsdae_e5_small_v2/ep05,defaults,"{""augmentation"": ""no_augmentation"", ""beto_model"": ""dccuchile/bert-base-spanish-wwm-cased"", ""chunk_stride"": 256, ""max_tokens"": 512, ""n_cv_splits"": 5, ""n_search_iter"": 0, ""seeds"": [42], ""sentence_transformer_model"": ""intfloat/multilingual-e5-small"", ""tfidf_lemmatize"": true, ""tfidf_max_df"": 0.9, ""tfidf_max_features"": 300, ""tfidf_min_df"": 3, ""tfidf_ngram_range"": [1, 2], ""tfidf_normalize_numbers"": true}",2026-09-17T03:16:04
E3_TSDAE_EP05,frozen,participant,3,no_augmentation,GAD7,42,ExtraTrees,4.645495,False,models/tsdae_e5_small_v2/ep05,defaults,"{""augmentation"": ""no_augmentation"", ""beto_model"": ""dccuchile/bert-base-spanish-wwm-cased"", ""chunk_stride"": 256, ""max_tokens"": 512, ""n_cv_splits"": 5, ""n_search_iter"": 0, ""seeds"": [42], ""sentence_transformer_model"": ""intfloat/multilingual-e5-small"", ""tfidf_lemmatize"": true, ""tfidf_max_df"": 0.9, ""tfidf_max_features"": 300, ""tfidf_min_df"": 3, ""tfidf_ngram_range"": [1, 2], ""tfidf_normalize_numbers"": true}",2026-09-17T03:16:04
E3_TSDAE_EP05,frozen,participant,3,no_augmentation,GAD7,42,GradientBoosting,4.886027,False,models/tsdae_e5_small_v2/ep05,defaults,"{""augmentation"": ""no_augmentation"", ""beto_model"": ""dccuchile/bert-base-spanish-wwm-cased"", ""chunk_stride"": 256, ""max_tokens"": 512, ""n_cv_splits"": 5, ""n_search_iter"": 0, ""seeds"": [42], ""sentence_transformer_model"": ""intfloat/multilingual-e5-small"", ""tfidf_lemmatize"": true, ""tfidf_max_df"": 0.9, ""tfidf_max_features"": 300, ""tfidf_min_df"": 3, ""tfidf_ngram_range"": [1, 2], ""tfidf_normalize_numbers"": true}",2026-09-17T03:16:04
E3_TSDAE_EP05,frozen,participant,3,no_augmentation,GAD7,42,LightGBM,4.885042,False,models/tsdae_e5_small_v2/ep05,defaults,"{""augmentation"": ""no_augmentation"", ""beto_model"": ""dccuchile/bert-base-spanish-wwm-cased"", ""chunk_stride"": 256, ""max_tokens"": 512, ""n_cv_splits"": 5, ""n_search_iter"": 0, ""seeds"": [42], ""sentence_transformer_model"": ""intfloat/multilingual-e5-small"", ""tfidf_lemmatize"": true, ""tfidf_max_df"": 0.9, ""tfidf_max_features"": 300, ""tfidf_min_df"": 3, ""tfidf_ngram_range"": [1, 2], ""tfidf_normalize_numbers"": true}",2026-09-17T03:16:04
E3_TSDAE_EP05,frozen,participant,3,no_augmentation,GAD7,42,KNN,4.701334,False,models/tsdae_e5_small_v2/ep05,defaults,"{""augmentation"": ""no_augmentation"", ""beto_model"": ""dccuchile/bert-base-spanish-wwm-cased"", ""chunk_stride"": 256, ""max_tokens"": 512, ""n_cv_splits"": 5, ""n_search_iter"": 0, ""seeds"": [42], ""sentence_transformer_model"": ""intfloat/multilingual-e5-small"", ""tfidf_lemmatize"": true, ""tfidf_max_df"": 0.9, ""tfidf_max_features"": 300, ""tfidf_min_df"": 3, ""tfidf_ngram_range"": [1, 2], ""tfidf_normalize_numbers"": true}",2026-09-17T03:16:04
E3_TSDAE_EP05,frozen,participant,3,no_augmentation,GAD7,42,DecisionTree,6.913017,False,models/tsdae_e5_small_v2/ep05,defaults,"{""augmentation"": ""no_augmentation"", ""beto_model"": ""dccuchile/bert-base-spanish-wwm-cased"", ""chunk_stride"": 256, ""max_tokens"": 512, ""n_cv_splits"": 5, ""n_search_iter"": 0, ""seeds"": [42], ""sentence_transformer_model"": ""intfloat/multilingual-e5-small"", ""tfidf_lemmatize"": true, ""tfidf_max_df"": 0.9, ""tfidf_max_features"": 300, ""tfidf_min_df"": 3, ""tfidf_ngram_range"": [1, 2], ""tfidf_normalize_numbers"": true}",2026-09-17T03:16:04
E3_TSDAE_EP05,frozen,participant,3,no_augmentation,GAD7,42,AdaBoost,4.642465,False,models/tsdae_e5_small_v2/ep05,defaults,"{""augmentation"": ""no_augmentation"", ""beto_model"": ""dccuchile/bert-base-spanish-wwm-cased"", ""chunk_stride"": 256, ""max_tokens"": 512, ""n_cv_splits"": 5, ""n_search_iter"": 0, ""seeds"": [42], ""sentence_transformer_model"": ""intfloat/multilingual-e5-small"", ""tfidf_lemmatize"": true, ""tfidf_max_df"": 0.9, ""tfidf_max_features"": 300, ""tfidf_min_df"": 3, ""tfidf_ngram_range"": [1, 2], ""tfidf_normalize_numbers"": true}",2026-09-17T03:16:04
E3_TSDAE_EP10,frozen,participant,3,no_augmentation,PHQ9,42,Ridge,6.50674,False,models/tsdae_e5_small_v2/ep10,defaults,"{""augmentation"": ""no_augmentation"", ""beto_model"": ""dccuchile/bert-base-spanish-wwm-cased"", ""chunk_stride"": 256, ""max_tokens"": 512, ""n_cv_splits"": 5, ""n_search_iter"": 0, ""seeds"": [42], ""sentence_transformer_model"": ""intfloat/multilingual-e5-small"", ""tfidf_lemmatize"": true, ""tfidf_max_df"": 0.9, ""tfidf_max_features"": 300, ""tfidf_min_df"": 3, ""tfidf_ngram_range"": [1, 2], ""tfidf_normalize_numbers"": true}",2026-09-17T03:16:26
E3_TSDAE_EP10,frozen,participant,3,no_augmentation,PHQ9,42,SVR,5.488117,True,models/tsdae_e5_small_v2/ep10,defaults,"{""augmentation"": ""no_augmentation"", ""beto_model"": ""dccuchile/bert-base-spanish-wwm-cased"", ""chunk_stride"": 256, ""max_tokens"": 512, ""n_cv_splits"": 5, ""n_search_iter"": 0, ""seeds"": [42], ""sentence_transformer_model"": ""intfloat/multilingual-e5-small"", ""tfidf_lemmatize"": true, ""tfidf_max_df"": 0.9, ""tfidf_max_features"": 300, ""tfidf_min_df"": 3, ""tfidf_ngram_range"": [1, 2], ""tfidf_normalize_numbers"": true}",2026-09-17T03:16:26
E3_TSDAE_EP10,frozen,participant,3,no_augmentation,PHQ9,42,RandomForest,5.653783,False,models/tsdae_e5_small_v2/ep10,defaults,"{""augmentation"": ""no_augmentation"", ""beto_model"": ""dccuchile/bert-base-spanish-wwm-cased"", ""chunk_stride"": 256, ""max_tokens"": 512, ""n_cv_splits"": 5, ""n_search_iter"": 0, ""seeds"": [42], ""sentence_transformer_model"": ""intfloat/multilingual-e5-small"", ""tfidf_lemmatize"": true, ""tfidf_max_df"": 0.9, ""tfidf_max_features"": 300, ""tfidf_min_df"": 3, ""tfidf_ngram_range"": [1, 2], ""tfidf_normalize_numbers"": true}",2026-09-17T03:16:26
E3_TSDAE_EP10,frozen,participant,3,no_augmentation,PHQ9,42,ExtraTrees,5.642349,False,models/tsdae_e5_small_v2/ep10,defaults,"{""augmentation"": ""no_augmentation"", ""beto_model"": ""dccuchile/bert-base-spanish-wwm-cased"", ""chunk_stride"": 256, ""max_tokens"": 512, ""n_cv_splits"": 5, ""n_search_iter"": 0, ""seeds"": [42], ""sentence_transformer_model"": ""intfloat/multilingual-e5-small"", ""tfidf_lemmatize"": true, ""tfidf_max_df"": 0.9, ""tfidf_max_features"": 300, ""tfidf_min_df"": 3, ""tfidf_ngram_range"": [1, 2], ""tfidf_normalize_numbers"": true}",2026-09-17T03:16:26
E3_TSDAE_EP10,frozen,participant,3,no_augmentation,PHQ9,42,GradientBoosting,5.750304,False,models/tsdae_e5_small_v2/ep10,defaults,"{""augmentation"": ""no_augmentation"", ""beto_model"": ""dccuchile/bert-base-spanish-wwm-cased"", ""chunk_stride"": 256, ""max_tokens"": 512, ""n_cv_splits"": 5, ""n_search_iter"": 0, ""seeds"": [42], ""sentence_transformer_model"": ""intfloat/multilingual-e5-small"", ""tfidf_lemmatize"": true, ""tfidf_max_df"": 0.9, ""tfidf_max_features"": 300, ""tfidf_min_df"": 3, ""tfidf_ngram_range"": [1, 2], ""tfidf_normalize_numbers"": true}",2026-09-17T03:16:26
E3_TSDAE_EP10,frozen,participant,3,no_augmentation,PHQ9,42,LightGBM,6.156538,False,models/tsdae_e5_small_v2/ep10,defaults,"{""augmentation"": ""no_augmentation"", ""beto_model"": ""dccuchile/bert-base-spanish-wwm-cased"", ""chunk_stride"": 256, ""max_tokens"": 512, ""n_cv_splits"": 5, ""n_search_iter"": 0, ""seeds"": [42], ""sentence_transformer_model"": ""intfloat/multilingual-e5-small"", ""tfidf_lemmatize"": true, ""tfidf_max_df"": 0.9, ""tfidf_max_features"": 300, ""tfidf_min_df"": 3, ""tfidf_ngram_range"": [1, 2], ""tfidf_normalize_numbers"": true}",2026-09-17T03:16:26
E3_TSDAE_EP10,frozen,participant,3,no_augmentation,PHQ9,42,KNN,5.573651,False,models/tsdae_e5_small_v2/ep10,defaults,"{""augmentation"": ""no_augmentation"", ""beto_model"": ""dccuchile/bert-base-spanish-wwm-cased"", ""chunk_stride"": 256, ""max_tokens"": 512, ""n_cv_splits"": 5, ""n_search_iter"": 0, ""seeds"": [42], ""sentence_transformer_model"": ""intfloat/multilingual-e5-small"", ""tfidf_lemmatize"": true, ""tfidf_max_df"": 0.9, ""tfidf_max_features"": 300, ""tfidf_min_df"": 3, ""tfidf_ngram_range"": [1, 2], ""tfidf_normalize_numbers"": true}",2026-09-17T03:16:26
E3_TSDAE_EP10,frozen,participant,3,no_augmentation,PHQ9,42,DecisionTree,7.706054,False,models/tsdae_e5_small_v2/ep10,defaults,"{""augmentation"": ""no_augmentation"", ""beto_model"": ""dccuchile/bert-base-spanish-wwm-cased"", ""chunk_stride"": 256, ""max_tokens"": 512, ""n_cv_splits"": 5, ""n_search_iter"": 0, ""seeds"": [42], ""sentence_transformer_model"": ""intfloat/multilingual-e5-small"", ""tfidf_lemmatize"": true, ""tfidf_max_df"": 0.9, ""tfidf_max_features"": 300, ""tfidf_min_df"": 3, ""tfidf_ngram_range"": [1, 2], ""tfidf_normalize_numbers"": true}",2026-09-17T03:16:26
E3_TSDAE_EP10,frozen,participant,3,no_augmentation,PHQ9,42,AdaBoost,5.84323,False,models/tsdae_e5_small_v2/ep10,defaults,"{""augmentation"": ""no_augmentation"", ""beto_model"": ""dccuchile/bert-base-spanish-wwm-cased"", ""chunk_stride"": 256, ""max_tokens"": 512, ""n_cv_splits"": 5, ""n_search_iter"": 0, ""seeds"": [42], ""sentence_transformer_model"": ""intfloat/multilingual-e5-small"", ""tfidf_lemmatize"": true, ""tfidf_max_df"": 0.9, ""tfidf_max_features"": 300, ""tfidf_min_df"": 3, ""tfidf_ngram_range"": [1, 2], ""tfidf_normalize_numbers"": true}",2026-09-17T03:16:26
E3_TSDAE_EP10,frozen,participant,3,no_augmentation,GAD7,42,Ridge,5.560855,False,models/tsdae_e5_small_v2/ep10,defaults,"{""augmentation"": ""no_augmentation"", ""beto_model"": ""dccuchile/bert-base-spanish-wwm-cased"", ""chunk_stride"": 256, ""max_tokens"": 512, ""n_cv_splits"": 5, ""n_search_iter"": 0, ""seeds"": [42], ""sentence_transformer_model"": ""intfloat/multilingual-e5-small"", ""tfidf_lemmatize"": true, ""tfidf_max_df"": 0.9, ""tfidf_max_features"": 300, ""tfidf_min_df"": 3, ""tfidf_ngram_range"": [1, 2], ""tfidf_normalize_numbers"": true}",2026-09-17T03:16:47
E3_TSDAE_EP10,frozen,participant,3,no_augmentation,GAD7,42,SVR,4.603921,True,models/tsdae_e5_small_v2/ep10,defaults,"{""augmentation"": ""no_augmentation"", ""beto_model"": ""dccuchile/bert-base-spanish-wwm-cased"", ""chunk_stride"": 256, ""max_tokens"": 512, ""n_cv_splits"": 5, ""n_search_iter"": 0, ""seeds"": [42], ""sentence_transformer_model"": ""intfloat/multilingual-e5-small"", ""tfidf_lemmatize"": true, ""tfidf_max_df"": 0.9, ""tfidf_max_features"": 300, ""tfidf_min_df"": 3, ""tfidf_ngram_range"": [1, 2], ""tfidf_normalize_numbers"": true}",2026-09-17T03:16:47
E3_TSDAE_EP10,frozen,participant,3,no_augmentation,GAD7,42,RandomForest,4.636465,False,models/tsdae_e5_small_v2/ep10,defaults,"{""augmentation"": ""no_augmentation"", ""beto_model"": ""dccuchile/bert-base-spanish-wwm-cased"", ""chunk_stride"": 256, ""max_tokens"": 512, ""n_cv_splits"": 5, ""n_search_iter"": 0, ""seeds"": [42], ""sentence_transformer_model"": ""intfloat/multilingual-e5-small"", ""tfidf_lemmatize"": true, ""tfidf_max_df"": 0.9, ""tfidf_max_features"": 300, ""tfidf_min_df"": 3, ""tfidf_ngram_range"": [1, 2], ""tfidf_normalize_numbers"": true}",2026-09-17T03:16:47
E3_TSDAE_EP10,frozen,participant,3,no_augmentation,GAD7,42,ExtraTrees,4.721972,False,models/tsdae_e5_small_v2/ep10,defaults,"{""augmentation"": ""no_augmentation"", ""beto_model"": ""dccuchile/bert-base-spanish-wwm-cased"", ""chunk_stride"": 256, ""max_tokens"": 512, ""n_cv_splits"": 5, ""n_search_iter"": 0, ""seeds"": [42], ""sentence_transformer_model"": ""intfloat/multilingual-e5-small"", ""tfidf_lemmatize"": true, ""tfidf_max_df"": 0.9, ""tfidf_max_features"": 300, ""tfidf_min_df"": 3, ""tfidf_ngram_range"": [1, 2], ""tfidf_normalize_numbers"": true}",2026-09-17T03:16:47
E3_TSDAE_EP10,frozen,participant,3,no_augmentation,GAD7,42,GradientBoosting,4.814688,False,models/tsdae_e5_small_v2/ep10,defaults,"{""augmentation"": ""no_augmentation"", ""beto_model"": ""dccuchile/bert-base-spanish-wwm-cased"", ""chunk_stride"": 256, ""max_tokens"": 512, ""n_cv_splits"": 5, ""n_search_iter"": 0, ""seeds"": [42], ""sentence_transformer_model"": ""intfloat/multilingual-e5-small"", ""tfidf_lemmatize"": true, ""tfidf_max_df"": 0.9, ""tfidf_max_features"": 300, ""tfidf_min_df"": 3, ""tfidf_ngram_range"": [1, 2], ""tfidf_normalize_numbers"": true}",2026-09-17T03:16:47
E3_TSDAE_EP10,frozen,participant,3,no_augmentation,GAD7,42,LightGBM,4.841862,False,models/tsdae_e5_small_v2/ep10,defaults,"{""augmentation"": ""no_augmentation"", ""beto_model"": ""dccuchile/bert-base-spanish-wwm-cased"", ""chunk_stride"": 256, ""max_tokens"": 512, ""n_cv_splits"": 5, ""n_search_iter"": 0, ""seeds"": [42], ""sentence_transformer_model"": ""intfloat/multilingual-e5-small"", ""tfidf_lemmatize"": true, ""tfidf_max_df"": 0.9, ""tfidf_max_features"": 300, ""tfidf_min_df"": 3, ""tfidf_ngram_range"": [1, 2], ""tfidf_normalize_numbers"": true}",2026-09-17T03:16:47
E3_TSDAE_EP10,frozen,participant,3,no_augmentation,GAD7,42,KNN,4.651436,False,models/tsdae_e5_small_v2/ep10,defaults,"{""augmentation"": ""no_augmentation"", ""beto_model"": ""dccuchile/bert-base-spanish-wwm-cased"", ""chunk_stride"": 256, ""max_tokens"": 512, ""n_cv_splits"": 5, ""n_search_iter"": 0, ""seeds"": [42], ""sentence_transformer_model"": ""intfloat/multilingual-e5-small"", ""tfidf_lemmatize"": true, ""tfidf_max_df"": 0.9, ""tfidf_max_features"": 300, ""tfidf_min_df"": 3, ""tfidf_ngram_range"": [1, 2], ""tfidf_normalize_numbers"": true}",2026-09-17T03:16:47
E3_TSDAE_EP10,frozen,participant,3,no_augmentation,GAD7,42,DecisionTree,6.174758,False,models/tsdae_e5_small_v2/ep10,defaults,"{""augmentation"": ""no_augmentation"", ""beto_model"": ""dccuchile/bert-base-spanish-wwm-cased"", ""chunk_stride"": 256, ""max_tokens"": 512, ""n_cv_splits"": 5, ""n_search_iter"": 0, ""seeds"": [42], ""sentence_transformer_model"": ""intfloat/multilingual-e5-small"", ""tfidf_lemmatize"": true, ""tfidf_max_df"": 0.9, ""tfidf_max_features"": 300, ""tfidf_min_df"": 3, ""tfidf_ngram_range"": [1, 2], ""tfidf_normalize_numbers"": true}",2026-09-17T03:16:47
E3_TSDAE_EP10,frozen,participant,3,no_augmentation,GAD7,42,AdaBoost,4.700866,False,models/tsdae_e5_small_v2/ep10,defaults,"{""augmentation"": ""no_augmentation"", ""beto_model"": ""dccuchile/bert-base-spanish-wwm-cased"", ""chunk_stride"": 256, ""max_tokens"": 512, ""n_cv_splits"": 5, ""n_search_iter"": 0, ""seeds"": [42], ""sentence_transformer_model"": ""intfloat/multilingual-e5-small"", ""tfidf_lemmatize"": true, ""tfidf_max_df"": 0.9, ""tfidf_max_features"": 300, ""tfidf_min_df"": 3, ""tfidf_ngram_range"": [1, 2], ""tfidf_normalize_numbers"": true}",2026-09-17T03:16:47
E3_TSDAE_EP20,frozen,participant,3,no_augmentation,PHQ9,42,Ridge,7.380342,False,models/tsdae_e5_small_v2/ep20,defaults,"{""augmentation"": ""no_augmentation"", ""beto_model"": ""dccuchile/bert-base-spanish-wwm-cased"", ""chunk_stride"": 256, ""max_tokens"": 512, ""n_cv_splits"": 5, ""n_search_iter"": 0, ""seeds"": [42], ""sentence_transformer_model"": ""intfloat/multilingual-e5-small"", ""tfidf_lemmatize"": true, ""tfidf_max_df"": 0.9, ""tfidf_max_features"": 300, ""tfidf_min_df"": 3, ""tfidf_ngram_range"": [1, 2], ""tfidf_normalize_numbers"": true}",2026-09-17T03:17:08
E3_TSDAE_EP20,frozen,participant,3,no_augmentation,PHQ9,42,SVR,5.595118,True,models/tsdae_e5_small_v2/ep20,defaults,"{""augmentation"": ""no_augmentation"", ""beto_model"": ""dccuchile/bert-base-spanish-wwm-cased"", ""chunk_stride"": 256, ""max_tokens"": 512, ""n_cv_splits"": 5, ""n_search_iter"": 0, ""seeds"": [42], ""sentence_transformer_model"": ""intfloat/multilingual-e5-small"", ""tfidf_lemmatize"": true, ""tfidf_max_df"": 0.9, ""tfidf_max_features"": 300, ""tfidf_min_df"": 3, ""tfidf_ngram_range"": [1, 2], ""tfidf_normalize_numbers"": true}",2026-09-17T03:17:08
E3_TSDAE_EP20,frozen,participant,3,no_augmentation,PHQ9,42,RandomForest,5.633019,False,models/tsdae_e5_small_v2/ep20,defaults,"{""augmentation"": ""no_augmentation"", ""beto_model"": ""dccuchile/bert-base-spanish-wwm-cased"", ""chunk_stride"": 256, ""max_tokens"": 512, ""n_cv_splits"": 5, ""n_search_iter"": 0, ""seeds"": [42], ""sentence_transformer_model"": ""intfloat/multilingual-e5-small"", ""tfidf_lemmatize"": true, ""tfidf_max_df"": 0.9, ""tfidf_max_features"": 300, ""tfidf_min_df"": 3, ""tfidf_ngram_range"": [1, 2], ""tfidf_normalize_numbers"": true}",2026-09-17T03:17:08
E3_TSDAE_EP20,frozen,participant,3,no_augmentation,PHQ9,42,ExtraTrees,5.656108,False,models/tsdae_e5_small_v2/ep20,defaults,"{""augmentation"": ""no_augmentation"", ""beto_model"": ""dccuchile/bert-base-spanish-wwm-cased"", ""chunk_stride"": 256, ""max_tokens"": 512, ""n_cv_splits"": 5, ""n_search_iter"": 0, ""seeds"": [42], ""sentence_transformer_model"": ""intfloat/multilingual-e5-small"", ""tfidf_lemmatize"": true, ""tfidf_max_df"": 0.9, ""tfidf_max_features"": 300, ""tfidf_min_df"": 3, ""tfidf_ngram_range"": [1, 2], ""tfidf_normalize_numbers"": true}",2026-09-17T03:17:08
E3_TSDAE_EP20,frozen,participant,3,no_augmentation,PHQ9,42,GradientBoosting,5.773333,False,models/tsdae_e5_small_v2/ep20,defaults,"{""augmentation"": ""no_augmentation"", ""beto_model"": ""dccuchile/bert-base-spanish-wwm-cased"", ""chunk_stride"": 256, ""max_tokens"": 512, ""n_cv_splits"": 5, ""n_search_iter"": 0, ""seeds"": [42], ""sentence_transformer_model"": ""intfloat/multilingual-e5-small"", ""tfidf_lemmatize"": true, ""tfidf_max_df"": 0.9, ""tfidf_max_features"": 300, ""tfidf_min_df"": 3, ""tfidf_ngram_range"": [1, 2], ""tfidf_normalize_numbers"": true}",2026-09-17T03:17:08
E3_TSDAE_EP20,frozen,participant,3,no_augmentation,PHQ9,42,LightGBM,6.000387,False,models/tsdae_e5_small_v2/ep20,defaults,"{""augmentation"": ""no_augmentation"", ""beto_model"": ""dccuchile/bert-base-spanish-wwm-cased"", ""chunk_stride"": 256, ""max_tokens"": 512, ""n_cv_splits"": 5, ""n_search_iter"": 0, ""seeds"": [42], ""sentence_transformer_model"": ""intfloat/multilingual-e5-small"", ""tfidf_lemmatize"": true, ""tfidf_max_df"": 0.9, ""tfidf_max_features"": 300, ""tfidf_min_df"": 3, ""tfidf_ngram_range"": [1, 2], ""tfidf_normalize_numbers"": true}",2026-09-17T03:17:08
E3_TSDAE_EP20,frozen,participant,3,no_augmentation,PHQ9,42,KNN,5.700309,False,models/tsdae_e5_small_v2/ep20,defaults,"{""augmentation"": ""no_augmentation"", ""beto_model"": ""dccuchile/bert-base-spanish-wwm-cased"", ""chunk_stride"": 256, ""max_tokens"": 512, ""n_cv_splits"": 5, ""n_search_iter"": 0, ""seeds"": [42], ""sentence_transformer_model"": ""intfloat/multilingual-e5-small"", ""tfidf_lemmatize"": true, ""tfidf_max_df"": 0.9, ""tfidf_max_features"": 300, ""tfidf_min_df"": 3, ""tfidf_ngram_range"": [1, 2], ""tfidf_normalize_numbers"": true}",2026-09-17T03:17:08
E3_TSDAE_EP20,frozen,participant,3,no_augmentation,PHQ9,42,DecisionTree,7.784912,False,models/tsdae_e5_small_v2/ep20,defaults,"{""augmentation"": ""no_augmentation"", ""beto_model"": ""dccuchile/bert-base-spanish-wwm-cased"", ""chunk_stride"": 256, ""max_tokens"": 512, ""n_cv_splits"": 5, ""n_search_iter"": 0, ""seeds"": [42], ""sentence_transformer_model"": ""intfloat/multilingual-e5-small"", ""tfidf_lemmatize"": true, ""tfidf_max_df"": 0.9, ""tfidf_max_features"": 300, ""tfidf_min_df"": 3, ""tfidf_ngram_range"": [1, 2], ""tfidf_normalize_numbers"": true}",2026-09-17T03:17:08
E3_TSDAE_EP20,frozen,participant,3,no_augmentation,PHQ9,42,AdaBoost,5.677032,False,models/tsdae_e5_small_v2/ep20,defaults,"{""augmentation"": ""no_augmentation"", ""beto_model"": ""dccuchile/bert-base-spanish-wwm-cased"", ""chunk_stride"": 256, ""max_tokens"": 512, ""n_cv_splits"": 5, ""n_search_iter"": 0, ""seeds"": [42], ""sentence_transformer_model"": ""intfloat/multilingual-e5-small"", ""tfidf_lemmatize"": true, ""tfidf_max_df"": 0.9, ""tfidf_max_features"": 300, ""tfidf_min_df"": 3, ""tfidf_ngram_range"": [1, 2], ""tfidf_normalize_numbers"": true}",2026-09-17T03:17:08
E3_TSDAE_EP20,frozen,participant,3,no_augmentation,GAD7,42,Ridge,5.98547,False,models/tsdae_e5_small_v2/ep20,defaults,"{""augmentation"": ""no_augmentation"", ""beto_model"": ""dccuchile/bert-base-spanish-wwm-cased"", ""chunk_stride"": 256, ""max_tokens"": 512, ""n_cv_splits"": 5, ""n_search_iter"": 0, ""seeds"": [42], ""sentence_transformer_model"": ""intfloat/multilingual-e5-small"", ""tfidf_lemmatize"": true, ""tfidf_max_df"": 0.9, ""tfidf_max_features"": 300, ""tfidf_min_df"": 3, ""tfidf_ngram_range"": [1, 2], ""tfidf_normalize_numbers"": true}",2026-09-17T03:17:29
E3_TSDAE_EP20,frozen,participant,3,no_augmentation,GAD7,42,SVR,4.611058,False,models/tsdae_e5_small_v2/ep20,defaults,"{""augmentation"": ""no_augmentation"", ""beto_model"": ""dccuchile/bert-base-spanish-wwm-cased"", ""chunk_stride"": 256, ""max_tokens"": 512, ""n_cv_splits"": 5, ""n_search_iter"": 0, ""seeds"": [42], ""sentence_transformer_model"": ""intfloat/multilingual-e5-small"", ""tfidf_lemmatize"": true, ""tfidf_max_df"": 0.9, ""tfidf_max_features"": 300, ""tfidf_min_df"": 3, ""tfidf_ngram_range"": [1, 2], ""tfidf_normalize_numbers"": true}",2026-09-17T03:17:29
E3_TSDAE_EP20,frozen,participant,3,no_augmentation,GAD7,42,RandomForest,4.688565,False,models/tsdae_e5_small_v2/ep20,defaults,"{""augmentation"": ""no_augmentation"", ""beto_model"": ""dccuchile/bert-base-spanish-wwm-cased"", ""chunk_stride"": 256, ""max_tokens"": 512, ""n_cv_splits"": 5, ""n_search_iter"": 0, ""seeds"": [42], ""sentence_transformer_model"": ""intfloat/multilingual-e5-small"", ""tfidf_lemmatize"": true, ""tfidf_max_df"": 0.9, ""tfidf_max_features"": 300, ""tfidf_min_df"": 3, ""tfidf_ngram_range"": [1, 2], ""tfidf_normalize_numbers"": true}",2026-09-17T03:17:29
E3_TSDAE_EP20,frozen,participant,3,no_augmentation,GAD7,42,ExtraTrees,4.607069,False,models/tsdae_e5_small_v2/ep20,defaults,"{""augmentation"": ""no_augmentation"", ""beto_model"": ""dccuchile/bert-base-spanish-wwm-cased"", ""chunk_stride"": 256, ""max_tokens"": 512, ""n_cv_splits"": 5, ""n_search_iter"": 0, ""seeds"": [42], ""sentence_transformer_model"": ""intfloat/multilingual-e5-small"", ""tfidf_lemmatize"": true, ""tfidf_max_df"": 0.9, ""tfidf_max_features"": 300, ""tfidf_min_df"": 3, ""tfidf_ngram_range"": [1, 2], ""tfidf_normalize_numbers"": true}",2026-09-17T03:17:29
E3_TSDAE_EP20,frozen,participant,3,no_augmentation,GAD7,42,GradientBoosting,4.661869,False,models/tsdae_e5_small_v2/ep20,defaults,"{""augmentation"": ""no_augmentation"", ""beto_model"": ""dccuchile/bert-base-spanish-wwm-cased"", ""chunk_stride"": 256, ""max_tokens"": 512, ""n_cv_splits"": 5, ""n_search_iter"": 0, ""seeds"": [42], ""sentence_transformer_model"": ""intfloat/multilingual-e5-small"", ""tfidf_lemmatize"": true, ""tfidf_max_df"": 0.9, ""tfidf_max_features"": 300, ""tfidf_min_df"": 3, ""tfidf_ngram_range"": [1, 2], ""tfidf_normalize_numbers"": true}",2026-09-17T03:17:29
E3_TSDAE_EP20,frozen,participant,3,no_augmentation,GAD7,42,LightGBM,4.506832,True,models/tsdae_e5_small_v2/ep20,defaults,"{""augmentation"": ""no_augmentation"", ""beto_model"": ""dccuchile/bert-base-spanish-wwm-cased"", ""chunk_stride"": 256, ""max_tokens"": 512, ""n_cv_splits"": 5, ""n_search_iter"": 0, ""seeds"": [42], ""sentence_transformer_model"": ""intfloat/multilingual-e5-small"", ""tfidf_lemmatize"": true, ""tfidf_max_df"": 0.9, ""tfidf_max_features"": 300, ""tfidf_min_df"": 3, ""tfidf_ngram_range"": [1, 2], ""tfidf_normalize_numbers"": true}",2026-09-17T03:17:29
E3_TSDAE_EP20,frozen,participant,3,no_augmentation,GAD7,42,KNN,4.680003,False,models/tsdae_e5_small_v2/ep20,defaults,"{""augmentation"": ""no_augmentation"", ""beto_model"": ""dccuchile/bert-base-spanish-wwm-cased"", ""chunk_stride"": 256, ""max_tokens"": 512, ""n_cv_splits"": 5, ""n_search_iter"": 0, ""seeds"": [42], ""sentence_transformer_model"": ""intfloat/multilingual-e5-small"", ""tfidf_lemmatize"": true, ""tfidf_max_df"": 0.9, ""tfidf_max_features"": 300, ""tfidf_min_df"": 3, ""tfidf_ngram_range"": [1, 2], ""tfidf_normalize_numbers"": true}",2026-09-17T03:17:29
E3_TSDAE_EP20,frozen,participant,3,no_augmentation,GAD7,42,DecisionTree,5.930047,False,models/tsdae_e5_small_v2/ep20,defaults,"{""augmentation"": ""no_augmentation"", ""beto_model"": ""dccuchile/bert-base-spanish-wwm-cased"", ""chunk_stride"": 256, ""max_tokens"": 512, ""n_cv_splits"": 5, ""n_search_iter"": 0, ""seeds"": [42], ""sentence_transformer_model"": ""intfloat/multilingual-e5-small"", ""tfidf_lemmatize"": true, ""tfidf_max_df"": 0.9, ""tfidf_max_features"": 300, ""tfidf_min_df"": 3, ""tfidf_ngram_range"": [1, 2], ""tfidf_normalize_numbers"": true}",2026-09-17T03:17:29
E3_TSDAE_EP20,frozen,participant,3,no_augmentation,GAD7,42,AdaBoost,4.508942,False,models/tsdae_e5_small_v2/ep20,defaults,"{""augmentation"": ""no_augmentation"", ""beto_model"": ""dccuchile/bert-base-spanish-wwm-cased"", ""chunk_stride"": 256, ""max_tokens"": 512, ""n_cv_splits"": 5, ""n_search_iter"": 0, ""seeds"": [42], ""sentence_transformer_model"": ""intfloat/multilingual-e5-small"", ""tfidf_lemmatize"": true, ""tfidf_max_df"": 0.9, ""tfidf_max_features"": 300, ""tfidf_min_df"": 3, ""tfidf_ngram_range"": [1, 2], ""tfidf_normalize_numbers"": true}",2026-09-17T03:17:29
E3_TSDAE_EP30,frozen,participant,3,no_augmentation,PHQ9,42,Ridge,6.989341,False,models/tsdae_e5_small_v2/ep30,defaults,"{""augmentation"": ""no_augmentation"", ""beto_model"": ""dccuchile/bert-base-spanish-wwm-cased"", ""chunk_stride"": 256, ""max_tokens"": 512, ""n_cv_splits"": 5, ""n_search_iter"": 0, ""seeds"": [42], ""sentence_transformer_model"": ""intfloat/multilingual-e5-small"", ""tfidf_lemmatize"": true, ""tfidf_max_df"": 0.9, ""tfidf_max_features"": 300, ""tfidf_min_df"": 3, ""tfidf_ngram_range"": [1, 2], ""tfidf_normalize_numbers"": true}",2026-09-17T03:17:50
E3_TSDAE_EP30,frozen,participant,3,no_augmentation,PHQ9,42,SVR,5.527821,False,models/tsdae_e5_small_v2/ep30,defaults,"{""augmentation"": ""no_augmentation"", ""beto_model"": ""dccuchile/bert-base-spanish-wwm-cased"", ""chunk_stride"": 256, ""max_tokens"": 512, ""n_cv_splits"": 5, ""n_search_iter"": 0, ""seeds"": [42], ""sentence_transformer_model"": ""intfloat/multilingual-e5-small"", ""tfidf_lemmatize"": true, ""tfidf_max_df"": 0.9, ""tfidf_max_features"": 300, ""tfidf_min_df"": 3, ""tfidf_ngram_range"": [1, 2], ""tfidf_normalize_numbers"": true}",2026-09-17T03:17:51
E3_TSDAE_EP30,frozen,participant,3,no_augmentation,PHQ9,42,RandomForest,5.570295,False,models/tsdae_e5_small_v2/ep30,defaults,"{""augmentation"": ""no_augmentation"", ""beto_model"": ""dccuchile/bert-base-spanish-wwm-cased"", ""chunk_stride"": 256, ""max_tokens"": 512, ""n_cv_splits"": 5, ""n_search_iter"": 0, ""seeds"": [42], ""sentence_transformer_model"": ""intfloat/multilingual-e5-small"", ""tfidf_lemmatize"": true, ""tfidf_max_df"": 0.9, ""tfidf_max_features"": 300, ""tfidf_min_df"": 3, ""tfidf_ngram_range"": [1, 2], ""tfidf_normalize_numbers"": true}",2026-09-17T03:17:51
E3_TSDAE_EP30,frozen,participant,3,no_augmentation,PHQ9,42,ExtraTrees,5.676346,False,models/tsdae_e5_small_v2/ep30,defaults,"{""augmentation"": ""no_augmentation"", ""beto_model"": ""dccuchile/bert-base-spanish-wwm-cased"", ""chunk_stride"": 256, ""max_tokens"": 512, ""n_cv_splits"": 5, ""n_search_iter"": 0, ""seeds"": [42], ""sentence_transformer_model"": ""intfloat/multilingual-e5-small"", ""tfidf_lemmatize"": true, ""tfidf_max_df"": 0.9, ""tfidf_max_features"": 300, ""tfidf_min_df"": 3, ""tfidf_ngram_range"": [1, 2], ""tfidf_normalize_numbers"": true}",2026-09-17T03:17:51
E3_TSDAE_EP30,frozen,participant,3,no_augmentation,PHQ9,42,GradientBoosting,5.48779,False,models/tsdae_e5_small_v2/ep30,defaults,"{""augmentation"": ""no_augmentation"", ""beto_model"": ""dccuchile/bert-base-spanish-wwm-cased"", ""chunk_stride"": 256, ""max_tokens"": 512, ""n_cv_splits"": 5, ""n_search_iter"": 0, ""seeds"": [42], ""sentence_transformer_model"": ""intfloat/multilingual-e5-small"", ""tfidf_lemmatize"": true, ""tfidf_max_df"": 0.9, ""tfidf_max_features"": 300, ""tfidf_min_df"": 3, ""tfidf_ngram_range"": [1, 2], ""tfidf_normalize_numbers"": true}",2026-09-17T03:17:51
E3_TSDAE_EP30,frozen,participant,3,no_augmentation,PHQ9,42,LightGBM,5.382908,True,models/tsdae_e5_small_v2/ep30,defaults,"{""augmentation"": ""no_augmentation"", ""beto_model"": ""dccuchile/bert-base-spanish-wwm-cased"", ""chunk_stride"": 256, ""max_tokens"": 512, ""n_cv_splits"": 5, ""n_search_iter"": 0, ""seeds"": [42], ""sentence_transformer_model"": ""intfloat/multilingual-e5-small"", ""tfidf_lemmatize"": true, ""tfidf_max_df"": 0.9, ""tfidf_max_features"": 300, ""tfidf_min_df"": 3, ""tfidf_ngram_range"": [1, 2], ""tfidf_normalize_numbers"": true}",2026-09-17T03:17:51
E3_TSDAE_EP30,frozen,participant,3,no_augmentation,PHQ9,42,KNN,5.583473,False,models/tsdae_e5_small_v2/ep30,defaults,"{""augmentation"": ""no_augmentation"", ""beto_model"": ""dccuchile/bert-base-spanish-wwm-cased"", ""chunk_stride"": 256, ""max_tokens"": 512, ""n_cv_splits"": 5, ""n_search_iter"": 0, ""seeds"": [42], ""sentence_transformer_model"": ""intfloat/multilingual-e5-small"", ""tfidf_lemmatize"": true, ""tfidf_max_df"": 0.9, ""tfidf_max_features"": 300, ""tfidf_min_df"": 3, ""tfidf_ngram_range"": [1, 2], ""tfidf_normalize_numbers"": true}",2026-09-17T03:17:51
E3_TSDAE_EP30,frozen,participant,3,no_augmentation,PHQ9,42,DecisionTree,7.065894,False,models/tsdae_e5_small_v2/ep30,defaults,"{""augmentation"": ""no_augmentation"", ""beto_model"": ""dccuchile/bert-base-spanish-wwm-cased"", ""chunk_stride"": 256, ""max_tokens"": 512, ""n_cv_splits"": 5, ""n_search_iter"": 0, ""seeds"": [42], ""sentence_transformer_model"": ""intfloat/multilingual-e5-small"", ""tfidf_lemmatize"": true, ""tfidf_max_df"": 0.9, ""tfidf_max_features"": 300, ""tfidf_min_df"": 3, ""tfidf_ngram_range"": [1, 2], ""tfidf_normalize_numbers"": true}",2026-09-17T03:17:51
E3_TSDAE_EP30,frozen,participant,3,no_augmentation,PHQ9,42,AdaBoost,5.587194,False,models/tsdae_e5_small_v2/ep30,defaults,"{""augmentation"": ""no_augmentation"", ""beto_model"": ""dccuchile/bert-base-spanish-wwm-cased"", ""chunk_stride"": 256, ""max_tokens"": 512, ""n_cv_splits"": 5, ""n_search_iter"": 0, ""seeds"": [42], ""sentence_transformer_model"": ""intfloat/multilingual-e5-small"", ""tfidf_lemmatize"": true, ""tfidf_max_df"": 0.9, ""tfidf_max_features"": 300, ""tfidf_min_df"": 3, ""tfidf_ngram_range"": [1, 2], ""tfidf_normalize_numbers"": true}",2026-09-17T03:17:51
E3_TSDAE_EP30,frozen,participant,3,no_augmentation,GAD7,42,Ridge,5.757265,False,models/tsdae_e5_small_v2/ep30,defaults,"{""augmentation"": ""no_augmentation"", ""beto_model"": ""dccuchile/bert-base-spanish-wwm-cased"", ""chunk_stride"": 256, ""max_tokens"": 512, ""n_cv_splits"": 5, ""n_search_iter"": 0, ""seeds"": [42], ""sentence_transformer_model"": ""intfloat/multilingual-e5-small"", ""tfidf_lemmatize"": true, ""tfidf_max_df"": 0.9, ""tfidf_max_features"": 300, ""tfidf_min_df"": 3, ""tfidf_ngram_range"": [1, 2], ""tfidf_normalize_numbers"": true}",2026-09-17T03:18:12
E3_TSDAE_EP30,frozen,participant,3,no_augmentation,GAD7,42,SVR,4.593764,False,models/tsdae_e5_small_v2/ep30,defaults,"{""augmentation"": ""no_augmentation"", ""beto_model"": ""dccuchile/bert-base-spanish-wwm-cased"", ""chunk_stride"": 256, ""max_tokens"": 512, ""n_cv_splits"": 5, ""n_search_iter"": 0, ""seeds"": [42], ""sentence_transformer_model"": ""intfloat/multilingual-e5-small"", ""tfidf_lemmatize"": true, ""tfidf_max_df"": 0.9, ""tfidf_max_features"": 300, ""tfidf_min_df"": 3, ""tfidf_ngram_range"": [1, 2], ""tfidf_normalize_numbers"": true}",2026-09-17T03:18:12
E3_TSDAE_EP30,frozen,participant,3,no_augmentation,GAD7,42,RandomForest,4.571227,False,models/tsdae_e5_small_v2/ep30,defaults,"{""augmentation"": ""no_augmentation"", ""beto_model"": ""dccuchile/bert-base-spanish-wwm-cased"", ""chunk_stride"": 256, ""max_tokens"": 512, ""n_cv_splits"": 5, ""n_search_iter"": 0, ""seeds"": [42], ""sentence_transformer_model"": ""intfloat/multilingual-e5-small"", ""tfidf_lemmatize"": true, ""tfidf_max_df"": 0.9, ""tfidf_max_features"": 300, ""tfidf_min_df"": 3, ""tfidf_ngram_range"": [1, 2], ""tfidf_normalize_numbers"": true}",2026-09-17T03:18:12
E3_TSDAE_EP30,frozen,participant,3,no_augmentation,GAD7,42,ExtraTrees,4.635694,False,models/tsdae_e5_small_v2/ep30,defaults,"{""augmentation"": ""no_augmentation"", ""beto_model"": ""dccuchile/bert-base-spanish-wwm-cased"", ""chunk_stride"": 256, ""max_tokens"": 512, ""n_cv_splits"": 5, ""n_search_iter"": 0, ""seeds"": [42], ""sentence_transformer_model"": ""intfloat/multilingual-e5-small"", ""tfidf_lemmatize"": true, ""tfidf_max_df"": 0.9, ""tfidf_max_features"": 300, ""tfidf_min_df"": 3, ""tfidf_ngram_range"": [1, 2], ""tfidf_normalize_numbers"": true}",2026-09-17T03:18:12
E3_TSDAE_EP30,frozen,participant,3,no_augmentation,GAD7,42,GradientBoosting,4.377931,False,models/tsdae_e5_small_v2/ep30,defaults,"{""augmentation"": ""no_augmentation"", ""beto_model"": ""dccuchile/bert-base-spanish-wwm-cased"", ""chunk_stride"": 256, ""max_tokens"": 512, ""n_cv_splits"": 5, ""n_search_iter"": 0, ""seeds"": [42], ""sentence_transformer_model"": ""intfloat/multilingual-e5-small"", ""tfidf_lemmatize"": true, ""tfidf_max_df"": 0.9, ""tfidf_max_features"": 300, ""tfidf_min_df"": 3, ""tfidf_ngram_range"": [1, 2], ""tfidf_normalize_numbers"": true}",2026-09-17T03:18:12
E3_TSDAE_EP30,frozen,participant,3,no_augmentation,GAD7,42,LightGBM,4.530415,False,models/tsdae_e5_small_v2/ep30,defaults,"{""augmentation"": ""no_augmentation"", ""beto_model"": ""dccuchile/bert-base-spanish-wwm-cased"", ""chunk_stride"": 256, ""max_tokens"": 512, ""n_cv_splits"": 5, ""n_search_iter"": 0, ""seeds"": [42], ""sentence_transformer_model"": ""intfloat/multilingual-e5-small"", ""tfidf_lemmatize"": true, ""tfidf_max_df"": 0.9, ""tfidf_max_features"": 300, ""tfidf_min_df"": 3, ""tfidf_ngram_range"": [1, 2], ""tfidf_normalize_numbers"": true}",2026-09-17T03:18:12
E3_TSDAE_EP30,frozen,participant,3,no_augmentation,GAD7,42,KNN,4.609864,False,models/tsdae_e5_small_v2/ep30,defaults,"{""augmentation"": ""no_augmentation"", ""beto_model"": ""dccuchile/bert-base-spanish-wwm-cased"", ""chunk_stride"": 256, ""max_tokens"": 512, ""n_cv_splits"": 5, ""n_search_iter"": 0, ""seeds"": [42], ""sentence_transformer_model"": ""intfloat/multilingual-e5-small"", ""tfidf_lemmatize"": true, ""tfidf_max_df"": 0.9, ""tfidf_max_features"": 300, ""tfidf_min_df"": 3, ""tfidf_ngram_range"": [1, 2], ""tfidf_normalize_numbers"": true}",2026-09-17T03:18:12
E3_TSDAE_EP30,frozen,participant,3,no_augmentation,GAD7,42,DecisionTree,6.305635,False,models/tsdae_e5_small_v2/ep30,defaults,"{""augmentation"": ""no_augmentation"", ""beto_model"": ""dccuchile/bert-base-spanish-wwm-cased"", ""chunk_stride"": 256, ""max_tokens"": 512, ""n_cv_splits"": 5, ""n_search_iter"": 0, ""seeds"": [42], ""sentence_transformer_model"": ""intfloat/multilingual-e5-small"", ""tfidf_lemmatize"": true, ""tfidf_max_df"": 0.9, ""tfidf_max_features"": 300, ""tfidf_min_df"": 3, ""tfidf_ngram_range"": [1, 2], ""tfidf_normalize_numbers"": true}",2026-09-17T03:18:12
E3_TSDAE_EP30,frozen,participant,3,no_augmentation,GAD7,42,AdaBoost,4.261651,True,models/tsdae_e5_small_v2/ep30,defaults,"{""augmentation"": ""no_augmentation"", ""beto_model"": ""dccuchile/bert-base-spanish-wwm-cased"", ""chunk_stride"": 256, ""max_tokens"": 512, ""n_cv_splits"": 5, ""n_search_iter"": 0, ""seeds"": [42], ""sentence_transformer_model"": ""intfloat/multilingual-e5-small"", ""tfidf_lemmatize"": true, ""tfidf_max_df"": 0.9, ""tfidf_max_features"": 300, ""tfidf_min_df"": 3, ""tfidf_ngram_range"": [1, 2], ""tfidf_normalize_numbers"": true}",2026-09-17T03:18:12
E3_TSDAE_EP05,frozen,participant,3,no_augmentation,PHQ9,42,Ridge,7.079678,False,models/tsdae_e5_small_v2/ep05,defaults,"{""augmentation"": ""no_augmentation"", ""beto_model"": ""dccuchile/bert-base-spanish-wwm-cased"", ""chunk_stride"": 256, ""max_tokens"": 512, ""n_cv_splits"": 5, ""n_search_iter"": 0, ""seeds"": [42], ""sentence_transformer_model"": ""intfloat/multilingual-e5-small"", ""tfidf_lemmatize"": true, ""tfidf_max_df"": 0.9, ""tfidf_max_features"": 300, ""tfidf_min_df"": 3, ""tfidf_ngram_range"": [1, 2], ""tfidf_normalize_numbers"": true}",2026-09-17T04:09:59
E3_TSDAE_EP05,frozen,participant,3,no_augmentation,PHQ9,42,SVR,5.488478,True,models/tsdae_e5_small_v2/ep05,defaults,"{""augmentation"": ""no_augmentation"", ""beto_model"": ""dccuchile/bert-base-spanish-wwm-cased"", ""chunk_stride"": 256, ""max_tokens"": 512, ""n_cv_splits"": 5, ""n_search_iter"": 0, ""seeds"": [42], ""sentence_transformer_model"": ""intfloat/multilingual-e5-small"", ""tfidf_lemmatize"": true, ""tfidf_max_df"": 0.9, ""tfidf_max_features"": 300, ""tfidf_min_df"": 3, ""tfidf_ngram_range"": [1, 2], ""tfidf_normalize_numbers"": true}",2026-09-17T04:09:59
E3_TSDAE_EP05,frozen,participant,3,no_augmentation,PHQ9,42,RandomForest,5.641116,False,models/tsdae_e5_small_v2/ep05,defaults,"{""augmentation"": ""no_augmentation"", ""beto_model"": ""dccuchile/bert-base-spanish-wwm-cased"", ""chunk_stride"": 256, ""max_tokens"": 512, ""n_cv_splits"": 5, ""n_search_iter"": 0, ""seeds"": [42], ""sentence_transformer_model"": ""intfloat/multilingual-e5-small"", ""tfidf_lemmatize"": true, ""tfidf_max_df"": 0.9, ""tfidf_max_features"": 300, ""tfidf_min_df"": 3, ""tfidf_ngram_range"": [1, 2], ""tfidf_normalize_numbers"": true}",2026-09-17T04:09:59
E3_TSDAE_EP05,frozen,participant,3,no_augmentation,PHQ9,42,ExtraTrees,5.598035,False,models/tsdae_e5_small_v2/ep05,defaults,"{""augmentation"": ""no_augmentation"", ""beto_model"": ""dccuchile/bert-base-spanish-wwm-cased"", ""chunk_stride"": 256, ""max_tokens"": 512, ""n_cv_splits"": 5, ""n_search_iter"": 0, ""seeds"": [42], ""sentence_transformer_model"": ""intfloat/multilingual-e5-small"", ""tfidf_lemmatize"": true, ""tfidf_max_df"": 0.9, ""tfidf_max_features"": 300, ""tfidf_min_df"": 3, ""tfidf_ngram_range"": [1, 2], ""tfidf_normalize_numbers"": true}",2026-09-17T04:09:59
E3_TSDAE_EP05,frozen,participant,3,no_augmentation,PHQ9,42,GradientBoosting,5.891149,False,models/tsdae_e5_small_v2/ep05,defaults,"{""augmentation"": ""no_augmentation"", ""beto_model"": ""dccuchile/bert-base-spanish-wwm-cased"", ""chunk_stride"": 256, ""max_tokens"": 512, ""n_cv_splits"": 5, ""n_search_iter"": 0, ""seeds"": [42], ""sentence_transformer_model"": ""intfloat/multilingual-e5-small"", ""tfidf_lemmatize"": true, ""tfidf_max_df"": 0.9, ""tfidf_max_features"": 300, ""tfidf_min_df"": 3, ""tfidf_ngram_range"": [1, 2], ""tfidf_normalize_numbers"": true}",2026-09-17T04:09:59
E3_TSDAE_EP05,frozen,participant,3,no_augmentation,PHQ9,42,LightGBM,5.85124,False,models/tsdae_e5_small_v2/ep05,defaults,"{""augmentation"": ""no_augmentation"", ""beto_model"": ""dccuchile/bert-base-spanish-wwm-cased"", ""chunk_stride"": 256, ""max_tokens"": 512, ""n_cv_splits"": 5, ""n_search_iter"": 0, ""seeds"": [42], ""sentence_transformer_model"": ""intfloat/multilingual-e5-small"", ""tfidf_lemmatize"": true, ""tfidf_max_df"": 0.9, ""tfidf_max_features"": 300, ""tfidf_min_df"": 3, ""tfidf_ngram_range"": [1, 2], ""tfidf_normalize_numbers"": true}",2026-09-17T04:09:59
E3_TSDAE_EP05,frozen,participant,3,no_augmentation,PHQ9,42,KNN,5.640511,False,models/tsdae_e5_small_v2/ep05,defaults,"{""augmentation"": ""no_augmentation"", ""beto_model"": ""dccuchile/bert-base-spanish-wwm-cased"", ""chunk_stride"": 256, ""max_tokens"": 512, ""n_cv_splits"": 5, ""n_search_iter"": 0, ""seeds"": [42], ""sentence_transformer_model"": ""intfloat/multilingual-e5-small"", ""tfidf_lemmatize"": true, ""tfidf_max_df"": 0.9, ""tfidf_max_features"": 300, ""tfidf_min_df"": 3, ""tfidf_ngram_range"": [1, 2], ""tfidf_normalize_numbers"": true}",2026-09-17T04:09:59
E3_TSDAE_EP05,frozen,participant,3,no_augmentation,PHQ9,42,DecisionTree,7.180886,False,models/tsdae_e5_small_v2/ep05,defaults,"{""augmentation"": ""no_augmentation"", ""beto_model"": ""dccuchile/bert-base-spanish-wwm-cased"", ""chunk_stride"": 256, ""max_tokens"": 512, ""n_cv_splits"": 5, ""n_search_iter"": 0, ""seeds"": [42], ""sentence_transformer_model"": ""intfloat/multilingual-e5-small"", ""tfidf_lemmatize"": true, ""tfidf_max_df"": 0.9, ""tfidf_max_features"": 300, ""tfidf_min_df"": 3, ""tfidf_ngram_range"": [1, 2], ""tfidf_normalize_numbers"": true}",2026-09-17T04:09:59
E3_TSDAE_EP05,frozen,participant,3,no_augmentation,PHQ9,42,AdaBoost,5.664233,False,models/tsdae_e5_small_v2/ep05,defaults,"{""augmentation"": ""no_augmentation"", ""beto_model"": ""dccuchile/bert-base-spanish-wwm-cased"", ""chunk_stride"": 256, ""max_tokens"": 512, ""n_cv_splits"": 5, ""n_search_iter"": 0, ""seeds"": [42], ""sentence_transformer_model"": ""intfloat/multilingual-e5-small"", ""tfidf_lemmatize"": true, ""tfidf_max_df"": 0.9, ""tfidf_max_features"": 300, ""tfidf_min_df"": 3, ""tfidf_ngram_range"": [1, 2], ""tfidf_normalize_numbers"": true}",2026-09-17T04:09:59
E3_TSDAE_EP05,frozen,participant,3,no_augmentation,GAD7,42,Ridge,5.855488,False,models/tsdae_e5_small_v2/ep05,defaults,"{""augmentation"": ""no_augmentation"", ""beto_model"": ""dccuchile/bert-base-spanish-wwm-cased"", ""chunk_stride"": 256, ""max_tokens"": 512, ""n_cv_splits"": 5, ""n_search_iter"": 0, ""seeds"": [42], ""sentence_transformer_model"": ""intfloat/multilingual-e5-small"", ""tfidf_lemmatize"": true, ""tfidf_max_df"": 0.9, ""tfidf_max_features"": 300, ""tfidf_min_df"": 3, ""tfidf_ngram_range"": [1, 2], ""tfidf_normalize_numbers"": true}",2026-09-17T04:10:23
E3_TSDAE_EP05,frozen,participant,3,no_augmentation,GAD7,42,SVR,4.595709,True,models/tsdae_e5_small_v2/ep05,defaults,"{""augmentation"": ""no_augmentation"", ""beto_model"": ""dccuchile/bert-base-spanish-wwm-cased"", ""chunk_stride"": 256, ""max_tokens"": 512, ""n_cv_splits"": 5, ""n_search_iter"": 0, ""seeds"": [42], ""sentence_transformer_model"": ""intfloat/multilingual-e5-small"", ""tfidf_lemmatize"": true, ""tfidf_max_df"": 0.9, ""tfidf_max_features"": 300, ""tfidf_min_df"": 3, ""tfidf_ngram_range"": [1, 2], ""tfidf_normalize_numbers"": true}",2026-09-17T04:10:23
E3_TSDAE_EP05,frozen,participant,3,no_augmentation,GAD7,42,RandomForest,4.610343,False,models/tsdae_e5_small_v2/ep05,defaults,"{""augmentation"": ""no_augmentation"", ""beto_model"": ""dccuchile/bert-base-spanish-wwm-cased"", ""chunk_stride"": 256, ""max_tokens"": 512, ""n_cv_splits"": 5, ""n_search_iter"": 0, ""seeds"": [42], ""sentence_transformer_model"": ""intfloat/multilingual-e5-small"", ""tfidf_lemmatize"": true, ""tfidf_max_df"": 0.9, ""tfidf_max_features"": 300, ""tfidf_min_df"": 3, ""tfidf_ngram_range"": [1, 2], ""tfidf_normalize_numbers"": true}",2026-09-17T04:10:23
E3_TSDAE_EP05,frozen,participant,3,no_augmentation,GAD7,42,ExtraTrees,4.645495,False,models/tsdae_e5_small_v2/ep05,defaults,"{""augmentation"": ""no_augmentation"", ""beto_model"": ""dccuchile/bert-base-spanish-wwm-cased"", ""chunk_stride"": 256, ""max_tokens"": 512, ""n_cv_splits"": 5, ""n_search_iter"": 0, ""seeds"": [42], ""sentence_transformer_model"": ""intfloat/multilingual-e5-small"", ""tfidf_lemmatize"": true, ""tfidf_max_df"": 0.9, ""tfidf_max_features"": 300, ""tfidf_min_df"": 3, ""tfidf_ngram_range"": [1, 2], ""tfidf_normalize_numbers"": true}",2026-09-17T04:10:23
E3_TSDAE_EP05,frozen,participant,3,no_augmentation,GAD7,42,GradientBoosting,4.886027,False,models/tsdae_e5_small_v2/ep05,defaults,"{""augmentation"": ""no_augmentation"", ""beto_model"": ""dccuchile/bert-base-spanish-wwm-cased"", ""chunk_stride"": 256, ""max_tokens"": 512, ""n_cv_splits"": 5, ""n_search_iter"": 0, ""seeds"": [42], ""sentence_transformer_model"": ""intfloat/multilingual-e5-small"", ""tfidf_lemmatize"": true, ""tfidf_max_df"": 0.9, ""tfidf_max_features"": 300, ""tfidf_min_df"": 3, ""tfidf_ngram_range"": [1, 2], ""tfidf_normalize_numbers"": true}",2026-09-17T04:10:23
E3_TSDAE_EP05,frozen,participant,3,no_augmentation,GAD7,42,LightGBM,4.885042,False,models/tsdae_e5_small_v2/ep05,defaults,"{""augmentation"": ""no_augmentation"", ""beto_model"": ""dccuchile/bert-base-spanish-wwm-cased"", ""chunk_stride"": 256, ""max_tokens"": 512, ""n_cv_splits"": 5, ""n_search_iter"": 0, ""seeds"": [42], ""sentence_transformer_model"": ""intfloat/multilingual-e5-small"", ""tfidf_lemmatize"": true, ""tfidf_max_df"": 0.9, ""tfidf_max_features"": 300, ""tfidf_min_df"": 3, ""tfidf_ngram_range"": [1, 2], ""tfidf_normalize_numbers"": true}",2026-09-17T04:10:23
E3_TSDAE_EP05,frozen,participant,3,no_augmentation,GAD7,42,KNN,4.701334,False,models/tsdae_e5_small_v2/ep05,defaults,"{""augmentation"": ""no_augmentation"", ""beto_model"": ""dccuchile/bert-base-spanish-wwm-cased"", ""chunk_stride"": 256, ""max_tokens"": 512, ""n_cv_splits"": 5, ""n_search_iter"": 0, ""seeds"": [42], ""sentence_transformer_model"": ""intfloat/multilingual-e5-small"", ""tfidf_lemmatize"": true, ""tfidf_max_df"": 0.9, ""tfidf_max_features"": 300, ""tfidf_min_df"": 3, ""tfidf_ngram_range"": [1, 2], ""tfidf_normalize_numbers"": true}",2026-09-17T04:10:23
E3_TSDAE_EP05,frozen,participant,3,no_augmentation,GAD7,42,DecisionTree,6.913017,False,models/tsdae_e5_small_v2/ep05,defaults,"{""augmentation"": ""no_augmentation"", ""beto_model"": ""dccuchile/bert-base-spanish-wwm-cased"", ""chunk_stride"": 256, ""max_tokens"": 512, ""n_cv_splits"": 5, ""n_search_iter"": 0, ""seeds"": [42], ""sentence_transformer_model"": ""intfloat/multilingual-e5-small"", ""tfidf_lemmatize"": true, ""tfidf_max_df"": 0.9, ""tfidf_max_features"": 300, ""tfidf_min_df"": 3, ""tfidf_ngram_range"": [1, 2], ""tfidf_normalize_numbers"": true}",2026-09-17T04:10:23
E3_TSDAE_EP05,frozen,participant,3,no_augmentation,GAD7,42,AdaBoost,4.642465,False,models/tsdae_e5_small_v2/ep05,defaults,"{""augmentation"": ""no_augmentation"", ""beto_model"": ""dccuchile/bert-base-spanish-wwm-cased"", ""chunk_stride"": 256, ""max_tokens"": 512, ""n_cv_splits"": 5, ""n_search_iter"": 0, ""seeds"": [42], ""sentence_transformer_model"": ""intfloat/multilingual-e5-small"", ""tfidf_lemmatize"": true, ""tfidf_max_df"": 0.9, ""tfidf_max_features"": 300, ""tfidf_min_df"": 3, ""tfidf_ngram_range"": [1, 2], ""tfidf_normalize_numbers"": true}",2026-09-17T04:10:23
E3_TSDAE_EP10,frozen,participant,3,no_augmentation,PHQ9,42,Ridge,6.50674,False,models/tsdae_e5_small_v2/ep10,defaults,"{""augmentation"": ""no_augmentation"", ""beto_model"": ""dccuchile/bert-base-spanish-wwm-cased"", ""chunk_stride"": 256, ""max_tokens"": 512, ""n_cv_splits"": 5, ""n_search_iter"": 0, ""seeds"": [42], ""sentence_transformer_model"": ""intfloat/multilingual-e5-small"", ""tfidf_lemmatize"": true, ""tfidf_max_df"": 0.9, ""tfidf_max_features"": 300, ""tfidf_min_df"": 3, ""tfidf_ngram_range"": [1, 2], ""tfidf_normalize_numbers"": true}",2026-09-17T04:10:44
E3_TSDAE_EP10,frozen,participant,3,no_augmentation,PHQ9,42,SVR,5.488117,True,models/tsdae_e5_small_v2/ep10,defaults,"{""augmentation"": ""no_augmentation"", ""beto_model"": ""dccuchile/bert-base-spanish-wwm-cased"", ""chunk_stride"": 256, ""max_tokens"": 512, ""n_cv_splits"": 5, ""n_search_iter"": 0, ""seeds"": [42], ""sentence_transformer_model"": ""intfloat/multilingual-e5-small"", ""tfidf_lemmatize"": true, ""tfidf_max_df"": 0.9, ""tfidf_max_features"": 300, ""tfidf_min_df"": 3, ""tfidf_ngram_range"": [1, 2], ""tfidf_normalize_numbers"": true}",2026-09-17T04:10:44
E3_TSDAE_EP10,frozen,participant,3,no_augmentation,PHQ9,42,RandomForest,5.653783,False,models/tsdae_e5_small_v2/ep10,defaults,"{""augmentation"": ""no_augmentation"", ""beto_model"": ""dccuchile/bert-base-spanish-wwm-cased"", ""chunk_stride"": 256, ""max_tokens"": 512, ""n_cv_splits"": 5, ""n_search_iter"": 0, ""seeds"": [42], ""sentence_transformer_model"": ""intfloat/multilingual-e5-small"", ""tfidf_lemmatize"": true, ""tfidf_max_df"": 0.9, ""tfidf_max_features"": 300, ""tfidf_min_df"": 3, ""tfidf_ngram_range"": [1, 2], ""tfidf_normalize_numbers"": true}",2026-09-17T04:10:44
E3_TSDAE_EP10,frozen,participant,3,no_augmentation,PHQ9,42,ExtraTrees,5.642349,False,models/tsdae_e5_small_v2/ep10,defaults,"{""augmentation"": ""no_augmentation"", ""beto_model"": ""dccuchile/bert-base-spanish-wwm-cased"", ""chunk_stride"": 256, ""max_tokens"": 512, ""n_cv_splits"": 5, ""n_search_iter"": 0, ""seeds"": [42], ""sentence_transformer_model"": ""intfloat/multilingual-e5-small"", ""tfidf_lemmatize"": true, ""tfidf_max_df"": 0.9, ""tfidf_max_features"": 300, ""tfidf_min_df"": 3, ""tfidf_ngram_range"": [1, 2], ""tfidf_normalize_numbers"": true}",2026-09-17T04:10:44
E3_TSDAE_EP10,frozen,participant,3,no_augmentation,PHQ9,42,GradientBoosting,5.750304,False,models/tsdae_e5_small_v2/ep10,defaults,"{""augmentation"": ""no_augmentation"", ""beto_model"": ""dccuchile/bert-base-spanish-wwm-cased"", ""chunk_stride"": 256, ""max_tokens"": 512, ""n_cv_splits"": 5, ""n_search_iter"": 0, ""seeds"": [42], ""sentence_transformer_model"": ""intfloat/multilingual-e5-small"", ""tfidf_lemmatize"": true, ""tfidf_max_df"": 0.9, ""tfidf_max_features"": 300, ""tfidf_min_df"": 3, ""tfidf_ngram_range"": [1, 2], ""tfidf_normalize_numbers"": true}",2026-09-17T04:10:44
E3_TSDAE_EP10,frozen,participant,3,no_augmentation,PHQ9,42,LightGBM,6.156538,False,models/tsdae_e5_small_v2/ep10,defaults,"{""augmentation"": ""no_augmentation"", ""beto_model"": ""dccuchile/bert-base-spanish-wwm-cased"", ""chunk_stride"": 256, ""max_tokens"": 512, ""n_cv_splits"": 5, ""n_search_iter"": 0, ""seeds"": [42], ""sentence_transformer_model"": ""intfloat/multilingual-e5-small"", ""tfidf_lemmatize"": true, ""tfidf_max_df"": 0.9, ""tfidf_max_features"": 300, ""tfidf_min_df"": 3, ""tfidf_ngram_range"": [1, 2], ""tfidf_normalize_numbers"": true}",2026-09-17T04:10:44
E3_TSDAE_EP10,frozen,participant,3,no_augmentation,PHQ9,42,KNN,5.573651,False,models/tsdae_e5_small_v2/ep10,defaults,"{""augmentation"": ""no_augmentation"", ""beto_model"": ""dccuchile/bert-base-spanish-wwm-cased"", ""chunk_stride"": 256, ""max_tokens"": 512, ""n_cv_splits"": 5, ""n_search_iter"": 0, ""seeds"": [42], ""sentence_transformer_model"": ""intfloat/multilingual-e5-small"", ""tfidf_lemmatize"": true, ""tfidf_max_df"": 0.9, ""tfidf_max_features"": 300, ""tfidf_min_df"": 3, ""tfidf_ngram_range"": [1, 2], ""tfidf_normalize_numbers"": true}",2026-09-17T04:10:44
E3_TSDAE_EP10,frozen,participant,3,no_augmentation,PHQ9,42,DecisionTree,7.706054,False,models/tsdae_e5_small_v2/ep10,defaults,"{""augmentation"": ""no_augmentation"", ""beto_model"": ""dccuchile/bert-base-spanish-wwm-cased"", ""chunk_stride"": 256, ""max_tokens"": 512, ""n_cv_splits"": 5, ""n_search_iter"": 0, ""seeds"": [42], ""sentence_transformer_model"": ""intfloat/multilingual-e5-small"", ""tfidf_lemmatize"": true, ""tfidf_max_df"": 0.9, ""tfidf_max_features"": 300, ""tfidf_min_df"": 3, ""tfidf_ngram_range"": [1, 2], ""tfidf_normalize_numbers"": true}",2026-09-17T04:10:44
E3_TSDAE_EP10,frozen,participant,3,no_augmentation,PHQ9,42,AdaBoost,5.84323,False,models/tsdae_e5_small_v2/ep10,defaults,"{""augmentation"": ""no_augmentation"", ""beto_model"": ""dccuchile/bert-base-spanish-wwm-cased"", ""chunk_stride"": 256, ""max_tokens"": 512, ""n_cv_splits"": 5, ""n_search_iter"": 0, ""seeds"": [42], ""sentence_transformer_model"": ""intfloat/multilingual-e5-small"", ""tfidf_lemmatize"": true, ""tfidf_max_df"": 0.9, ""tfidf_max_features"": 300, ""tfidf_min_df"": 3, ""tfidf_ngram_range"": [1, 2], ""tfidf_normalize_numbers"": true}",2026-09-17T04:10:44
E3_TSDAE_EP05,frozen,participant,3,no_augmentation,PHQ9,42,Ridge,7.079678,False,models/tsdae_e5_small_v2/ep05,defaults,"{""augmentation"": ""no_augmentation"", ""beto_model"": ""dccuchile/bert-base-spanish-wwm-cased"", ""chunk_stride"": 256, ""max_tokens"": 512, ""n_cv_splits"": 5, ""n_search_iter"": 0, ""seeds"": [42], ""sentence_transformer_model"": ""intfloat/multilingual-e5-small"", ""tfidf_lemmatize"": true, ""tfidf_max_df"": 0.9, ""tfidf_max_features"": 300, ""tfidf_min_df"": 3, ""tfidf_ngram_range"": [1, 2], ""tfidf_normalize_numbers"": true}",2026-09-17T04:14:29
E3_TSDAE_EP05,frozen,participant,3,no_augmentation,PHQ9,42,SVR,5.488478,True,models/tsdae_e5_small_v2/ep05,defaults,"{""augmentation"": ""no_augmentation"", ""beto_model"": ""dccuchile/bert-base-spanish-wwm-cased"", ""chunk_stride"": 256, ""max_tokens"": 512, ""n_cv_splits"": 5, ""n_search_iter"": 0, ""seeds"": [42], ""sentence_transformer_model"": ""intfloat/multilingual-e5-small"", ""tfidf_lemmatize"": true, ""tfidf_max_df"": 0.9, ""tfidf_max_features"": 300, ""tfidf_min_df"": 3, ""tfidf_ngram_range"": [1, 2], ""tfidf_normalize_numbers"": true}",2026-09-17T04:14:29
E3_TSDAE_EP05,frozen,participant,3,no_augmentation,PHQ9,42,RandomForest,5.641116,False,models/tsdae_e5_small_v2/ep05,defaults,"{""augmentation"": ""no_augmentation"", ""beto_model"": ""dccuchile/bert-base-spanish-wwm-cased"", ""chunk_stride"": 256, ""max_tokens"": 512, ""n_cv_splits"": 5, ""n_search_iter"": 0, ""seeds"": [42], ""sentence_transformer_model"": ""intfloat/multilingual-e5-small"", ""tfidf_lemmatize"": true, ""tfidf_max_df"": 0.9, ""tfidf_max_features"": 300, ""tfidf_min_df"": 3, ""tfidf_ngram_range"": [1, 2], ""tfidf_normalize_numbers"": true}",2026-09-17T04:14:29
E3_TSDAE_EP05,frozen,participant,3,no_augmentation,PHQ9,42,ExtraTrees,5.598035,False,models/tsdae_e5_small_v2/ep05,defaults,"{""augmentation"": ""no_augmentation"", ""beto_model"": ""dccuchile/bert-base-spanish-wwm-cased"", ""chunk_stride"": 256, ""max_tokens"": 512, ""n_cv_splits"": 5, ""n_search_iter"": 0, ""seeds"": [42], ""sentence_transformer_model"": ""intfloat/multilingual-e5-small"", ""tfidf_lemmatize"": true, ""tfidf_max_df"": 0.9, ""tfidf_max_features"": 300, ""tfidf_min_df"": 3, ""tfidf_ngram_range"": [1, 2], ""tfidf_normalize_numbers"": true}",2026-09-17T04:14:29
E3_TSDAE_EP05,frozen,participant,3,no_augmentation,PHQ9,42,GradientBoosting,5.891149,False,models/tsdae_e5_small_v2/ep05,defaults,"{""augmentation"": ""no_augmentation"", ""beto_model"": ""dccuchile/bert-base-spanish-wwm-cased"", ""chunk_stride"": 256, ""max_tokens"": 512, ""n_cv_splits"": 5, ""n_search_iter"": 0, ""seeds"": [42], ""sentence_transformer_model"": ""intfloat/multilingual-e5-small"", ""tfidf_lemmatize"": true, ""tfidf_max_df"": 0.9, ""tfidf_max_features"": 300, ""tfidf_min_df"": 3, ""tfidf_ngram_range"": [1, 2], ""tfidf_normalize_numbers"": true}",2026-09-17T04:14:29
E3_TSDAE_EP05,frozen,participant,3,no_augmentation,PHQ9,42,LightGBM,5.85124,False,models/tsdae_e5_small_v2/ep05,defaults,"{""augmentation"": ""no_augmentation"", ""beto_model"": ""dccuchile/bert-base-spanish-wwm-cased"", ""chunk_stride"": 256, ""max_tokens"": 512, ""n_cv_splits"": 5, ""n_search_iter"": 0, ""seeds"": [42], ""sentence_transformer_model"": ""intfloat/multilingual-e5-small"", ""tfidf_lemmatize"": true, ""tfidf_max_df"": 0.9, ""tfidf_max_features"": 300, ""tfidf_min_df"": 3, ""tfidf_ngram_range"": [1, 2], ""tfidf_normalize_numbers"": true}",2026-09-17T04:14:29
E3_TSDAE_EP05,frozen,participant,3,no_augmentation,PHQ9,42,KNN,5.640511,False,models/tsdae_e5_small_v2/ep05,defaults,"{""augmentation"": ""no_augmentation"", ""beto_model"": ""dccuchile/bert-base-spanish-wwm-cased"", ""chunk_stride"": 256, ""max_tokens"": 512, ""n_cv_splits"": 5, ""n_search_iter"": 0, ""seeds"": [42], ""sentence_transformer_model"": ""intfloat/multilingual-e5-small"", ""tfidf_lemmatize"": true, ""tfidf_max_df"": 0.9, ""tfidf_max_features"": 300, ""tfidf_min_df"": 3, ""tfidf_ngram_range"": [1, 2], ""tfidf_normalize_numbers"": true}",2026-09-17T04:14:29
E3_TSDAE_EP05,frozen,participant,3,no_augmentation,PHQ9,42,DecisionTree,7.180886,False,models/tsdae_e5_small_v2/ep05,defaults,"{""augmentation"": ""no_augmentation"", ""beto_model"": ""dccuchile/bert-base-spanish-wwm-cased"", ""chunk_stride"": 256, ""max_tokens"": 512, ""n_cv_splits"": 5, ""n_search_iter"": 0, ""seeds"": [42], ""sentence_transformer_model"": ""intfloat/multilingual-e5-small"", ""tfidf_lemmatize"": true, ""tfidf_max_df"": 0.9, ""tfidf_max_features"": 300, ""tfidf_min_df"": 3, ""tfidf_ngram_range"": [1, 2], ""tfidf_normalize_numbers"": true}",2026-09-17T04:14:29
E3_TSDAE_EP05,frozen,participant,3,no_augmentation,PHQ9,42,AdaBoost,5.664233,False,models/tsdae_e5_small_v2/ep05,defaults,"{""augmentation"": ""no_augmentation"", ""beto_model"": ""dccuchile/bert-base-spanish-wwm-cased"", ""chunk_stride"": 256, ""max_tokens"": 512, ""n_cv_splits"": 5, ""n_search_iter"": 0, ""seeds"": [42], ""sentence_transformer_model"": ""intfloat/multilingual-e5-small"", ""tfidf_lemmatize"": true, ""tfidf_max_df"": 0.9, ""tfidf_max_features"": 300, ""tfidf_min_df"": 3, ""tfidf_ngram_range"": [1, 2], ""tfidf_normalize_numbers"": true}",2026-09-17T04:14:29
E3_TSDAE_EP05,frozen,participant,3,no_augmentation,GAD7,42,Ridge,5.855488,False,models/tsdae_e5_small_v2/ep05,defaults,"{""augmentation"": ""no_augmentation"", ""beto_model"": ""dccuchile/bert-base-spanish-wwm-cased"", ""chunk_stride"": 256, ""max_tokens"": 512, ""n_cv_splits"": 5, ""n_search_iter"": 0, ""seeds"": [42], ""sentence_transformer_model"": ""intfloat/multilingual-e5-small"", ""tfidf_lemmatize"": true, ""tfidf_max_df"": 0.9, ""tfidf_max_features"": 300, ""tfidf_min_df"": 3, ""tfidf_ngram_range"": [1, 2], ""tfidf_normalize_numbers"": true}",2026-09-17T04:14:50
E3_TSDAE_EP05,frozen,participant,3,no_augmentation,GAD7,42,SVR,4.595709,True,models/tsdae_e5_small_v2/ep05,defaults,"{""augmentation"": ""no_augmentation"", ""beto_model"": ""dccuchile/bert-base-spanish-wwm-cased"", ""chunk_stride"": 256, ""max_tokens"": 512, ""n_cv_splits"": 5, ""n_search_iter"": 0, ""seeds"": [42], ""sentence_transformer_model"": ""intfloat/multilingual-e5-small"", ""tfidf_lemmatize"": true, ""tfidf_max_df"": 0.9, ""tfidf_max_features"": 300, ""tfidf_min_df"": 3, ""tfidf_ngram_range"": [1, 2], ""tfidf_normalize_numbers"": true}",2026-09-17T04:14:50
E3_TSDAE_EP05,frozen,participant,3,no_augmentation,GAD7,42,RandomForest,4.610343,False,models/tsdae_e5_small_v2/ep05,defaults,"{""augmentation"": ""no_augmentation"", ""beto_model"": ""dccuchile/bert-base-spanish-wwm-cased"", ""chunk_stride"": 256, ""max_tokens"": 512, ""n_cv_splits"": 5, ""n_search_iter"": 0, ""seeds"": [42], ""sentence_transformer_model"": ""intfloat/multilingual-e5-small"", ""tfidf_lemmatize"": true, ""tfidf_max_df"": 0.9, ""tfidf_max_features"": 300, ""tfidf_min_df"": 3, ""tfidf_ngram_range"": [1, 2], ""tfidf_normalize_numbers"": true}",2026-09-17T04:14:50
E3_TSDAE_EP05,frozen,participant,3,no_augmentation,GAD7,42,ExtraTrees,4.645495,False,models/tsdae_e5_small_v2/ep05,defaults,"{""augmentation"": ""no_augmentation"", ""beto_model"": ""dccuchile/bert-base-spanish-wwm-cased"", ""chunk_stride"": 256, ""max_tokens"": 512, ""n_cv_splits"": 5, ""n_search_iter"": 0, ""seeds"": [42], ""sentence_transformer_model"": ""intfloat/multilingual-e5-small"", ""tfidf_lemmatize"": true, ""tfidf_max_df"": 0.9, ""tfidf_max_features"": 300, ""tfidf_min_df"": 3, ""tfidf_ngram_range"": [1, 2], ""tfidf_normalize_numbers"": true}",2026-09-17T04:14:50
E3_TSDAE_EP05,frozen,participant,3,no_augmentation,GAD7,42,GradientBoosting,4.886027,False,models/tsdae_e5_small_v2/ep05,defaults,"{""augmentation"": ""no_augmentation"", ""beto_model"": ""dccuchile/bert-base-spanish-wwm-cased"", ""chunk_stride"": 256, ""max_tokens"": 512, ""n_cv_splits"": 5, ""n_search_iter"": 0, ""seeds"": [42], ""sentence_transformer_model"": ""intfloat/multilingual-e5-small"", ""tfidf_lemmatize"": true, ""tfidf_max_df"": 0.9, ""tfidf_max_features"": 300, ""tfidf_min_df"": 3, ""tfidf_ngram_range"": [1, 2], ""tfidf_normalize_numbers"": true}",2026-09-17T04:14:50
E3_TSDAE_EP05,frozen,participant,3,no_augmentation,GAD7,42,LightGBM,4.885042,False,models/tsdae_e5_small_v2/ep05,defaults,"{""augmentation"": ""no_augmentation"", ""beto_model"": ""dccuchile/bert-base-spanish-wwm-cased"", ""chunk_stride"": 256, ""max_tokens"": 512, ""n_cv_splits"": 5, ""n_search_iter"": 0, ""seeds"": [42], ""sentence_transformer_model"": ""intfloat/multilingual-e5-small"", ""tfidf_lemmatize"": true, ""tfidf_max_df"": 0.9, ""tfidf_max_features"": 300, ""tfidf_min_df"": 3, ""tfidf_ngram_range"": [1, 2], ""tfidf_normalize_numbers"": true}",2026-09-17T04:14:50
E3_TSDAE_EP05,frozen,participant,3,no_augmentation,GAD7,42,KNN,4.701334,False,models/tsdae_e5_small_v2/ep05,defaults,"{""augmentation"": ""no_augmentation"", ""beto_model"": ""dccuchile/bert-base-spanish-wwm-cased"", ""chunk_stride"": 256, ""max_tokens"": 512, ""n_cv_splits"": 5, ""n_search_iter"": 0, ""seeds"": [42], ""sentence_transformer_model"": ""intfloat/multilingual-e5-small"", ""tfidf_lemmatize"": true, ""tfidf_max_df"": 0.9, ""tfidf_max_features"": 300, ""tfidf_min_df"": 3, ""tfidf_ngram_range"": [1, 2], ""tfidf_normalize_numbers"": true}",2026-09-17T04:14:50
E3_TSDAE_EP05,frozen,participant,3,no_augmentation,GAD7,42,DecisionTree,6.913017,False,models/tsdae_e5_small_v2/ep05,defaults,"{""augmentation"": ""no_augmentation"", ""beto_model"": ""dccuchile/bert-base-spanish-wwm-cased"", ""chunk_stride"": 256, ""max_tokens"": 512, ""n_cv_splits"": 5, ""n_search_iter"": 0, ""seeds"": [42], ""sentence_transformer_model"": ""intfloat/multilingual-e5-small"", ""tfidf_lemmatize"": true, ""tfidf_max_df"": 0.9, ""tfidf_max_features"": 300, ""tfidf_min_df"": 3, ""tfidf_ngram_range"": [1, 2], ""tfidf_normalize_numbers"": true}",2026-09-17T04:14:50
E3_TSDAE_EP05,frozen,participant,3,no_augmentation,GAD7,42,AdaBoost,4.642465,False,models/tsdae_e5_small_v2/ep05,defaults,"{""augmentation"": ""no_augmentation"", ""beto_model"": ""dccuchile/bert-base-spanish-wwm-cased"", ""chunk_stride"": 256, ""max_tokens"": 512, ""n_cv_splits"": 5, ""n_search_iter"": 0, ""seeds"": [42], ""sentence_transformer_model"": ""intfloat/multilingual-e5-small"", ""tfidf_lemmatize"": true, ""tfidf_max_df"": 0.9, ""tfidf_max_features"": 300, ""tfidf_min_df"": 3, ""tfidf_ngram_range"": [1, 2], ""tfidf_normalize_numbers"": true}",2026-09-17T04:14:50
E3_TSDAE_EP10,frozen,participant,3,no_augmentation,PHQ9,42,Ridge,6.50674,False,models/tsdae_e5_small_v2/ep10,defaults,"{""augmentation"": ""no_augmentation"", ""beto_model"": ""dccuchile/bert-base-spanish-wwm-cased"", ""chunk_stride"": 256, ""max_tokens"": 512, ""n_cv_splits"": 5, ""n_search_iter"": 0, ""seeds"": [42], ""sentence_transformer_model"": ""intfloat/multilingual-e5-small"", ""tfidf_lemmatize"": true, ""tfidf_max_df"": 0.9, ""tfidf_max_features"": 300, ""tfidf_min_df"": 3, ""tfidf_ngram_range"": [1, 2], ""tfidf_normalize_numbers"": true}",2026-09-17T04:15:12
E3_TSDAE_EP10,frozen,participant,3,no_augmentation,PHQ9,42,SVR,5.488117,True,models/tsdae_e5_small_v2/ep10,defaults,"{""augmentation"": ""no_augmentation"", ""beto_model"": ""dccuchile/bert-base-spanish-wwm-cased"", ""chunk_stride"": 256, ""max_tokens"": 512, ""n_cv_splits"": 5, ""n_search_iter"": 0, ""seeds"": [42], ""sentence_transformer_model"": ""intfloat/multilingual-e5-small"", ""tfidf_lemmatize"": true, ""tfidf_max_df"": 0.9, ""tfidf_max_features"": 300, ""tfidf_min_df"": 3, ""tfidf_ngram_range"": [1, 2], ""tfidf_normalize_numbers"": true}",2026-09-17T04:15:12
E3_TSDAE_EP10,frozen,participant,3,no_augmentation,PHQ9,42,RandomForest,5.653783,False,models/tsdae_e5_small_v2/ep10,defaults,"{""augmentation"": ""no_augmentation"", ""beto_model"": ""dccuchile/bert-base-spanish-wwm-cased"", ""chunk_stride"": 256, ""max_tokens"": 512, ""n_cv_splits"": 5, ""n_search_iter"": 0, ""seeds"": [42], ""sentence_transformer_model"": ""intfloat/multilingual-e5-small"", ""tfidf_lemmatize"": true, ""tfidf_max_df"": 0.9, ""tfidf_max_features"": 300, ""tfidf_min_df"": 3, ""tfidf_ngram_range"": [1, 2], ""tfidf_normalize_numbers"": true}",2026-09-17T04:15:12
E3_TSDAE_EP10,frozen,participant,3,no_augmentation,PHQ9,42,ExtraTrees,5.642349,False,models/tsdae_e5_small_v2/ep10,defaults,"{""augmentation"": ""no_augmentation"", ""beto_model"": ""dccuchile/bert-base-spanish-wwm-cased"", ""chunk_stride"": 256, ""max_tokens"": 512, ""n_cv_splits"": 5, ""n_search_iter"": 0, ""seeds"": [42], ""sentence_transformer_model"": ""intfloat/multilingual-e5-small"", ""tfidf_lemmatize"": true, ""tfidf_max_df"": 0.9, ""tfidf_max_features"": 300, ""tfidf_min_df"": 3, ""tfidf_ngram_range"": [1, 2], ""tfidf_normalize_numbers"": true}",2026-09-17T04:15:12
E3_TSDAE_EP10,frozen,participant,3,no_augmentation,PHQ9,42,GradientBoosting,5.750304,False,models/tsdae_e5_small_v2/ep10,defaults,"{""augmentation"": ""no_augmentation"", ""beto_model"": ""dccuchile/bert-base-spanish-wwm-cased"", ""chunk_stride"": 256, ""max_tokens"": 512, ""n_cv_splits"": 5, ""n_search_iter"": 0, ""seeds"": [42], ""sentence_transformer_model"": ""intfloat/multilingual-e5-small"", ""tfidf_lemmatize"": true, ""tfidf_max_df"": 0.9, ""tfidf_max_features"": 300, ""tfidf_min_df"": 3, ""tfidf_ngram_range"": [1, 2], ""tfidf_normalize_numbers"": true}",2026-09-17T04:15:12
E3_TSDAE_EP10,frozen,participant,3,no_augmentation,PHQ9,42,LightGBM,6.156538,False,models/tsdae_e5_small_v2/ep10,defaults,"{""augmentation"": ""no_augmentation"", ""beto_model"": ""dccuchile/bert-base-spanish-wwm-cased"", ""chunk_stride"": 256, ""max_tokens"": 512, ""n_cv_splits"": 5, ""n_search_iter"": 0, ""seeds"": [42], ""sentence_transformer_model"": ""intfloat/multilingual-e5-small"", ""tfidf_lemmatize"": true, ""tfidf_max_df"": 0.9, ""tfidf_max_features"": 300, ""tfidf_min_df"": 3, ""tfidf_ngram_range"": [1, 2], ""tfidf_normalize_numbers"": true}",2026-09-17T04:15:12
E3_TSDAE_EP10,frozen,participant,3,no_augmentation,PHQ9,42,KNN,5.573651,False,models/tsdae_e5_small_v2/ep10,defaults,"{""augmentation"": ""no_augmentation"", ""beto_model"": ""dccuchile/bert-base-spanish-wwm-cased"", ""chunk_stride"": 256, ""max_tokens"": 512, ""n_cv_splits"": 5, ""n_search_iter"": 0, ""seeds"": [42], ""sentence_transformer_model"": ""intfloat/multilingual-e5-small"", ""tfidf_lemmatize"": true, ""tfidf_max_df"": 0.9, ""tfidf_max_features"": 300, ""tfidf_min_df"": 3, ""tfidf_ngram_range"": [1, 2], ""tfidf_normalize_numbers"": true}",2026-09-17T04:15:12
E3_TSDAE_EP10,frozen,participant,3,no_augmentation,PHQ9,42,DecisionTree,7.706054,False,models/tsdae_e5_small_v2/ep10,defaults,"{""augmentation"": ""no_augmentation"", ""beto_model"": ""dccuchile/bert-base-spanish-wwm-cased"", ""chunk_stride"": 256, ""max_tokens"": 512, ""n_cv_splits"": 5, ""n_search_iter"": 0, ""seeds"": [42], ""sentence_transformer_model"": ""intfloat/multilingual-e5-small"", ""tfidf_lemmatize"": true, ""tfidf_max_df"": 0.9, ""tfidf_max_features"": 300, ""tfidf_min_df"": 3, ""tfidf_ngram_range"": [1, 2], ""tfidf_normalize_numbers"": true}",2026-09-17T04:15:12
E3_TSDAE_EP10,frozen,participant,3,no_augmentation,PHQ9,42,AdaBoost,5.84323,False,models/tsdae_e5_small_v2/ep10,defaults,"{""augmentation"": ""no_augmentation"", ""beto_model"": ""dccuchile/bert-base-spanish-wwm-cased"", ""chunk_stride"": 256, ""max_tokens"": 512, ""n_cv_splits"": 5, ""n_search_iter"": 0, ""seeds"": [42], ""sentence_transformer_model"": ""intfloat/multilingual-e5-small"", ""tfidf_lemmatize"": true, ""tfidf_max_df"": 0.9, ""tfidf_max_features"": 300, ""tfidf_min_df"": 3, ""tfidf_ngram_range"": [1, 2], ""tfidf_normalize_numbers"": true}",2026-09-17T04:15:12
E3_TSDAE_EP10,frozen,participant,3,no_augmentation,GAD7,42,Ridge,5.560855,False,models/tsdae_e5_small_v2/ep10,defaults,"{""augmentation"": ""no_augmentation"", ""beto_model"": ""dccuchile/bert-base-spanish-wwm-cased"", ""chunk_stride"": 256, ""max_tokens"": 512, ""n_cv_splits"": 5, ""n_search_iter"": 0, ""seeds"": [42], ""sentence_transformer_model"": ""intfloat/multilingual-e5-small"", ""tfidf_lemmatize"": true, ""tfidf_max_df"": 0.9, ""tfidf_max_features"": 300, ""tfidf_min_df"": 3, ""tfidf_ngram_range"": [1, 2], ""tfidf_normalize_numbers"": true}",2026-09-17T04:15:33
E3_TSDAE_EP10,frozen,participant,3,no_augmentation,GAD7,42,SVR,4.603921,True,models/tsdae_e5_small_v2/ep10,defaults,"{""augmentation"": ""no_augmentation"", ""beto_model"": ""dccuchile/bert-base-spanish-wwm-cased"", ""chunk_stride"": 256, ""max_tokens"": 512, ""n_cv_splits"": 5, ""n_search_iter"": 0, ""seeds"": [42], ""sentence_transformer_model"": ""intfloat/multilingual-e5-small"", ""tfidf_lemmatize"": true, ""tfidf_max_df"": 0.9, ""tfidf_max_features"": 300, ""tfidf_min_df"": 3, ""tfidf_ngram_range"": [1, 2], ""tfidf_normalize_numbers"": true}",2026-09-17T04:15:33
E3_TSDAE_EP10,frozen,participant,3,no_augmentation,GAD7,42,RandomForest,4.636465,False,models/tsdae_e5_small_v2/ep10,defaults,"{""augmentation"": ""no_augmentation"", ""beto_model"": ""dccuchile/bert-base-spanish-wwm-cased"", ""chunk_stride"": 256, ""max_tokens"": 512, ""n_cv_splits"": 5, ""n_search_iter"": 0, ""seeds"": [42], ""sentence_transformer_model"": ""intfloat/multilingual-e5-small"", ""tfidf_lemmatize"": true, ""tfidf_max_df"": 0.9, ""tfidf_max_features"": 300, ""tfidf_min_df"": 3, ""tfidf_ngram_range"": [1, 2], ""tfidf_normalize_numbers"": true}",2026-09-17T04:15:33
E3_TSDAE_EP10,frozen,participant,3,no_augmentation,GAD7,42,ExtraTrees,4.721972,False,models/tsdae_e5_small_v2/ep10,defaults,"{""augmentation"": ""no_augmentation"", ""beto_model"": ""dccuchile/bert-base-spanish-wwm-cased"", ""chunk_stride"": 256, ""max_tokens"": 512, ""n_cv_splits"": 5, ""n_search_iter"": 0, ""seeds"": [42], ""sentence_transformer_model"": ""intfloat/multilingual-e5-small"", ""tfidf_lemmatize"": true, ""tfidf_max_df"": 0.9, ""tfidf_max_features"": 300, ""tfidf_min_df"": 3, ""tfidf_ngram_range"": [1, 2], ""tfidf_normalize_numbers"": true}",2026-09-17T04:15:33
E3_TSDAE_EP10,frozen,participant,3,no_augmentation,GAD7,42,GradientBoosting,4.814688,False,models/tsdae_e5_small_v2/ep10,defaults,"{""augmentation"": ""no_augmentation"", ""beto_model"": ""dccuchile/bert-base-spanish-wwm-cased"", ""chunk_stride"": 256, ""max_tokens"": 512, ""n_cv_splits"": 5, ""n_search_iter"": 0, ""seeds"": [42], ""sentence_transformer_model"": ""intfloat/multilingual-e5-small"", ""tfidf_lemmatize"": true, ""tfidf_max_df"": 0.9, ""tfidf_max_features"": 300, ""tfidf_min_df"": 3, ""tfidf_ngram_range"": [1, 2], ""tfidf_normalize_numbers"": true}",2026-09-17T04:15:33
E3_TSDAE_EP10,frozen,participant,3,no_augmentation,GAD7,42,LightGBM,4.841862,False,models/tsdae_e5_small_v2/ep10,defaults,"{""augmentation"": ""no_augmentation"", ""beto_model"": ""dccuchile/bert-base-spanish-wwm-cased"", ""chunk_stride"": 256, ""max_tokens"": 512, ""n_cv_splits"": 5, ""n_search_iter"": 0, ""seeds"": [42], ""sentence_transformer_model"": ""intfloat/multilingual-e5-small"", ""tfidf_lemmatize"": true, ""tfidf_max_df"": 0.9, ""tfidf_max_features"": 300, ""tfidf_min_df"": 3, ""tfidf_ngram_range"": [1, 2], ""tfidf_normalize_numbers"": true}",2026-09-17T04:15:33
E3_TSDAE_EP10,frozen,participant,3,no_augmentation,GAD7,42,KNN,4.651436,False,models/tsdae_e5_small_v2/ep10,defaults,"{""augmentation"": ""no_augmentation"", ""beto_model"": ""dccuchile/bert-base-spanish-wwm-cased"", ""chunk_stride"": 256, ""max_tokens"": 512, ""n_cv_splits"": 5, ""n_search_iter"": 0, ""seeds"": [42], ""sentence_transformer_model"": ""intfloat/multilingual-e5-small"", ""tfidf_lemmatize"": true, ""tfidf_max_df"": 0.9, ""tfidf_max_features"": 300, ""tfidf_min_df"": 3, ""tfidf_ngram_range"": [1, 2], ""tfidf_normalize_numbers"": true}",2026-09-17T04:15:33
E3_TSDAE_EP10,frozen,participant,3,no_augmentation,GAD7,42,DecisionTree,6.174758,False,models/tsdae_e5_small_v2/ep10,defaults,"{""augmentation"": ""no_augmentation"", ""beto_model"": ""dccuchile/bert-base-spanish-wwm-cased"", ""chunk_stride"": 256, ""max_tokens"": 512, ""n_cv_splits"": 5, ""n_search_iter"": 0, ""seeds"": [42], ""sentence_transformer_model"": ""intfloat/multilingual-e5-small"", ""tfidf_lemmatize"": true, ""tfidf_max_df"": 0.9, ""tfidf_max_features"": 300, ""tfidf_min_df"": 3, ""tfidf_ngram_range"": [1, 2], ""tfidf_normalize_numbers"": true}",2026-09-17T04:15:33
E3_TSDAE_EP10,frozen,participant,3,no_augmentation,GAD7,42,AdaBoost,4.700866,False,models/tsdae_e5_small_v2/ep10,defaults,"{""augmentation"": ""no_augmentation"", ""beto_model"": ""dccuchile/bert-base-spanish-wwm-cased"", ""chunk_stride"": 256, ""max_tokens"": 512, ""n_cv_splits"": 5, ""n_search_iter"": 0, ""seeds"": [42], ""sentence_transformer_model"": ""intfloat/multilingual-e5-small"", ""tfidf_lemmatize"": true, ""tfidf_max_df"": 0.9, ""tfidf_max_features"": 300, ""tfidf_min_df"": 3, ""tfidf_ngram_range"": [1, 2], ""tfidf_normalize_numbers"": true}",2026-09-17T04:15:33
E3_TSDAE_EP20,frozen,participant,3,no_augmentation,PHQ9,42,Ridge,7.380342,False,models/tsdae_e5_small_v2/ep20,defaults,"{""augmentation"": ""no_augmentation"", ""beto_model"": ""dccuchile/bert-base-spanish-wwm-cased"", ""chunk_stride"": 256, ""max_tokens"": 512, ""n_cv_splits"": 5, ""n_search_iter"": 0, ""seeds"": [42], ""sentence_transformer_model"": ""intfloat/multilingual-e5-small"", ""tfidf_lemmatize"": true, ""tfidf_max_df"": 0.9, ""tfidf_max_features"": 300, ""tfidf_min_df"": 3, ""tfidf_ngram_range"": [1, 2], ""tfidf_normalize_numbers"": true}",2026-09-17T04:15:55
E3_TSDAE_EP20,frozen,participant,3,no_augmentation,PHQ9,42,SVR,5.595118,True,models/tsdae_e5_small_v2/ep20,defaults,"{""augmentation"": ""no_augmentation"", ""beto_model"": ""dccuchile/bert-base-spanish-wwm-cased"", ""chunk_stride"": 256, ""max_tokens"": 512, ""n_cv_splits"": 5, ""n_search_iter"": 0, ""seeds"": [42], ""sentence_transformer_model"": ""intfloat/multilingual-e5-small"", ""tfidf_lemmatize"": true, ""tfidf_max_df"": 0.9, ""tfidf_max_features"": 300, ""tfidf_min_df"": 3, ""tfidf_ngram_range"": [1, 2], ""tfidf_normalize_numbers"": true}",2026-09-17T04:15:55
E3_TSDAE_EP20,frozen,participant,3,no_augmentation,PHQ9,42,RandomForest,5.633019,False,models/tsdae_e5_small_v2/ep20,defaults,"{""augmentation"": ""no_augmentation"", ""beto_model"": ""dccuchile/bert-base-spanish-wwm-cased"", ""chunk_stride"": 256, ""max_tokens"": 512, ""n_cv_splits"": 5, ""n_search_iter"": 0, ""seeds"": [42], ""sentence_transformer_model"": ""intfloat/multilingual-e5-small"", ""tfidf_lemmatize"": true, ""tfidf_max_df"": 0.9, ""tfidf_max_features"": 300, ""tfidf_min_df"": 3, ""tfidf_ngram_range"": [1, 2], ""tfidf_normalize_numbers"": true}",2026-09-17T04:15:55
E3_TSDAE_EP20,frozen,participant,3,no_augmentation,PHQ9,42,ExtraTrees,5.656108,False,models/tsdae_e5_small_v2/ep20,defaults,"{""augmentation"": ""no_augmentation"", ""beto_model"": ""dccuchile/bert-base-spanish-wwm-cased"", ""chunk_stride"": 256, ""max_tokens"": 512, ""n_cv_splits"": 5, ""n_search_iter"": 0, ""seeds"": [42], ""sentence_transformer_model"": ""intfloat/multilingual-e5-small"", ""tfidf_lemmatize"": true, ""tfidf_max_df"": 0.9, ""tfidf_max_features"": 300, ""tfidf_min_df"": 3, ""tfidf_ngram_range"": [1, 2], ""tfidf_normalize_numbers"": true}",2026-09-17T04:15:55
E3_TSDAE_EP20,frozen,participant,3,no_augmentation,PHQ9,42,GradientBoosting,5.773333,False,models/tsdae_e5_small_v2/ep20,defaults,"{""augmentation"": ""no_augmentation"", ""beto_model"": ""dccuchile/bert-base-spanish-wwm-cased"", ""chunk_stride"": 256, ""max_tokens"": 512, ""n_cv_splits"": 5, ""n_search_iter"": 0, ""seeds"": [42], ""sentence_transformer_model"": ""intfloat/multilingual-e5-small"", ""tfidf_lemmatize"": true, ""tfidf_max_df"": 0.9, ""tfidf_max_features"": 300, ""tfidf_min_df"": 3, ""tfidf_ngram_range"": [1, 2], ""tfidf_normalize_numbers"": true}",2026-09-17T04:15:55
E3_TSDAE_EP20,frozen,participant,3,no_augmentation,PHQ9,42,LightGBM,6.000387,False,models/tsdae_e5_small_v2/ep20,defaults,"{""augmentation"": ""no_augmentation"", ""beto_model"": ""dccuchile/bert-base-spanish-wwm-cased"", ""chunk_stride"": 256, ""max_tokens"": 512, ""n_cv_splits"": 5, ""n_search_iter"": 0, ""seeds"": [42], ""sentence_transformer_model"": ""intfloat/multilingual-e5-small"", ""tfidf_lemmatize"": true, ""tfidf_max_df"": 0.9, ""tfidf_max_features"": 300, ""tfidf_min_df"": 3, ""tfidf_ngram_range"": [1, 2], ""tfidf_normalize_numbers"": true}",2026-09-17T04:15:55
E3_TSDAE_EP20,frozen,participant,3,no_augmentation,PHQ9,42,KNN,5.700309,False,models/tsdae_e5_small_v2/ep20,defaults,"{""augmentation"": ""no_augmentation"", ""beto_model"": ""dccuchile/bert-base-spanish-wwm-cased"", ""chunk_stride"": 256, ""max_tokens"": 512, ""n_cv_splits"": 5, ""n_search_iter"": 0, ""seeds"": [42], ""sentence_transformer_model"": ""intfloat/multilingual-e5-small"", ""tfidf_lemmatize"": true, ""tfidf_max_df"": 0.9, ""tfidf_max_features"": 300, ""tfidf_min_df"": 3, ""tfidf_ngram_range"": [1, 2], ""tfidf_normalize_numbers"": true}",2026-09-17T04:15:55
E3_TSDAE_EP20,frozen,participant,3,no_augmentation,PHQ9,42,DecisionTree,7.784912,False,models/tsdae_e5_small_v2/ep20,defaults,"{""augmentation"": ""no_augmentation"", ""beto_model"": ""dccuchile/bert-base-spanish-wwm-cased"", ""chunk_stride"": 256, ""max_tokens"": 512, ""n_cv_splits"": 5, ""n_search_iter"": 0, ""seeds"": [42], ""sentence_transformer_model"": ""intfloat/multilingual-e5-small"", ""tfidf_lemmatize"": true, ""tfidf_max_df"": 0.9, ""tfidf_max_features"": 300, ""tfidf_min_df"": 3, ""tfidf_ngram_range"": [1, 2], ""tfidf_normalize_numbers"": true}",2026-09-17T04:15:55
E3_TSDAE_EP20,frozen,participant,3,no_augmentation,PHQ9,42,AdaBoost,5.677032,False,models/tsdae_e5_small_v2/ep20,defaults,"{""augmentation"": ""no_augmentation"", ""beto_model"": ""dccuchile/bert-base-spanish-wwm-cased"", ""chunk_stride"": 256, ""max_tokens"": 512, ""n_cv_splits"": 5, ""n_search_iter"": 0, ""seeds"": [42], ""sentence_transformer_model"": ""intfloat/multilingual-e5-small"", ""tfidf_lemmatize"": true, ""tfidf_max_df"": 0.9, ""tfidf_max_features"": 300, ""tfidf_min_df"": 3, ""tfidf_ngram_range"": [1, 2], ""tfidf_normalize_numbers"": true}",2026-09-17T04:15:55
E3_TSDAE_EP20,frozen,participant,3,no_augmentation,GAD7,42,Ridge,5.98547,False,models/tsdae_e5_small_v2/ep20,defaults,"{""augmentation"": ""no_augmentation"", ""beto_model"": ""dccuchile/bert-base-spanish-wwm-cased"", ""chunk_stride"": 256, ""max_tokens"": 512, ""n_cv_splits"": 5, ""n_search_iter"": 0, ""seeds"": [42], ""sentence_transformer_model"": ""intfloat/multilingual-e5-small"", ""tfidf_lemmatize"": true, ""tfidf_max_df"": 0.9, ""tfidf_max_features"": 300, ""tfidf_min_df"": 3, ""tfidf_ngram_range"": [1, 2], ""tfidf_normalize_numbers"": true}",2026-09-17T04:16:16
E3_TSDAE_EP20,frozen,participant,3,no_augmentation,GAD7,42,SVR,4.611058,False,models/tsdae_e5_small_v2/ep20,defaults,"{""augmentation"": ""no_augmentation"", ""beto_model"": ""dccuchile/bert-base-spanish-wwm-cased"", ""chunk_stride"": 256, ""max_tokens"": 512, ""n_cv_splits"": 5, ""n_search_iter"": 0, ""seeds"": [42], ""sentence_transformer_model"": ""intfloat/multilingual-e5-small"", ""tfidf_lemmatize"": true, ""tfidf_max_df"": 0.9, ""tfidf_max_features"": 300, ""tfidf_min_df"": 3, ""tfidf_ngram_range"": [1, 2], ""tfidf_normalize_numbers"": true}",2026-09-17T04:16:16
E3_TSDAE_EP20,frozen,participant,3,no_augmentation,GAD7,42,RandomForest,4.688565,False,models/tsdae_e5_small_v2/ep20,defaults,"{""augmentation"": ""no_augmentation"", ""beto_model"": ""dccuchile/bert-base-spanish-wwm-cased"", ""chunk_stride"": 256, ""max_tokens"": 512, ""n_cv_splits"": 5, ""n_search_iter"": 0, ""seeds"": [42], ""sentence_transformer_model"": ""intfloat/multilingual-e5-small"", ""tfidf_lemmatize"": true, ""tfidf_max_df"": 0.9, ""tfidf_max_features"": 300, ""tfidf_min_df"": 3, ""tfidf_ngram_range"": [1, 2], ""tfidf_normalize_numbers"": true}",2026-09-17T04:16:16
E3_TSDAE_EP20,frozen,participant,3,no_augmentation,GAD7,42,ExtraTrees,4.607069,False,models/tsdae_e5_small_v2/ep20,defaults,"{""augmentation"": ""no_augmentation"", ""beto_model"": ""dccuchile/bert-base-spanish-wwm-cased"", ""chunk_stride"": 256, ""max_tokens"": 512, ""n_cv_splits"": 5, ""n_search_iter"": 0, ""seeds"": [42], ""sentence_transformer_model"": ""intfloat/multilingual-e5-small"", ""tfidf_lemmatize"": true, ""tfidf_max_df"": 0.9, ""tfidf_max_features"": 300, ""tfidf_min_df"": 3, ""tfidf_ngram_range"": [1, 2], ""tfidf_normalize_numbers"": true}",2026-09-17T04:16:16
E3_TSDAE_EP20,frozen,participant,3,no_augmentation,GAD7,42,GradientBoosting,4.661869,False,models/tsdae_e5_small_v2/ep20,defaults,"{""augmentation"": ""no_augmentation"", ""beto_model"": ""dccuchile/bert-base-spanish-wwm-cased"", ""chunk_stride"": 256, ""max_tokens"": 512, ""n_cv_splits"": 5, ""n_search_iter"": 0, ""seeds"": [42], ""sentence_transformer_model"": ""intfloat/multilingual-e5-small"", ""tfidf_lemmatize"": true, ""tfidf_max_df"": 0.9, ""tfidf_max_features"": 300, ""tfidf_min_df"": 3, ""tfidf_ngram_range"": [1, 2], ""tfidf_normalize_numbers"": true}",2026-09-17T04:16:16
E3_TSDAE_EP20,frozen,participant,3,no_augmentation,GAD7,42,LightGBM,4.506832,True,models/tsdae_e5_small_v2/ep20,defaults,"{""augmentation"": ""no_augmentation"", ""beto_model"": ""dccuchile/bert-base-spanish-wwm-cased"", ""chunk_stride"": 256, ""max_tokens"": 512, ""n_cv_splits"": 5, ""n_search_iter"": 0, ""seeds"": [42], ""sentence_transformer_model"": ""intfloat/multilingual-e5-small"", ""tfidf_lemmatize"": true, ""tfidf_max_df"": 0.9, ""tfidf_max_features"": 300, ""tfidf_min_df"": 3, ""tfidf_ngram_range"": [1, 2], ""tfidf_normalize_numbers"": true}",2026-09-17T04:16:16
E3_TSDAE_EP20,frozen,participant,3,no_augmentation,GAD7,42,KNN,4.680003,False,models/tsdae_e5_small_v2/ep20,defaults,"{""augmentation"": ""no_augmentation"", ""beto_model"": ""dccuchile/bert-base-spanish-wwm-cased"", ""chunk_stride"": 256, ""max_tokens"": 512, ""n_cv_splits"": 5, ""n_search_iter"": 0, ""seeds"": [42], ""sentence_transformer_model"": ""intfloat/multilingual-e5-small"", ""tfidf_lemmatize"": true, ""tfidf_max_df"": 0.9, ""tfidf_max_features"": 300, ""tfidf_min_df"": 3, ""tfidf_ngram_range"": [1, 2], ""tfidf_normalize_numbers"": true}",2026-09-17T04:16:16
E3_TSDAE_EP20,frozen,participant,3,no_augmentation,GAD7,42,DecisionTree,5.930047,False,models/tsdae_e5_small_v2/ep20,defaults,"{""augmentation"": ""no_augmentation"", ""beto_model"": ""dccuchile/bert-base-spanish-wwm-cased"", ""chunk_stride"": 256, ""max_tokens"": 512, ""n_cv_splits"": 5, ""n_search_iter"": 0, ""seeds"": [42], ""sentence_transformer_model"": ""intfloat/multilingual-e5-small"", ""tfidf_lemmatize"": true, ""tfidf_max_df"": 0.9, ""tfidf_max_features"": 300, ""tfidf_min_df"": 3, ""tfidf_ngram_range"": [1, 2], ""tfidf_normalize_numbers"": true}",2026-09-17T04:16:16
E3_TSDAE_EP20,frozen,participant,3,no_augmentation,GAD7,42,AdaBoost,4.508942,False,models/tsdae_e5_small_v2/ep20,defaults,"{""augmentation"": ""no_augmentation"", ""beto_model"": ""dccuchile/bert-base-spanish-wwm-cased"", ""chunk_stride"": 256, ""max_tokens"": 512, ""n_cv_splits"": 5, ""n_search_iter"": 0, ""seeds"": [42], ""sentence_transformer_model"": ""intfloat/multilingual-e5-small"", ""tfidf_lemmatize"": true, ""tfidf_max_df"": 0.9, ""tfidf_max_features"": 300, ""tfidf_min_df"": 3, ""tfidf_ngram_range"": [1, 2], ""tfidf_normalize_numbers"": true}",2026-09-17T04:16:16
E3_TSDAE_EP30,frozen,participant,3,no_augmentation,PHQ9,42,Ridge,6.989341,False,models/tsdae_e5_small_v2/ep30,defaults,"{""augmentation"": ""no_augmentation"", ""beto_model"": ""dccuchile/bert-base-spanish-wwm-cased"", ""chunk_stride"": 256, ""max_tokens"": 512, ""n_cv_splits"": 5, ""n_search_iter"": 0, ""seeds"": [42], ""sentence_transformer_model"": ""intfloat/multilingual-e5-small"", ""tfidf_lemmatize"": true, ""tfidf_max_df"": 0.9, ""tfidf_max_features"": 300, ""tfidf_min_df"": 3, ""tfidf_ngram_range"": [1, 2], ""tfidf_normalize_numbers"": true}",2026-09-17T04:16:37
E3_TSDAE_EP30,frozen,participant,3,no_augmentation,PHQ9,42,SVR,5.527821,False,models/tsdae_e5_small_v2/ep30,defaults,"{""augmentation"": ""no_augmentation"", ""beto_model"": ""dccuchile/bert-base-spanish-wwm-cased"", ""chunk_stride"": 256, ""max_tokens"": 512, ""n_cv_splits"": 5, ""n_search_iter"": 0, ""seeds"": [42], ""sentence_transformer_model"": ""intfloat/multilingual-e5-small"", ""tfidf_lemmatize"": true, ""tfidf_max_df"": 0.9, ""tfidf_max_features"": 300, ""tfidf_min_df"": 3, ""tfidf_ngram_range"": [1, 2], ""tfidf_normalize_numbers"": true}",2026-09-17T04:16:37
E3_TSDAE_EP30,frozen,participant,3,no_augmentation,PHQ9,42,RandomForest,5.570295,False,models/tsdae_e5_small_v2/ep30,defaults,"{""augmentation"": ""no_augmentation"", ""beto_model"": ""dccuchile/bert-base-spanish-wwm-cased"", ""chunk_stride"": 256, ""max_tokens"": 512, ""n_cv_splits"": 5, ""n_search_iter"": 0, ""seeds"": [42], ""sentence_transformer_model"": ""intfloat/multilingual-e5-small"", ""tfidf_lemmatize"": true, ""tfidf_max_df"": 0.9, ""tfidf_max_features"": 300, ""tfidf_min_df"": 3, ""tfidf_ngram_range"": [1, 2], ""tfidf_normalize_numbers"": true}",2026-09-17T04:16:37
E3_TSDAE_EP30,frozen,participant,3,no_augmentation,PHQ9,42,ExtraTrees,5.676346,False,models/tsdae_e5_small_v2/ep30,defaults,"{""augmentation"": ""no_augmentation"", ""beto_model"": ""dccuchile/bert-base-spanish-wwm-cased"", ""chunk_stride"": 256, ""max_tokens"": 512, ""n_cv_splits"": 5, ""n_search_iter"": 0, ""seeds"": [42], ""sentence_transformer_model"": ""intfloat/multilingual-e5-small"", ""tfidf_lemmatize"": true, ""tfidf_max_df"": 0.9, ""tfidf_max_features"": 300, ""tfidf_min_df"": 3, ""tfidf_ngram_range"": [1, 2], ""tfidf_normalize_numbers"": true}",2026-09-17T04:16:37
E3_TSDAE_EP30,frozen,participant,3,no_augmentation,PHQ9,42,GradientBoosting,5.48779,False,models/tsdae_e5_small_v2/ep30,defaults,"{""augmentation"": ""no_augmentation"", ""beto_model"": ""dccuchile/bert-base-spanish-wwm-cased"", ""chunk_stride"": 256, ""max_tokens"": 512, ""n_cv_splits"": 5, ""n_search_iter"": 0, ""seeds"": [42], ""sentence_transformer_model"": ""intfloat/multilingual-e5-small"", ""tfidf_lemmatize"": true, ""tfidf_max_df"": 0.9, ""tfidf_max_features"": 300, ""tfidf_min_df"": 3, ""tfidf_ngram_range"": [1, 2], ""tfidf_normalize_numbers"": true}",2026-09-17T04:16:37
E3_TSDAE_EP30,frozen,participant,3,no_augmentation,PHQ9,42,LightGBM,5.382908,True,models/tsdae_e5_small_v2/ep30,defaults,"{""augmentation"": ""no_augmentation"", ""beto_model"": ""dccuchile/bert-base-spanish-wwm-cased"", ""chunk_stride"": 256, ""max_tokens"": 512, ""n_cv_splits"": 5, ""n_search_iter"": 0, ""seeds"": [42], ""sentence_transformer_model"": ""intfloat/multilingual-e5-small"", ""tfidf_lemmatize"": true, ""tfidf_max_df"": 0.9, ""tfidf_max_features"": 300, ""tfidf_min_df"": 3, ""tfidf_ngram_range"": [1, 2], ""tfidf_normalize_numbers"": true}",2026-09-17T04:16:37
E3_TSDAE_EP30,frozen,participant,3,no_augmentation,PHQ9,42,KNN,5.583473,False,models/tsdae_e5_small_v2/ep30,defaults,"{""augmentation"": ""no_augmentation"", ""beto_model"": ""dccuchile/bert-base-spanish-wwm-cased"", ""chunk_stride"": 256, ""max_tokens"": 512, ""n_cv_splits"": 5, ""n_search_iter"": 0, ""seeds"": [42], ""sentence_transformer_model"": ""intfloat/multilingual-e5-small"", ""tfidf_lemmatize"": true, ""tfidf_max_df"": 0.9, ""tfidf_max_features"": 300, ""tfidf_min_df"": 3, ""tfidf_ngram_range"": [1, 2], ""tfidf_normalize_numbers"": true}",2026-09-17T04:16:37
E3_TSDAE_EP30,frozen,participant,3,no_augmentation,PHQ9,42,DecisionTree,7.065894,False,models/tsdae_e5_small_v2/ep30,defaults,"{""augmentation"": ""no_augmentation"", ""beto_model"": ""dccuchile/bert-base-spanish-wwm-cased"", ""chunk_stride"": 256, ""max_tokens"": 512, ""n_cv_splits"": 5, ""n_search_iter"": 0, ""seeds"": [42], ""sentence_transformer_model"": ""intfloat/multilingual-e5-small"", ""tfidf_lemmatize"": true, ""tfidf_max_df"": 0.9, ""tfidf_max_features"": 300, ""tfidf_min_df"": 3, ""tfidf_ngram_range"": [1, 2], ""tfidf_normalize_numbers"": true}",2026-09-17T04:16:37
E3_TSDAE_EP30,frozen,participant,3,no_augmentation,PHQ9,42,AdaBoost,5.587194,False,models/tsdae_e5_small_v2/ep30,defaults,"{""augmentation"": ""no_augmentation"", ""beto_model"": ""dccuchile/bert-base-spanish-wwm-cased"", ""chunk_stride"": 256, ""max_tokens"": 512, ""n_cv_splits"": 5, ""n_search_iter"": 0, ""seeds"": [42], ""sentence_transformer_model"": ""intfloat/multilingual-e5-small"", ""tfidf_lemmatize"": true, ""tfidf_max_df"": 0.9, ""tfidf_max_features"": 300, ""tfidf_min_df"": 3, ""tfidf_ngram_range"": [1, 2], ""tfidf_normalize_numbers"": true}",2026-09-17T04:16:37
E3_TSDAE_EP30,frozen,participant,3,no_augmentation,GAD7,42,Ridge,5.757265,False,models/tsdae_e5_small_v2/ep30,defaults,"{""augmentation"": ""no_augmentation"", ""beto_model"": ""dccuchile/bert-base-spanish-wwm-cased"", ""chunk_stride"": 256, ""max_tokens"": 512, ""n_cv_splits"": 5, ""n_search_iter"": 0, ""seeds"": [42], ""sentence_transformer_model"": ""intfloat/multilingual-e5-small"", ""tfidf_lemmatize"": true, ""tfidf_max_df"": 0.9, ""tfidf_max_features"": 300, ""tfidf_min_df"": 3, ""tfidf_ngram_range"": [1, 2], ""tfidf_normalize_numbers"": true}",2026-09-17T04:16:58
E3_TSDAE_EP30,frozen,participant,3,no_augmentation,GAD7,42,SVR,4.593764,False,models/tsdae_e5_small_v2/ep30,defaults,"{""augmentation"": ""no_augmentation"", ""beto_model"": ""dccuchile/bert-base-spanish-wwm-cased"", ""chunk_stride"": 256, ""max_tokens"": 512, ""n_cv_splits"": 5, ""n_search_iter"": 0, ""seeds"": [42], ""sentence_transformer_model"": ""intfloat/multilingual-e5-small"", ""tfidf_lemmatize"": true, ""tfidf_max_df"": 0.9, ""tfidf_max_features"": 300, ""tfidf_min_df"": 3, ""tfidf_ngram_range"": [1, 2], ""tfidf_normalize_numbers"": true}",2026-09-17T04:16:58
E3_TSDAE_EP30,frozen,participant,3,no_augmentation,GAD7,42,RandomForest,4.571227,False,models/tsdae_e5_small_v2/ep30,defaults,"{""augmentation"": ""no_augmentation"", ""beto_model"": ""dccuchile/bert-base-spanish-wwm-cased"", ""chunk_stride"": 256, ""max_tokens"": 512, ""n_cv_splits"": 5, ""n_search_iter"": 0, ""seeds"": [42], ""sentence_transformer_model"": ""intfloat/multilingual-e5-small"", ""tfidf_lemmatize"": true, ""tfidf_max_df"": 0.9, ""tfidf_max_features"": 300, ""tfidf_min_df"": 3, ""tfidf_ngram_range"": [1, 2], ""tfidf_normalize_numbers"": true}",2026-09-17T04:16:58
E3_TSDAE_EP30,frozen,participant,3,no_augmentation,GAD7,42,ExtraTrees,4.635694,False,models/tsdae_e5_small_v2/ep30,defaults,"{""augmentation"": ""no_augmentation"", ""beto_model"": ""dccuchile/bert-base-spanish-wwm-cased"", ""chunk_stride"": 256, ""max_tokens"": 512, ""n_cv_splits"": 5, ""n_search_iter"": 0, ""seeds"": [42], ""sentence_transformer_model"": ""intfloat/multilingual-e5-small"", ""tfidf_lemmatize"": true, ""tfidf_max_df"": 0.9, ""tfidf_max_features"": 300, ""tfidf_min_df"": 3, ""tfidf_ngram_range"": [1, 2], ""tfidf_normalize_numbers"": true}",2026-09-17T04:16:58
E3_TSDAE_EP30,frozen,participant,3,no_augmentation,GAD7,42,GradientBoosting,4.377931,False,models/tsdae_e5_small_v2/ep30,defaults,"{""augmentation"": ""no_augmentation"", ""beto_model"": ""dccuchile/bert-base-spanish-wwm-cased"", ""chunk_stride"": 256, ""max_tokens"": 512, ""n_cv_splits"": 5, ""n_search_iter"": 0, ""seeds"": [42], ""sentence_transformer_model"": ""intfloat/multilingual-e5-small"", ""tfidf_lemmatize"": true, ""tfidf_max_df"": 0.9, ""tfidf_max_features"": 300, ""tfidf_min_df"": 3, ""tfidf_ngram_range"": [1, 2], ""tfidf_normalize_numbers"": true}",2026-09-17T04:16:58
E3_TSDAE_EP30,frozen,participant,3,no_augmentation,GAD7,42,LightGBM,4.530415,False,models/tsdae_e5_small_v2/ep30,defaults,"{""augmentation"": ""no_augmentation"", ""beto_model"": ""dccuchile/bert-base-spanish-wwm-cased"", ""chunk_stride"": 256, ""max_tokens"": 512, ""n_cv_splits"": 5, ""n_search_iter"": 0, ""seeds"": [42], ""sentence_transformer_model"": ""intfloat/multilingual-e5-small"", ""tfidf_lemmatize"": true, ""tfidf_max_df"": 0.9, ""tfidf_max_features"": 300, ""tfidf_min_df"": 3, ""tfidf_ngram_range"": [1, 2], ""tfidf_normalize_numbers"": true}",2026-09-17T04:16:58
E3_TSDAE_EP30,frozen,participant,3,no_augmentation,GAD7,42,KNN,4.609864,False,models/tsdae_e5_small_v2/ep30,defaults,"{""augmentation"": ""no_augmentation"", ""beto_model"": ""dccuchile/bert-base-spanish-wwm-cased"", ""chunk_stride"": 256, ""max_tokens"": 512, ""n_cv_splits"": 5, ""n_search_iter"": 0, ""seeds"": [42], ""sentence_transformer_model"": ""intfloat/multilingual-e5-small"", ""tfidf_lemmatize"": true, ""tfidf_max_df"": 0.9, ""tfidf_max_features"": 300, ""tfidf_min_df"": 3, ""tfidf_ngram_range"": [1, 2], ""tfidf_normalize_numbers"": true}",2026-09-17T04:16:58
E3_TSDAE_EP30,frozen,participant,3,no_augmentation,GAD7,42,DecisionTree,6.305635,False,models/tsdae_e5_small_v2/ep30,defaults,"{""augmentation"": ""no_augmentation"", ""beto_model"": ""dccuchile/bert-base-spanish-wwm-cased"", ""chunk_stride"": 256, ""max_tokens"": 512, ""n_cv_splits"": 5, ""n_search_iter"": 0, ""seeds"": [42], ""sentence_transformer_model"": ""intfloat/multilingual-e5-small"", ""tfidf_lemmatize"": true, ""tfidf_max_df"": 0.9, ""tfidf_max_features"": 300, ""tfidf_min_df"": 3, ""tfidf_ngram_range"": [1, 2], ""tfidf_normalize_numbers"": true}",2026-09-17T04:16:58
E3_TSDAE_EP30,frozen,participant,3,no_augmentation,GAD7,42,AdaBoost,4.261651,True,models/tsdae_e5_small_v2/ep30,defaults,"{""augmentation"": ""no_augmentation"", ""beto_model"": ""dccuchile/bert-base-spanish-wwm-cased"", ""chunk_stride"": 256, ""max_tokens"": 512, ""n_cv_splits"": 5, ""n_search_iter"": 0, ""seeds"": [42], ""sentence_transformer_model"": ""intfloat/multilingual-e5-small"", ""tfidf_lemmatize"": true, ""tfidf_max_df"": 0.9, ""tfidf_max_features"": 300, ""tfidf_min_df"": 3, ""tfidf_ngram_range"": [1, 2], ""tfidf_normalize_numbers"": true}",2026-09-17T04:16:58
E3_TSDAE_MR_EP05,frozen,participant,3,no_augmentation,PHQ9,42,Ridge,6.767548,False,models/tsdae_e5_small_v2_mentalriskes/ep05,defaults,"{""augmentation"": ""no_augmentation"", ""beto_model"": ""dccuchile/bert-base-spanish-wwm-cased"", ""chunk_stride"": 256, ""max_tokens"": 512, ""n_cv_splits"": 5, ""n_search_iter"": 0, ""seeds"": [42], ""sentence_transformer_model"": ""intfloat/multilingual-e5-small"", ""tfidf_lemmatize"": true, ""tfidf_max_df"": 0.9, ""tfidf_max_features"": 300, ""tfidf_min_df"": 3, ""tfidf_ngram_range"": [1, 2], ""tfidf_normalize_numbers"": true}",2026-09-17T04:17:20
E3_TSDAE_MR_EP05,frozen,participant,3,no_augmentation,PHQ9,42,SVR,5.451403,True,models/tsdae_e5_small_v2_mentalriskes/ep05,defaults,"{""augmentation"": ""no_augmentation"", ""beto_model"": ""dccuchile/bert-base-spanish-wwm-cased"", ""chunk_stride"": 256, ""max_tokens"": 512, ""n_cv_splits"": 5, ""n_search_iter"": 0, ""seeds"": [42], ""sentence_transformer_model"": ""intfloat/multilingual-e5-small"", ""tfidf_lemmatize"": true, ""tfidf_max_df"": 0.9, ""tfidf_max_features"": 300, ""tfidf_min_df"": 3, ""tfidf_ngram_range"": [1, 2], ""tfidf_normalize_numbers"": true}",2026-09-17T04:17:20
E3_TSDAE_MR_EP05,frozen,participant,3,no_augmentation,PHQ9,42,RandomForest,5.598146,False,models/tsdae_e5_small_v2_mentalriskes/ep05,defaults,"{""augmentation"": ""no_augmentation"", ""beto_model"": ""dccuchile/bert-base-spanish-wwm-cased"", ""chunk_stride"": 256, ""max_tokens"": 512, ""n_cv_splits"": 5, ""n_search_iter"": 0, ""seeds"": [42], ""sentence_transformer_model"": ""intfloat/multilingual-e5-small"", ""tfidf_lemmatize"": true, ""tfidf_max_df"": 0.9, ""tfidf_max_features"": 300, ""tfidf_min_df"": 3, ""tfidf_ngram_range"": [1, 2], ""tfidf_normalize_numbers"": true}",2026-09-17T04:17:20
E3_TSDAE_MR_EP05,frozen,participant,3,no_augmentation,PHQ9,42,ExtraTrees,5.590955,False,models/tsdae_e5_small_v2_mentalriskes/ep05,defaults,"{""augmentation"": ""no_augmentation"", ""beto_model"": ""dccuchile/bert-base-spanish-wwm-cased"", ""chunk_stride"": 256, ""max_tokens"": 512, ""n_cv_splits"": 5, ""n_search_iter"": 0, ""seeds"": [42], ""sentence_transformer_model"": ""intfloat/multilingual-e5-small"", ""tfidf_lemmatize"": true, ""tfidf_max_df"": 0.9, ""tfidf_max_features"": 300, ""tfidf_min_df"": 3, ""tfidf_ngram_range"": [1, 2], ""tfidf_normalize_numbers"": true}",2026-09-17T04:17:20
E3_TSDAE_MR_EP05,frozen,participant,3,no_augmentation,PHQ9,42,GradientBoosting,5.659655,False,models/tsdae_e5_small_v2_mentalriskes/ep05,defaults,"{""augmentation"": ""no_augmentation"", ""beto_model"": ""dccuchile/bert-base-spanish-wwm-cased"", ""chunk_stride"": 256, ""max_tokens"": 512, ""n_cv_splits"": 5, ""n_search_iter"": 0, ""seeds"": [42], ""sentence_transformer_model"": ""intfloat/multilingual-e5-small"", ""tfidf_lemmatize"": true, ""tfidf_max_df"": 0.9, ""tfidf_max_features"": 300, ""tfidf_min_df"": 3, ""tfidf_ngram_range"": [1, 2], ""tfidf_normalize_numbers"": true}",2026-09-17T04:17:20
E3_TSDAE_MR_EP05,frozen,participant,3,no_augmentation,PHQ9,42,LightGBM,6.161582,False,models/tsdae_e5_small_v2_mentalriskes/ep05,defaults,"{""augmentation"": ""no_augmentation"", ""beto_model"": ""dccuchile/bert-base-spanish-wwm-cased"", ""chunk_stride"": 256, ""max_tokens"": 512, ""n_cv_splits"": 5, ""n_search_iter"": 0, ""seeds"": [42], ""sentence_transformer_model"": ""intfloat/multilingual-e5-small"", ""tfidf_lemmatize"": true, ""tfidf_max_df"": 0.9, ""tfidf_max_features"": 300, ""tfidf_min_df"": 3, ""tfidf_ngram_range"": [1, 2], ""tfidf_normalize_numbers"": true}",2026-09-17T04:17:20
E3_TSDAE_MR_EP05,frozen,participant,3,no_augmentation,PHQ9,42,KNN,5.610514,False,models/tsdae_e5_small_v2_mentalriskes/ep05,defaults,"{""augmentation"": ""no_augmentation"", ""beto_model"": ""dccuchile/bert-base-spanish-wwm-cased"", ""chunk_stride"": 256, ""max_tokens"": 512, ""n_cv_splits"": 5, ""n_search_iter"": 0, ""seeds"": [42], ""sentence_transformer_model"": ""intfloat/multilingual-e5-small"", ""tfidf_lemmatize"": true, ""tfidf_max_df"": 0.9, ""tfidf_max_features"": 300, ""tfidf_min_df"": 3, ""tfidf_ngram_range"": [1, 2], ""tfidf_normalize_numbers"": true}",2026-09-17T04:17:20
E3_TSDAE_MR_EP05,frozen,participant,3,no_augmentation,PHQ9,42,DecisionTree,8.198053,False,models/tsdae_e5_small_v2_mentalriskes/ep05,defaults,"{""augmentation"": ""no_augmentation"", ""beto_model"": ""dccuchile/bert-base-spanish-wwm-cased"", ""chunk_stride"": 256, ""max_tokens"": 512, ""n_cv_splits"": 5, ""n_search_iter"": 0, ""seeds"": [42], ""sentence_transformer_model"": ""intfloat/multilingual-e5-small"", ""tfidf_lemmatize"": true, ""tfidf_max_df"": 0.9, ""tfidf_max_features"": 300, ""tfidf_min_df"": 3, ""tfidf_ngram_range"": [1, 2], ""tfidf_normalize_numbers"": true}",2026-09-17T04:17:20
E3_TSDAE_MR_EP05,frozen,participant,3,no_augmentation,PHQ9,42,AdaBoost,5.486274,False,models/tsdae_e5_small_v2_mentalriskes/ep05,defaults,"{""augmentation"": ""no_augmentation"", ""beto_model"": ""dccuchile/bert-base-spanish-wwm-cased"", ""chunk_stride"": 256, ""max_tokens"": 512, ""n_cv_splits"": 5, ""n_search_iter"": 0, ""seeds"": [42], ""sentence_transformer_model"": ""intfloat/multilingual-e5-small"", ""tfidf_lemmatize"": true, ""tfidf_max_df"": 0.9, ""tfidf_max_features"": 300, ""tfidf_min_df"": 3, ""tfidf_ngram_range"": [1, 2], ""tfidf_normalize_numbers"": true}",2026-09-17T04:17:20
E3_TSDAE_MR_EP05,frozen,participant,3,no_augmentation,GAD7,42,Ridge,5.787349,False,models/tsdae_e5_small_v2_mentalriskes/ep05,defaults,"{""augmentation"": ""no_augmentation"", ""beto_model"": ""dccuchile/bert-base-spanish-wwm-cased"", ""chunk_stride"": 256, ""max_tokens"": 512, ""n_cv_splits"": 5, ""n_search_iter"": 0, ""seeds"": [42], ""sentence_transformer_model"": ""intfloat/multilingual-e5-small"", ""tfidf_lemmatize"": true, ""tfidf_max_df"": 0.9, ""tfidf_max_features"": 300, ""tfidf_min_df"": 3, ""tfidf_ngram_range"": [1, 2], ""tfidf_normalize_numbers"": true}",2026-09-17T04:17:41
E3_TSDAE_MR_EP05,frozen,participant,3,no_augmentation,GAD7,42,SVR,4.52757,True,models/tsdae_e5_small_v2_mentalriskes/ep05,defaults,"{""augmentation"": ""no_augmentation"", ""beto_model"": ""dccuchile/bert-base-spanish-wwm-cased"", ""chunk_stride"": 256, ""max_tokens"": 512, ""n_cv_splits"": 5, ""n_search_iter"": 0, ""seeds"": [42], ""sentence_transformer_model"": ""intfloat/multilingual-e5-small"", ""tfidf_lemmatize"": true, ""tfidf_max_df"": 0.9, ""tfidf_max_features"": 300, ""tfidf_min_df"": 3, ""tfidf_ngram_range"": [1, 2], ""tfidf_normalize_numbers"": true}",2026-09-17T04:17:41
E3_TSDAE_MR_EP05,frozen,participant,3,no_augmentation,GAD7,42,RandomForest,4.566383,False,models/tsdae_e5_small_v2_mentalriskes/ep05,defaults,"{""augmentation"": ""no_augmentation"", ""beto_model"": ""dccuchile/bert-base-spanish-wwm-cased"", ""chunk_stride"": 256, ""max_tokens"": 512, ""n_cv_splits"": 5, ""n_search_iter"": 0, ""seeds"": [42], ""sentence_transformer_model"": ""intfloat/multilingual-e5-small"", ""tfidf_lemmatize"": true, ""tfidf_max_df"": 0.9, ""tfidf_max_features"": 300, ""tfidf_min_df"": 3, ""tfidf_ngram_range"": [1, 2], ""tfidf_normalize_numbers"": true}",2026-09-17T04:17:41
E3_TSDAE_MR_EP05,frozen,participant,3,no_augmentation,GAD7,42,ExtraTrees,4.642774,False,models/tsdae_e5_small_v2_mentalriskes/ep05,defaults,"{""augmentation"": ""no_augmentation"", ""beto_model"": ""dccuchile/bert-base-spanish-wwm-cased"", ""chunk_stride"": 256, ""max_tokens"": 512, ""n_cv_splits"": 5, ""n_search_iter"": 0, ""seeds"": [42], ""sentence_transformer_model"": ""intfloat/multilingual-e5-small"", ""tfidf_lemmatize"": true, ""tfidf_max_df"": 0.9, ""tfidf_max_features"": 300, ""tfidf_min_df"": 3, ""tfidf_ngram_range"": [1, 2], ""tfidf_normalize_numbers"": true}",2026-09-17T04:17:41
E3_TSDAE_MR_EP05,frozen,participant,3,no_augmentation,GAD7,42,GradientBoosting,4.797916,False,models/tsdae_e5_small_v2_mentalriskes/ep05,defaults,"{""augmentation"": ""no_augmentation"", ""beto_model"": ""dccuchile/bert-base-spanish-wwm-cased"", ""chunk_stride"": 256, ""max_tokens"": 512, ""n_cv_splits"": 5, ""n_search_iter"": 0, ""seeds"": [42], ""sentence_transformer_model"": ""intfloat/multilingual-e5-small"", ""tfidf_lemmatize"": true, ""tfidf_max_df"": 0.9, ""tfidf_max_features"": 300, ""tfidf_min_df"": 3, ""tfidf_ngram_range"": [1, 2], ""tfidf_normalize_numbers"": true}",2026-09-17T04:17:41
E3_TSDAE_MR_EP05,frozen,participant,3,no_augmentation,GAD7,42,LightGBM,4.703586,False,models/tsdae_e5_small_v2_mentalriskes/ep05,defaults,"{""augmentation"": ""no_augmentation"", ""beto_model"": ""dccuchile/bert-base-spanish-wwm-cased"", ""chunk_stride"": 256, ""max_tokens"": 512, ""n_cv_splits"": 5, ""n_search_iter"": 0, ""seeds"": [42], ""sentence_transformer_model"": ""intfloat/multilingual-e5-small"", ""tfidf_lemmatize"": true, ""tfidf_max_df"": 0.9, ""tfidf_max_features"": 300, ""tfidf_min_df"": 3, ""tfidf_ngram_range"": [1, 2], ""tfidf_normalize_numbers"": true}",2026-09-17T04:17:41
E3_TSDAE_MR_EP05,frozen,participant,3,no_augmentation,GAD7,42,KNN,4.753145,False,models/tsdae_e5_small_v2_mentalriskes/ep05,defaults,"{""augmentation"": ""no_augmentation"", ""beto_model"": ""dccuchile/bert-base-spanish-wwm-cased"", ""chunk_stride"": 256, ""max_tokens"": 512, ""n_cv_splits"": 5, ""n_search_iter"": 0, ""seeds"": [42], ""sentence_transformer_model"": ""intfloat/multilingual-e5-small"", ""tfidf_lemmatize"": true, ""tfidf_max_df"": 0.9, ""tfidf_max_features"": 300, ""tfidf_min_df"": 3, ""tfidf_ngram_range"": [1, 2], ""tfidf_normalize_numbers"": true}",2026-09-17T04:17:41
E3_TSDAE_MR_EP05,frozen,participant,3,no_augmentation,GAD7,42,DecisionTree,5.980528,False,models/tsdae_e5_small_v2_mentalriskes/ep05,defaults,"{""augmentation"": ""no_augmentation"", ""beto_model"": ""dccuchile/bert-base-spanish-wwm-cased"", ""chunk_stride"": 256, ""max_tokens"": 512, ""n_cv_splits"": 5, ""n_search_iter"": 0, ""seeds"": [42], ""sentence_transformer_model"": ""intfloat/multilingual-e5-small"", ""tfidf_lemmatize"": true, ""tfidf_max_df"": 0.9, ""tfidf_max_features"": 300, ""tfidf_min_df"": 3, ""tfidf_ngram_range"": [1, 2], ""tfidf_normalize_numbers"": true}",2026-09-17T04:17:41
E3_TSDAE_MR_EP05,frozen,participant,3,no_augmentation,GAD7,42,AdaBoost,4.602426,False,models/tsdae_e5_small_v2_mentalriskes/ep05,defaults,"{""augmentation"": ""no_augmentation"", ""beto_model"": ""dccuchile/bert-base-spanish-wwm-cased"", ""chunk_stride"": 256, ""max_tokens"": 512, ""n_cv_splits"": 5, ""n_search_iter"": 0, ""seeds"": [42], ""sentence_transformer_model"": ""intfloat/multilingual-e5-small"", ""tfidf_lemmatize"": true, ""tfidf_max_df"": 0.9, ""tfidf_max_features"": 300, ""tfidf_min_df"": 3, ""tfidf_ngram_range"": [1, 2], ""tfidf_normalize_numbers"": true}",2026-09-17T04:17:41
E3_TSDAE_MR_EP10,frozen,participant,3,no_augmentation,PHQ9,42,Ridge,7.658358,False,models/tsdae_e5_small_v2_mentalriskes/ep10,defaults,"{""augmentation"": ""no_augmentation"", ""beto_model"": ""dccuchile/bert-base-spanish-wwm-cased"", ""chunk_stride"": 256, ""max_tokens"": 512, ""n_cv_splits"": 5, ""n_search_iter"": 0, ""seeds"": [42], ""sentence_transformer_model"": ""intfloat/multilingual-e5-small"", ""tfidf_lemmatize"": true, ""tfidf_max_df"": 0.9, ""tfidf_max_features"": 300, ""tfidf_min_df"": 3, ""tfidf_ngram_range"": [1, 2], ""tfidf_normalize_numbers"": true}",2026-09-17T04:18:02
E3_TSDAE_MR_EP10,frozen,participant,3,no_augmentation,PHQ9,42,SVR,5.62604,True,models/tsdae_e5_small_v2_mentalriskes/ep10,defaults,"{""augmentation"": ""no_augmentation"", ""beto_model"": ""dccuchile/bert-base-spanish-wwm-cased"", ""chunk_stride"": 256, ""max_tokens"": 512, ""n_cv_splits"": 5, ""n_search_iter"": 0, ""seeds"": [42], ""sentence_transformer_model"": ""intfloat/multilingual-e5-small"", ""tfidf_lemmatize"": true, ""tfidf_max_df"": 0.9, ""tfidf_max_features"": 300, ""tfidf_min_df"": 3, ""tfidf_ngram_range"": [1, 2], ""tfidf_normalize_numbers"": true}",2026-09-17T04:18:02
E3_TSDAE_MR_EP10,frozen,participant,3,no_augmentation,PHQ9,42,RandomForest,5.66642,False,models/tsdae_e5_small_v2_mentalriskes/ep10,defaults,"{""augmentation"": ""no_augmentation"", ""beto_model"": ""dccuchile/bert-base-spanish-wwm-cased"", ""chunk_stride"": 256, ""max_tokens"": 512, ""n_cv_splits"": 5, ""n_search_iter"": 0, ""seeds"": [42], ""sentence_transformer_model"": ""intfloat/multilingual-e5-small"", ""tfidf_lemmatize"": true, ""tfidf_max_df"": 0.9, ""tfidf_max_features"": 300, ""tfidf_min_df"": 3, ""tfidf_ngram_range"": [1, 2], ""tfidf_normalize_numbers"": true}",2026-09-17T04:18:02
E3_TSDAE_MR_EP10,frozen,participant,3,no_augmentation,PHQ9,42,ExtraTrees,5.678932,False,models/tsdae_e5_small_v2_mentalriskes/ep10,defaults,"{""augmentation"": ""no_augmentation"", ""beto_model"": ""dccuchile/bert-base-spanish-wwm-cased"", ""chunk_stride"": 256, ""max_tokens"": 512, ""n_cv_splits"": 5, ""n_search_iter"": 0, ""seeds"": [42], ""sentence_transformer_model"": ""intfloat/multilingual-e5-small"", ""tfidf_lemmatize"": true, ""tfidf_max_df"": 0.9, ""tfidf_max_features"": 300, ""tfidf_min_df"": 3, ""tfidf_ngram_range"": [1, 2], ""tfidf_normalize_numbers"": true}",2026-09-17T04:18:02
E3_TSDAE_MR_EP10,frozen,participant,3,no_augmentation,PHQ9,42,GradientBoosting,5.963306,False,models/tsdae_e5_small_v2_mentalriskes/ep10,defaults,"{""augmentation"": ""no_augmentation"", ""beto_model"": ""dccuchile/bert-base-spanish-wwm-cased"", ""chunk_stride"": 256, ""max_tokens"": 512, ""n_cv_splits"": 5, ""n_search_iter"": 0, ""seeds"": [42], ""sentence_transformer_model"": ""intfloat/multilingual-e5-small"", ""tfidf_lemmatize"": true, ""tfidf_max_df"": 0.9, ""tfidf_max_features"": 300, ""tfidf_min_df"": 3, ""tfidf_ngram_range"": [1, 2], ""tfidf_normalize_numbers"": true}",2026-09-17T04:18:02
E3_TSDAE_MR_EP10,frozen,participant,3,no_augmentation,PHQ9,42,LightGBM,6.387295,False,models/tsdae_e5_small_v2_mentalriskes/ep10,defaults,"{""augmentation"": ""no_augmentation"", ""beto_model"": ""dccuchile/bert-base-spanish-wwm-cased"", ""chunk_stride"": 256, ""max_tokens"": 512, ""n_cv_splits"": 5, ""n_search_iter"": 0, ""seeds"": [42], ""sentence_transformer_model"": ""intfloat/multilingual-e5-small"", ""tfidf_lemmatize"": true, ""tfidf_max_df"": 0.9, ""tfidf_max_features"": 300, ""tfidf_min_df"": 3, ""tfidf_ngram_range"": [1, 2], ""tfidf_normalize_numbers"": true}",2026-09-17T04:18:02
E3_TSDAE_MR_EP10,frozen,participant,3,no_augmentation,PHQ9,42,KNN,5.679491,False,models/tsdae_e5_small_v2_mentalriskes/ep10,defaults,"{""augmentation"": ""no_augmentation"", ""beto_model"": ""dccuchile/bert-base-spanish-wwm-cased"", ""chunk_stride"": 256, ""max_tokens"": 512, ""n_cv_splits"": 5, ""n_search_iter"": 0, ""seeds"": [42], ""sentence_transformer_model"": ""intfloat/multilingual-e5-small"", ""tfidf_lemmatize"": true, ""tfidf_max_df"": 0.9, ""tfidf_max_features"": 300, ""tfidf_min_df"": 3, ""tfidf_ngram_range"": [1, 2], ""tfidf_normalize_numbers"": true}",2026-09-17T04:18:02
E3_TSDAE_MR_EP10,frozen,participant,3,no_augmentation,PHQ9,42,DecisionTree,6.958839,False,models/tsdae_e5_small_v2_mentalriskes/ep10,defaults,"{""augmentation"": ""no_augmentation"", ""beto_model"": ""dccuchile/bert-base-spanish-wwm-cased"", ""chunk_stride"": 256, ""max_tokens"": 512, ""n_cv_splits"": 5, ""n_search_iter"": 0, ""seeds"": [42], ""sentence_transformer_model"": ""intfloat/multilingual-e5-small"", ""tfidf_lemmatize"": true, ""tfidf_max_df"": 0.9, ""tfidf_max_features"": 300, ""tfidf_min_df"": 3, ""tfidf_ngram_range"": [1, 2], ""tfidf_normalize_numbers"": true}",2026-09-17T04:18:02
E3_TSDAE_MR_EP10,frozen,participant,3,no_augmentation,PHQ9,42,AdaBoost,5.847947,False,models/tsdae_e5_small_v2_mentalriskes/ep10,defaults,"{""augmentation"": ""no_augmentation"", ""beto_model"": ""dccuchile/bert-base-spanish-wwm-cased"", ""chunk_stride"": 256, ""max_tokens"": 512, ""n_cv_splits"": 5, ""n_search_iter"": 0, ""seeds"": [42], ""sentence_transformer_model"": ""intfloat/multilingual-e5-small"", ""tfidf_lemmatize"": true, ""tfidf_max_df"": 0.9, ""tfidf_max_features"": 300, ""tfidf_min_df"": 3, ""tfidf_ngram_range"": [1, 2], ""tfidf_normalize_numbers"": true}",2026-09-17T04:18:02
E3_TSDAE_MR_EP10,frozen,participant,3,no_augmentation,GAD7,42,Ridge,6.089765,False,models/tsdae_e5_small_v2_mentalriskes/ep10,defaults,"{""augmentation"": ""no_augmentation"", ""beto_model"": ""dccuchile/bert-base-spanish-wwm-cased"", ""chunk_stride"": 256, ""max_tokens"": 512, ""n_cv_splits"": 5, ""n_search_iter"": 0, ""seeds"": [42], ""sentence_transformer_model"": ""intfloat/multilingual-e5-small"", ""tfidf_lemmatize"": true, ""tfidf_max_df"": 0.9, ""tfidf_max_features"": 300, ""tfidf_min_df"": 3, ""tfidf_ngram_range"": [1, 2], ""tfidf_normalize_numbers"": true}",2026-09-17T04:18:24
E3_TSDAE_MR_EP10,frozen,participant,3,no_augmentation,GAD7,42,SVR,4.549034,False,models/tsdae_e5_small_v2_mentalriskes/ep10,defaults,"{""augmentation"": ""no_augmentation"", ""beto_model"": ""dccuchile/bert-base-spanish-wwm-cased"", ""chunk_stride"": 256, ""max_tokens"": 512, ""n_cv_splits"": 5, ""n_search_iter"": 0, ""seeds"": [42], ""sentence_transformer_model"": ""intfloat/multilingual-e5-small"", ""tfidf_lemmatize"": true, ""tfidf_max_df"": 0.9, ""tfidf_max_features"": 300, ""tfidf_min_df"": 3, ""tfidf_ngram_range"": [1, 2], ""tfidf_normalize_numbers"": true}",2026-09-17T04:18:24
E3_TSDAE_MR_EP10,frozen,participant,3,no_augmentation,GAD7,42,RandomForest,4.608335,False,models/tsdae_e5_small_v2_mentalriskes/ep10,defaults,"{""augmentation"": ""no_augmentation"", ""beto_model"": ""dccuchile/bert-base-spanish-wwm-cased"", ""chunk_stride"": 256, ""max_tokens"": 512, ""n_cv_splits"": 5, ""n_search_iter"": 0, ""seeds"": [42], ""sentence_transformer_model"": ""intfloat/multilingual-e5-small"", ""tfidf_lemmatize"": true, ""tfidf_max_df"": 0.9, ""tfidf_max_features"": 300, ""tfidf_min_df"": 3, ""tfidf_ngram_range"": [1, 2], ""tfidf_normalize_numbers"": true}",2026-09-17T04:18:24
E3_TSDAE_MR_EP10,frozen,participant,3,no_augmentation,GAD7,42,ExtraTrees,4.588397,False,models/tsdae_e5_small_v2_mentalriskes/ep10,defaults,"{""augmentation"": ""no_augmentation"", ""beto_model"": ""dccuchile/bert-base-spanish-wwm-cased"", ""chunk_stride"": 256, ""max_tokens"": 512, ""n_cv_splits"": 5, ""n_search_iter"": 0, ""seeds"": [42], ""sentence_transformer_model"": ""intfloat/multilingual-e5-small"", ""tfidf_lemmatize"": true, ""tfidf_max_df"": 0.9, ""tfidf_max_features"": 300, ""tfidf_min_df"": 3, ""tfidf_ngram_range"": [1, 2], ""tfidf_normalize_numbers"": true}",2026-09-17T04:18:24
E3_TSDAE_MR_EP10,frozen,participant,3,no_augmentation,GAD7,42,GradientBoosting,4.547181,False,models/tsdae_e5_small_v2_mentalriskes/ep10,defaults,"{""augmentation"": ""no_augmentation"", ""beto_model"": ""dccuchile/bert-base-spanish-wwm-cased"", ""chunk_stride"": 256, ""max_tokens"": 512, ""n_cv_splits"": 5, ""n_search_iter"": 0, ""seeds"": [42], ""sentence_transformer_model"": ""intfloat/multilingual-e5-small"", ""tfidf_lemmatize"": true, ""tfidf_max_df"": 0.9, ""tfidf_max_features"": 300, ""tfidf_min_df"": 3, ""tfidf_ngram_range"": [1, 2], ""tfidf_normalize_numbers"": true}",2026-09-17T04:18:24
E3_TSDAE_MR_EP10,frozen,participant,3,no_augmentation,GAD7,42,LightGBM,4.371625,True,models/tsdae_e5_small_v2_mentalriskes/ep10,defaults,"{""augmentation"": ""no_augmentation"", ""beto_model"": ""dccuchile/bert-base-spanish-wwm-cased"", ""chunk_stride"": 256, ""max_tokens"": 512, ""n_cv_splits"": 5, ""n_search_iter"": 0, ""seeds"": [42], ""sentence_transformer_model"": ""intfloat/multilingual-e5-small"", ""tfidf_lemmatize"": true, ""tfidf_max_df"": 0.9, ""tfidf_max_features"": 300, ""tfidf_min_df"": 3, ""tfidf_ngram_range"": [1, 2], ""tfidf_normalize_numbers"": true}",2026-09-17T04:18:24
E3_TSDAE_MR_EP10,frozen,participant,3,no_augmentation,GAD7,42,KNN,4.698907,False,models/tsdae_e5_small_v2_mentalriskes/ep10,defaults,"{""augmentation"": ""no_augmentation"", ""beto_model"": ""dccuchile/bert-base-spanish-wwm-cased"", ""chunk_stride"": 256, ""max_tokens"": 512, ""n_cv_splits"": 5, ""n_search_iter"": 0, ""seeds"": [42], ""sentence_transformer_model"": ""intfloat/multilingual-e5-small"", ""tfidf_lemmatize"": true, ""tfidf_max_df"": 0.9, ""tfidf_max_features"": 300, ""tfidf_min_df"": 3, ""tfidf_ngram_range"": [1, 2], ""tfidf_normalize_numbers"": true}",2026-09-17T04:18:24
E3_TSDAE_MR_EP10,frozen,participant,3,no_augmentation,GAD7,42,DecisionTree,6.130539,False,models/tsdae_e5_small_v2_mentalriskes/ep10,defaults,"{""augmentation"": ""no_augmentation"", ""beto_model"": ""dccuchile/bert-base-spanish-wwm-cased"", ""chunk_stride"": 256, ""max_tokens"": 512, ""n_cv_splits"": 5, ""n_search_iter"": 0, ""seeds"": [42], ""sentence_transformer_model"": ""intfloat/multilingual-e5-small"", ""tfidf_lemmatize"": true, ""tfidf_max_df"": 0.9, ""tfidf_max_features"": 300, ""tfidf_min_df"": 3, ""tfidf_ngram_range"": [1, 2], ""tfidf_normalize_numbers"": true}",2026-09-17T04:18:24
E3_TSDAE_MR_EP10,frozen,participant,3,no_augmentation,GAD7,42,AdaBoost,4.42207,False,models/tsdae_e5_small_v2_mentalriskes/ep10,defaults,"{""augmentation"": ""no_augmentation"", ""beto_model"": ""dccuchile/bert-base-spanish-wwm-cased"", ""chunk_stride"": 256, ""max_tokens"": 512, ""n_cv_splits"": 5, ""n_search_iter"": 0, ""seeds"": [42], ""sentence_transformer_model"": ""intfloat/multilingual-e5-small"", ""tfidf_lemmatize"": true, ""tfidf_max_df"": 0.9, ""tfidf_max_features"": 300, ""tfidf_min_df"": 3, ""tfidf_ngram_range"": [1, 2], ""tfidf_normalize_numbers"": true}",2026-09-17T04:18:24
E3_TSDAE_MR_EP20,frozen,participant,3,no_augmentation,PHQ9,42,Ridge,7.826442,False,models/tsdae_e5_small_v2_mentalriskes/ep20,defaults,"{""augmentation"": ""no_augmentation"", ""beto_model"": ""dccuchile/bert-base-spanish-wwm-cased"", ""chunk_stride"": 256, ""max_tokens"": 512, ""n_cv_splits"": 5, ""n_search_iter"": 0, ""seeds"": [42], ""sentence_transformer_model"": ""intfloat/multilingual-e5-small"", ""tfidf_lemmatize"": true, ""tfidf_max_df"": 0.9, ""tfidf_max_features"": 300, ""tfidf_min_df"": 3, ""tfidf_ngram_range"": [1, 2], ""tfidf_normalize_numbers"": true}",2026-09-17T04:18:46
E3_TSDAE_MR_EP20,frozen,participant,3,no_augmentation,PHQ9,42,SVR,5.747117,False,models/tsdae_e5_small_v2_mentalriskes/ep20,defaults,"{""augmentation"": ""no_augmentation"", ""beto_model"": ""dccuchile/bert-base-spanish-wwm-cased"", ""chunk_stride"": 256, ""max_tokens"": 512, ""n_cv_splits"": 5, ""n_search_iter"": 0, ""seeds"": [42], ""sentence_transformer_model"": ""intfloat/multilingual-e5-small"", ""tfidf_lemmatize"": true, ""tfidf_max_df"": 0.9, ""tfidf_max_features"": 300, ""tfidf_min_df"": 3, ""tfidf_ngram_range"": [1, 2], ""tfidf_normalize_numbers"": true}",2026-09-17T04:18:46
E3_TSDAE_MR_EP20,frozen,participant,3,no_augmentation,PHQ9,42,RandomForest,5.660796,False,models/tsdae_e5_small_v2_mentalriskes/ep20,defaults,"{""augmentation"": ""no_augmentation"", ""beto_model"": ""dccuchile/bert-base-spanish-wwm-cased"", ""chunk_stride"": 256, ""max_tokens"": 512, ""n_cv_splits"": 5, ""n_search_iter"": 0, ""seeds"": [42], ""sentence_transformer_model"": ""intfloat/multilingual-e5-small"", ""tfidf_lemmatize"": true, ""tfidf_max_df"": 0.9, ""tfidf_max_features"": 300, ""tfidf_min_df"": 3, ""tfidf_ngram_range"": [1, 2], ""tfidf_normalize_numbers"": true}",2026-09-17T04:18:46
E3_TSDAE_MR_EP20,frozen,participant,3,no_augmentation,PHQ9,42,ExtraTrees,5.629222,True,models/tsdae_e5_small_v2_mentalriskes/ep20,defaults,"{""augmentation"": ""no_augmentation"", ""beto_model"": ""dccuchile/bert-base-spanish-wwm-cased"", ""chunk_stride"": 256, ""max_tokens"": 512, ""n_cv_splits"": 5, ""n_search_iter"": 0, ""seeds"": [42], ""sentence_transformer_model"": ""intfloat/multilingual-e5-small"", ""tfidf_lemmatize"": true, ""tfidf_max_df"": 0.9, ""tfidf_max_features"": 300, ""tfidf_min_df"": 3, ""tfidf_ngram_range"": [1, 2], ""tfidf_normalize_numbers"": true}",2026-09-17T04:18:46
E3_TSDAE_MR_EP20,frozen,participant,3,no_augmentation,PHQ9,42,GradientBoosting,5.718714,False,models/tsdae_e5_small_v2_mentalriskes/ep20,defaults,"{""augmentation"": ""no_augmentation"", ""beto_model"": ""dccuchile/bert-base-spanish-wwm-cased"", ""chunk_stride"": 256, ""max_tokens"": 512, ""n_cv_splits"": 5, ""n_search_iter"": 0, ""seeds"": [42], ""sentence_transformer_model"": ""intfloat/multilingual-e5-small"", ""tfidf_lemmatize"": true, ""tfidf_max_df"": 0.9, ""tfidf_max_features"": 300, ""tfidf_min_df"": 3, ""tfidf_ngram_range"": [1, 2], ""tfidf_normalize_numbers"": true}",2026-09-17T04:18:46
E3_TSDAE_MR_EP20,frozen,participant,3,no_augmentation,PHQ9,42,LightGBM,5.731005,False,models/tsdae_e5_small_v2_mentalriskes/ep20,defaults,"{""augmentation"": ""no_augmentation"", ""beto_model"": ""dccuchile/bert-base-spanish-wwm-cased"", ""chunk_stride"": 256, ""max_tokens"": 512, ""n_cv_splits"": 5, ""n_search_iter"": 0, ""seeds"": [42], ""sentence_transformer_model"": ""intfloat/multilingual-e5-small"", ""tfidf_lemmatize"": true, ""tfidf_max_df"": 0.9, ""tfidf_max_features"": 300, ""tfidf_min_df"": 3, ""tfidf_ngram_range"": [1, 2], ""tfidf_normalize_numbers"": true}",2026-09-17T04:18:46
E3_TSDAE_MR_EP20,frozen,participant,3,no_augmentation,PHQ9,42,KNN,6.022827,False,models/tsdae_e5_small_v2_mentalriskes/ep20,defaults,"{""augmentation"": ""no_augmentation"", ""beto_model"": ""dccuchile/bert-base-spanish-wwm-cased"", ""chunk_stride"": 256, ""max_tokens"": 512, ""n_cv_splits"": 5, ""n_search_iter"": 0, ""seeds"": [42], ""sentence_transformer_model"": ""intfloat/multilingual-e5-small"", ""tfidf_lemmatize"": true, ""tfidf_max_df"": 0.9, ""tfidf_max_features"": 300, ""tfidf_min_df"": 3, ""tfidf_ngram_range"": [1, 2], ""tfidf_normalize_numbers"": true}",2026-09-17T04:18:46
E3_TSDAE_MR_EP20,frozen,participant,3,no_augmentation,PHQ9,42,DecisionTree,7.899355,False,models/tsdae_e5_small_v2_mentalriskes/ep20,defaults,"{""augmentation"": ""no_augmentation"", ""beto_model"": ""dccuchile/bert-base-spanish-wwm-cased"", ""chunk_stride"": 256, ""max_tokens"": 512, ""n_cv_splits"": 5, ""n_search_iter"": 0, ""seeds"": [42], ""sentence_transformer_model"": ""intfloat/multilingual-e5-small"", ""tfidf_lemmatize"": true, ""tfidf_max_df"": 0.9, ""tfidf_max_features"": 300, ""tfidf_min_df"": 3, ""tfidf_ngram_range"": [1, 2], ""tfidf_normalize_numbers"": true}",2026-09-17T04:18:46
E3_TSDAE_MR_EP20,frozen,participant,3,no_augmentation,PHQ9,42,AdaBoost,5.681687,False,models/tsdae_e5_small_v2_mentalriskes/ep20,defaults,"{""augmentation"": ""no_augmentation"", ""beto_model"": ""dccuchile/bert-base-spanish-wwm-cased"", ""chunk_stride"": 256, ""max_tokens"": 512, ""n_cv_splits"": 5, ""n_search_iter"": 0, ""seeds"": [42], ""sentence_transformer_model"": ""intfloat/multilingual-e5-small"", ""tfidf_lemmatize"": true, ""tfidf_max_df"": 0.9, ""tfidf_max_features"": 300, ""tfidf_min_df"": 3, ""tfidf_ngram_range"": [1, 2], ""tfidf_normalize_numbers"": true}",2026-09-17T04:18:46
E3_TSDAE_MR_EP20,frozen,participant,3,no_augmentation,GAD7,42,Ridge,6.243202,False,models/tsdae_e5_small_v2_mentalriskes/ep20,defaults,"{""augmentation"": ""no_augmentation"", ""beto_model"": ""dccuchile/bert-base-spanish-wwm-cased"", ""chunk_stride"": 256, ""max_tokens"": 512, ""n_cv_splits"": 5, ""n_search_iter"": 0, ""seeds"": [42], ""sentence_transformer_model"": ""intfloat/multilingual-e5-small"", ""tfidf_lemmatize"": true, ""tfidf_max_df"": 0.9, ""tfidf_max_features"": 300, ""tfidf_min_df"": 3, ""tfidf_ngram_range"": [1, 2], ""tfidf_normalize_numbers"": true}",2026-09-17T04:19:07
E3_TSDAE_MR_EP20,frozen,participant,3,no_augmentation,GAD7,42,SVR,4.701753,False,models/tsdae_e5_small_v2_mentalriskes/ep20,defaults,"{""augmentation"": ""no_augmentation"", ""beto_model"": ""dccuchile/bert-base-spanish-wwm-cased"", ""chunk_stride"": 256, ""max_tokens"": 512, ""n_cv_splits"": 5, ""n_search_iter"": 0, ""seeds"": [42], ""sentence_transformer_model"": ""intfloat/multilingual-e5-small"", ""tfidf_lemmatize"": true, ""tfidf_max_df"": 0.9, ""tfidf_max_features"": 300, ""tfidf_min_df"": 3, ""tfidf_ngram_range"": [1, 2], ""tfidf_normalize_numbers"": true}",2026-09-17T04:19:07
E3_TSDAE_MR_EP20,frozen,participant,3,no_augmentation,GAD7,42,RandomForest,4.568868,False,models/tsdae_e5_small_v2_mentalriskes/ep20,defaults,"{""augmentation"": ""no_augmentation"", ""beto_model"": ""dccuchile/bert-base-spanish-wwm-cased"", ""chunk_stride"": 256, ""max_tokens"": 512, ""n_cv_splits"": 5, ""n_search_iter"": 0, ""seeds"": [42], ""sentence_transformer_model"": ""intfloat/multilingual-e5-small"", ""tfidf_lemmatize"": true, ""tfidf_max_df"": 0.9, ""tfidf_max_features"": 300, ""tfidf_min_df"": 3, ""tfidf_ngram_range"": [1, 2], ""tfidf_normalize_numbers"": true}",2026-09-17T04:19:07
E3_TSDAE_MR_EP20,frozen,participant,3,no_augmentation,GAD7,42,ExtraTrees,4.644753,False,models/tsdae_e5_small_v2_mentalriskes/ep20,defaults,"{""augmentation"": ""no_augmentation"", ""beto_model"": ""dccuchile/bert-base-spanish-wwm-cased"", ""chunk_stride"": 256, ""max_tokens"": 512, ""n_cv_splits"": 5, ""n_search_iter"": 0, ""seeds"": [42], ""sentence_transformer_model"": ""intfloat/multilingual-e5-small"", ""tfidf_lemmatize"": true, ""tfidf_max_df"": 0.9, ""tfidf_max_features"": 300, ""tfidf_min_df"": 3, ""tfidf_ngram_range"": [1, 2], ""tfidf_normalize_numbers"": true}",2026-09-17T04:19:07
E3_TSDAE_MR_EP20,frozen,participant,3,no_augmentation,GAD7,42,GradientBoosting,4.3129,True,models/tsdae_e5_small_v2_mentalriskes/ep20,defaults,"{""augmentation"": ""no_augmentation"", ""beto_model"": ""dccuchile/bert-base-spanish-wwm-cased"", ""chunk_stride"": 256, ""max_tokens"": 512, ""n_cv_splits"": 5, ""n_search_iter"": 0, ""seeds"": [42], ""sentence_transformer_model"": ""intfloat/multilingual-e5-small"", ""tfidf_lemmatize"": true, ""tfidf_max_df"": 0.9, ""tfidf_max_features"": 300, ""tfidf_min_df"": 3, ""tfidf_ngram_range"": [1, 2], ""tfidf_normalize_numbers"": true}",2026-09-17T04:19:07
E3_TSDAE_MR_EP20,frozen,participant,3,no_augmentation,GAD7,42,LightGBM,4.549447,False,models/tsdae_e5_small_v2_mentalriskes/ep20,defaults,"{""augmentation"": ""no_augmentation"", ""beto_model"": ""dccuchile/bert-base-spanish-wwm-cased"", ""chunk_stride"": 256, ""max_tokens"": 512, ""n_cv_splits"": 5, ""n_search_iter"": 0, ""seeds"": [42], ""sentence_transformer_model"": ""intfloat/multilingual-e5-small"", ""tfidf_lemmatize"": true, ""tfidf_max_df"": 0.9, ""tfidf_max_features"": 300, ""tfidf_min_df"": 3, ""tfidf_ngram_range"": [1, 2], ""tfidf_normalize_numbers"": true}",2026-09-17T04:19:07
E3_TSDAE_MR_EP20,frozen,participant,3,no_augmentation,GAD7,42,KNN,4.862076,False,models/tsdae_e5_small_v2_mentalriskes/ep20,defaults,"{""augmentation"": ""no_augmentation"", ""beto_model"": ""dccuchile/bert-base-spanish-wwm-cased"", ""chunk_stride"": 256, ""max_tokens"": 512, ""n_cv_splits"": 5, ""n_search_iter"": 0, ""seeds"": [42], ""sentence_transformer_model"": ""intfloat/multilingual-e5-small"", ""tfidf_lemmatize"": true, ""tfidf_max_df"": 0.9, ""tfidf_max_features"": 300, ""tfidf_min_df"": 3, ""tfidf_ngram_range"": [1, 2], ""tfidf_normalize_numbers"": true}",2026-09-17T04:19:07
E3_TSDAE_MR_EP20,frozen,participant,3,no_augmentation,GAD7,42,DecisionTree,5.423477,False,models/tsdae_e5_small_v2_mentalriskes/ep20,defaults,"{""augmentation"": ""no_augmentation"", ""beto_model"": ""dccuchile/bert-base-spanish-wwm-cased"", ""chunk_stride"": 256, ""max_tokens"": 512, ""n_cv_splits"": 5, ""n_search_iter"": 0, ""seeds"": [42], ""sentence_transformer_model"": ""intfloat/multilingual-e5-small"", ""tfidf_lemmatize"": true, ""tfidf_max_df"": 0.9, ""tfidf_max_features"": 300, ""tfidf_min_df"": 3, ""tfidf_ngram_range"": [1, 2], ""tfidf_normalize_numbers"": true}",2026-09-17T04:19:07
E3_TSDAE_MR_EP20,frozen,participant,3,no_augmentation,GAD7,42,AdaBoost,4.418374,False,models/tsdae_e5_small_v2_mentalriskes/ep20,defaults,"{""augmentation"": ""no_augmentation"", ""beto_model"": ""dccuchile/bert-base-spanish-wwm-cased"", ""chunk_stride"": 256, ""max_tokens"": 512, ""n_cv_splits"": 5, ""n_search_iter"": 0, ""seeds"": [42], ""sentence_transformer_model"": ""intfloat/multilingual-e5-small"", ""tfidf_lemmatize"": true, ""tfidf_max_df"": 0.9, ""tfidf_max_features"": 300, ""tfidf_min_df"": 3, ""tfidf_ngram_range"": [1, 2], ""tfidf_normalize_numbers"": true}",2026-09-17T04:19:07
E3_TSDAE_MR_EP30,frozen,participant,3,no_augmentation,PHQ9,42,Ridge,8.810179,False,models/tsdae_e5_small_v2_mentalriskes/ep30,defaults,"{""augmentation"": ""no_augmentation"", ""beto_model"": ""dccuchile/bert-base-spanish-wwm-cased"", ""chunk_stride"": 256, ""max_tokens"": 512, ""n_cv_splits"": 5, ""n_search_iter"": 0, ""seeds"": [42], ""sentence_transformer_model"": ""intfloat/multilingual-e5-small"", ""tfidf_lemmatize"": true, ""tfidf_max_df"": 0.9, ""tfidf_max_features"": 300, ""tfidf_min_df"": 3, ""tfidf_ngram_range"": [1, 2], ""tfidf_normalize_numbers"": true}",2026-09-17T04:19:28
E3_TSDAE_MR_EP30,frozen,participant,3,no_augmentation,PHQ9,42,SVR,5.674801,False,models/tsdae_e5_small_v2_mentalriskes/ep30,defaults,"{""augmentation"": ""no_augmentation"", ""beto_model"": ""dccuchile/bert-base-spanish-wwm-cased"", ""chunk_stride"": 256, ""max_tokens"": 512, ""n_cv_splits"": 5, ""n_search_iter"": 0, ""seeds"": [42], ""sentence_transformer_model"": ""intfloat/multilingual-e5-small"", ""tfidf_lemmatize"": true, ""tfidf_max_df"": 0.9, ""tfidf_max_features"": 300, ""tfidf_min_df"": 3, ""tfidf_ngram_range"": [1, 2], ""tfidf_normalize_numbers"": true}",2026-09-17T04:19:28
E3_TSDAE_MR_EP30,frozen,participant,3,no_augmentation,PHQ9,42,RandomForest,5.631358,True,models/tsdae_e5_small_v2_mentalriskes/ep30,defaults,"{""augmentation"": ""no_augmentation"", ""beto_model"": ""dccuchile/bert-base-spanish-wwm-cased"", ""chunk_stride"": 256, ""max_tokens"": 512, ""n_cv_splits"": 5, ""n_search_iter"": 0, ""seeds"": [42], ""sentence_transformer_model"": ""intfloat/multilingual-e5-small"", ""tfidf_lemmatize"": true, ""tfidf_max_df"": 0.9, ""tfidf_max_features"": 300, ""tfidf_min_df"": 3, ""tfidf_ngram_range"": [1, 2], ""tfidf_normalize_numbers"": true}",2026-09-17T04:19:28
E3_TSDAE_MR_EP30,frozen,participant,3,no_augmentation,PHQ9,42,ExtraTrees,5.643788,False,models/tsdae_e5_small_v2_mentalriskes/ep30,defaults,"{""augmentation"": ""no_augmentation"", ""beto_model"": ""dccuchile/bert-base-spanish-wwm-cased"", ""chunk_stride"": 256, ""max_tokens"": 512, ""n_cv_splits"": 5, ""n_search_iter"": 0, ""seeds"": [42], ""sentence_transformer_model"": ""intfloat/multilingual-e5-small"", ""tfidf_lemmatize"": true, ""tfidf_max_df"": 0.9, ""tfidf_max_features"": 300, ""tfidf_min_df"": 3, ""tfidf_ngram_range"": [1, 2], ""tfidf_normalize_numbers"": true}",2026-09-17T04:19:28
E3_TSDAE_MR_EP30,frozen,participant,3,no_augmentation,PHQ9,42,GradientBoosting,5.952823,False,models/tsdae_e5_small_v2_mentalriskes/ep30,defaults,"{""augmentation"": ""no_augmentation"", ""beto_model"": ""dccuchile/bert-base-spanish-wwm-cased"", ""chunk_stride"": 256, ""max_tokens"": 512, ""n_cv_splits"": 5, ""n_search_iter"": 0, ""seeds"": [42], ""sentence_transformer_model"": ""intfloat/multilingual-e5-small"", ""tfidf_lemmatize"": true, ""tfidf_max_df"": 0.9, ""tfidf_max_features"": 300, ""tfidf_min_df"": 3, ""tfidf_ngram_range"": [1, 2], ""tfidf_normalize_numbers"": true}",2026-09-17T04:19:28
E3_TSDAE_MR_EP30,frozen,participant,3,no_augmentation,PHQ9,42,LightGBM,6.301171,False,models/tsdae_e5_small_v2_mentalriskes/ep30,defaults,"{""augmentation"": ""no_augmentation"", ""beto_model"": ""dccuchile/bert-base-spanish-wwm-cased"", ""chunk_stride"": 256, ""max_tokens"": 512, ""n_cv_splits"": 5, ""n_search_iter"": 0, ""seeds"": [42], ""sentence_transformer_model"": ""intfloat/multilingual-e5-small"", ""tfidf_lemmatize"": true, ""tfidf_max_df"": 0.9, ""tfidf_max_features"": 300, ""tfidf_min_df"": 3, ""tfidf_ngram_range"": [1, 2], ""tfidf_normalize_numbers"": true}",2026-09-17T04:19:28
E3_TSDAE_MR_EP30,frozen,participant,3,no_augmentation,PHQ9,42,KNN,5.887804,False,models/tsdae_e5_small_v2_mentalriskes/ep30,defaults,"{""augmentation"": ""no_augmentation"", ""beto_model"": ""dccuchile/bert-base-spanish-wwm-cased"", ""chunk_stride"": 256, ""max_tokens"": 512, ""n_cv_splits"": 5, ""n_search_iter"": 0, ""seeds"": [42], ""sentence_transformer_model"": ""intfloat/multilingual-e5-small"", ""tfidf_lemmatize"": true, ""tfidf_max_df"": 0.9, ""tfidf_max_features"": 300, ""tfidf_min_df"": 3, ""tfidf_ngram_range"": [1, 2], ""tfidf_normalize_numbers"": true}",2026-09-17T04:19:28
E3_TSDAE_MR_EP30,frozen,participant,3,no_augmentation,PHQ9,42,DecisionTree,7.364218,False,models/tsdae_e5_small_v2_mentalriskes/ep30,defaults,"{""augmentation"": ""no_augmentation"", ""beto_model"": ""dccuchile/bert-base-spanish-wwm-cased"", ""chunk_stride"": 256, ""max_tokens"": 512, ""n_cv_splits"": 5, ""n_search_iter"": 0, ""seeds"": [42], ""sentence_transformer_model"": ""intfloat/multilingual-e5-small"", ""tfidf_lemmatize"": true, ""tfidf_max_df"": 0.9, ""tfidf_max_features"": 300, ""tfidf_min_df"": 3, ""tfidf_ngram_range"": [1, 2], ""tfidf_normalize_numbers"": true}",2026-09-17T04:19:28
E3_TSDAE_MR_EP30,frozen,participant,3,no_augmentation,PHQ9,42,AdaBoost,5.850242,False,models/tsdae_e5_small_v2_mentalriskes/ep30,defaults,"{""augmentation"": ""no_augmentation"", ""beto_model"": ""dccuchile/bert-base-spanish-wwm-cased"", ""chunk_stride"": 256, ""max_tokens"": 512, ""n_cv_splits"": 5, ""n_search_iter"": 0, ""seeds"": [42], ""sentence_transformer_model"": ""intfloat/multilingual-e5-small"", ""tfidf_lemmatize"": true, ""tfidf_max_df"": 0.9, ""tfidf_max_features"": 300, ""tfidf_min_df"": 3, ""tfidf_ngram_range"": [1, 2], ""tfidf_normalize_numbers"": true}",2026-09-17T04:19:28
E3_TSDAE_MR_EP30,frozen,participant,3,no_augmentation,GAD7,42,Ridge,7.02712,False,models/tsdae_e5_small_v2_mentalriskes/ep30,defaults,"{""augmentation"": ""no_augmentation"", ""beto_model"": ""dccuchile/bert-base-spanish-wwm-cased"", ""chunk_stride"": 256, ""max_tokens"": 512, ""n_cv_splits"": 5, ""n_search_iter"": 0, ""seeds"": [42], ""sentence_transformer_model"": ""intfloat/multilingual-e5-small"", ""tfidf_lemmatize"": true, ""tfidf_max_df"": 0.9, ""tfidf_max_features"": 300, ""tfidf_min_df"": 3, ""tfidf_ngram_range"": [1, 2], ""tfidf_normalize_numbers"": true}",2026-09-17T04:19:49
E3_TSDAE_MR_EP30,frozen,participant,3,no_augmentation,GAD7,42,SVR,4.65189,False,models/tsdae_e5_small_v2_mentalriskes/ep30,defaults,"{""augmentation"": ""no_augmentation"", ""beto_model"": ""dccuchile/bert-base-spanish-wwm-cased"", ""chunk_stride"": 256, ""max_tokens"": 512, ""n_cv_splits"": 5, ""n_search_iter"": 0, ""seeds"": [42], ""sentence_transformer_model"": ""intfloat/multilingual-e5-small"", ""tfidf_lemmatize"": true, ""tfidf_max_df"": 0.9, ""tfidf_max_features"": 300, ""tfidf_min_df"": 3, ""tfidf_ngram_range"": [1, 2], ""tfidf_normalize_numbers"": true}",2026-09-17T04:19:49
E3_TSDAE_MR_EP30,frozen,participant,3,no_augmentation,GAD7,42,RandomForest,4.572213,False,models/tsdae_e5_small_v2_mentalriskes/ep30,defaults,"{""augmentation"": ""no_augmentation"", ""beto_model"": ""dccuchile/bert-base-spanish-wwm-cased"", ""chunk_stride"": 256, ""max_tokens"": 512, ""n_cv_splits"": 5, ""n_search_iter"": 0, ""seeds"": [42], ""sentence_transformer_model"": ""intfloat/multilingual-e5-small"", ""tfidf_lemmatize"": true, ""tfidf_max_df"": 0.9, ""tfidf_max_features"": 300, ""tfidf_min_df"": 3, ""tfidf_ngram_range"": [1, 2], ""tfidf_normalize_numbers"": true}",2026-09-17T04:19:49
E3_TSDAE_MR_EP30,frozen,participant,3,no_augmentation,GAD7,42,ExtraTrees,4.60886,False,models/tsdae_e5_small_v2_mentalriskes/ep30,defaults,"{""augmentation"": ""no_augmentation"", ""beto_model"": ""dccuchile/bert-base-spanish-wwm-cased"", ""chunk_stride"": 256, ""max_tokens"": 512, ""n_cv_splits"": 5, ""n_search_iter"": 0, ""seeds"": [42], ""sentence_transformer_model"": ""intfloat/multilingual-e5-small"", ""tfidf_lemmatize"": true, ""tfidf_max_df"": 0.9, ""tfidf_max_features"": 300, ""tfidf_min_df"": 3, ""tfidf_ngram_range"": [1, 2], ""tfidf_normalize_numbers"": true}",2026-09-17T04:19:49
E3_TSDAE_MR_EP30,frozen,participant,3,no_augmentation,GAD7,42,GradientBoosting,4.55276,False,models/tsdae_e5_small_v2_mentalriskes/ep30,defaults,"{""augmentation"": ""no_augmentation"", ""beto_model"": ""dccuchile/bert-base-spanish-wwm-cased"", ""chunk_stride"": 256, ""max_tokens"": 512, ""n_cv_splits"": 5, ""n_search_iter"": 0, ""seeds"": [42], ""sentence_transformer_model"": ""intfloat/multilingual-e5-small"", ""tfidf_lemmatize"": true, ""tfidf_max_df"": 0.9, ""tfidf_max_features"": 300, ""tfidf_min_df"": 3, ""tfidf_ngram_range"": [1, 2], ""tfidf_normalize_numbers"": true}",2026-09-17T04:19:49
E3_TSDAE_MR_EP30,frozen,participant,3,no_augmentation,GAD7,42,LightGBM,4.596717,False,models/tsdae_e5_small_v2_mentalriskes/ep30,defaults,"{""augmentation"": ""no_augmentation"", ""beto_model"": ""dccuchile/bert-base-spanish-wwm-cased"", ""chunk_stride"": 256, ""max_tokens"": 512, ""n_cv_splits"": 5, ""n_search_iter"": 0, ""seeds"": [42], ""sentence_transformer_model"": ""intfloat/multilingual-e5-small"", ""tfidf_lemmatize"": true, ""tfidf_max_df"": 0.9, ""tfidf_max_features"": 300, ""tfidf_min_df"": 3, ""tfidf_ngram_range"": [1, 2], ""tfidf_normalize_numbers"": true}",2026-09-17T04:19:49
E3_TSDAE_MR_EP30,frozen,participant,3,no_augmentation,GAD7,42,KNN,4.798529,False,models/tsdae_e5_small_v2_mentalriskes/ep30,defaults,"{""augmentation"": ""no_augmentation"", ""beto_model"": ""dccuchile/bert-base-spanish-wwm-cased"", ""chunk_stride"": 256, ""max_tokens"": 512, ""n_cv_splits"": 5, ""n_search_iter"": 0, ""seeds"": [42], ""sentence_transformer_model"": ""intfloat/multilingual-e5-small"", ""tfidf_lemmatize"": true, ""tfidf_max_df"": 0.9, ""tfidf_max_features"": 300, ""tfidf_min_df"": 3, ""tfidf_ngram_range"": [1, 2], ""tfidf_normalize_numbers"": true}",2026-09-17T04:19:50
E3_TSDAE_MR_EP30,frozen,participant,3,no_augmentation,GAD7,42,DecisionTree,5.565591,False,models/tsdae_e5_small_v2_mentalriskes/ep30,defaults,"{""augmentation"": ""no_augmentation"", ""beto_model"": ""dccuchile/bert-base-spanish-wwm-cased"", ""chunk_stride"": 256, ""max_tokens"": 512, ""n_cv_splits"": 5, ""n_search_iter"": 0, ""seeds"": [42], ""sentence_transformer_model"": ""intfloat/multilingual-e5-small"", ""tfidf_lemmatize"": true, ""tfidf_max_df"": 0.9, ""tfidf_max_features"": 300, ""tfidf_min_df"": 3, ""tfidf_ngram_range"": [1, 2], ""tfidf_normalize_numbers"": true}",2026-09-17T04:19:50
E3_TSDAE_MR_EP30,frozen,participant,3,no_augmentation,GAD7,42,AdaBoost,4.438511,True,models/tsdae_e5_small_v2_mentalriskes/ep30,defaults,"{""augmentation"": ""no_augmentation"", ""beto_model"": ""dccuchile/bert-base-spanish-wwm-cased"", ""chunk_stride"": 256, ""max_tokens"": 512, ""n_cv_splits"": 5, ""n_search_iter"": 0, ""seeds"": [42], ""sentence_transformer_model"": ""intfloat/multilingual-e5-small"", ""tfidf_lemmatize"": true, ""tfidf_max_df"": 0.9, ""tfidf_max_features"": 300, ""tfidf_min_df"": 3, ""tfidf_ngram_range"": [1, 2], ""tfidf_normalize_numbers"": true}",2026-09-17T04:19:50
E1_BETO_MLM_EP010,frozen,participant,3,no_augmentation,PHQ9,42,Ridge,6.266699,False,models/mlm_beto/ep010,defaults,"{""augmentation"": ""no_augmentation"", ""beto_model"": ""dccuchile/bert-base-spanish-wwm-cased"", ""chunk_stride"": 256, ""max_tokens"": 512, ""n_cv_splits"": 5, ""n_search_iter"": 0, ""seeds"": [42], ""sentence_transformer_model"": ""intfloat/multilingual-e5-small"", ""tfidf_lemmatize"": true, ""tfidf_max_df"": 0.9, ""tfidf_max_features"": 300, ""tfidf_min_df"": 3, ""tfidf_ngram_range"": [1, 2], ""tfidf_normalize_numbers"": true}",2026-09-17T12:21:39
E1_BETO_MLM_EP010,frozen,participant,3,no_augmentation,PHQ9,42,SVR,5.179834,True,models/mlm_beto/ep010,defaults,"{""augmentation"": ""no_augmentation"", ""beto_model"": ""dccuchile/bert-base-spanish-wwm-cased"", ""chunk_stride"": 256, ""max_tokens"": 512, ""n_cv_splits"": 5, ""n_search_iter"": 0, ""seeds"": [42], ""sentence_transformer_model"": ""intfloat/multilingual-e5-small"", ""tfidf_lemmatize"": true, ""tfidf_max_df"": 0.9, ""tfidf_max_features"": 300, ""tfidf_min_df"": 3, ""tfidf_ngram_range"": [1, 2], ""tfidf_normalize_numbers"": true}",2026-09-17T12:21:39
E1_BETO_MLM_EP010,frozen,participant,3,no_augmentation,PHQ9,42,RandomForest,5.417641,False,models/mlm_beto/ep010,defaults,"{""augmentation"": ""no_augmentation"", ""beto_model"": ""dccuchile/bert-base-spanish-wwm-cased"", ""chunk_stride"": 256, ""max_tokens"": 512, ""n_cv_splits"": 5, ""n_search_iter"": 0, ""seeds"": [42], ""sentence_transformer_model"": ""intfloat/multilingual-e5-small"", ""tfidf_lemmatize"": true, ""tfidf_max_df"": 0.9, ""tfidf_max_features"": 300, ""tfidf_min_df"": 3, ""tfidf_ngram_range"": [1, 2], ""tfidf_normalize_numbers"": true}",2026-09-17T12:21:39
E1_BETO_MLM_EP010,frozen,participant,3,no_augmentation,PHQ9,42,ExtraTrees,5.454006,False,models/mlm_beto/ep010,defaults,"{""augmentation"": ""no_augmentation"", ""beto_model"": ""dccuchile/bert-base-spanish-wwm-cased"", ""chunk_stride"": 256, ""max_tokens"": 512, ""n_cv_splits"": 5, ""n_search_iter"": 0, ""seeds"": [42], ""sentence_transformer_model"": ""intfloat/multilingual-e5-small"", ""tfidf_lemmatize"": true, ""tfidf_max_df"": 0.9, ""tfidf_max_features"": 300, ""tfidf_min_df"": 3, ""tfidf_ngram_range"": [1, 2], ""tfidf_normalize_numbers"": true}",2026-09-17T12:21:39
E1_BETO_MLM_EP010,frozen,participant,3,no_augmentation,PHQ9,42,GradientBoosting,5.586447,False,models/mlm_beto/ep010,defaults,"{""augmentation"": ""no_augmentation"", ""beto_model"": ""dccuchile/bert-base-spanish-wwm-cased"", ""chunk_stride"": 256, ""max_tokens"": 512, ""n_cv_splits"": 5, ""n_search_iter"": 0, ""seeds"": [42], ""sentence_transformer_model"": ""intfloat/multilingual-e5-small"", ""tfidf_lemmatize"": true, ""tfidf_max_df"": 0.9, ""tfidf_max_features"": 300, ""tfidf_min_df"": 3, ""tfidf_ngram_range"": [1, 2], ""tfidf_normalize_numbers"": true}",2026-09-17T12:21:39
E1_BETO_MLM_EP010,frozen,participant,3,no_augmentation,PHQ9,42,LightGBM,5.548207,False,models/mlm_beto/ep010,defaults,"{""augmentation"": ""no_augmentation"", ""beto_model"": ""dccuchile/bert-base-spanish-wwm-cased"", ""chunk_stride"": 256, ""max_tokens"": 512, ""n_cv_splits"": 5, ""n_search_iter"": 0, ""seeds"": [42], ""sentence_transformer_model"": ""intfloat/multilingual-e5-small"", ""tfidf_lemmatize"": true, ""tfidf_max_df"": 0.9, ""tfidf_max_features"": 300, ""tfidf_min_df"": 3, ""tfidf_ngram_range"": [1, 2], ""tfidf_normalize_numbers"": true}",2026-09-17T12:21:39
E1_BETO_MLM_EP010,frozen,participant,3,no_augmentation,PHQ9,42,KNN,5.567355,False,models/mlm_beto/ep010,defaults,"{""augmentation"": ""no_augmentation"", ""beto_model"": ""dccuchile/bert-base-spanish-wwm-cased"", ""chunk_stride"": 256, ""max_tokens"": 512, ""n_cv_splits"": 5, ""n_search_iter"": 0, ""seeds"": [42], ""sentence_transformer_model"": ""intfloat/multilingual-e5-small"", ""tfidf_lemmatize"": true, ""tfidf_max_df"": 0.9, ""tfidf_max_features"": 300, ""tfidf_min_df"": 3, ""tfidf_ngram_range"": [1, 2], ""tfidf_normalize_numbers"": true}",2026-09-17T12:21:39
E1_BETO_MLM_EP010,frozen,participant,3,no_augmentation,PHQ9,42,DecisionTree,7.541659,False,models/mlm_beto/ep010,defaults,"{""augmentation"": ""no_augmentation"", ""beto_model"": ""dccuchile/bert-base-spanish-wwm-cased"", ""chunk_stride"": 256, ""max_tokens"": 512, ""n_cv_splits"": 5, ""n_search_iter"": 0, ""seeds"": [42], ""sentence_transformer_model"": ""intfloat/multilingual-e5-small"", ""tfidf_lemmatize"": true, ""tfidf_max_df"": 0.9, ""tfidf_max_features"": 300, ""tfidf_min_df"": 3, ""tfidf_ngram_range"": [1, 2], ""tfidf_normalize_numbers"": true}",2026-09-17T12:21:39
E1_BETO_MLM_EP010,frozen,participant,3,no_augmentation,PHQ9,42,AdaBoost,5.475614,False,models/mlm_beto/ep010,defaults,"{""augmentation"": ""no_augmentation"", ""beto_model"": ""dccuchile/bert-base-spanish-wwm-cased"", ""chunk_stride"": 256, ""max_tokens"": 512, ""n_cv_splits"": 5, ""n_search_iter"": 0, ""seeds"": [42], ""sentence_transformer_model"": ""intfloat/multilingual-e5-small"", ""tfidf_lemmatize"": true, ""tfidf_max_df"": 0.9, ""tfidf_max_features"": 300, ""tfidf_min_df"": 3, ""tfidf_ngram_range"": [1, 2], ""tfidf_normalize_numbers"": true}",2026-09-17T12:21:39
E1_BETO_MLM_EP010,frozen,participant,3,no_augmentation,GAD7,42,Ridge,5.962357,False,models/mlm_beto/ep010,defaults,"{""augmentation"": ""no_augmentation"", ""beto_model"": ""dccuchile/bert-base-spanish-wwm-cased"", ""chunk_stride"": 256, ""max_tokens"": 512, ""n_cv_splits"": 5, ""n_search_iter"": 0, ""seeds"": [42], ""sentence_transformer_model"": ""intfloat/multilingual-e5-small"", ""tfidf_lemmatize"": true, ""tfidf_max_df"": 0.9, ""tfidf_max_features"": 300, ""tfidf_min_df"": 3, ""tfidf_ngram_range"": [1, 2], ""tfidf_normalize_numbers"": true}",2026-09-17T12:22:17
E1_BETO_MLM_EP010,frozen,participant,3,no_augmentation,GAD7,42,SVR,4.444348,True,models/mlm_beto/ep010,defaults,"{""augmentation"": ""no_augmentation"", ""beto_model"": ""dccuchile/bert-base-spanish-wwm-cased"", ""chunk_stride"": 256, ""max_tokens"": 512, ""n_cv_splits"": 5, ""n_search_iter"": 0, ""seeds"": [42], ""sentence_transformer_model"": ""intfloat/multilingual-e5-small"", ""tfidf_lemmatize"": true, ""tfidf_max_df"": 0.9, ""tfidf_max_features"": 300, ""tfidf_min_df"": 3, ""tfidf_ngram_range"": [1, 2], ""tfidf_normalize_numbers"": true}",2026-09-17T12:22:17
E1_BETO_MLM_EP010,frozen,participant,3,no_augmentation,GAD7,42,RandomForest,4.479412,False,models/mlm_beto/ep010,defaults,"{""augmentation"": ""no_augmentation"", ""beto_model"": ""dccuchile/bert-base-spanish-wwm-cased"", ""chunk_stride"": 256, ""max_tokens"": 512, ""n_cv_splits"": 5, ""n_search_iter"": 0, ""seeds"": [42], ""sentence_transformer_model"": ""intfloat/multilingual-e5-small"", ""tfidf_lemmatize"": true, ""tfidf_max_df"": 0.9, ""tfidf_max_features"": 300, ""tfidf_min_df"": 3, ""tfidf_ngram_range"": [1, 2], ""tfidf_normalize_numbers"": true}",2026-09-17T12:22:17
E1_BETO_MLM_EP010,frozen,participant,3,no_augmentation,GAD7,42,ExtraTrees,4.510969,False,models/mlm_beto/ep010,defaults,"{""augmentation"": ""no_augmentation"", ""beto_model"": ""dccuchile/bert-base-spanish-wwm-cased"", ""chunk_stride"": 256, ""max_tokens"": 512, ""n_cv_splits"": 5, ""n_search_iter"": 0, ""seeds"": [42], ""sentence_transformer_model"": ""intfloat/multilingual-e5-small"", ""tfidf_lemmatize"": true, ""tfidf_max_df"": 0.9, ""tfidf_max_features"": 300, ""tfidf_min_df"": 3, ""tfidf_ngram_range"": [1, 2], ""tfidf_normalize_numbers"": true}",2026-09-17T12:22:17
E1_BETO_MLM_EP010,frozen,participant,3,no_augmentation,GAD7,42,GradientBoosting,4.578373,False,models/mlm_beto/ep010,defaults,"{""augmentation"": ""no_augmentation"", ""beto_model"": ""dccuchile/bert-base-spanish-wwm-cased"", ""chunk_stride"": 256, ""max_tokens"": 512, ""n_cv_splits"": 5, ""n_search_iter"": 0, ""seeds"": [42], ""sentence_transformer_model"": ""intfloat/multilingual-e5-small"", ""tfidf_lemmatize"": true, ""tfidf_max_df"": 0.9, ""tfidf_max_features"": 300, ""tfidf_min_df"": 3, ""tfidf_ngram_range"": [1, 2], ""tfidf_normalize_numbers"": true}",2026-09-17T12:22:17
E1_BETO_MLM_EP010,frozen,participant,3,no_augmentation,GAD7,42,LightGBM,4.763636,False,models/mlm_beto/ep010,defaults,"{""augmentation"": ""no_augmentation"", ""beto_model"": ""dccuchile/bert-base-spanish-wwm-cased"", ""chunk_stride"": 256, ""max_tokens"": 512, ""n_cv_splits"": 5, ""n_search_iter"": 0, ""seeds"": [42], ""sentence_transformer_model"": ""intfloat/multilingual-e5-small"", ""tfidf_lemmatize"": true, ""tfidf_max_df"": 0.9, ""tfidf_max_features"": 300, ""tfidf_min_df"": 3, ""tfidf_ngram_range"": [1, 2], ""tfidf_normalize_numbers"": true}",2026-09-17T12:22:17
E1_BETO_MLM_EP010,frozen,participant,3,no_augmentation,GAD7,42,KNN,4.726301,False,models/mlm_beto/ep010,defaults,"{""augmentation"": ""no_augmentation"", ""beto_model"": ""dccuchile/bert-base-spanish-wwm-cased"", ""chunk_stride"": 256, ""max_tokens"": 512, ""n_cv_splits"": 5, ""n_search_iter"": 0, ""seeds"": [42], ""sentence_transformer_model"": ""intfloat/multilingual-e5-small"", ""tfidf_lemmatize"": true, ""tfidf_max_df"": 0.9, ""tfidf_max_features"": 300, ""tfidf_min_df"": 3, ""tfidf_ngram_range"": [1, 2], ""tfidf_normalize_numbers"": true}",2026-09-17T12:22:17
E1_BETO_MLM_EP010,frozen,participant,3,no_augmentation,GAD7,42,DecisionTree,5.70468,False,models/mlm_beto/ep010,defaults,"{""augmentation"": ""no_augmentation"", ""beto_model"": ""dccuchile/bert-base-spanish-wwm-cased"", ""chunk_stride"": 256, ""max_tokens"": 512, ""n_cv_splits"": 5, ""n_search_iter"": 0, ""seeds"": [42], ""sentence_transformer_model"": ""intfloat/multilingual-e5-small"", ""tfidf_lemmatize"": true, ""tfidf_max_df"": 0.9, ""tfidf_max_features"": 300, ""tfidf_min_df"": 3, ""tfidf_ngram_range"": [1, 2], ""tfidf_normalize_numbers"": true}",2026-09-17T12:22:17
E1_BETO_MLM_EP010,frozen,participant,3,no_augmentation,GAD7,42,AdaBoost,4.474986,False,models/mlm_beto/ep010,defaults,"{""augmentation"": ""no_augmentation"", ""beto_model"": ""dccuchile/bert-base-spanish-wwm-cased"", ""chunk_stride"": 256, ""max_tokens"": 512, ""n_cv_splits"": 5, ""n_search_iter"": 0, ""seeds"": [42], ""sentence_transformer_model"": ""intfloat/multilingual-e5-small"", ""tfidf_lemmatize"": true, ""tfidf_max_df"": 0.9, ""tfidf_max_features"": 300, ""tfidf_min_df"": 3, ""tfidf_ngram_range"": [1, 2], ""tfidf_normalize_numbers"": true}",2026-09-17T12:22:17
E1_BETO_MLM_MR_EP010,frozen,participant,3,no_augmentation,PHQ9,42,Ridge,6.374567,False,models/mlm_beto_mentalriskes/ep010,defaults,"{""augmentation"": ""no_augmentation"", ""beto_model"": ""dccuchile/bert-base-spanish-wwm-cased"", ""chunk_stride"": 256, ""max_tokens"": 512, ""n_cv_splits"": 5, ""n_search_iter"": 0, ""seeds"": [42], ""sentence_transformer_model"": ""intfloat/multilingual-e5-small"", ""tfidf_lemmatize"": true, ""tfidf_max_df"": 0.9, ""tfidf_max_features"": 300, ""tfidf_min_df"": 3, ""tfidf_ngram_range"": [1, 2], ""tfidf_normalize_numbers"": true}",2026-09-17T12:22:58
E1_BETO_MLM_MR_EP010,frozen,participant,3,no_augmentation,PHQ9,42,SVR,5.082998,True,models/mlm_beto_mentalriskes/ep010,defaults,"{""augmentation"": ""no_augmentation"", ""beto_model"": ""dccuchile/bert-base-spanish-wwm-cased"", ""chunk_stride"": 256, ""max_tokens"": 512, ""n_cv_splits"": 5, ""n_search_iter"": 0, ""seeds"": [42], ""sentence_transformer_model"": ""intfloat/multilingual-e5-small"", ""tfidf_lemmatize"": true, ""tfidf_max_df"": 0.9, ""tfidf_max_features"": 300, ""tfidf_min_df"": 3, ""tfidf_ngram_range"": [1, 2], ""tfidf_normalize_numbers"": true}",2026-09-17T12:22:58
E1_BETO_MLM_MR_EP010,frozen,participant,3,no_augmentation,PHQ9,42,RandomForest,5.302392,False,models/mlm_beto_mentalriskes/ep010,defaults,"{""augmentation"": ""no_augmentation"", ""beto_model"": ""dccuchile/bert-base-spanish-wwm-cased"", ""chunk_stride"": 256, ""max_tokens"": 512, ""n_cv_splits"": 5, ""n_search_iter"": 0, ""seeds"": [42], ""sentence_transformer_model"": ""intfloat/multilingual-e5-small"", ""tfidf_lemmatize"": true, ""tfidf_max_df"": 0.9, ""tfidf_max_features"": 300, ""tfidf_min_df"": 3, ""tfidf_ngram_range"": [1, 2], ""tfidf_normalize_numbers"": true}",2026-09-17T12:22:58
E1_BETO_MLM_MR_EP010,frozen,participant,3,no_augmentation,PHQ9,42,ExtraTrees,5.320558,False,models/mlm_beto_mentalriskes/ep010,defaults,"{""augmentation"": ""no_augmentation"", ""beto_model"": ""dccuchile/bert-base-spanish-wwm-cased"", ""chunk_stride"": 256, ""max_tokens"": 512, ""n_cv_splits"": 5, ""n_search_iter"": 0, ""seeds"": [42], ""sentence_transformer_model"": ""intfloat/multilingual-e5-small"", ""tfidf_lemmatize"": true, ""tfidf_max_df"": 0.9, ""tfidf_max_features"": 300, ""tfidf_min_df"": 3, ""tfidf_ngram_range"": [1, 2], ""tfidf_normalize_numbers"": true}",2026-09-17T12:22:58
E1_BETO_MLM_MR_EP010,frozen,participant,3,no_augmentation,PHQ9,42,GradientBoosting,5.276898,False,models/mlm_beto_mentalriskes/ep010,defaults,"{""augmentation"": ""no_augmentation"", ""beto_model"": ""dccuchile/bert-base-spanish-wwm-cased"", ""chunk_stride"": 256, ""max_tokens"": 512, ""n_cv_splits"": 5, ""n_search_iter"": 0, ""seeds"": [42], ""sentence_transformer_model"": ""intfloat/multilingual-e5-small"", ""tfidf_lemmatize"": true, ""tfidf_max_df"": 0.9, ""tfidf_max_features"": 300, ""tfidf_min_df"": 3, ""tfidf_ngram_range"": [1, 2], ""tfidf_normalize_numbers"": true}",2026-09-17T12:22:58
E1_BETO_MLM_MR_EP010,frozen,participant,3,no_augmentation,PHQ9,42,LightGBM,5.445193,False,models/mlm_beto_mentalriskes/ep010,defaults,"{""augmentation"": ""no_augmentation"", ""beto_model"": ""dccuchile/bert-base-spanish-wwm-cased"", ""chunk_stride"": 256, ""max_tokens"": 512, ""n_cv_splits"": 5, ""n_search_iter"": 0, ""seeds"": [42], ""sentence_transformer_model"": ""intfloat/multilingual-e5-small"", ""tfidf_lemmatize"": true, ""tfidf_max_df"": 0.9, ""tfidf_max_features"": 300, ""tfidf_min_df"": 3, ""tfidf_ngram_range"": [1, 2], ""tfidf_normalize_numbers"": true}",2026-09-17T12:22:58
E1_BETO_MLM_MR_EP010,frozen,participant,3,no_augmentation,PHQ9,42,KNN,5.27789,False,models/mlm_beto_mentalriskes/ep010,defaults,"{""augmentation"": ""no_augmentation"", ""beto_model"": ""dccuchile/bert-base-spanish-wwm-cased"", ""chunk_stride"": 256, ""max_tokens"": 512, ""n_cv_splits"": 5, ""n_search_iter"": 0, ""seeds"": [42], ""sentence_transformer_model"": ""intfloat/multilingual-e5-small"", ""tfidf_lemmatize"": true, ""tfidf_max_df"": 0.9, ""tfidf_max_features"": 300, ""tfidf_min_df"": 3, ""tfidf_ngram_range"": [1, 2], ""tfidf_normalize_numbers"": true}",2026-09-17T12:22:58
E1_BETO_MLM_MR_EP010,frozen,participant,3,no_augmentation,PHQ9,42,DecisionTree,7.24361,False,models/mlm_beto_mentalriskes/ep010,defaults,"{""augmentation"": ""no_augmentation"", ""beto_model"": ""dccuchile/bert-base-spanish-wwm-cased"", ""chunk_stride"": 256, ""max_tokens"": 512, ""n_cv_splits"": 5, ""n_search_iter"": 0, ""seeds"": [42], ""sentence_transformer_model"": ""intfloat/multilingual-e5-small"", ""tfidf_lemmatize"": true, ""tfidf_max_df"": 0.9, ""tfidf_max_features"": 300, ""tfidf_min_df"": 3, ""tfidf_ngram_range"": [1, 2], ""tfidf_normalize_numbers"": true}",2026-09-17T12:22:58
E1_BETO_MLM_MR_EP010,frozen,participant,3,no_augmentation,PHQ9,42,AdaBoost,5.318935,False,models/mlm_beto_mentalriskes/ep010,defaults,"{""augmentation"": ""no_augmentation"", ""beto_model"": ""dccuchile/bert-base-spanish-wwm-cased"", ""chunk_stride"": 256, ""max_tokens"": 512, ""n_cv_splits"": 5, ""n_search_iter"": 0, ""seeds"": [42], ""sentence_transformer_model"": ""intfloat/multilingual-e5-small"", ""tfidf_lemmatize"": true, ""tfidf_max_df"": 0.9, ""tfidf_max_features"": 300, ""tfidf_min_df"": 3, ""tfidf_ngram_range"": [1, 2], ""tfidf_normalize_numbers"": true}",2026-09-17T12:22:58
E1_BETO_MLM_MR_EP010,frozen,participant,3,no_augmentation,GAD7,42,Ridge,6.042803,False,models/mlm_beto_mentalriskes/ep010,defaults,"{""augmentation"": ""no_augmentation"", ""beto_model"": ""dccuchile/bert-base-spanish-wwm-cased"", ""chunk_stride"": 256, ""max_tokens"": 512, ""n_cv_splits"": 5, ""n_search_iter"": 0, ""seeds"": [42], ""sentence_transformer_model"": ""intfloat/multilingual-e5-small"", ""tfidf_lemmatize"": true, ""tfidf_max_df"": 0.9, ""tfidf_max_features"": 300, ""tfidf_min_df"": 3, ""tfidf_ngram_range"": [1, 2], ""tfidf_normalize_numbers"": true}",2026-09-17T12:23:35
E1_BETO_MLM_MR_EP010,frozen,participant,3,no_augmentation,GAD7,42,SVR,4.42585,True,models/mlm_beto_mentalriskes/ep010,defaults,"{""augmentation"": ""no_augmentation"", ""beto_model"": ""dccuchile/bert-base-spanish-wwm-cased"", ""chunk_stride"": 256, ""max_tokens"": 512, ""n_cv_splits"": 5, ""n_search_iter"": 0, ""seeds"": [42], ""sentence_transformer_model"": ""intfloat/multilingual-e5-small"", ""tfidf_lemmatize"": true, ""tfidf_max_df"": 0.9, ""tfidf_max_features"": 300, ""tfidf_min_df"": 3, ""tfidf_ngram_range"": [1, 2], ""tfidf_normalize_numbers"": true}",2026-09-17T12:23:35
E1_BETO_MLM_MR_EP010,frozen,participant,3,no_augmentation,GAD7,42,RandomForest,4.469047,False,models/mlm_beto_mentalriskes/ep010,defaults,"{""augmentation"": ""no_augmentation"", ""beto_model"": ""dccuchile/bert-base-spanish-wwm-cased"", ""chunk_stride"": 256, ""max_tokens"": 512, ""n_cv_splits"": 5, ""n_search_iter"": 0, ""seeds"": [42], ""sentence_transformer_model"": ""intfloat/multilingual-e5-small"", ""tfidf_lemmatize"": true, ""tfidf_max_df"": 0.9, ""tfidf_max_features"": 300, ""tfidf_min_df"": 3, ""tfidf_ngram_range"": [1, 2], ""tfidf_normalize_numbers"": true}",2026-09-17T12:23:35
E1_BETO_MLM_MR_EP010,frozen,participant,3,no_augmentation,GAD7,42,ExtraTrees,4.44539,False,models/mlm_beto_mentalriskes/ep010,defaults,"{""augmentation"": ""no_augmentation"", ""beto_model"": ""dccuchile/bert-base-spanish-wwm-cased"", ""chunk_stride"": 256, ""max_tokens"": 512, ""n_cv_splits"": 5, ""n_search_iter"": 0, ""seeds"": [42], ""sentence_transformer_model"": ""intfloat/multilingual-e5-small"", ""tfidf_lemmatize"": true, ""tfidf_max_df"": 0.9, ""tfidf_max_features"": 300, ""tfidf_min_df"": 3, ""tfidf_ngram_range"": [1, 2], ""tfidf_normalize_numbers"": true}",2026-09-17T12:23:35
E1_BETO_MLM_MR_EP010,frozen,participant,3,no_augmentation,GAD7,42,GradientBoosting,4.702363,False,models/mlm_beto_mentalriskes/ep010,defaults,"{""augmentation"": ""no_augmentation"", ""beto_model"": ""dccuchile/bert-base-spanish-wwm-cased"", ""chunk_stride"": 256, ""max_tokens"": 512, ""n_cv_splits"": 5, ""n_search_iter"": 0, ""seeds"": [42], ""sentence_transformer_model"": ""intfloat/multilingual-e5-small"", ""tfidf_lemmatize"": true, ""tfidf_max_df"": 0.9, ""tfidf_max_features"": 300, ""tfidf_min_df"": 3, ""tfidf_ngram_range"": [1, 2], ""tfidf_normalize_numbers"": true}",2026-09-17T12:23:35
E1_BETO_MLM_MR_EP010,frozen,participant,3,no_augmentation,GAD7,42,LightGBM,4.862045,False,models/mlm_beto_mentalriskes/ep010,defaults,"{""augmentation"": ""no_augmentation"", ""beto_model"": ""dccuchile/bert-base-spanish-wwm-cased"", ""chunk_stride"": 256, ""max_tokens"": 512, ""n_cv_splits"": 5, ""n_search_iter"": 0, ""seeds"": [42], ""sentence_transformer_model"": ""intfloat/multilingual-e5-small"", ""tfidf_lemmatize"": true, ""tfidf_max_df"": 0.9, ""tfidf_max_features"": 300, ""tfidf_min_df"": 3, ""tfidf_ngram_range"": [1, 2], ""tfidf_normalize_numbers"": true}",2026-09-17T12:23:35
E1_BETO_MLM_MR_EP010,frozen,participant,3,no_augmentation,GAD7,42,KNN,4.594746,False,models/mlm_beto_mentalriskes/ep010,defaults,"{""augmentation"": ""no_augmentation"", ""beto_model"": ""dccuchile/bert-base-spanish-wwm-cased"", ""chunk_stride"": 256, ""max_tokens"": 512, ""n_cv_splits"": 5, ""n_search_iter"": 0, ""seeds"": [42], ""sentence_transformer_model"": ""intfloat/multilingual-e5-small"", ""tfidf_lemmatize"": true, ""tfidf_max_df"": 0.9, ""tfidf_max_features"": 300, ""tfidf_min_df"": 3, ""tfidf_ngram_range"": [1, 2], ""tfidf_normalize_numbers"": true}",2026-09-17T12:23:35
E1_BETO_MLM_MR_EP010,frozen,participant,3,no_augmentation,GAD7,42,DecisionTree,6.126156,False,models/mlm_beto_mentalriskes/ep010,defaults,"{""augmentation"": ""no_augmentation"", ""beto_model"": ""dccuchile/bert-base-spanish-wwm-cased"", ""chunk_stride"": 256, ""max_tokens"": 512, ""n_cv_splits"": 5, ""n_search_iter"": 0, ""seeds"": [42], ""sentence_transformer_model"": ""intfloat/multilingual-e5-small"", ""tfidf_lemmatize"": true, ""tfidf_max_df"": 0.9, ""tfidf_max_features"": 300, ""tfidf_min_df"": 3, ""tfidf_ngram_range"": [1, 2], ""tfidf_normalize_numbers"": true}",2026-09-17T12:23:35
E1_BETO_MLM_MR_EP010,frozen,participant,3,no_augmentation,GAD7,42,AdaBoost,4.559928,False,models/mlm_beto_mentalriskes/ep010,defaults,"{""augmentation"": ""no_augmentation"", ""beto_model"": ""dccuchile/bert-base-spanish-wwm-cased"", ""chunk_stride"": 256, ""max_tokens"": 512, ""n_cv_splits"": 5, ""n_search_iter"": 0, ""seeds"": [42], ""sentence_transformer_model"": ""intfloat/multilingual-e5-small"", ""tfidf_lemmatize"": true, ""tfidf_max_df"": 0.9, ""tfidf_max_features"": 300, ""tfidf_min_df"": 3, ""tfidf_ngram_range"": [1, 2], ""tfidf_normalize_numbers"": true}",2026-09-17T12:23:35
E1_BETO_MLM_EP025,frozen,participant,3,no_augmentation,PHQ9,42,Ridge,6.513624,False,models/mlm_beto/ep025,defaults,"{""augmentation"": ""no_augmentation"", ""beto_model"": ""dccuchile/bert-base-spanish-wwm-cased"", ""chunk_stride"": 256, ""max_tokens"": 512, ""n_cv_splits"": 5, ""n_search_iter"": 0, ""seeds"": [42], ""sentence_transformer_model"": ""intfloat/multilingual-e5-small"", ""tfidf_lemmatize"": true, ""tfidf_max_df"": 0.9, ""tfidf_max_features"": 300, ""tfidf_min_df"": 3, ""tfidf_ngram_range"": [1, 2], ""tfidf_normalize_numbers"": true}",2026-09-17T12:24:13
E1_BETO_MLM_EP025,frozen,participant,3,no_augmentation,PHQ9,42,SVR,5.161365,True,models/mlm_beto/ep025,defaults,"{""augmentation"": ""no_augmentation"", ""beto_model"": ""dccuchile/bert-base-spanish-wwm-cased"", ""chunk_stride"": 256, ""max_tokens"": 512, ""n_cv_splits"": 5, ""n_search_iter"": 0, ""seeds"": [42], ""sentence_transformer_model"": ""intfloat/multilingual-e5-small"", ""tfidf_lemmatize"": true, ""tfidf_max_df"": 0.9, ""tfidf_max_features"": 300, ""tfidf_min_df"": 3, ""tfidf_ngram_range"": [1, 2], ""tfidf_normalize_numbers"": true}",2026-09-17T12:24:13
E1_BETO_MLM_EP025,frozen,participant,3,no_augmentation,PHQ9,42,RandomForest,5.345293,False,models/mlm_beto/ep025,defaults,"{""augmentation"": ""no_augmentation"", ""beto_model"": ""dccuchile/bert-base-spanish-wwm-cased"", ""chunk_stride"": 256, ""max_tokens"": 512, ""n_cv_splits"": 5, ""n_search_iter"": 0, ""seeds"": [42], ""sentence_transformer_model"": ""intfloat/multilingual-e5-small"", ""tfidf_lemmatize"": true, ""tfidf_max_df"": 0.9, ""tfidf_max_features"": 300, ""tfidf_min_df"": 3, ""tfidf_ngram_range"": [1, 2], ""tfidf_normalize_numbers"": true}",2026-09-17T12:24:13
E1_BETO_MLM_EP025,frozen,participant,3,no_augmentation,PHQ9,42,ExtraTrees,5.358964,False,models/mlm_beto/ep025,defaults,"{""augmentation"": ""no_augmentation"", ""beto_model"": ""dccuchile/bert-base-spanish-wwm-cased"", ""chunk_stride"": 256, ""max_tokens"": 512, ""n_cv_splits"": 5, ""n_search_iter"": 0, ""seeds"": [42], ""sentence_transformer_model"": ""intfloat/multilingual-e5-small"", ""tfidf_lemmatize"": true, ""tfidf_max_df"": 0.9, ""tfidf_max_features"": 300, ""tfidf_min_df"": 3, ""tfidf_ngram_range"": [1, 2], ""tfidf_normalize_numbers"": true}",2026-09-17T12:24:13
E1_BETO_MLM_EP025,frozen,participant,3,no_augmentation,PHQ9,42,GradientBoosting,5.399823,False,models/mlm_beto/ep025,defaults,"{""augmentation"": ""no_augmentation"", ""beto_model"": ""dccuchile/bert-base-spanish-wwm-cased"", ""chunk_stride"": 256, ""max_tokens"": 512, ""n_cv_splits"": 5, ""n_search_iter"": 0, ""seeds"": [42], ""sentence_transformer_model"": ""intfloat/multilingual-e5-small"", ""tfidf_lemmatize"": true, ""tfidf_max_df"": 0.9, ""tfidf_max_features"": 300, ""tfidf_min_df"": 3, ""tfidf_ngram_range"": [1, 2], ""tfidf_normalize_numbers"": true}",2026-09-17T12:24:13
E1_BETO_MLM_EP025,frozen,participant,3,no_augmentation,PHQ9,42,LightGBM,5.440871,False,models/mlm_beto/ep025,defaults,"{""augmentation"": ""no_augmentation"", ""beto_model"": ""dccuchile/bert-base-spanish-wwm-cased"", ""chunk_stride"": 256, ""max_tokens"": 512, ""n_cv_splits"": 5, ""n_search_iter"": 0, ""seeds"": [42], ""sentence_transformer_model"": ""intfloat/multilingual-e5-small"", ""tfidf_lemmatize"": true, ""tfidf_max_df"": 0.9, ""tfidf_max_features"": 300, ""tfidf_min_df"": 3, ""tfidf_ngram_range"": [1, 2], ""tfidf_normalize_numbers"": true}",2026-09-17T12:24:13
E1_BETO_MLM_EP025,frozen,participant,3,no_augmentation,PHQ9,42,KNN,5.595384,False,models/mlm_beto/ep025,defaults,"{""augmentation"": ""no_augmentation"", ""beto_model"": ""dccuchile/bert-base-spanish-wwm-cased"", ""chunk_stride"": 256, ""max_tokens"": 512, ""n_cv_splits"": 5, ""n_search_iter"": 0, ""seeds"": [42], ""sentence_transformer_model"": ""intfloat/multilingual-e5-small"", ""tfidf_lemmatize"": true, ""tfidf_max_df"": 0.9, ""tfidf_max_features"": 300, ""tfidf_min_df"": 3, ""tfidf_ngram_range"": [1, 2], ""tfidf_normalize_numbers"": true}",2026-09-17T12:24:13
E1_BETO_MLM_EP025,frozen,participant,3,no_augmentation,PHQ9,42,DecisionTree,7.342709,False,models/mlm_beto/ep025,defaults,"{""augmentation"": ""no_augmentation"", ""beto_model"": ""dccuchile/bert-base-spanish-wwm-cased"", ""chunk_stride"": 256, ""max_tokens"": 512, ""n_cv_splits"": 5, ""n_search_iter"": 0, ""seeds"": [42], ""sentence_transformer_model"": ""intfloat/multilingual-e5-small"", ""tfidf_lemmatize"": true, ""tfidf_max_df"": 0.9, ""tfidf_max_features"": 300, ""tfidf_min_df"": 3, ""tfidf_ngram_range"": [1, 2], ""tfidf_normalize_numbers"": true}",2026-09-17T12:24:13
E1_BETO_MLM_EP025,frozen,participant,3,no_augmentation,PHQ9,42,AdaBoost,5.313967,False,models/mlm_beto/ep025,defaults,"{""augmentation"": ""no_augmentation"", ""beto_model"": ""dccuchile/bert-base-spanish-wwm-cased"", ""chunk_stride"": 256, ""max_tokens"": 512, ""n_cv_splits"": 5, ""n_search_iter"": 0, ""seeds"": [42], ""sentence_transformer_model"": ""intfloat/multilingual-e5-small"", ""tfidf_lemmatize"": true, ""tfidf_max_df"": 0.9, ""tfidf_max_features"": 300, ""tfidf_min_df"": 3, ""tfidf_ngram_range"": [1, 2], ""tfidf_normalize_numbers"": true}",2026-09-17T12:24:13
E1_BETO_MLM_EP025,frozen,participant,3,no_augmentation,GAD7,42,Ridge,6.02983,False,models/mlm_beto/ep025,defaults,"{""augmentation"": ""no_augmentation"", ""beto_model"": ""dccuchile/bert-base-spanish-wwm-cased"", ""chunk_stride"": 256, ""max_tokens"": 512, ""n_cv_splits"": 5, ""n_search_iter"": 0, ""seeds"": [42], ""sentence_transformer_model"": ""intfloat/multilingual-e5-small"", ""tfidf_lemmatize"": true, ""tfidf_max_df"": 0.9, ""tfidf_max_features"": 300, ""tfidf_min_df"": 3, ""tfidf_ngram_range"": [1, 2], ""tfidf_normalize_numbers"": true}",2026-09-17T12:24:51
E1_BETO_MLM_EP025,frozen,participant,3,no_augmentation,GAD7,42,SVR,4.463891,False,models/mlm_beto/ep025,defaults,"{""augmentation"": ""no_augmentation"", ""beto_model"": ""dccuchile/bert-base-spanish-wwm-cased"", ""chunk_stride"": 256, ""max_tokens"": 512, ""n_cv_splits"": 5, ""n_search_iter"": 0, ""seeds"": [42], ""sentence_transformer_model"": ""intfloat/multilingual-e5-small"", ""tfidf_lemmatize"": true, ""tfidf_max_df"": 0.9, ""tfidf_max_features"": 300, ""tfidf_min_df"": 3, ""tfidf_ngram_range"": [1, 2], ""tfidf_normalize_numbers"": true}",2026-09-17T12:24:51
E1_BETO_MLM_EP025,frozen,participant,3,no_augmentation,GAD7,42,RandomForest,4.424562,False,models/mlm_beto/ep025,defaults,"{""augmentation"": ""no_augmentation"", ""beto_model"": ""dccuchile/bert-base-spanish-wwm-cased"", ""chunk_stride"": 256, ""max_tokens"": 512, ""n_cv_splits"": 5, ""n_search_iter"": 0, ""seeds"": [42], ""sentence_transformer_model"": ""intfloat/multilingual-e5-small"", ""tfidf_lemmatize"": true, ""tfidf_max_df"": 0.9, ""tfidf_max_features"": 300, ""tfidf_min_df"": 3, ""tfidf_ngram_range"": [1, 2], ""tfidf_normalize_numbers"": true}",2026-09-17T12:24:51
E1_BETO_MLM_EP025,frozen,participant,3,no_augmentation,GAD7,42,ExtraTrees,4.41679,True,models/mlm_beto/ep025,defaults,"{""augmentation"": ""no_augmentation"", ""beto_model"": ""dccuchile/bert-base-spanish-wwm-cased"", ""chunk_stride"": 256, ""max_tokens"": 512, ""n_cv_splits"": 5, ""n_search_iter"": 0, ""seeds"": [42], ""sentence_transformer_model"": ""intfloat/multilingual-e5-small"", ""tfidf_lemmatize"": true, ""tfidf_max_df"": 0.9, ""tfidf_max_features"": 300, ""tfidf_min_df"": 3, ""tfidf_ngram_range"": [1, 2], ""tfidf_normalize_numbers"": true}",2026-09-17T12:24:51
E1_BETO_MLM_EP025,frozen,participant,3,no_augmentation,GAD7,42,GradientBoosting,4.637797,False,models/mlm_beto/ep025,defaults,"{""augmentation"": ""no_augmentation"", ""beto_model"": ""dccuchile/bert-base-spanish-wwm-cased"", ""chunk_stride"": 256, ""max_tokens"": 512, ""n_cv_splits"": 5, ""n_search_iter"": 0, ""seeds"": [42], ""sentence_transformer_model"": ""intfloat/multilingual-e5-small"", ""tfidf_lemmatize"": true, ""tfidf_max_df"": 0.9, ""tfidf_max_features"": 300, ""tfidf_min_df"": 3, ""tfidf_ngram_range"": [1, 2], ""tfidf_normalize_numbers"": true}",2026-09-17T12:24:51
E1_BETO_MLM_EP025,frozen,participant,3,no_augmentation,GAD7,42,LightGBM,4.936438,False,models/mlm_beto/ep025,defaults,"{""augmentation"": ""no_augmentation"", ""beto_model"": ""dccuchile/bert-base-spanish-wwm-cased"", ""chunk_stride"": 256, ""max_tokens"": 512, ""n_cv_splits"": 5, ""n_search_iter"": 0, ""seeds"": [42], ""sentence_transformer_model"": ""intfloat/multilingual-e5-small"", ""tfidf_lemmatize"": true, ""tfidf_max_df"": 0.9, ""tfidf_max_features"": 300, ""tfidf_min_df"": 3, ""tfidf_ngram_range"": [1, 2], ""tfidf_normalize_numbers"": true}",2026-09-17T12:24:51
E1_BETO_MLM_EP025,frozen,participant,3,no_augmentation,GAD7,42,KNN,4.715499,False,models/mlm_beto/ep025,defaults,"{""augmentation"": ""no_augmentation"", ""beto_model"": ""dccuchile/bert-base-spanish-wwm-cased"", ""chunk_stride"": 256, ""max_tokens"": 512, ""n_cv_splits"": 5, ""n_search_iter"": 0, ""seeds"": [42], ""sentence_transformer_model"": ""intfloat/multilingual-e5-small"", ""tfidf_lemmatize"": true, ""tfidf_max_df"": 0.9, ""tfidf_max_features"": 300, ""tfidf_min_df"": 3, ""tfidf_ngram_range"": [1, 2], ""tfidf_normalize_numbers"": true}",2026-09-17T12:24:51
E1_BETO_MLM_EP025,frozen,participant,3,no_augmentation,GAD7,42,DecisionTree,6.645407,False,models/mlm_beto/ep025,defaults,"{""augmentation"": ""no_augmentation"", ""beto_model"": ""dccuchile/bert-base-spanish-wwm-cased"", ""chunk_stride"": 256, ""max_tokens"": 512, ""n_cv_splits"": 5, ""n_search_iter"": 0, ""seeds"": [42], ""sentence_transformer_model"": ""intfloat/multilingual-e5-small"", ""tfidf_lemmatize"": true, ""tfidf_max_df"": 0.9, ""tfidf_max_features"": 300, ""tfidf_min_df"": 3, ""tfidf_ngram_range"": [1, 2], ""tfidf_normalize_numbers"": true}",2026-09-17T12:24:51
E1_BETO_MLM_EP025,frozen,participant,3,no_augmentation,GAD7,42,AdaBoost,4.563493,False,models/mlm_beto/ep025,defaults,"{""augmentation"": ""no_augmentation"", ""beto_model"": ""dccuchile/bert-base-spanish-wwm-cased"", ""chunk_stride"": 256, ""max_tokens"": 512, ""n_cv_splits"": 5, ""n_search_iter"": 0, ""seeds"": [42], ""sentence_transformer_model"": ""intfloat/multilingual-e5-small"", ""tfidf_lemmatize"": true, ""tfidf_max_df"": 0.9, ""tfidf_max_features"": 300, ""tfidf_min_df"": 3, ""tfidf_ngram_range"": [1, 2], ""tfidf_normalize_numbers"": true}",2026-09-17T12:24:51
E1_BETO_MLM_MR_EP025,frozen,participant,3,no_augmentation,PHQ9,42,Ridge,6.397012,False,models/mlm_beto_mentalriskes/ep025,defaults,"{""augmentation"": ""no_augmentation"", ""beto_model"": ""dccuchile/bert-base-spanish-wwm-cased"", ""chunk_stride"": 256, ""max_tokens"": 512, ""n_cv_splits"": 5, ""n_search_iter"": 0, ""seeds"": [42], ""sentence_transformer_model"": ""intfloat/multilingual-e5-small"", ""tfidf_lemmatize"": true, ""tfidf_max_df"": 0.9, ""tfidf_max_features"": 300, ""tfidf_min_df"": 3, ""tfidf_ngram_range"": [1, 2], ""tfidf_normalize_numbers"": true}",2026-09-17T12:25:30
E1_BETO_MLM_MR_EP025,frozen,participant,3,no_augmentation,PHQ9,42,SVR,5.15157,True,models/mlm_beto_mentalriskes/ep025,defaults,"{""augmentation"": ""no_augmentation"", ""beto_model"": ""dccuchile/bert-base-spanish-wwm-cased"", ""chunk_stride"": 256, ""max_tokens"": 512, ""n_cv_splits"": 5, ""n_search_iter"": 0, ""seeds"": [42], ""sentence_transformer_model"": ""intfloat/multilingual-e5-small"", ""tfidf_lemmatize"": true, ""tfidf_max_df"": 0.9, ""tfidf_max_features"": 300, ""tfidf_min_df"": 3, ""tfidf_ngram_range"": [1, 2], ""tfidf_normalize_numbers"": true}",2026-09-17T12:25:30
E1_BETO_MLM_MR_EP025,frozen,participant,3,no_augmentation,PHQ9,42,RandomForest,5.318412,False,models/mlm_beto_mentalriskes/ep025,defaults,"{""augmentation"": ""no_augmentation"", ""beto_model"": ""dccuchile/bert-base-spanish-wwm-cased"", ""chunk_stride"": 256, ""max_tokens"": 512, ""n_cv_splits"": 5, ""n_search_iter"": 0, ""seeds"": [42], ""sentence_transformer_model"": ""intfloat/multilingual-e5-small"", ""tfidf_lemmatize"": true, ""tfidf_max_df"": 0.9, ""tfidf_max_features"": 300, ""tfidf_min_df"": 3, ""tfidf_ngram_range"": [1, 2], ""tfidf_normalize_numbers"": true}",2026-09-17T12:25:30
E1_BETO_MLM_MR_EP025,frozen,participant,3,no_augmentation,PHQ9,42,ExtraTrees,5.318675,False,models/mlm_beto_mentalriskes/ep025,defaults,"{""augmentation"": ""no_augmentation"", ""beto_model"": ""dccuchile/bert-base-spanish-wwm-cased"", ""chunk_stride"": 256, ""max_tokens"": 512, ""n_cv_splits"": 5, ""n_search_iter"": 0, ""seeds"": [42], ""sentence_transformer_model"": ""intfloat/multilingual-e5-small"", ""tfidf_lemmatize"": true, ""tfidf_max_df"": 0.9, ""tfidf_max_features"": 300, ""tfidf_min_df"": 3, ""tfidf_ngram_range"": [1, 2], ""tfidf_normalize_numbers"": true}",2026-09-17T12:25:30
E1_BETO_MLM_MR_EP025,frozen,participant,3,no_augmentation,PHQ9,42,GradientBoosting,5.551815,False,models/mlm_beto_mentalriskes/ep025,defaults,"{""augmentation"": ""no_augmentation"", ""beto_model"": ""dccuchile/bert-base-spanish-wwm-cased"", ""chunk_stride"": 256, ""max_tokens"": 512, ""n_cv_splits"": 5, ""n_search_iter"": 0, ""seeds"": [42], ""sentence_transformer_model"": ""intfloat/multilingual-e5-small"", ""tfidf_lemmatize"": true, ""tfidf_max_df"": 0.9, ""tfidf_max_features"": 300, ""tfidf_min_df"": 3, ""tfidf_ngram_range"": [1, 2], ""tfidf_normalize_numbers"": true}",2026-09-17T12:25:30
E1_BETO_MLM_MR_EP025,frozen,participant,3,no_augmentation,PHQ9,42,LightGBM,5.961581,False,models/mlm_beto_mentalriskes/ep025,defaults,"{""augmentation"": ""no_augmentation"", ""beto_model"": ""dccuchile/bert-base-spanish-wwm-cased"", ""chunk_stride"": 256, ""max_tokens"": 512, ""n_cv_splits"": 5, ""n_search_iter"": 0, ""seeds"": [42], ""sentence_transformer_model"": ""intfloat/multilingual-e5-small"", ""tfidf_lemmatize"": true, ""tfidf_max_df"": 0.9, ""tfidf_max_features"": 300, ""tfidf_min_df"": 3, ""tfidf_ngram_range"": [1, 2], ""tfidf_normalize_numbers"": true}",2026-09-17T12:25:30
E1_BETO_MLM_MR_EP025,frozen,participant,3,no_augmentation,PHQ9,42,KNN,5.414197,False,models/mlm_beto_mentalriskes/ep025,defaults,"{""augmentation"": ""no_augmentation"", ""beto_model"": ""dccuchile/bert-base-spanish-wwm-cased"", ""chunk_stride"": 256, ""max_tokens"": 512, ""n_cv_splits"": 5, ""n_search_iter"": 0, ""seeds"": [42], ""sentence_transformer_model"": ""intfloat/multilingual-e5-small"", ""tfidf_lemmatize"": true, ""tfidf_max_df"": 0.9, ""tfidf_max_features"": 300, ""tfidf_min_df"": 3, ""tfidf_ngram_range"": [1, 2], ""tfidf_normalize_numbers"": true}",2026-09-17T12:25:30
E1_BETO_MLM_MR_EP025,frozen,participant,3,no_augmentation,PHQ9,42,DecisionTree,7.251756,False,models/mlm_beto_mentalriskes/ep025,defaults,"{""augmentation"": ""no_augmentation"", ""beto_model"": ""dccuchile/bert-base-spanish-wwm-cased"", ""chunk_stride"": 256, ""max_tokens"": 512, ""n_cv_splits"": 5, ""n_search_iter"": 0, ""seeds"": [42], ""sentence_transformer_model"": ""intfloat/multilingual-e5-small"", ""tfidf_lemmatize"": true, ""tfidf_max_df"": 0.9, ""tfidf_max_features"": 300, ""tfidf_min_df"": 3, ""tfidf_ngram_range"": [1, 2], ""tfidf_normalize_numbers"": true}",2026-09-17T12:25:30
E1_BETO_MLM_MR_EP025,frozen,participant,3,no_augmentation,PHQ9,42,AdaBoost,5.445697,False,models/mlm_beto_mentalriskes/ep025,defaults,"{""augmentation"": ""no_augmentation"", ""beto_model"": ""dccuchile/bert-base-spanish-wwm-cased"", ""chunk_stride"": 256, ""max_tokens"": 512, ""n_cv_splits"": 5, ""n_search_iter"": 0, ""seeds"": [42], ""sentence_transformer_model"": ""intfloat/multilingual-e5-small"", ""tfidf_lemmatize"": true, ""tfidf_max_df"": 0.9, ""tfidf_max_features"": 300, ""tfidf_min_df"": 3, ""tfidf_ngram_range"": [1, 2], ""tfidf_normalize_numbers"": true}",2026-09-17T12:25:30
E1_BETO_MLM_MR_EP025,frozen,participant,3,no_augmentation,GAD7,42,Ridge,6.251356,False,models/mlm_beto_mentalriskes/ep025,defaults,"{""augmentation"": ""no_augmentation"", ""beto_model"": ""dccuchile/bert-base-spanish-wwm-cased"", ""chunk_stride"": 256, ""max_tokens"": 512, ""n_cv_splits"": 5, ""n_search_iter"": 0, ""seeds"": [42], ""sentence_transformer_model"": ""intfloat/multilingual-e5-small"", ""tfidf_lemmatize"": true, ""tfidf_max_df"": 0.9, ""tfidf_max_features"": 300, ""tfidf_min_df"": 3, ""tfidf_ngram_range"": [1, 2], ""tfidf_normalize_numbers"": true}",2026-09-17T12:26:07
E1_BETO_MLM_MR_EP025,frozen,participant,3,no_augmentation,GAD7,42,SVR,4.437659,True,models/mlm_beto_mentalriskes/ep025,defaults,"{""augmentation"": ""no_augmentation"", ""beto_model"": ""dccuchile/bert-base-spanish-wwm-cased"", ""chunk_stride"": 256, ""max_tokens"": 512, ""n_cv_splits"": 5, ""n_search_iter"": 0, ""seeds"": [42], ""sentence_transformer_model"": ""intfloat/multilingual-e5-small"", ""tfidf_lemmatize"": true, ""tfidf_max_df"": 0.9, ""tfidf_max_features"": 300, ""tfidf_min_df"": 3, ""tfidf_ngram_range"": [1, 2], ""tfidf_normalize_numbers"": true}",2026-09-17T12:26:07
E1_BETO_MLM_MR_EP025,frozen,participant,3,no_augmentation,GAD7,42,RandomForest,4.449776,False,models/mlm_beto_mentalriskes/ep025,defaults,"{""augmentation"": ""no_augmentation"", ""beto_model"": ""dccuchile/bert-base-spanish-wwm-cased"", ""chunk_stride"": 256, ""max_tokens"": 512, ""n_cv_splits"": 5, ""n_search_iter"": 0, ""seeds"": [42], ""sentence_transformer_model"": ""intfloat/multilingual-e5-small"", ""tfidf_lemmatize"": true, ""tfidf_max_df"": 0.9, ""tfidf_max_features"": 300, ""tfidf_min_df"": 3, ""tfidf_ngram_range"": [1, 2], ""tfidf_normalize_numbers"": true}",2026-09-17T12:26:07
E1_BETO_MLM_MR_EP025,frozen,participant,3,no_augmentation,GAD7,42,ExtraTrees,4.439191,False,models/mlm_beto_mentalriskes/ep025,defaults,"{""augmentation"": ""no_augmentation"", ""beto_model"": ""dccuchile/bert-base-spanish-wwm-cased"", ""chunk_stride"": 256, ""max_tokens"": 512, ""n_cv_splits"": 5, ""n_search_iter"": 0, ""seeds"": [42], ""sentence_transformer_model"": ""intfloat/multilingual-e5-small"", ""tfidf_lemmatize"": true, ""tfidf_max_df"": 0.9, ""tfidf_max_features"": 300, ""tfidf_min_df"": 3, ""tfidf_ngram_range"": [1, 2], ""tfidf_normalize_numbers"": true}",2026-09-17T12:26:07
E1_BETO_MLM_MR_EP025,frozen,participant,3,no_augmentation,GAD7,42,GradientBoosting,4.591762,False,models/mlm_beto_mentalriskes/ep025,defaults,"{""augmentation"": ""no_augmentation"", ""beto_model"": ""dccuchile/bert-base-spanish-wwm-cased"", ""chunk_stride"": 256, ""max_tokens"": 512, ""n_cv_splits"": 5, ""n_search_iter"": 0, ""seeds"": [42], ""sentence_transformer_model"": ""intfloat/multilingual-e5-small"", ""tfidf_lemmatize"": true, ""tfidf_max_df"": 0.9, ""tfidf_max_features"": 300, ""tfidf_min_df"": 3, ""tfidf_ngram_range"": [1, 2], ""tfidf_normalize_numbers"": true}",2026-09-17T12:26:07
E1_BETO_MLM_MR_EP025,frozen,participant,3,no_augmentation,GAD7,42,LightGBM,5.044841,False,models/mlm_beto_mentalriskes/ep025,defaults,"{""augmentation"": ""no_augmentation"", ""beto_model"": ""dccuchile/bert-base-spanish-wwm-cased"", ""chunk_stride"": 256, ""max_tokens"": 512, ""n_cv_splits"": 5, ""n_search_iter"": 0, ""seeds"": [42], ""sentence_transformer_model"": ""intfloat/multilingual-e5-small"", ""tfidf_lemmatize"": true, ""tfidf_max_df"": 0.9, ""tfidf_max_features"": 300, ""tfidf_min_df"": 3, ""tfidf_ngram_range"": [1, 2], ""tfidf_normalize_numbers"": true}",2026-09-17T12:26:07
E1_BETO_MLM_MR_EP025,frozen,participant,3,no_augmentation,GAD7,42,KNN,4.62297,False,models/mlm_beto_mentalriskes/ep025,defaults,"{""augmentation"": ""no_augmentation"", ""beto_model"": ""dccuchile/bert-base-spanish-wwm-cased"", ""chunk_stride"": 256, ""max_tokens"": 512, ""n_cv_splits"": 5, ""n_search_iter"": 0, ""seeds"": [42], ""sentence_transformer_model"": ""intfloat/multilingual-e5-small"", ""tfidf_lemmatize"": true, ""tfidf_max_df"": 0.9, ""tfidf_max_features"": 300, ""tfidf_min_df"": 3, ""tfidf_ngram_range"": [1, 2], ""tfidf_normalize_numbers"": true}",2026-09-17T12:26:07
E1_BETO_MLM_MR_EP025,frozen,participant,3,no_augmentation,GAD7,42,DecisionTree,6.094873,False,models/mlm_beto_mentalriskes/ep025,defaults,"{""augmentation"": ""no_augmentation"", ""beto_model"": ""dccuchile/bert-base-spanish-wwm-cased"", ""chunk_stride"": 256, ""max_tokens"": 512, ""n_cv_splits"": 5, ""n_search_iter"": 0, ""seeds"": [42], ""sentence_transformer_model"": ""intfloat/multilingual-e5-small"", ""tfidf_lemmatize"": true, ""tfidf_max_df"": 0.9, ""tfidf_max_features"": 300, ""tfidf_min_df"": 3, ""tfidf_ngram_range"": [1, 2], ""tfidf_normalize_numbers"": true}",2026-09-17T12:26:07
E1_BETO_MLM_MR_EP025,frozen,participant,3,no_augmentation,GAD7,42,AdaBoost,4.447988,False,models/mlm_beto_mentalriskes/ep025,defaults,"{""augmentation"": ""no_augmentation"", ""beto_model"": ""dccuchile/bert-base-spanish-wwm-cased"", ""chunk_stride"": 256, ""max_tokens"": 512, ""n_cv_splits"": 5, ""n_search_iter"": 0, ""seeds"": [42], ""sentence_transformer_model"": ""intfloat/multilingual-e5-small"", ""tfidf_lemmatize"": true, ""tfidf_max_df"": 0.9, ""tfidf_max_features"": 300, ""tfidf_min_df"": 3, ""tfidf_ngram_range"": [1, 2], ""tfidf_normalize_numbers"": true}",2026-09-17T12:26:07
E1_BETO_MLM_EP050,frozen,participant,3,no_augmentation,PHQ9,42,Ridge,6.841628,False,models/mlm_beto/ep050,defaults,"{""augmentation"": ""no_augmentation"", ""beto_model"": ""dccuchile/bert-base-spanish-wwm-cased"", ""chunk_stride"": 256, ""max_tokens"": 512, ""n_cv_splits"": 5, ""n_search_iter"": 0, ""seeds"": [42], ""sentence_transformer_model"": ""intfloat/multilingual-e5-small"", ""tfidf_lemmatize"": true, ""tfidf_max_df"": 0.9, ""tfidf_max_features"": 300, ""tfidf_min_df"": 3, ""tfidf_ngram_range"": [1, 2], ""tfidf_normalize_numbers"": true}",2026-09-17T12:26:46
E1_BETO_MLM_EP050,frozen,participant,3,no_augmentation,PHQ9,42,SVR,5.180503,True,models/mlm_beto/ep050,defaults,"{""augmentation"": ""no_augmentation"", ""beto_model"": ""dccuchile/bert-base-spanish-wwm-cased"", ""chunk_stride"": 256, ""max_tokens"": 512, ""n_cv_splits"": 5, ""n_search_iter"": 0, ""seeds"": [42], ""sentence_transformer_model"": ""intfloat/multilingual-e5-small"", ""tfidf_lemmatize"": true, ""tfidf_max_df"": 0.9, ""tfidf_max_features"": 300, ""tfidf_min_df"": 3, ""tfidf_ngram_range"": [1, 2], ""tfidf_normalize_numbers"": true}",2026-09-17T12:26:46
E1_BETO_MLM_EP050,frozen,participant,3,no_augmentation,PHQ9,42,RandomForest,5.330026,False,models/mlm_beto/ep050,defaults,"{""augmentation"": ""no_augmentation"", ""beto_model"": ""dccuchile/bert-base-spanish-wwm-cased"", ""chunk_stride"": 256, ""max_tokens"": 512, ""n_cv_splits"": 5, ""n_search_iter"": 0, ""seeds"": [42], ""sentence_transformer_model"": ""intfloat/multilingual-e5-small"", ""tfidf_lemmatize"": true, ""tfidf_max_df"": 0.9, ""tfidf_max_features"": 300, ""tfidf_min_df"": 3, ""tfidf_ngram_range"": [1, 2], ""tfidf_normalize_numbers"": true}",2026-09-17T12:26:46
E1_BETO_MLM_EP050,frozen,participant,3,no_augmentation,PHQ9,42,ExtraTrees,5.336702,False,models/mlm_beto/ep050,defaults,"{""augmentation"": ""no_augmentation"", ""beto_model"": ""dccuchile/bert-base-spanish-wwm-cased"", ""chunk_stride"": 256, ""max_tokens"": 512, ""n_cv_splits"": 5, ""n_search_iter"": 0, ""seeds"": [42], ""sentence_transformer_model"": ""intfloat/multilingual-e5-small"", ""tfidf_lemmatize"": true, ""tfidf_max_df"": 0.9, ""tfidf_max_features"": 300, ""tfidf_min_df"": 3, ""tfidf_ngram_range"": [1, 2], ""tfidf_normalize_numbers"": true}",2026-09-17T12:26:46
E1_BETO_MLM_EP050,frozen,participant,3,no_augmentation,PHQ9,42,GradientBoosting,5.337432,False,models/mlm_beto/ep050,defaults,"{""augmentation"": ""no_augmentation"", ""beto_model"": ""dccuchile/bert-base-spanish-wwm-cased"", ""chunk_stride"": 256, ""max_tokens"": 512, ""n_cv_splits"": 5, ""n_search_iter"": 0, ""seeds"": [42], ""sentence_transformer_model"": ""intfloat/multilingual-e5-small"", ""tfidf_lemmatize"": true, ""tfidf_max_df"": 0.9, ""tfidf_max_features"": 300, ""tfidf_min_df"": 3, ""tfidf_ngram_range"": [1, 2], ""tfidf_normalize_numbers"": true}",2026-09-17T12:26:46
E1_BETO_MLM_EP050,frozen,participant,3,no_augmentation,PHQ9,42,LightGBM,5.719263,False,models/mlm_beto/ep050,defaults,"{""augmentation"": ""no_augmentation"", ""beto_model"": ""dccuchile/bert-base-spanish-wwm-cased"", ""chunk_stride"": 256, ""max_tokens"": 512, ""n_cv_splits"": 5, ""n_search_iter"": 0, ""seeds"": [42], ""sentence_transformer_model"": ""intfloat/multilingual-e5-small"", ""tfidf_lemmatize"": true, ""tfidf_max_df"": 0.9, ""tfidf_max_features"": 300, ""tfidf_min_df"": 3, ""tfidf_ngram_range"": [1, 2], ""tfidf_normalize_numbers"": true}",2026-09-17T12:26:46
E1_BETO_MLM_EP050,frozen,participant,3,no_augmentation,PHQ9,42,KNN,5.471353,False,models/mlm_beto/ep050,defaults,"{""augmentation"": ""no_augmentation"", ""beto_model"": ""dccuchile/bert-base-spanish-wwm-cased"", ""chunk_stride"": 256, ""max_tokens"": 512, ""n_cv_splits"": 5, ""n_search_iter"": 0, ""seeds"": [42], ""sentence_transformer_model"": ""intfloat/multilingual-e5-small"", ""tfidf_lemmatize"": true, ""tfidf_max_df"": 0.9, ""tfidf_max_features"": 300, ""tfidf_min_df"": 3, ""tfidf_ngram_range"": [1, 2], ""tfidf_normalize_numbers"": true}",2026-09-17T12:26:46
E1_BETO_MLM_EP050,frozen,participant,3,no_augmentation,PHQ9,42,DecisionTree,7.170254,False,models/mlm_beto/ep050,defaults,"{""augmentation"": ""no_augmentation"", ""beto_model"": ""dccuchile/bert-base-spanish-wwm-cased"", ""chunk_stride"": 256, ""max_tokens"": 512, ""n_cv_splits"": 5, ""n_search_iter"": 0, ""seeds"": [42], ""sentence_transformer_model"": ""intfloat/multilingual-e5-small"", ""tfidf_lemmatize"": true, ""tfidf_max_df"": 0.9, ""tfidf_max_features"": 300, ""tfidf_min_df"": 3, ""tfidf_ngram_range"": [1, 2], ""tfidf_normalize_numbers"": true}",2026-09-17T12:26:46
E1_BETO_MLM_EP050,frozen,participant,3,no_augmentation,PHQ9,42,AdaBoost,5.381117,False,models/mlm_beto/ep050,defaults,"{""augmentation"": ""no_augmentation"", ""beto_model"": ""dccuchile/bert-base-spanish-wwm-cased"", ""chunk_stride"": 256, ""max_tokens"": 512, ""n_cv_splits"": 5, ""n_search_iter"": 0, ""seeds"": [42], ""sentence_transformer_model"": ""intfloat/multilingual-e5-small"", ""tfidf_lemmatize"": true, ""tfidf_max_df"": 0.9, ""tfidf_max_features"": 300, ""tfidf_min_df"": 3, ""tfidf_ngram_range"": [1, 2], ""tfidf_normalize_numbers"": true}",2026-09-17T12:26:46
E1_BETO_MLM_EP050,frozen,participant,3,no_augmentation,GAD7,42,Ridge,6.179476,False,models/mlm_beto/ep050,defaults,"{""augmentation"": ""no_augmentation"", ""beto_model"": ""dccuchile/bert-base-spanish-wwm-cased"", ""chunk_stride"": 256, ""max_tokens"": 512, ""n_cv_splits"": 5, ""n_search_iter"": 0, ""seeds"": [42], ""sentence_transformer_model"": ""intfloat/multilingual-e5-small"", ""tfidf_lemmatize"": true, ""tfidf_max_df"": 0.9, ""tfidf_max_features"": 300, ""tfidf_min_df"": 3, ""tfidf_ngram_range"": [1, 2], ""tfidf_normalize_numbers"": true}",2026-09-17T12:27:24
E1_BETO_MLM_EP050,frozen,participant,3,no_augmentation,GAD7,42,SVR,4.446621,False,models/mlm_beto/ep050,defaults,"{""augmentation"": ""no_augmentation"", ""beto_model"": ""dccuchile/bert-base-spanish-wwm-cased"", ""chunk_stride"": 256, ""max_tokens"": 512, ""n_cv_splits"": 5, ""n_search_iter"": 0, ""seeds"": [42], ""sentence_transformer_model"": ""intfloat/multilingual-e5-small"", ""tfidf_lemmatize"": true, ""tfidf_max_df"": 0.9, ""tfidf_max_features"": 300, ""tfidf_min_df"": 3, ""tfidf_ngram_range"": [1, 2], ""tfidf_normalize_numbers"": true}",2026-09-17T12:27:24
E1_BETO_MLM_EP050,frozen,participant,3,no_augmentation,GAD7,42,RandomForest,4.433208,False,models/mlm_beto/ep050,defaults,"{""augmentation"": ""no_augmentation"", ""beto_model"": ""dccuchile/bert-base-spanish-wwm-cased"", ""chunk_stride"": 256, ""max_tokens"": 512, ""n_cv_splits"": 5, ""n_search_iter"": 0, ""seeds"": [42], ""sentence_transformer_model"": ""intfloat/multilingual-e5-small"", ""tfidf_lemmatize"": true, ""tfidf_max_df"": 0.9, ""tfidf_max_features"": 300, ""tfidf_min_df"": 3, ""tfidf_ngram_range"": [1, 2], ""tfidf_normalize_numbers"": true}",2026-09-17T12:27:24
E1_BETO_MLM_EP050,frozen,participant,3,no_augmentation,GAD7,42,ExtraTrees,4.433821,False,models/mlm_beto/ep050,defaults,"{""augmentation"": ""no_augmentation"", ""beto_model"": ""dccuchile/bert-base-spanish-wwm-cased"", ""chunk_stride"": 256, ""max_tokens"": 512, ""n_cv_splits"": 5, ""n_search_iter"": 0, ""seeds"": [42], ""sentence_transformer_model"": ""intfloat/multilingual-e5-small"", ""tfidf_lemmatize"": true, ""tfidf_max_df"": 0.9, ""tfidf_max_features"": 300, ""tfidf_min_df"": 3, ""tfidf_ngram_range"": [1, 2], ""tfidf_normalize_numbers"": true}",2026-09-17T12:27:24
E1_BETO_MLM_EP050,frozen,participant,3,no_augmentation,GAD7,42,GradientBoosting,4.541444,False,models/mlm_beto/ep050,defaults,"{""augmentation"": ""no_augmentation"", ""beto_model"": ""dccuchile/bert-base-spanish-wwm-cased"", ""chunk_stride"": 256, ""max_tokens"": 512, ""n_cv_splits"": 5, ""n_search_iter"": 0, ""seeds"": [42], ""sentence_transformer_model"": ""intfloat/multilingual-e5-small"", ""tfidf_lemmatize"": true, ""tfidf_max_df"": 0.9, ""tfidf_max_features"": 300, ""tfidf_min_df"": 3, ""tfidf_ngram_range"": [1, 2], ""tfidf_normalize_numbers"": true}",2026-09-17T12:27:24
E1_BETO_MLM_EP050,frozen,participant,3,no_augmentation,GAD7,42,LightGBM,4.654531,False,models/mlm_beto/ep050,defaults,"{""augmentation"": ""no_augmentation"", ""beto_model"": ""dccuchile/bert-base-spanish-wwm-cased"", ""chunk_stride"": 256, ""max_tokens"": 512, ""n_cv_splits"": 5, ""n_search_iter"": 0, ""seeds"": [42], ""sentence_transformer_model"": ""intfloat/multilingual-e5-small"", ""tfidf_lemmatize"": true, ""tfidf_max_df"": 0.9, ""tfidf_max_features"": 300, ""tfidf_min_df"": 3, ""tfidf_ngram_range"": [1, 2], ""tfidf_normalize_numbers"": true}",2026-09-17T12:27:24
E1_BETO_MLM_EP050,frozen,participant,3,no_augmentation,GAD7,42,KNN,4.609409,False,models/mlm_beto/ep050,defaults,"{""augmentation"": ""no_augmentation"", ""beto_model"": ""dccuchile/bert-base-spanish-wwm-cased"", ""chunk_stride"": 256, ""max_tokens"": 512, ""n_cv_splits"": 5, ""n_search_iter"": 0, ""seeds"": [42], ""sentence_transformer_model"": ""intfloat/multilingual-e5-small"", ""tfidf_lemmatize"": true, ""tfidf_max_df"": 0.9, ""tfidf_max_features"": 300, ""tfidf_min_df"": 3, ""tfidf_ngram_range"": [1, 2], ""tfidf_normalize_numbers"": true}",2026-09-17T12:27:24
E1_BETO_MLM_EP050,frozen,participant,3,no_augmentation,GAD7,42,DecisionTree,6.08049,False,models/mlm_beto/ep050,defaults,"{""augmentation"": ""no_augmentation"", ""beto_model"": ""dccuchile/bert-base-spanish-wwm-cased"", ""chunk_stride"": 256, ""max_tokens"": 512, ""n_cv_splits"": 5, ""n_search_iter"": 0, ""seeds"": [42], ""sentence_transformer_model"": ""intfloat/multilingual-e5-small"", ""tfidf_lemmatize"": true, ""tfidf_max_df"": 0.9, ""tfidf_max_features"": 300, ""tfidf_min_df"": 3, ""tfidf_ngram_range"": [1, 2], ""tfidf_normalize_numbers"": true}",2026-09-17T12:27:24
E1_BETO_MLM_EP050,frozen,participant,3,no_augmentation,GAD7,42,AdaBoost,4.388639,True,models/mlm_beto/ep050,defaults,"{""augmentation"": ""no_augmentation"", ""beto_model"": ""dccuchile/bert-base-spanish-wwm-cased"", ""chunk_stride"": 256, ""max_tokens"": 512, ""n_cv_splits"": 5, ""n_search_iter"": 0, ""seeds"": [42], ""sentence_transformer_model"": ""intfloat/multilingual-e5-small"", ""tfidf_lemmatize"": true, ""tfidf_max_df"": 0.9, ""tfidf_max_features"": 300, ""tfidf_min_df"": 3, ""tfidf_ngram_range"": [1, 2], ""tfidf_normalize_numbers"": true}",2026-09-17T12:27:24
E1_BETO_MLM_MR_EP050,frozen,participant,3,no_augmentation,PHQ9,42,Ridge,5.97533,False,models/mlm_beto_mentalriskes/ep050,defaults,"{""augmentation"": ""no_augmentation"", ""beto_model"": ""dccuchile/bert-base-spanish-wwm-cased"", ""chunk_stride"": 256, ""max_tokens"": 512, ""n_cv_splits"": 5, ""n_search_iter"": 0, ""seeds"": [42], ""sentence_transformer_model"": ""intfloat/multilingual-e5-small"", ""tfidf_lemmatize"": true, ""tfidf_max_df"": 0.9, ""tfidf_max_features"": 300, ""tfidf_min_df"": 3, ""tfidf_ngram_range"": [1, 2], ""tfidf_normalize_numbers"": true}",2026-09-17T12:28:02
E1_BETO_MLM_MR_EP050,frozen,participant,3,no_augmentation,PHQ9,42,SVR,5.143314,True,models/mlm_beto_mentalriskes/ep050,defaults,"{""augmentation"": ""no_augmentation"", ""beto_model"": ""dccuchile/bert-base-spanish-wwm-cased"", ""chunk_stride"": 256, ""max_tokens"": 512, ""n_cv_splits"": 5, ""n_search_iter"": 0, ""seeds"": [42], ""sentence_transformer_model"": ""intfloat/multilingual-e5-small"", ""tfidf_lemmatize"": true, ""tfidf_max_df"": 0.9, ""tfidf_max_features"": 300, ""tfidf_min_df"": 3, ""tfidf_ngram_range"": [1, 2], ""tfidf_normalize_numbers"": true}",2026-09-17T12:28:02
E1_BETO_MLM_MR_EP050,frozen,participant,3,no_augmentation,PHQ9,42,RandomForest,5.322971,False,models/mlm_beto_mentalriskes/ep050,defaults,"{""augmentation"": ""no_augmentation"", ""beto_model"": ""dccuchile/bert-base-spanish-wwm-cased"", ""chunk_stride"": 256, ""max_tokens"": 512, ""n_cv_splits"": 5, ""n_search_iter"": 0, ""seeds"": [42], ""sentence_transformer_model"": ""intfloat/multilingual-e5-small"", ""tfidf_lemmatize"": true, ""tfidf_max_df"": 0.9, ""tfidf_max_features"": 300, ""tfidf_min_df"": 3, ""tfidf_ngram_range"": [1, 2], ""tfidf_normalize_numbers"": true}",2026-09-17T12:28:02
E1_BETO_MLM_MR_EP050,frozen,participant,3,no_augmentation,PHQ9,42,ExtraTrees,5.269648,False,models/mlm_beto_mentalriskes/ep050,defaults,"{""augmentation"": ""no_augmentation"", ""beto_model"": ""dccuchile/bert-base-spanish-wwm-cased"", ""chunk_stride"": 256, ""max_tokens"": 512, ""n_cv_splits"": 5, ""n_search_iter"": 0, ""seeds"": [42], ""sentence_transformer_model"": ""intfloat/multilingual-e5-small"", ""tfidf_lemmatize"": true, ""tfidf_max_df"": 0.9, ""tfidf_max_features"": 300, ""tfidf_min_df"": 3, ""tfidf_ngram_range"": [1, 2], ""tfidf_normalize_numbers"": true}",2026-09-17T12:28:02
E1_BETO_MLM_MR_EP050,frozen,participant,3,no_augmentation,PHQ9,42,GradientBoosting,5.440328,False,models/mlm_beto_mentalriskes/ep050,defaults,"{""augmentation"": ""no_augmentation"", ""beto_model"": ""dccuchile/bert-base-spanish-wwm-cased"", ""chunk_stride"": 256, ""max_tokens"": 512, ""n_cv_splits"": 5, ""n_search_iter"": 0, ""seeds"": [42], ""sentence_transformer_model"": ""intfloat/multilingual-e5-small"", ""tfidf_lemmatize"": true, ""tfidf_max_df"": 0.9, ""tfidf_max_features"": 300, ""tfidf_min_df"": 3, ""tfidf_ngram_range"": [1, 2], ""tfidf_normalize_numbers"": true}",2026-09-17T12:28:02
E1_BETO_MLM_MR_EP050,frozen,participant,3,no_augmentation,PHQ9,42,LightGBM,5.30329,False,models/mlm_beto_mentalriskes/ep050,defaults,"{""augmentation"": ""no_augmentation"", ""beto_model"": ""dccuchile/bert-base-spanish-wwm-cased"", ""chunk_stride"": 256, ""max_tokens"": 512, ""n_cv_splits"": 5, ""n_search_iter"": 0, ""seeds"": [42], ""sentence_transformer_model"": ""intfloat/multilingual-e5-small"", ""tfidf_lemmatize"": true, ""tfidf_max_df"": 0.9, ""tfidf_max_features"": 300, ""tfidf_min_df"": 3, ""tfidf_ngram_range"": [1, 2], ""tfidf_normalize_numbers"": true}",2026-09-17T12:28:02
E1_BETO_MLM_MR_EP050,frozen,participant,3,no_augmentation,PHQ9,42,KNN,5.543121,False,models/mlm_beto_mentalriskes/ep050,defaults,"{""augmentation"": ""no_augmentation"", ""beto_model"": ""dccuchile/bert-base-spanish-wwm-cased"", ""chunk_stride"": 256, ""max_tokens"": 512, ""n_cv_splits"": 5, ""n_search_iter"": 0, ""seeds"": [42], ""sentence_transformer_model"": ""intfloat/multilingual-e5-small"", ""tfidf_lemmatize"": true, ""tfidf_max_df"": 0.9, ""tfidf_max_features"": 300, ""tfidf_min_df"": 3, ""tfidf_ngram_range"": [1, 2], ""tfidf_normalize_numbers"": true}",2026-09-17T12:28:02
E1_BETO_MLM_MR_EP050,frozen,participant,3,no_augmentation,PHQ9,42,DecisionTree,7.307569,False,models/mlm_beto_mentalriskes/ep050,defaults,"{""augmentation"": ""no_augmentation"", ""beto_model"": ""dccuchile/bert-base-spanish-wwm-cased"", ""chunk_stride"": 256, ""max_tokens"": 512, ""n_cv_splits"": 5, ""n_search_iter"": 0, ""seeds"": [42], ""sentence_transformer_model"": ""intfloat/multilingual-e5-small"", ""tfidf_lemmatize"": true, ""tfidf_max_df"": 0.9, ""tfidf_max_features"": 300, ""tfidf_min_df"": 3, ""tfidf_ngram_range"": [1, 2], ""tfidf_normalize_numbers"": true}",2026-09-17T12:28:02
E1_BETO_MLM_MR_EP050,frozen,participant,3,no_augmentation,PHQ9,42,AdaBoost,5.445493,False,models/mlm_beto_mentalriskes/ep050,defaults,"{""augmentation"": ""no_augmentation"", ""beto_model"": ""dccuchile/bert-base-spanish-wwm-cased"", ""chunk_stride"": 256, ""max_tokens"": 512, ""n_cv_splits"": 5, ""n_search_iter"": 0, ""seeds"": [42], ""sentence_transformer_model"": ""intfloat/multilingual-e5-small"", ""tfidf_lemmatize"": true, ""tfidf_max_df"": 0.9, ""tfidf_max_features"": 300, ""tfidf_min_df"": 3, ""tfidf_ngram_range"": [1, 2], ""tfidf_normalize_numbers"": true}",2026-09-17T12:28:02
E1_BETO_MLM_MR_EP050,frozen,participant,3,no_augmentation,GAD7,42,Ridge,5.792123,False,models/mlm_beto_mentalriskes/ep050,defaults,"{""augmentation"": ""no_augmentation"", ""beto_model"": ""dccuchile/bert-base-spanish-wwm-cased"", ""chunk_stride"": 256, ""max_tokens"": 512, ""n_cv_splits"": 5, ""n_search_iter"": 0, ""seeds"": [42], ""sentence_transformer_model"": ""intfloat/multilingual-e5-small"", ""tfidf_lemmatize"": true, ""tfidf_max_df"": 0.9, ""tfidf_max_features"": 300, ""tfidf_min_df"": 3, ""tfidf_ngram_range"": [1, 2], ""tfidf_normalize_numbers"": true}",2026-09-17T12:28:40
E1_BETO_MLM_MR_EP050,frozen,participant,3,no_augmentation,GAD7,42,SVR,4.373781,False,models/mlm_beto_mentalriskes/ep050,defaults,"{""augmentation"": ""no_augmentation"", ""beto_model"": ""dccuchile/bert-base-spanish-wwm-cased"", ""chunk_stride"": 256, ""max_tokens"": 512, ""n_cv_splits"": 5, ""n_search_iter"": 0, ""seeds"": [42], ""sentence_transformer_model"": ""intfloat/multilingual-e5-small"", ""tfidf_lemmatize"": true, ""tfidf_max_df"": 0.9, ""tfidf_max_features"": 300, ""tfidf_min_df"": 3, ""tfidf_ngram_range"": [1, 2], ""tfidf_normalize_numbers"": true}",2026-09-17T12:28:40
E1_BETO_MLM_MR_EP050,frozen,participant,3,no_augmentation,GAD7,42,RandomForest,4.407115,False,models/mlm_beto_mentalriskes/ep050,defaults,"{""augmentation"": ""no_augmentation"", ""beto_model"": ""dccuchile/bert-base-spanish-wwm-cased"", ""chunk_stride"": 256, ""max_tokens"": 512, ""n_cv_splits"": 5, ""n_search_iter"": 0, ""seeds"": [42], ""sentence_transformer_model"": ""intfloat/multilingual-e5-small"", ""tfidf_lemmatize"": true, ""tfidf_max_df"": 0.9, ""tfidf_max_features"": 300, ""tfidf_min_df"": 3, ""tfidf_ngram_range"": [1, 2], ""tfidf_normalize_numbers"": true}",2026-09-17T12:28:40
E1_BETO_MLM_MR_EP050,frozen,participant,3,no_augmentation,GAD7,42,ExtraTrees,4.361335,True,models/mlm_beto_mentalriskes/ep050,defaults,"{""augmentation"": ""no_augmentation"", ""beto_model"": ""dccuchile/bert-base-spanish-wwm-cased"", ""chunk_stride"": 256, ""max_tokens"": 512, ""n_cv_splits"": 5, ""n_search_iter"": 0, ""seeds"": [42], ""sentence_transformer_model"": ""intfloat/multilingual-e5-small"", ""tfidf_lemmatize"": true, ""tfidf_max_df"": 0.9, ""tfidf_max_features"": 300, ""tfidf_min_df"": 3, ""tfidf_ngram_range"": [1, 2], ""tfidf_normalize_numbers"": true}",2026-09-17T12:28:40
E1_BETO_MLM_MR_EP050,frozen,participant,3,no_augmentation,GAD7,42,GradientBoosting,4.415478,False,models/mlm_beto_mentalriskes/ep050,defaults,"{""augmentation"": ""no_augmentation"", ""beto_model"": ""dccuchile/bert-base-spanish-wwm-cased"", ""chunk_stride"": 256, ""max_tokens"": 512, ""n_cv_splits"": 5, ""n_search_iter"": 0, ""seeds"": [42], ""sentence_transformer_model"": ""intfloat/multilingual-e5-small"", ""tfidf_lemmatize"": true, ""tfidf_max_df"": 0.9, ""tfidf_max_features"": 300, ""tfidf_min_df"": 3, ""tfidf_ngram_range"": [1, 2], ""tfidf_normalize_numbers"": true}",2026-09-17T12:28:40
E1_BETO_MLM_MR_EP050,frozen,participant,3,no_augmentation,GAD7,42,LightGBM,4.472236,False,models/mlm_beto_mentalriskes/ep050,defaults,"{""augmentation"": ""no_augmentation"", ""beto_model"": ""dccuchile/bert-base-spanish-wwm-cased"", ""chunk_stride"": 256, ""max_tokens"": 512, ""n_cv_splits"": 5, ""n_search_iter"": 0, ""seeds"": [42], ""sentence_transformer_model"": ""intfloat/multilingual-e5-small"", ""tfidf_lemmatize"": true, ""tfidf_max_df"": 0.9, ""tfidf_max_features"": 300, ""tfidf_min_df"": 3, ""tfidf_ngram_range"": [1, 2], ""tfidf_normalize_numbers"": true}",2026-09-17T12:28:40
E1_BETO_MLM_MR_EP050,frozen,participant,3,no_augmentation,GAD7,42,KNN,4.57289,False,models/mlm_beto_mentalriskes/ep050,defaults,"{""augmentation"": ""no_augmentation"", ""beto_model"": ""dccuchile/bert-base-spanish-wwm-cased"", ""chunk_stride"": 256, ""max_tokens"": 512, ""n_cv_splits"": 5, ""n_search_iter"": 0, ""seeds"": [42], ""sentence_transformer_model"": ""intfloat/multilingual-e5-small"", ""tfidf_lemmatize"": true, ""tfidf_max_df"": 0.9, ""tfidf_max_features"": 300, ""tfidf_min_df"": 3, ""tfidf_ngram_range"": [1, 2], ""tfidf_normalize_numbers"": true}",2026-09-17T12:28:40
E1_BETO_MLM_MR_EP050,frozen,participant,3,no_augmentation,GAD7,42,DecisionTree,5.638709,False,models/mlm_beto_mentalriskes/ep050,defaults,"{""augmentation"": ""no_augmentation"", ""beto_model"": ""dccuchile/bert-base-spanish-wwm-cased"", ""chunk_stride"": 256, ""max_tokens"": 512, ""n_cv_splits"": 5, ""n_search_iter"": 0, ""seeds"": [42], ""sentence_transformer_model"": ""intfloat/multilingual-e5-small"", ""tfidf_lemmatize"": true, ""tfidf_max_df"": 0.9, ""tfidf_max_features"": 300, ""tfidf_min_df"": 3, ""tfidf_ngram_range"": [1, 2], ""tfidf_normalize_numbers"": true}",2026-09-17T12:28:40
E1_BETO_MLM_MR_EP050,frozen,participant,3,no_augmentation,GAD7,42,AdaBoost,4.461933,False,models/mlm_beto_mentalriskes/ep050,defaults,"{""augmentation"": ""no_augmentation"", ""beto_model"": ""dccuchile/bert-base-spanish-wwm-cased"", ""chunk_stride"": 256, ""max_tokens"": 512, ""n_cv_splits"": 5, ""n_search_iter"": 0, ""seeds"": [42], ""sentence_transformer_model"": ""intfloat/multilingual-e5-small"", ""tfidf_lemmatize"": true, ""tfidf_max_df"": 0.9, ""tfidf_max_features"": 300, ""tfidf_min_df"": 3, ""tfidf_ngram_range"": [1, 2], ""tfidf_normalize_numbers"": true}",2026-09-17T12:28:40
E1_BETO_MLM_EP100,frozen,participant,3,no_augmentation,PHQ9,42,Ridge,6.646837,False,models/mlm_beto/ep100,defaults,"{""augmentation"": ""no_augmentation"", ""beto_model"": ""dccuchile/bert-base-spanish-wwm-cased"", ""chunk_stride"": 256, ""max_tokens"": 512, ""n_cv_splits"": 5, ""n_search_iter"": 0, ""seeds"": [42], ""sentence_transformer_model"": ""intfloat/multilingual-e5-small"", ""tfidf_lemmatize"": true, ""tfidf_max_df"": 0.9, ""tfidf_max_features"": 300, ""tfidf_min_df"": 3, ""tfidf_ngram_range"": [1, 2], ""tfidf_normalize_numbers"": true}",2026-09-17T12:29:18
E1_BETO_MLM_EP100,frozen,participant,3,no_augmentation,PHQ9,42,SVR,5.233248,True,models/mlm_beto/ep100,defaults,"{""augmentation"": ""no_augmentation"", ""beto_model"": ""dccuchile/bert-base-spanish-wwm-cased"", ""chunk_stride"": 256, ""max_tokens"": 512, ""n_cv_splits"": 5, ""n_search_iter"": 0, ""seeds"": [42], ""sentence_transformer_model"": ""intfloat/multilingual-e5-small"", ""tfidf_lemmatize"": true, ""tfidf_max_df"": 0.9, ""tfidf_max_features"": 300, ""tfidf_min_df"": 3, ""tfidf_ngram_range"": [1, 2], ""tfidf_normalize_numbers"": true}",2026-09-17T12:29:18
E1_BETO_MLM_EP100,frozen,participant,3,no_augmentation,PHQ9,42,RandomForest,5.34034,False,models/mlm_beto/ep100,defaults,"{""augmentation"": ""no_augmentation"", ""beto_model"": ""dccuchile/bert-base-spanish-wwm-cased"", ""chunk_stride"": 256, ""max_tokens"": 512, ""n_cv_splits"": 5, ""n_search_iter"": 0, ""seeds"": [42], ""sentence_transformer_model"": ""intfloat/multilingual-e5-small"", ""tfidf_lemmatize"": true, ""tfidf_max_df"": 0.9, ""tfidf_max_features"": 300, ""tfidf_min_df"": 3, ""tfidf_ngram_range"": [1, 2], ""tfidf_normalize_numbers"": true}",2026-09-17T12:29:18
E1_BETO_MLM_EP100,frozen,participant,3,no_augmentation,PHQ9,42,ExtraTrees,5.371271,False,models/mlm_beto/ep100,defaults,"{""augmentation"": ""no_augmentation"", ""beto_model"": ""dccuchile/bert-base-spanish-wwm-cased"", ""chunk_stride"": 256, ""max_tokens"": 512, ""n_cv_splits"": 5, ""n_search_iter"": 0, ""seeds"": [42], ""sentence_transformer_model"": ""intfloat/multilingual-e5-small"", ""tfidf_lemmatize"": true, ""tfidf_max_df"": 0.9, ""tfidf_max_features"": 300, ""tfidf_min_df"": 3, ""tfidf_ngram_range"": [1, 2], ""tfidf_normalize_numbers"": true}",2026-09-17T12:29:18
E1_BETO_MLM_EP100,frozen,participant,3,no_augmentation,PHQ9,42,GradientBoosting,5.678602,False,models/mlm_beto/ep100,defaults,"{""augmentation"": ""no_augmentation"", ""beto_model"": ""dccuchile/bert-base-spanish-wwm-cased"", ""chunk_stride"": 256, ""max_tokens"": 512, ""n_cv_splits"": 5, ""n_search_iter"": 0, ""seeds"": [42], ""sentence_transformer_model"": ""intfloat/multilingual-e5-small"", ""tfidf_lemmatize"": true, ""tfidf_max_df"": 0.9, ""tfidf_max_features"": 300, ""tfidf_min_df"": 3, ""tfidf_ngram_range"": [1, 2], ""tfidf_normalize_numbers"": true}",2026-09-17T12:29:18
E1_BETO_MLM_EP100,frozen,participant,3,no_augmentation,PHQ9,42,LightGBM,5.435717,False,models/mlm_beto/ep100,defaults,"{""augmentation"": ""no_augmentation"", ""beto_model"": ""dccuchile/bert-base-spanish-wwm-cased"", ""chunk_stride"": 256, ""max_tokens"": 512, ""n_cv_splits"": 5, ""n_search_iter"": 0, ""seeds"": [42], ""sentence_transformer_model"": ""intfloat/multilingual-e5-small"", ""tfidf_lemmatize"": true, ""tfidf_max_df"": 0.9, ""tfidf_max_features"": 300, ""tfidf_min_df"": 3, ""tfidf_ngram_range"": [1, 2], ""tfidf_normalize_numbers"": true}",2026-09-17T12:29:18
E1_BETO_MLM_EP100,frozen,participant,3,no_augmentation,PHQ9,42,KNN,5.622006,False,models/mlm_beto/ep100,defaults,"{""augmentation"": ""no_augmentation"", ""beto_model"": ""dccuchile/bert-base-spanish-wwm-cased"", ""chunk_stride"": 256, ""max_tokens"": 512, ""n_cv_splits"": 5, ""n_search_iter"": 0, ""seeds"": [42], ""sentence_transformer_model"": ""intfloat/multilingual-e5-small"", ""tfidf_lemmatize"": true, ""tfidf_max_df"": 0.9, ""tfidf_max_features"": 300, ""tfidf_min_df"": 3, ""tfidf_ngram_range"": [1, 2], ""tfidf_normalize_numbers"": true}",2026-09-17T12:29:18
E1_BETO_MLM_EP100,frozen,participant,3,no_augmentation,PHQ9,42,DecisionTree,7.468874,False,models/mlm_beto/ep100,defaults,"{""augmentation"": ""no_augmentation"", ""beto_model"": ""dccuchile/bert-base-spanish-wwm-cased"", ""chunk_stride"": 256, ""max_tokens"": 512, ""n_cv_splits"": 5, ""n_search_iter"": 0, ""seeds"": [42], ""sentence_transformer_model"": ""intfloat/multilingual-e5-small"", ""tfidf_lemmatize"": true, ""tfidf_max_df"": 0.9, ""tfidf_max_features"": 300, ""tfidf_min_df"": 3, ""tfidf_ngram_range"": [1, 2], ""tfidf_normalize_numbers"": true}",2026-09-17T12:29:18
E1_BETO_MLM_EP100,frozen,participant,3,no_augmentation,PHQ9,42,AdaBoost,5.470802,False,models/mlm_beto/ep100,defaults,"{""augmentation"": ""no_augmentation"", ""beto_model"": ""dccuchile/bert-base-spanish-wwm-cased"", ""chunk_stride"": 256, ""max_tokens"": 512, ""n_cv_splits"": 5, ""n_search_iter"": 0, ""seeds"": [42], ""sentence_transformer_model"": ""intfloat/multilingual-e5-small"", ""tfidf_lemmatize"": true, ""tfidf_max_df"": 0.9, ""tfidf_max_features"": 300, ""tfidf_min_df"": 3, ""tfidf_ngram_range"": [1, 2], ""tfidf_normalize_numbers"": true}",2026-09-17T12:29:18
E1_BETO_MLM_EP100,frozen,participant,3,no_augmentation,GAD7,42,Ridge,5.964302,False,models/mlm_beto/ep100,defaults,"{""augmentation"": ""no_augmentation"", ""beto_model"": ""dccuchile/bert-base-spanish-wwm-cased"", ""chunk_stride"": 256, ""max_tokens"": 512, ""n_cv_splits"": 5, ""n_search_iter"": 0, ""seeds"": [42], ""sentence_transformer_model"": ""intfloat/multilingual-e5-small"", ""tfidf_lemmatize"": true, ""tfidf_max_df"": 0.9, ""tfidf_max_features"": 300, ""tfidf_min_df"": 3, ""tfidf_ngram_range"": [1, 2], ""tfidf_normalize_numbers"": true}",2026-09-17T12:29:55
E1_BETO_MLM_EP100,frozen,participant,3,no_augmentation,GAD7,42,SVR,4.495119,False,models/mlm_beto/ep100,defaults,"{""augmentation"": ""no_augmentation"", ""beto_model"": ""dccuchile/bert-base-spanish-wwm-cased"", ""chunk_stride"": 256, ""max_tokens"": 512, ""n_cv_splits"": 5, ""n_search_iter"": 0, ""seeds"": [42], ""sentence_transformer_model"": ""intfloat/multilingual-e5-small"", ""tfidf_lemmatize"": true, ""tfidf_max_df"": 0.9, ""tfidf_max_features"": 300, ""tfidf_min_df"": 3, ""tfidf_ngram_range"": [1, 2], ""tfidf_normalize_numbers"": true}",2026-09-17T12:29:55
E1_BETO_MLM_EP100,frozen,participant,3,no_augmentation,GAD7,42,RandomForest,4.444182,False,models/mlm_beto/ep100,defaults,"{""augmentation"": ""no_augmentation"", ""beto_model"": ""dccuchile/bert-base-spanish-wwm-cased"", ""chunk_stride"": 256, ""max_tokens"": 512, ""n_cv_splits"": 5, ""n_search_iter"": 0, ""seeds"": [42], ""sentence_transformer_model"": ""intfloat/multilingual-e5-small"", ""tfidf_lemmatize"": true, ""tfidf_max_df"": 0.9, ""tfidf_max_features"": 300, ""tfidf_min_df"": 3, ""tfidf_ngram_range"": [1, 2], ""tfidf_normalize_numbers"": true}",2026-09-17T12:29:55
E1_BETO_MLM_EP100,frozen,participant,3,no_augmentation,GAD7,42,ExtraTrees,4.506361,False,models/mlm_beto/ep100,defaults,"{""augmentation"": ""no_augmentation"", ""beto_model"": ""dccuchile/bert-base-spanish-wwm-cased"", ""chunk_stride"": 256, ""max_tokens"": 512, ""n_cv_splits"": 5, ""n_search_iter"": 0, ""seeds"": [42], ""sentence_transformer_model"": ""intfloat/multilingual-e5-small"", ""tfidf_lemmatize"": true, ""tfidf_max_df"": 0.9, ""tfidf_max_features"": 300, ""tfidf_min_df"": 3, ""tfidf_ngram_range"": [1, 2], ""tfidf_normalize_numbers"": true}",2026-09-17T12:29:55
E1_BETO_MLM_EP100,frozen,participant,3,no_augmentation,GAD7,42,GradientBoosting,4.623751,False,models/mlm_beto/ep100,defaults,"{""augmentation"": ""no_augmentation"", ""beto_model"": ""dccuchile/bert-base-spanish-wwm-cased"", ""chunk_stride"": 256, ""max_tokens"": 512, ""n_cv_splits"": 5, ""n_search_iter"": 0, ""seeds"": [42], ""sentence_transformer_model"": ""intfloat/multilingual-e5-small"", ""tfidf_lemmatize"": true, ""tfidf_max_df"": 0.9, ""tfidf_max_features"": 300, ""tfidf_min_df"": 3, ""tfidf_ngram_range"": [1, 2], ""tfidf_normalize_numbers"": true}",2026-09-17T12:29:55
E1_BETO_MLM_EP100,frozen,participant,3,no_augmentation,GAD7,42,LightGBM,4.735407,False,models/mlm_beto/ep100,defaults,"{""augmentation"": ""no_augmentation"", ""beto_model"": ""dccuchile/bert-base-spanish-wwm-cased"", ""chunk_stride"": 256, ""max_tokens"": 512, ""n_cv_splits"": 5, ""n_search_iter"": 0, ""seeds"": [42], ""sentence_transformer_model"": ""intfloat/multilingual-e5-small"", ""tfidf_lemmatize"": true, ""tfidf_max_df"": 0.9, ""tfidf_max_features"": 300, ""tfidf_min_df"": 3, ""tfidf_ngram_range"": [1, 2], ""tfidf_normalize_numbers"": true}",2026-09-17T12:29:56
E1_BETO_MLM_EP100,frozen,participant,3,no_augmentation,GAD7,42,KNN,4.693869,False,models/mlm_beto/ep100,defaults,"{""augmentation"": ""no_augmentation"", ""beto_model"": ""dccuchile/bert-base-spanish-wwm-cased"", ""chunk_stride"": 256, ""max_tokens"": 512, ""n_cv_splits"": 5, ""n_search_iter"": 0, ""seeds"": [42], ""sentence_transformer_model"": ""intfloat/multilingual-e5-small"", ""tfidf_lemmatize"": true, ""tfidf_max_df"": 0.9, ""tfidf_max_features"": 300, ""tfidf_min_df"": 3, ""tfidf_ngram_range"": [1, 2], ""tfidf_normalize_numbers"": true}",2026-09-17T12:29:56
E1_BETO_MLM_EP100,frozen,participant,3,no_augmentation,GAD7,42,DecisionTree,6.42058,False,models/mlm_beto/ep100,defaults,"{""augmentation"": ""no_augmentation"", ""beto_model"": ""dccuchile/bert-base-spanish-wwm-cased"", ""chunk_stride"": 256, ""max_tokens"": 512, ""n_cv_splits"": 5, ""n_search_iter"": 0, ""seeds"": [42], ""sentence_transformer_model"": ""intfloat/multilingual-e5-small"", ""tfidf_lemmatize"": true, ""tfidf_max_df"": 0.9, ""tfidf_max_features"": 300, ""tfidf_min_df"": 3, ""tfidf_ngram_range"": [1, 2], ""tfidf_normalize_numbers"": true}",2026-09-17T12:29:56
E1_BETO_MLM_EP100,frozen,participant,3,no_augmentation,GAD7,42,AdaBoost,4.433696,True,models/mlm_beto/ep100,defaults,"{""augmentation"": ""no_augmentation"", ""beto_model"": ""dccuchile/bert-base-spanish-wwm-cased"", ""chunk_stride"": 256, ""max_tokens"": 512, ""n_cv_splits"": 5, ""n_search_iter"": 0, ""seeds"": [42], ""sentence_transformer_model"": ""intfloat/multilingual-e5-small"", ""tfidf_lemmatize"": true, ""tfidf_max_df"": 0.9, ""tfidf_max_features"": 300, ""tfidf_min_df"": 3, ""tfidf_ngram_range"": [1, 2], ""tfidf_normalize_numbers"": true}",2026-09-17T12:29:56
E1_BETO_MLM_MR_EP100,frozen,participant,3,no_augmentation,PHQ9,42,Ridge,6.143065,False,models/mlm_beto_mentalriskes/ep100,defaults,"{""augmentation"": ""no_augmentation"", ""beto_model"": ""dccuchile/bert-base-spanish-wwm-cased"", ""chunk_stride"": 256, ""max_tokens"": 512, ""n_cv_splits"": 5, ""n_search_iter"": 0, ""seeds"": [42], ""sentence_transformer_model"": ""intfloat/multilingual-e5-small"", ""tfidf_lemmatize"": true, ""tfidf_max_df"": 0.9, ""tfidf_max_features"": 300, ""tfidf_min_df"": 3, ""tfidf_ngram_range"": [1, 2], ""tfidf_normalize_numbers"": true}",2026-09-17T12:30:34
E1_BETO_MLM_MR_EP100,frozen,participant,3,no_augmentation,PHQ9,42,SVR,5.208331,True,models/mlm_beto_mentalriskes/ep100,defaults,"{""augmentation"": ""no_augmentation"", ""beto_model"": ""dccuchile/bert-base-spanish-wwm-cased"", ""chunk_stride"": 256, ""max_tokens"": 512, ""n_cv_splits"": 5, ""n_search_iter"": 0, ""seeds"": [42], ""sentence_transformer_model"": ""intfloat/multilingual-e5-small"", ""tfidf_lemmatize"": true, ""tfidf_max_df"": 0.9, ""tfidf_max_features"": 300, ""tfidf_min_df"": 3, ""tfidf_ngram_range"": [1, 2], ""tfidf_normalize_numbers"": true}",2026-09-17T12:30:34
E1_BETO_MLM_MR_EP100,frozen,participant,3,no_augmentation,PHQ9,42,RandomForest,5.318005,False,models/mlm_beto_mentalriskes/ep100,defaults,"{""augmentation"": ""no_augmentation"", ""beto_model"": ""dccuchile/bert-base-spanish-wwm-cased"", ""chunk_stride"": 256, ""max_tokens"": 512, ""n_cv_splits"": 5, ""n_search_iter"": 0, ""seeds"": [42], ""sentence_transformer_model"": ""intfloat/multilingual-e5-small"", ""tfidf_lemmatize"": true, ""tfidf_max_df"": 0.9, ""tfidf_max_features"": 300, ""tfidf_min_df"": 3, ""tfidf_ngram_range"": [1, 2], ""tfidf_normalize_numbers"": true}",2026-09-17T12:30:34
E1_BETO_MLM_MR_EP100,frozen,participant,3,no_augmentation,PHQ9,42,ExtraTrees,5.346424,False,models/mlm_beto_mentalriskes/ep100,defaults,"{""augmentation"": ""no_augmentation"", ""beto_model"": ""dccuchile/bert-base-spanish-wwm-cased"", ""chunk_stride"": 256, ""max_tokens"": 512, ""n_cv_splits"": 5, ""n_search_iter"": 0, ""seeds"": [42], ""sentence_transformer_model"": ""intfloat/multilingual-e5-small"", ""tfidf_lemmatize"": true, ""tfidf_max_df"": 0.9, ""tfidf_max_features"": 300, ""tfidf_min_df"": 3, ""tfidf_ngram_range"": [1, 2], ""tfidf_normalize_numbers"": true}",2026-09-17T12:30:34
E1_BETO_MLM_MR_EP100,frozen,participant,3,no_augmentation,PHQ9,42,GradientBoosting,5.50978,False,models/mlm_beto_mentalriskes/ep100,defaults,"{""augmentation"": ""no_augmentation"", ""beto_model"": ""dccuchile/bert-base-spanish-wwm-cased"", ""chunk_stride"": 256, ""max_tokens"": 512, ""n_cv_splits"": 5, ""n_search_iter"": 0, ""seeds"": [42], ""sentence_transformer_model"": ""intfloat/multilingual-e5-small"", ""tfidf_lemmatize"": true, ""tfidf_max_df"": 0.9, ""tfidf_max_features"": 300, ""tfidf_min_df"": 3, ""tfidf_ngram_range"": [1, 2], ""tfidf_normalize_numbers"": true}",2026-09-17T12:30:34
E1_BETO_MLM_MR_EP100,frozen,participant,3,no_augmentation,PHQ9,42,LightGBM,5.642592,False,models/mlm_beto_mentalriskes/ep100,defaults,"{""augmentation"": ""no_augmentation"", ""beto_model"": ""dccuchile/bert-base-spanish-wwm-cased"", ""chunk_stride"": 256, ""max_tokens"": 512, ""n_cv_splits"": 5, ""n_search_iter"": 0, ""seeds"": [42], ""sentence_transformer_model"": ""intfloat/multilingual-e5-small"", ""tfidf_lemmatize"": true, ""tfidf_max_df"": 0.9, ""tfidf_max_features"": 300, ""tfidf_min_df"": 3, ""tfidf_ngram_range"": [1, 2], ""tfidf_normalize_numbers"": true}",2026-09-17T12:30:34
E1_BETO_MLM_MR_EP100,frozen,participant,3,no_augmentation,PHQ9,42,KNN,5.684881,False,models/mlm_beto_mentalriskes/ep100,defaults,"{""augmentation"": ""no_augmentation"", ""beto_model"": ""dccuchile/bert-base-spanish-wwm-cased"", ""chunk_stride"": 256, ""max_tokens"": 512, ""n_cv_splits"": 5, ""n_search_iter"": 0, ""seeds"": [42], ""sentence_transformer_model"": ""intfloat/multilingual-e5-small"", ""tfidf_lemmatize"": true, ""tfidf_max_df"": 0.9, ""tfidf_max_features"": 300, ""tfidf_min_df"": 3, ""tfidf_ngram_range"": [1, 2], ""tfidf_normalize_numbers"": true}",2026-09-17T12:30:34
E1_BETO_MLM_MR_EP100,frozen,participant,3,no_augmentation,PHQ9,42,DecisionTree,7.029983,False,models/mlm_beto_mentalriskes/ep100,defaults,"{""augmentation"": ""no_augmentation"", ""beto_model"": ""dccuchile/bert-base-spanish-wwm-cased"", ""chunk_stride"": 256, ""max_tokens"": 512, ""n_cv_splits"": 5, ""n_search_iter"": 0, ""seeds"": [42], ""sentence_transformer_model"": ""intfloat/multilingual-e5-small"", ""tfidf_lemmatize"": true, ""tfidf_max_df"": 0.9, ""tfidf_max_features"": 300, ""tfidf_min_df"": 3, ""tfidf_ngram_range"": [1, 2], ""tfidf_normalize_numbers"": true}",2026-09-17T12:30:34
E1_BETO_MLM_MR_EP100,frozen,participant,3,no_augmentation,PHQ9,42,AdaBoost,5.470174,False,models/mlm_beto_mentalriskes/ep100,defaults,"{""augmentation"": ""no_augmentation"", ""beto_model"": ""dccuchile/bert-base-spanish-wwm-cased"", ""chunk_stride"": 256, ""max_tokens"": 512, ""n_cv_splits"": 5, ""n_search_iter"": 0, ""seeds"": [42], ""sentence_transformer_model"": ""intfloat/multilingual-e5-small"", ""tfidf_lemmatize"": true, ""tfidf_max_df"": 0.9, ""tfidf_max_features"": 300, ""tfidf_min_df"": 3, ""tfidf_ngram_range"": [1, 2], ""tfidf_normalize_numbers"": true}",2026-09-17T12:30:34
E1_BETO_MLM_MR_EP100,frozen,participant,3,no_augmentation,GAD7,42,Ridge,5.808888,False,models/mlm_beto_mentalriskes/ep100,defaults,"{""augmentation"": ""no_augmentation"", ""beto_model"": ""dccuchile/bert-base-spanish-wwm-cased"", ""chunk_stride"": 256, ""max_tokens"": 512, ""n_cv_splits"": 5, ""n_search_iter"": 0, ""seeds"": [42], ""sentence_transformer_model"": ""intfloat/multilingual-e5-small"", ""tfidf_lemmatize"": true, ""tfidf_max_df"": 0.9, ""tfidf_max_features"": 300, ""tfidf_min_df"": 3, ""tfidf_ngram_range"": [1, 2], ""tfidf_normalize_numbers"": true}",2026-09-17T12:31:11
E1_BETO_MLM_MR_EP100,frozen,participant,3,no_augmentation,GAD7,42,SVR,4.434209,False,models/mlm_beto_mentalriskes/ep100,defaults,"{""augmentation"": ""no_augmentation"", ""beto_model"": ""dccuchile/bert-base-spanish-wwm-cased"", ""chunk_stride"": 256, ""max_tokens"": 512, ""n_cv_splits"": 5, ""n_search_iter"": 0, ""seeds"": [42], ""sentence_transformer_model"": ""intfloat/multilingual-e5-small"", ""tfidf_lemmatize"": true, ""tfidf_max_df"": 0.9, ""tfidf_max_features"": 300, ""tfidf_min_df"": 3, ""tfidf_ngram_range"": [1, 2], ""tfidf_normalize_numbers"": true}",2026-09-17T12:31:11
E1_BETO_MLM_MR_EP100,frozen,participant,3,no_augmentation,GAD7,42,RandomForest,4.372346,False,models/mlm_beto_mentalriskes/ep100,defaults,"{""augmentation"": ""no_augmentation"", ""beto_model"": ""dccuchile/bert-base-spanish-wwm-cased"", ""chunk_stride"": 256, ""max_tokens"": 512, ""n_cv_splits"": 5, ""n_search_iter"": 0, ""seeds"": [42], ""sentence_transformer_model"": ""intfloat/multilingual-e5-small"", ""tfidf_lemmatize"": true, ""tfidf_max_df"": 0.9, ""tfidf_max_features"": 300, ""tfidf_min_df"": 3, ""tfidf_ngram_range"": [1, 2], ""tfidf_normalize_numbers"": true}",2026-09-17T12:31:11
E1_BETO_MLM_MR_EP100,frozen,participant,3,no_augmentation,GAD7,42,ExtraTrees,4.436168,False,models/mlm_beto_mentalriskes/ep100,defaults,"{""augmentation"": ""no_augmentation"", ""beto_model"": ""dccuchile/bert-base-spanish-wwm-cased"", ""chunk_stride"": 256, ""max_tokens"": 512, ""n_cv_splits"": 5, ""n_search_iter"": 0, ""seeds"": [42], ""sentence_transformer_model"": ""intfloat/multilingual-e5-small"", ""tfidf_lemmatize"": true, ""tfidf_max_df"": 0.9, ""tfidf_max_features"": 300, ""tfidf_min_df"": 3, ""tfidf_ngram_range"": [1, 2], ""tfidf_normalize_numbers"": true}",2026-09-17T12:31:11
E1_BETO_MLM_MR_EP100,frozen,participant,3,no_augmentation,GAD7,42,GradientBoosting,4.439622,False,models/mlm_beto_mentalriskes/ep100,defaults,"{""augmentation"": ""no_augmentation"", ""beto_model"": ""dccuchile/bert-base-spanish-wwm-cased"", ""chunk_stride"": 256, ""max_tokens"": 512, ""n_cv_splits"": 5, ""n_search_iter"": 0, ""seeds"": [42], ""sentence_transformer_model"": ""intfloat/multilingual-e5-small"", ""tfidf_lemmatize"": true, ""tfidf_max_df"": 0.9, ""tfidf_max_features"": 300, ""tfidf_min_df"": 3, ""tfidf_ngram_range"": [1, 2], ""tfidf_normalize_numbers"": true}",2026-09-17T12:31:11
E1_BETO_MLM_MR_EP100,frozen,participant,3,no_augmentation,GAD7,42,LightGBM,4.347629,False,models/mlm_beto_mentalriskes/ep100,defaults,"{""augmentation"": ""no_augmentation"", ""beto_model"": ""dccuchile/bert-base-spanish-wwm-cased"", ""chunk_stride"": 256, ""max_tokens"": 512, ""n_cv_splits"": 5, ""n_search_iter"": 0, ""seeds"": [42], ""sentence_transformer_model"": ""intfloat/multilingual-e5-small"", ""tfidf_lemmatize"": true, ""tfidf_max_df"": 0.9, ""tfidf_max_features"": 300, ""tfidf_min_df"": 3, ""tfidf_ngram_range"": [1, 2], ""tfidf_normalize_numbers"": true}",2026-09-17T12:31:11
E1_BETO_MLM_MR_EP100,frozen,participant,3,no_augmentation,GAD7,42,KNN,4.692621,False,models/mlm_beto_mentalriskes/ep100,defaults,"{""augmentation"": ""no_augmentation"", ""beto_model"": ""dccuchile/bert-base-spanish-wwm-cased"", ""chunk_stride"": 256, ""max_tokens"": 512, ""n_cv_splits"": 5, ""n_search_iter"": 0, ""seeds"": [42], ""sentence_transformer_model"": ""intfloat/multilingual-e5-small"", ""tfidf_lemmatize"": true, ""tfidf_max_df"": 0.9, ""tfidf_max_features"": 300, ""tfidf_min_df"": 3, ""tfidf_ngram_range"": [1, 2], ""tfidf_normalize_numbers"": true}",2026-09-17T12:31:11
E1_BETO_MLM_MR_EP100,frozen,participant,3,no_augmentation,GAD7,42,DecisionTree,5.904349,False,models/mlm_beto_mentalriskes/ep100,defaults,"{""augmentation"": ""no_augmentation"", ""beto_model"": ""dccuchile/bert-base-spanish-wwm-cased"", ""chunk_stride"": 256, ""max_tokens"": 512, ""n_cv_splits"": 5, ""n_search_iter"": 0, ""seeds"": [42], ""sentence_transformer_model"": ""intfloat/multilingual-e5-small"", ""tfidf_lemmatize"": true, ""tfidf_max_df"": 0.9, ""tfidf_max_features"": 300, ""tfidf_min_df"": 3, ""tfidf_ngram_range"": [1, 2], ""tfidf_normalize_numbers"": true}",2026-09-17T12:31:11
E1_BETO_MLM_MR_EP100,frozen,participant,3,no_augmentation,GAD7,42,AdaBoost,4.307956,True,models/mlm_beto_mentalriskes/ep100,defaults,"{""augmentation"": ""no_augmentation"", ""beto_model"": ""dccuchile/bert-base-spanish-wwm-cased"", ""chunk_stride"": 256, ""max_tokens"": 512, ""n_cv_splits"": 5, ""n_search_iter"": 0, ""seeds"": [42], ""sentence_transformer_model"": ""intfloat/multilingual-e5-small"", ""tfidf_lemmatize"": true, ""tfidf_max_df"": 0.9, ""tfidf_max_features"": 300, ""tfidf_min_df"": 3, ""tfidf_ngram_range"": [1, 2], ""tfidf_normalize_numbers"": true}",2026-09-17T12:31:11
E0_TFIDF,frozen,participant,1,no_augmentation,PHQ9,42,Ridge,5.910262,False,tfidf,defaults,"{""augmentation"": ""no_augmentation"", ""beto_model"": ""dccuchile/bert-base-spanish-wwm-cased"", ""chunk_stride"": 256, ""max_tokens"": 512, ""mental_es_model"": ""ELiRF/RoBERTa-es-mental-large"", ""n_cv_splits"": 5, ""n_search_iter"": 0, ""seeds"": [42], ""sentence_transformer_model"": ""intfloat/multilingual-e5-small"", ""tfidf_lemmatize"": true, ""tfidf_max_df"": 0.9, ""tfidf_max_features"": 300, ""tfidf_min_df"": 3, ""tfidf_ngram_range"": [1, 2], ""tfidf_normalize_numbers"": true}",2026-09-17T13:58:46
E0_TFIDF,frozen,participant,1,no_augmentation,PHQ9,42,SVR,5.82719,False,tfidf,defaults,"{""augmentation"": ""no_augmentation"", ""beto_model"": ""dccuchile/bert-base-spanish-wwm-cased"", ""chunk_stride"": 256, ""max_tokens"": 512, ""mental_es_model"": ""ELiRF/RoBERTa-es-mental-large"", ""n_cv_splits"": 5, ""n_search_iter"": 0, ""seeds"": [42], ""sentence_transformer_model"": ""intfloat/multilingual-e5-small"", ""tfidf_lemmatize"": true, ""tfidf_max_df"": 0.9, ""tfidf_max_features"": 300, ""tfidf_min_df"": 3, ""tfidf_ngram_range"": [1, 2], ""tfidf_normalize_numbers"": true}",2026-09-17T13:58:46
E0_TFIDF,frozen,participant,1,no_augmentation,PHQ9,42,RandomForest,5.797495,True,tfidf,defaults,"{""augmentation"": ""no_augmentation"", ""beto_model"": ""dccuchile/bert-base-spanish-wwm-cased"", ""chunk_stride"": 256, ""max_tokens"": 512, ""mental_es_model"": ""ELiRF/RoBERTa-es-mental-large"", ""n_cv_splits"": 5, ""n_search_iter"": 0, ""seeds"": [42], ""sentence_transformer_model"": ""intfloat/multilingual-e5-small"", ""tfidf_lemmatize"": true, ""tfidf_max_df"": 0.9, ""tfidf_max_features"": 300, ""tfidf_min_df"": 3, ""tfidf_ngram_range"": [1, 2], ""tfidf_normalize_numbers"": true}",2026-09-17T13:58:46
E0_TFIDF,frozen,participant,1,no_augmentation,PHQ9,42,ExtraTrees,5.813325,False,tfidf,defaults,"{""augmentation"": ""no_augmentation"", ""beto_model"": ""dccuchile/bert-base-spanish-wwm-cased"", ""chunk_stride"": 256, ""max_tokens"": 512, ""mental_es_model"": ""ELiRF/RoBERTa-es-mental-large"", ""n_cv_splits"": 5, ""n_search_iter"": 0, ""seeds"": [42], ""sentence_transformer_model"": ""intfloat/multilingual-e5-small"", ""tfidf_lemmatize"": true, ""tfidf_max_df"": 0.9, ""tfidf_max_features"": 300, ""tfidf_min_df"": 3, ""tfidf_ngram_range"": [1, 2], ""tfidf_normalize_numbers"": true}",2026-09-17T13:58:46
E0_TFIDF,frozen,participant,1,no_augmentation,PHQ9,42,GradientBoosting,5.950287,False,tfidf,defaults,"{""augmentation"": ""no_augmentation"", ""beto_model"": ""dccuchile/bert-base-spanish-wwm-cased"", ""chunk_stride"": 256, ""max_tokens"": 512, ""mental_es_model"": ""ELiRF/RoBERTa-es-mental-large"", ""n_cv_splits"": 5, ""n_search_iter"": 0, ""seeds"": [42], ""sentence_transformer_model"": ""intfloat/multilingual-e5-small"", ""tfidf_lemmatize"": true, ""tfidf_max_df"": 0.9, ""tfidf_max_features"": 300, ""tfidf_min_df"": 3, ""tfidf_ngram_range"": [1, 2], ""tfidf_normalize_numbers"": true}",2026-09-17T13:58:46
E0_TFIDF,frozen,participant,1,no_augmentation,PHQ9,42,LightGBM,5.87346,False,tfidf,defaults,"{""augmentation"": ""no_augmentation"", ""beto_model"": ""dccuchile/bert-base-spanish-wwm-cased"", ""chunk_stride"": 256, ""max_tokens"": 512, ""mental_es_model"": ""ELiRF/RoBERTa-es-mental-large"", ""n_cv_splits"": 5, ""n_search_iter"": 0, ""seeds"": [42], ""sentence_transformer_model"": ""intfloat/multilingual-e5-small"", ""tfidf_lemmatize"": true, ""tfidf_max_df"": 0.9, ""tfidf_max_features"": 300, ""tfidf_min_df"": 3, ""tfidf_ngram_range"": [1, 2], ""tfidf_normalize_numbers"": true}",2026-09-17T13:58:46
E0_TFIDF,frozen,participant,1,no_augmentation,PHQ9,42,KNN,6.259617,False,tfidf,defaults,"{""augmentation"": ""no_augmentation"", ""beto_model"": ""dccuchile/bert-base-spanish-wwm-cased"", ""chunk_stride"": 256, ""max_tokens"": 512, ""mental_es_model"": ""ELiRF/RoBERTa-es-mental-large"", ""n_cv_splits"": 5, ""n_search_iter"": 0, ""seeds"": [42], ""sentence_transformer_model"": ""intfloat/multilingual-e5-small"", ""tfidf_lemmatize"": true, ""tfidf_max_df"": 0.9, ""tfidf_max_features"": 300, ""tfidf_min_df"": 3, ""tfidf_ngram_range"": [1, 2], ""tfidf_normalize_numbers"": true}",2026-09-17T13:58:46
E0_TFIDF,frozen,participant,1,no_augmentation,PHQ9,42,DecisionTree,8.056819,False,tfidf,defaults,"{""augmentation"": ""no_augmentation"", ""beto_model"": ""dccuchile/bert-base-spanish-wwm-cased"", ""chunk_stride"": 256, ""max_tokens"": 512, ""mental_es_model"": ""ELiRF/RoBERTa-es-mental-large"", ""n_cv_splits"": 5, ""n_search_iter"": 0, ""seeds"": [42], ""sentence_transformer_model"": ""intfloat/multilingual-e5-small"", ""tfidf_lemmatize"": true, ""tfidf_max_df"": 0.9, ""tfidf_max_features"": 300, ""tfidf_min_df"": 3, ""tfidf_ngram_range"": [1, 2], ""tfidf_normalize_numbers"": true}",2026-09-17T13:58:46
E0_TFIDF,frozen,participant,1,no_augmentation,PHQ9,42,AdaBoost,5.892496,False,tfidf,defaults,"{""augmentation"": ""no_augmentation"", ""beto_model"": ""dccuchile/bert-base-spanish-wwm-cased"", ""chunk_stride"": 256, ""max_tokens"": 512, ""mental_es_model"": ""ELiRF/RoBERTa-es-mental-large"", ""n_cv_splits"": 5, ""n_search_iter"": 0, ""seeds"": [42], ""sentence_transformer_model"": ""intfloat/multilingual-e5-small"", ""tfidf_lemmatize"": true, ""tfidf_max_df"": 0.9, ""tfidf_max_features"": 300, ""tfidf_min_df"": 3, ""tfidf_ngram_range"": [1, 2], ""tfidf_normalize_numbers"": true}",2026-09-17T13:58:46
E0_TFIDF,frozen,participant,1,no_augmentation,GAD7,42,Ridge,4.943418,False,tfidf,defaults,"{""augmentation"": ""no_augmentation"", ""beto_model"": ""dccuchile/bert-base-spanish-wwm-cased"", ""chunk_stride"": 256, ""max_tokens"": 512, ""mental_es_model"": ""ELiRF/RoBERTa-es-mental-large"", ""n_cv_splits"": 5, ""n_search_iter"": 0, ""seeds"": [42], ""sentence_transformer_model"": ""intfloat/multilingual-e5-small"", ""tfidf_lemmatize"": true, ""tfidf_max_df"": 0.9, ""tfidf_max_features"": 300, ""tfidf_min_df"": 3, ""tfidf_ngram_range"": [1, 2], ""tfidf_normalize_numbers"": true}",2026-09-17T13:59:10
E0_TFIDF,frozen,participant,1,no_augmentation,GAD7,42,SVR,4.839395,False,tfidf,defaults,"{""augmentation"": ""no_augmentation"", ""beto_model"": ""dccuchile/bert-base-spanish-wwm-cased"", ""chunk_stride"": 256, ""max_tokens"": 512, ""mental_es_model"": ""ELiRF/RoBERTa-es-mental-large"", ""n_cv_splits"": 5, ""n_search_iter"": 0, ""seeds"": [42], ""sentence_transformer_model"": ""intfloat/multilingual-e5-small"", ""tfidf_lemmatize"": true, ""tfidf_max_df"": 0.9, ""tfidf_max_features"": 300, ""tfidf_min_df"": 3, ""tfidf_ngram_range"": [1, 2], ""tfidf_normalize_numbers"": true}",2026-09-17T13:59:10
E0_TFIDF,frozen,participant,1,no_augmentation,GAD7,42,RandomForest,4.766152,True,tfidf,defaults,"{""augmentation"": ""no_augmentation"", ""beto_model"": ""dccuchile/bert-base-spanish-wwm-cased"", ""chunk_stride"": 256, ""max_tokens"": 512, ""mental_es_model"": ""ELiRF/RoBERTa-es-mental-large"", ""n_cv_splits"": 5, ""n_search_iter"": 0, ""seeds"": [42], ""sentence_transformer_model"": ""intfloat/multilingual-e5-small"", ""tfidf_lemmatize"": true, ""tfidf_max_df"": 0.9, ""tfidf_max_features"": 300, ""tfidf_min_df"": 3, ""tfidf_ngram_range"": [1, 2], ""tfidf_normalize_numbers"": true}",2026-09-17T13:59:10
E0_TFIDF,frozen,participant,1,no_augmentation,GAD7,42,ExtraTrees,4.803948,False,tfidf,defaults,"{""augmentation"": ""no_augmentation"", ""beto_model"": ""dccuchile/bert-base-spanish-wwm-cased"", ""chunk_stride"": 256, ""max_tokens"": 512, ""mental_es_model"": ""ELiRF/RoBERTa-es-mental-large"", ""n_cv_splits"": 5, ""n_search_iter"": 0, ""seeds"": [42], ""sentence_transformer_model"": ""intfloat/multilingual-e5-small"", ""tfidf_lemmatize"": true, ""tfidf_max_df"": 0.9, ""tfidf_max_features"": 300, ""tfidf_min_df"": 3, ""tfidf_ngram_range"": [1, 2], ""tfidf_normalize_numbers"": true}",2026-09-17T13:59:10
E0_TFIDF,frozen,participant,1,no_augmentation,GAD7,42,GradientBoosting,5.0712,False,tfidf,defaults,"{""augmentation"": ""no_augmentation"", ""beto_model"": ""dccuchile/bert-base-spanish-wwm-cased"", ""chunk_stride"": 256, ""max_tokens"": 512, ""mental_es_model"": ""ELiRF/RoBERTa-es-mental-large"", ""n_cv_splits"": 5, ""n_search_iter"": 0, ""seeds"": [42], ""sentence_transformer_model"": ""intfloat/multilingual-e5-small"", ""tfidf_lemmatize"": true, ""tfidf_max_df"": 0.9, ""tfidf_max_features"": 300, ""tfidf_min_df"": 3, ""tfidf_ngram_range"": [1, 2], ""tfidf_normalize_numbers"": true}",2026-09-17T13:59:10
E0_TFIDF,frozen,participant,1,no_augmentation,GAD7,42,LightGBM,5.196952,False,tfidf,defaults,"{""augmentation"": ""no_augmentation"", ""beto_model"": ""dccuchile/bert-base-spanish-wwm-cased"", ""chunk_stride"": 256, ""max_tokens"": 512, ""mental_es_model"": ""ELiRF/RoBERTa-es-mental-large"", ""n_cv_splits"": 5, ""n_search_iter"": 0, ""seeds"": [42], ""sentence_transformer_model"": ""intfloat/multilingual-e5-small"", ""tfidf_lemmatize"": true, ""tfidf_max_df"": 0.9, ""tfidf_max_features"": 300, ""tfidf_min_df"": 3, ""tfidf_ngram_range"": [1, 2], ""tfidf_normalize_numbers"": true}",2026-09-17T13:59:10
E0_TFIDF,frozen,participant,1,no_augmentation,GAD7,42,KNN,5.082594,False,tfidf,defaults,"{""augmentation"": ""no_augmentation"", ""beto_model"": ""dccuchile/bert-base-spanish-wwm-cased"", ""chunk_stride"": 256, ""max_tokens"": 512, ""mental_es_model"": ""ELiRF/RoBERTa-es-mental-large"", ""n_cv_splits"": 5, ""n_search_iter"": 0, ""seeds"": [42], ""sentence_transformer_model"": ""intfloat/multilingual-e5-small"", ""tfidf_lemmatize"": true, ""tfidf_max_df"": 0.9, ""tfidf_max_features"": 300, ""tfidf_min_df"": 3, ""tfidf_ngram_range"": [1, 2], ""tfidf_normalize_numbers"": true}",2026-09-17T13:59:10
E0_TFIDF,frozen,participant,1,no_augmentation,GAD7,42,DecisionTree,6.102372,False,tfidf,defaults,"{""augmentation"": ""no_augmentation"", ""beto_model"": ""dccuchile/bert-base-spanish-wwm-cased"", ""chunk_stride"": 256, ""max_tokens"": 512, ""mental_es_model"": ""ELiRF/RoBERTa-es-mental-large"", ""n_cv_splits"": 5, ""n_search_iter"": 0, ""seeds"": [42], ""sentence_transformer_model"": ""intfloat/multilingual-e5-small"", ""tfidf_lemmatize"": true, ""tfidf_max_df"": 0.9, ""tfidf_max_features"": 300, ""tfidf_min_df"": 3, ""tfidf_ngram_range"": [1, 2], ""tfidf_normalize_numbers"": true}",2026-09-17T13:59:10
E0_TFIDF,frozen,participant,1,no_augmentation,GAD7,42,AdaBoost,5.002817,False,tfidf,defaults,"{""augmentation"": ""no_augmentation"", ""beto_model"": ""dccuchile/bert-base-spanish-wwm-cased"", ""chunk_stride"": 256, ""max_tokens"": 512, ""mental_es_model"": ""ELiRF/RoBERTa-es-mental-large"", ""n_cv_splits"": 5, ""n_search_iter"": 0, ""seeds"": [42], ""sentence_transformer_model"": ""intfloat/multilingual-e5-small"", ""tfidf_lemmatize"": true, ""tfidf_max_df"": 0.9, ""tfidf_max_features"": 300, ""tfidf_min_df"": 3, ""tfidf_ngram_range"": [1, 2], ""tfidf_normalize_numbers"": true}",2026-09-17T13:59:10
E1_BETO,frozen,participant,1,no_augmentation,PHQ9,42,Ridge,6.30277,False,dccuchile/bert-base-spanish-wwm-cased,defaults,"{""augmentation"": ""no_augmentation"", ""beto_model"": ""dccuchile/bert-base-spanish-wwm-cased"", ""chunk_stride"": 256, ""max_tokens"": 512, ""mental_es_model"": ""ELiRF/RoBERTa-es-mental-large"", ""n_cv_splits"": 5, ""n_search_iter"": 0, ""seeds"": [42], ""sentence_transformer_model"": ""intfloat/multilingual-e5-small"", ""tfidf_lemmatize"": true, ""tfidf_max_df"": 0.9, ""tfidf_max_features"": 300, ""tfidf_min_df"": 3, ""tfidf_ngram_range"": [1, 2], ""tfidf_normalize_numbers"": true}",2026-09-17T14:00:17
E1_BETO,frozen,participant,1,no_augmentation,PHQ9,42,SVR,5.310129,True,dccuchile/bert-base-spanish-wwm-cased,defaults,"{""augmentation"": ""no_augmentation"", ""beto_model"": ""dccuchile/bert-base-spanish-wwm-cased"", ""chunk_stride"": 256, ""max_tokens"": 512, ""mental_es_model"": ""ELiRF/RoBERTa-es-mental-large"", ""n_cv_splits"": 5, ""n_search_iter"": 0, ""seeds"": [42], ""sentence_transformer_model"": ""intfloat/multilingual-e5-small"", ""tfidf_lemmatize"": true, ""tfidf_max_df"": 0.9, ""tfidf_max_features"": 300, ""tfidf_min_df"": 3, ""tfidf_ngram_range"": [1, 2], ""tfidf_normalize_numbers"": true}",2026-09-17T14:00:17
E1_BETO,frozen,participant,1,no_augmentation,PHQ9,42,RandomForest,5.533563,False,dccuchile/bert-base-spanish-wwm-cased,defaults,"{""augmentation"": ""no_augmentation"", ""beto_model"": ""dccuchile/bert-base-spanish-wwm-cased"", ""chunk_stride"": 256, ""max_tokens"": 512, ""mental_es_model"": ""ELiRF/RoBERTa-es-mental-large"", ""n_cv_splits"": 5, ""n_search_iter"": 0, ""seeds"": [42], ""sentence_transformer_model"": ""intfloat/multilingual-e5-small"", ""tfidf_lemmatize"": true, ""tfidf_max_df"": 0.9, ""tfidf_max_features"": 300, ""tfidf_min_df"": 3, ""tfidf_ngram_range"": [1, 2], ""tfidf_normalize_numbers"": true}",2026-09-17T14:00:17
E1_BETO,frozen,participant,1,no_augmentation,PHQ9,42,ExtraTrees,5.538566,False,dccuchile/bert-base-spanish-wwm-cased,defaults,"{""augmentation"": ""no_augmentation"", ""beto_model"": ""dccuchile/bert-base-spanish-wwm-cased"", ""chunk_stride"": 256, ""max_tokens"": 512, ""mental_es_model"": ""ELiRF/RoBERTa-es-mental-large"", ""n_cv_splits"": 5, ""n_search_iter"": 0, ""seeds"": [42], ""sentence_transformer_model"": ""intfloat/multilingual-e5-small"", ""tfidf_lemmatize"": true, ""tfidf_max_df"": 0.9, ""tfidf_max_features"": 300, ""tfidf_min_df"": 3, ""tfidf_ngram_range"": [1, 2], ""tfidf_normalize_numbers"": true}",2026-09-17T14:00:17
E1_BETO,frozen,participant,1,no_augmentation,PHQ9,42,GradientBoosting,5.566803,False,dccuchile/bert-base-spanish-wwm-cased,defaults,"{""augmentation"": ""no_augmentation"", ""beto_model"": ""dccuchile/bert-base-spanish-wwm-cased"", ""chunk_stride"": 256, ""max_tokens"": 512, ""mental_es_model"": ""ELiRF/RoBERTa-es-mental-large"", ""n_cv_splits"": 5, ""n_search_iter"": 0, ""seeds"": [42], ""sentence_transformer_model"": ""intfloat/multilingual-e5-small"", ""tfidf_lemmatize"": true, ""tfidf_max_df"": 0.9, ""tfidf_max_features"": 300, ""tfidf_min_df"": 3, ""tfidf_ngram_range"": [1, 2], ""tfidf_normalize_numbers"": true}",2026-09-17T14:00:17
E1_BETO,frozen,participant,1,no_augmentation,PHQ9,42,LightGBM,6.167107,False,dccuchile/bert-base-spanish-wwm-cased,defaults,"{""augmentation"": ""no_augmentation"", ""beto_model"": ""dccuchile/bert-base-spanish-wwm-cased"", ""chunk_stride"": 256, ""max_tokens"": 512, ""mental_es_model"": ""ELiRF/RoBERTa-es-mental-large"", ""n_cv_splits"": 5, ""n_search_iter"": 0, ""seeds"": [42], ""sentence_transformer_model"": ""intfloat/multilingual-e5-small"", ""tfidf_lemmatize"": true, ""tfidf_max_df"": 0.9, ""tfidf_max_features"": 300, ""tfidf_min_df"": 3, ""tfidf_ngram_range"": [1, 2], ""tfidf_normalize_numbers"": true}",2026-09-17T14:00:17
E1_BETO,frozen,participant,1,no_augmentation,PHQ9,42,KNN,5.609571,False,dccuchile/bert-base-spanish-wwm-cased,defaults,"{""augmentation"": ""no_augmentation"", ""beto_model"": ""dccuchile/bert-base-spanish-wwm-cased"", ""chunk_stride"": 256, ""max_tokens"": 512, ""mental_es_model"": ""ELiRF/RoBERTa-es-mental-large"", ""n_cv_splits"": 5, ""n_search_iter"": 0, ""seeds"": [42], ""sentence_transformer_model"": ""intfloat/multilingual-e5-small"", ""tfidf_lemmatize"": true, ""tfidf_max_df"": 0.9, ""tfidf_max_features"": 300, ""tfidf_min_df"": 3, ""tfidf_ngram_range"": [1, 2], ""tfidf_normalize_numbers"": true}",2026-09-17T14:00:17
E1_BETO,frozen,participant,1,no_augmentation,PHQ9,42,DecisionTree,7.096485,False,dccuchile/bert-base-spanish-wwm-cased,defaults,"{""augmentation"": ""no_augmentation"", ""beto_model"": ""dccuchile/bert-base-spanish-wwm-cased"", ""chunk_stride"": 256, ""max_tokens"": 512, ""mental_es_model"": ""ELiRF/RoBERTa-es-mental-large"", ""n_cv_splits"": 5, ""n_search_iter"": 0, ""seeds"": [42], ""sentence_transformer_model"": ""intfloat/multilingual-e5-small"", ""tfidf_lemmatize"": true, ""tfidf_max_df"": 0.9, ""tfidf_max_features"": 300, ""tfidf_min_df"": 3, ""tfidf_ngram_range"": [1, 2], ""tfidf_normalize_numbers"": true}",2026-09-17T14:00:17
E1_BETO,frozen,participant,1,no_augmentation,PHQ9,42,AdaBoost,5.389987,False,dccuchile/bert-base-spanish-wwm-cased,defaults,"{""augmentation"": ""no_augmentation"", ""beto_model"": ""dccuchile/bert-base-spanish-wwm-cased"", ""chunk_stride"": 256, ""max_tokens"": 512, ""mental_es_model"": ""ELiRF/RoBERTa-es-mental-large"", ""n_cv_splits"": 5, ""n_search_iter"": 0, ""seeds"": [42], ""sentence_transformer_model"": ""intfloat/multilingual-e5-small"", ""tfidf_lemmatize"": true, ""tfidf_max_df"": 0.9, ""tfidf_max_features"": 300, ""tfidf_min_df"": 3, ""tfidf_ngram_range"": [1, 2], ""tfidf_normalize_numbers"": true}",2026-09-17T14:00:17
E1_BETO,frozen,participant,1,no_augmentation,GAD7,42,Ridge,6.230106,False,dccuchile/bert-base-spanish-wwm-cased,defaults,"{""augmentation"": ""no_augmentation"", ""beto_model"": ""dccuchile/bert-base-spanish-wwm-cased"", ""chunk_stride"": 256, ""max_tokens"": 512, ""mental_es_model"": ""ELiRF/RoBERTa-es-mental-large"", ""n_cv_splits"": 5, ""n_search_iter"": 0, ""seeds"": [42], ""sentence_transformer_model"": ""intfloat/multilingual-e5-small"", ""tfidf_lemmatize"": true, ""tfidf_max_df"": 0.9, ""tfidf_max_features"": 300, ""tfidf_min_df"": 3, ""tfidf_ngram_range"": [1, 2], ""tfidf_normalize_numbers"": true}",2026-09-17T14:01:28
E1_BETO,frozen,participant,1,no_augmentation,GAD7,42,SVR,4.513473,True,dccuchile/bert-base-spanish-wwm-cased,defaults,"{""augmentation"": ""no_augmentation"", ""beto_model"": ""dccuchile/bert-base-spanish-wwm-cased"", ""chunk_stride"": 256, ""max_tokens"": 512, ""mental_es_model"": ""ELiRF/RoBERTa-es-mental-large"", ""n_cv_splits"": 5, ""n_search_iter"": 0, ""seeds"": [42], ""sentence_transformer_model"": ""intfloat/multilingual-e5-small"", ""tfidf_lemmatize"": true, ""tfidf_max_df"": 0.9, ""tfidf_max_features"": 300, ""tfidf_min_df"": 3, ""tfidf_ngram_range"": [1, 2], ""tfidf_normalize_numbers"": true}",2026-09-17T14:01:28
E1_BETO,frozen,participant,1,no_augmentation,GAD7,42,RandomForest,4.615606,False,dccuchile/bert-base-spanish-wwm-cased,defaults,"{""augmentation"": ""no_augmentation"", ""beto_model"": ""dccuchile/bert-base-spanish-wwm-cased"", ""chunk_stride"": 256, ""max_tokens"": 512, ""mental_es_model"": ""ELiRF/RoBERTa-es-mental-large"", ""n_cv_splits"": 5, ""n_search_iter"": 0, ""seeds"": [42], ""sentence_transformer_model"": ""intfloat/multilingual-e5-small"", ""tfidf_lemmatize"": true, ""tfidf_max_df"": 0.9, ""tfidf_max_features"": 300, ""tfidf_min_df"": 3, ""tfidf_ngram_range"": [1, 2], ""tfidf_normalize_numbers"": true}",2026-09-17T14:01:28
E1_BETO,frozen,participant,1,no_augmentation,GAD7,42,ExtraTrees,4.613532,False,dccuchile/bert-base-spanish-wwm-cased,defaults,"{""augmentation"": ""no_augmentation"", ""beto_model"": ""dccuchile/bert-base-spanish-wwm-cased"", ""chunk_stride"": 256, ""max_tokens"": 512, ""mental_es_model"": ""ELiRF/RoBERTa-es-mental-large"", ""n_cv_splits"": 5, ""n_search_iter"": 0, ""seeds"": [42], ""sentence_transformer_model"": ""intfloat/multilingual-e5-small"", ""tfidf_lemmatize"": true, ""tfidf_max_df"": 0.9, ""tfidf_max_features"": 300, ""tfidf_min_df"": 3, ""tfidf_ngram_range"": [1, 2], ""tfidf_normalize_numbers"": true}",2026-09-17T14:01:28
E1_BETO,frozen,participant,1,no_augmentation,GAD7,42,GradientBoosting,4.827985,False,dccuchile/bert-base-spanish-wwm-cased,defaults,"{""augmentation"": ""no_augmentation"", ""beto_model"": ""dccuchile/bert-base-spanish-wwm-cased"", ""chunk_stride"": 256, ""max_tokens"": 512, ""mental_es_model"": ""ELiRF/RoBERTa-es-mental-large"", ""n_cv_splits"": 5, ""n_search_iter"": 0, ""seeds"": [42], ""sentence_transformer_model"": ""intfloat/multilingual-e5-small"", ""tfidf_lemmatize"": true, ""tfidf_max_df"": 0.9, ""tfidf_max_features"": 300, ""tfidf_min_df"": 3, ""tfidf_ngram_range"": [1, 2], ""tfidf_normalize_numbers"": true}",2026-09-17T14:01:28
E1_BETO,frozen,participant,1,no_augmentation,GAD7,42,LightGBM,5.249184,False,dccuchile/bert-base-spanish-wwm-cased,defaults,"{""augmentation"": ""no_augmentation"", ""beto_model"": ""dccuchile/bert-base-spanish-wwm-cased"", ""chunk_stride"": 256, ""max_tokens"": 512, ""mental_es_model"": ""ELiRF/RoBERTa-es-mental-large"", ""n_cv_splits"": 5, ""n_search_iter"": 0, ""seeds"": [42], ""sentence_transformer_model"": ""intfloat/multilingual-e5-small"", ""tfidf_lemmatize"": true, ""tfidf_max_df"": 0.9, ""tfidf_max_features"": 300, ""tfidf_min_df"": 3, ""tfidf_ngram_range"": [1, 2], ""tfidf_normalize_numbers"": true}",2026-09-17T14:01:28
E1_BETO,frozen,participant,1,no_augmentation,GAD7,42,KNN,4.738897,False,dccuchile/bert-base-spanish-wwm-cased,defaults,"{""augmentation"": ""no_augmentation"", ""beto_model"": ""dccuchile/bert-base-spanish-wwm-cased"", ""chunk_stride"": 256, ""max_tokens"": 512, ""mental_es_model"": ""ELiRF/RoBERTa-es-mental-large"", ""n_cv_splits"": 5, ""n_search_iter"": 0, ""seeds"": [42], ""sentence_transformer_model"": ""intfloat/multilingual-e5-small"", ""tfidf_lemmatize"": true, ""tfidf_max_df"": 0.9, ""tfidf_max_features"": 300, ""tfidf_min_df"": 3, ""tfidf_ngram_range"": [1, 2], ""tfidf_normalize_numbers"": true}",2026-09-17T14:01:28
E1_BETO,frozen,participant,1,no_augmentation,GAD7,42,DecisionTree,6.026691,False,dccuchile/bert-base-spanish-wwm-cased,defaults,"{""augmentation"": ""no_augmentation"", ""beto_model"": ""dccuchile/bert-base-spanish-wwm-cased"", ""chunk_stride"": 256, ""max_tokens"": 512, ""mental_es_model"": ""ELiRF/RoBERTa-es-mental-large"", ""n_cv_splits"": 5, ""n_search_iter"": 0, ""seeds"": [42], ""sentence_transformer_model"": ""intfloat/multilingual-e5-small"", ""tfidf_lemmatize"": true, ""tfidf_max_df"": 0.9, ""tfidf_max_features"": 300, ""tfidf_min_df"": 3, ""tfidf_ngram_range"": [1, 2], ""tfidf_normalize_numbers"": true}",2026-09-17T14:01:28
E1_BETO,frozen,participant,1,no_augmentation,GAD7,42,AdaBoost,4.697947,False,dccuchile/bert-base-spanish-wwm-cased,defaults,"{""augmentation"": ""no_augmentation"", ""beto_model"": ""dccuchile/bert-base-spanish-wwm-cased"", ""chunk_stride"": 256, ""max_tokens"": 512, ""mental_es_model"": ""ELiRF/RoBERTa-es-mental-large"", ""n_cv_splits"": 5, ""n_search_iter"": 0, ""seeds"": [42], ""sentence_transformer_model"": ""intfloat/multilingual-e5-small"", ""tfidf_lemmatize"": true, ""tfidf_max_df"": 0.9, ""tfidf_max_features"": 300, ""tfidf_min_df"": 3, ""tfidf_ngram_range"": [1, 2], ""tfidf_normalize_numbers"": true}",2026-09-17T14:01:28
E2_E5SMALL,frozen,participant,1,no_augmentation,PHQ9,42,Ridge,6.837709,False,intfloat/multilingual-e5-small,defaults,"{""augmentation"": ""no_augmentation"", ""beto_model"": ""dccuchile/bert-base-spanish-wwm-cased"", ""chunk_stride"": 256, ""max_tokens"": 512, ""mental_es_model"": ""ELiRF/RoBERTa-es-mental-large"", ""n_cv_splits"": 5, ""n_search_iter"": 0, ""seeds"": [42], ""sentence_transformer_model"": ""intfloat/multilingual-e5-small"", ""tfidf_lemmatize"": true, ""tfidf_max_df"": 0.9, ""tfidf_max_features"": 300, ""tfidf_min_df"": 3, ""tfidf_ngram_range"": [1, 2], ""tfidf_normalize_numbers"": true}",2026-09-17T14:02:06
E2_E5SMALL,frozen,participant,1,no_augmentation,PHQ9,42,SVR,5.568736,False,intfloat/multilingual-e5-small,defaults,"{""augmentation"": ""no_augmentation"", ""beto_model"": ""dccuchile/bert-base-spanish-wwm-cased"", ""chunk_stride"": 256, ""max_tokens"": 512, ""mental_es_model"": ""ELiRF/RoBERTa-es-mental-large"", ""n_cv_splits"": 5, ""n_search_iter"": 0, ""seeds"": [42], ""sentence_transformer_model"": ""intfloat/multilingual-e5-small"", ""tfidf_lemmatize"": true, ""tfidf_max_df"": 0.9, ""tfidf_max_features"": 300, ""tfidf_min_df"": 3, ""tfidf_ngram_range"": [1, 2], ""tfidf_normalize_numbers"": true}",2026-09-17T14:02:06
E2_E5SMALL,frozen,participant,1,no_augmentation,PHQ9,42,RandomForest,5.580059,False,intfloat/multilingual-e5-small,defaults,"{""augmentation"": ""no_augmentation"", ""beto_model"": ""dccuchile/bert-base-spanish-wwm-cased"", ""chunk_stride"": 256, ""max_tokens"": 512, ""mental_es_model"": ""ELiRF/RoBERTa-es-mental-large"", ""n_cv_splits"": 5, ""n_search_iter"": 0, ""seeds"": [42], ""sentence_transformer_model"": ""intfloat/multilingual-e5-small"", ""tfidf_lemmatize"": true, ""tfidf_max_df"": 0.9, ""tfidf_max_features"": 300, ""tfidf_min_df"": 3, ""tfidf_ngram_range"": [1, 2], ""tfidf_normalize_numbers"": true}",2026-09-17T14:02:06
E2_E5SMALL,frozen,participant,1,no_augmentation,PHQ9,42,ExtraTrees,5.578678,False,intfloat/multilingual-e5-small,defaults,"{""augmentation"": ""no_augmentation"", ""beto_model"": ""dccuchile/bert-base-spanish-wwm-cased"", ""chunk_stride"": 256, ""max_tokens"": 512, ""mental_es_model"": ""ELiRF/RoBERTa-es-mental-large"", ""n_cv_splits"": 5, ""n_search_iter"": 0, ""seeds"": [42], ""sentence_transformer_model"": ""intfloat/multilingual-e5-small"", ""tfidf_lemmatize"": true, ""tfidf_max_df"": 0.9, ""tfidf_max_features"": 300, ""tfidf_min_df"": 3, ""tfidf_ngram_range"": [1, 2], ""tfidf_normalize_numbers"": true}",2026-09-17T14:02:06
E2_E5SMALL,frozen,participant,1,no_augmentation,PHQ9,42,GradientBoosting,5.807749,False,intfloat/multilingual-e5-small,defaults,"{""augmentation"": ""no_augmentation"", ""beto_model"": ""dccuchile/bert-base-spanish-wwm-cased"", ""chunk_stride"": 256, ""max_tokens"": 512, ""mental_es_model"": ""ELiRF/RoBERTa-es-mental-large"", ""n_cv_splits"": 5, ""n_search_iter"": 0, ""seeds"": [42], ""sentence_transformer_model"": ""intfloat/multilingual-e5-small"", ""tfidf_lemmatize"": true, ""tfidf_max_df"": 0.9, ""tfidf_max_features"": 300, ""tfidf_min_df"": 3, ""tfidf_ngram_range"": [1, 2], ""tfidf_normalize_numbers"": true}",2026-09-17T14:02:06
E2_E5SMALL,frozen,participant,1,no_augmentation,PHQ9,42,LightGBM,5.894356,False,intfloat/multilingual-e5-small,defaults,"{""augmentation"": ""no_augmentation"", ""beto_model"": ""dccuchile/bert-base-spanish-wwm-cased"", ""chunk_stride"": 256, ""max_tokens"": 512, ""mental_es_model"": ""ELiRF/RoBERTa-es-mental-large"", ""n_cv_splits"": 5, ""n_search_iter"": 0, ""seeds"": [42], ""sentence_transformer_model"": ""intfloat/multilingual-e5-small"", ""tfidf_lemmatize"": true, ""tfidf_max_df"": 0.9, ""tfidf_max_features"": 300, ""tfidf_min_df"": 3, ""tfidf_ngram_range"": [1, 2], ""tfidf_normalize_numbers"": true}",2026-09-17T14:02:06
E2_E5SMALL,frozen,participant,1,no_augmentation,PHQ9,42,KNN,5.71955,False,intfloat/multilingual-e5-small,defaults,"{""augmentation"": ""no_augmentation"", ""beto_model"": ""dccuchile/bert-base-spanish-wwm-cased"", ""chunk_stride"": 256, ""max_tokens"": 512, ""mental_es_model"": ""ELiRF/RoBERTa-es-mental-large"", ""n_cv_splits"": 5, ""n_search_iter"": 0, ""seeds"": [42], ""sentence_transformer_model"": ""intfloat/multilingual-e5-small"", ""tfidf_lemmatize"": true, ""tfidf_max_df"": 0.9, ""tfidf_max_features"": 300, ""tfidf_min_df"": 3, ""tfidf_ngram_range"": [1, 2], ""tfidf_normalize_numbers"": true}",2026-09-17T14:02:06
E2_E5SMALL,frozen,participant,1,no_augmentation,PHQ9,42,DecisionTree,8.272205,False,intfloat/multilingual-e5-small,defaults,"{""augmentation"": ""no_augmentation"", ""beto_model"": ""dccuchile/bert-base-spanish-wwm-cased"", ""chunk_stride"": 256, ""max_tokens"": 512, ""mental_es_model"": ""ELiRF/RoBERTa-es-mental-large"", ""n_cv_splits"": 5, ""n_search_iter"": 0, ""seeds"": [42], ""sentence_transformer_model"": ""intfloat/multilingual-e5-small"", ""tfidf_lemmatize"": true, ""tfidf_max_df"": 0.9, ""tfidf_max_features"": 300, ""tfidf_min_df"": 3, ""tfidf_ngram_range"": [1, 2], ""tfidf_normalize_numbers"": true}",2026-09-17T14:02:06
E2_E5SMALL,frozen,participant,1,no_augmentation,PHQ9,42,AdaBoost,5.516649,True,intfloat/multilingual-e5-small,defaults,"{""augmentation"": ""no_augmentation"", ""beto_model"": ""dccuchile/bert-base-spanish-wwm-cased"", ""chunk_stride"": 256, ""max_tokens"": 512, ""mental_es_model"": ""ELiRF/RoBERTa-es-mental-large"", ""n_cv_splits"": 5, ""n_search_iter"": 0, ""seeds"": [42], ""sentence_transformer_model"": ""intfloat/multilingual-e5-small"", ""tfidf_lemmatize"": true, ""tfidf_max_df"": 0.9, ""tfidf_max_features"": 300, ""tfidf_min_df"": 3, ""tfidf_ngram_range"": [1, 2], ""tfidf_normalize_numbers"": true}",2026-09-17T14:02:06
E2_E5SMALL,frozen,participant,1,no_augmentation,GAD7,42,Ridge,5.624098,False,intfloat/multilingual-e5-small,defaults,"{""augmentation"": ""no_augmentation"", ""beto_model"": ""dccuchile/bert-base-spanish-wwm-cased"", ""chunk_stride"": 256, ""max_tokens"": 512, ""mental_es_model"": ""ELiRF/RoBERTa-es-mental-large"", ""n_cv_splits"": 5, ""n_search_iter"": 0, ""seeds"": [42], ""sentence_transformer_model"": ""intfloat/multilingual-e5-small"", ""tfidf_lemmatize"": true, ""tfidf_max_df"": 0.9, ""tfidf_max_features"": 300, ""tfidf_min_df"": 3, ""tfidf_ngram_range"": [1, 2], ""tfidf_normalize_numbers"": true}",2026-09-17T14:02:27
E2_E5SMALL,frozen,participant,1,no_augmentation,GAD7,42,SVR,4.564414,False,intfloat/multilingual-e5-small,defaults,"{""augmentation"": ""no_augmentation"", ""beto_model"": ""dccuchile/bert-base-spanish-wwm-cased"", ""chunk_stride"": 256, ""max_tokens"": 512, ""mental_es_model"": ""ELiRF/RoBERTa-es-mental-large"", ""n_cv_splits"": 5, ""n_search_iter"": 0, ""seeds"": [42], ""sentence_transformer_model"": ""intfloat/multilingual-e5-small"", ""tfidf_lemmatize"": true, ""tfidf_max_df"": 0.9, ""tfidf_max_features"": 300, ""tfidf_min_df"": 3, ""tfidf_ngram_range"": [1, 2], ""tfidf_normalize_numbers"": true}",2026-09-17T14:02:27
E2_E5SMALL,frozen,participant,1,no_augmentation,GAD7,42,RandomForest,4.563336,True,intfloat/multilingual-e5-small,defaults,"{""augmentation"": ""no_augmentation"", ""beto_model"": ""dccuchile/bert-base-spanish-wwm-cased"", ""chunk_stride"": 256, ""max_tokens"": 512, ""mental_es_model"": ""ELiRF/RoBERTa-es-mental-large"", ""n_cv_splits"": 5, ""n_search_iter"": 0, ""seeds"": [42], ""sentence_transformer_model"": ""intfloat/multilingual-e5-small"", ""tfidf_lemmatize"": true, ""tfidf_max_df"": 0.9, ""tfidf_max_features"": 300, ""tfidf_min_df"": 3, ""tfidf_ngram_range"": [1, 2], ""tfidf_normalize_numbers"": true}",2026-09-17T14:02:27
E2_E5SMALL,frozen,participant,1,no_augmentation,GAD7,42,ExtraTrees,4.656309,False,intfloat/multilingual-e5-small,defaults,"{""augmentation"": ""no_augmentation"", ""beto_model"": ""dccuchile/bert-base-spanish-wwm-cased"", ""chunk_stride"": 256, ""max_tokens"": 512, ""mental_es_model"": ""ELiRF/RoBERTa-es-mental-large"", ""n_cv_splits"": 5, ""n_search_iter"": 0, ""seeds"": [42], ""sentence_transformer_model"": ""intfloat/multilingual-e5-small"", ""tfidf_lemmatize"": true, ""tfidf_max_df"": 0.9, ""tfidf_max_features"": 300, ""tfidf_min_df"": 3, ""tfidf_ngram_range"": [1, 2], ""tfidf_normalize_numbers"": true}",2026-09-17T14:02:27
E2_E5SMALL,frozen,participant,1,no_augmentation,GAD7,42,GradientBoosting,4.711605,False,intfloat/multilingual-e5-small,defaults,"{""augmentation"": ""no_augmentation"", ""beto_model"": ""dccuchile/bert-base-spanish-wwm-cased"", ""chunk_stride"": 256, ""max_tokens"": 512, ""mental_es_model"": ""ELiRF/RoBERTa-es-mental-large"", ""n_cv_splits"": 5, ""n_search_iter"": 0, ""seeds"": [42], ""sentence_transformer_model"": ""intfloat/multilingual-e5-small"", ""tfidf_lemmatize"": true, ""tfidf_max_df"": 0.9, ""tfidf_max_features"": 300, ""tfidf_min_df"": 3, ""tfidf_ngram_range"": [1, 2], ""tfidf_normalize_numbers"": true}",2026-09-17T14:02:27
E2_E5SMALL,frozen,participant,1,no_augmentation,GAD7,42,LightGBM,4.744371,False,intfloat/multilingual-e5-small,defaults,"{""augmentation"": ""no_augmentation"", ""beto_model"": ""dccuchile/bert-base-spanish-wwm-cased"", ""chunk_stride"": 256, ""max_tokens"": 512, ""mental_es_model"": ""ELiRF/RoBERTa-es-mental-large"", ""n_cv_splits"": 5, ""n_search_iter"": 0, ""seeds"": [42], ""sentence_transformer_model"": ""intfloat/multilingual-e5-small"", ""tfidf_lemmatize"": true, ""tfidf_max_df"": 0.9, ""tfidf_max_features"": 300, ""tfidf_min_df"": 3, ""tfidf_ngram_range"": [1, 2], ""tfidf_normalize_numbers"": true}",2026-09-17T14:02:27
E2_E5SMALL,frozen,participant,1,no_augmentation,GAD7,42,KNN,4.799106,False,intfloat/multilingual-e5-small,defaults,"{""augmentation"": ""no_augmentation"", ""beto_model"": ""dccuchile/bert-base-spanish-wwm-cased"", ""chunk_stride"": 256, ""max_tokens"": 512, ""mental_es_model"": ""ELiRF/RoBERTa-es-mental-large"", ""n_cv_splits"": 5, ""n_search_iter"": 0, ""seeds"": [42], ""sentence_transformer_model"": ""intfloat/multilingual-e5-small"", ""tfidf_lemmatize"": true, ""tfidf_max_df"": 0.9, ""tfidf_max_features"": 300, ""tfidf_min_df"": 3, ""tfidf_ngram_range"": [1, 2], ""tfidf_normalize_numbers"": true}",2026-09-17T14:02:27
E2_E5SMALL,frozen,participant,1,no_augmentation,GAD7,42,DecisionTree,6.421207,False,intfloat/multilingual-e5-small,defaults,"{""augmentation"": ""no_augmentation"", ""beto_model"": ""dccuchile/bert-base-spanish-wwm-cased"", ""chunk_stride"": 256, ""max_tokens"": 512, ""mental_es_model"": ""ELiRF/RoBERTa-es-mental-large"", ""n_cv_splits"": 5, ""n_search_iter"": 0, ""seeds"": [42], ""sentence_transformer_model"": ""intfloat/multilingual-e5-small"", ""tfidf_lemmatize"": true, ""tfidf_max_df"": 0.9, ""tfidf_max_features"": 300, ""tfidf_min_df"": 3, ""tfidf_ngram_range"": [1, 2], ""tfidf_normalize_numbers"": true}",2026-09-17T14:02:27
E2_E5SMALL,frozen,participant,1,no_augmentation,GAD7,42,AdaBoost,4.57554,False,intfloat/multilingual-e5-small,defaults,"{""augmentation"": ""no_augmentation"", ""beto_model"": ""dccuchile/bert-base-spanish-wwm-cased"", ""chunk_stride"": 256, ""max_tokens"": 512, ""mental_es_model"": ""ELiRF/RoBERTa-es-mental-large"", ""n_cv_splits"": 5, ""n_search_iter"": 0, ""seeds"": [42], ""sentence_transformer_model"": ""intfloat/multilingual-e5-small"", ""tfidf_lemmatize"": true, ""tfidf_max_df"": 0.9, ""tfidf_max_features"": 300, ""tfidf_min_df"": 3, ""tfidf_ngram_range"": [1, 2], ""tfidf_normalize_numbers"": true}",2026-09-17T14:02:27
E2_E5BASE,frozen,participant,1,no_augmentation,PHQ9,42,Ridge,6.212348,False,intfloat/multilingual-e5-base,defaults,"{""augmentation"": ""no_augmentation"", ""beto_model"": ""dccuchile/bert-base-spanish-wwm-cased"", ""chunk_stride"": 256, ""max_tokens"": 512, ""mental_es_model"": ""ELiRF/RoBERTa-es-mental-large"", ""n_cv_splits"": 5, ""n_search_iter"": 0, ""seeds"": [42], ""sentence_transformer_model"": ""intfloat/multilingual-e5-small"", ""tfidf_lemmatize"": true, ""tfidf_max_df"": 0.9, ""tfidf_max_features"": 300, ""tfidf_min_df"": 3, ""tfidf_ngram_range"": [1, 2], ""tfidf_normalize_numbers"": true}",2026-09-17T14:03:24
E2_E5BASE,frozen,participant,1,no_augmentation,PHQ9,42,SVR,5.157867,False,intfloat/multilingual-e5-base,defaults,"{""augmentation"": ""no_augmentation"", ""beto_model"": ""dccuchile/bert-base-spanish-wwm-cased"", ""chunk_stride"": 256, ""max_tokens"": 512, ""mental_es_model"": ""ELiRF/RoBERTa-es-mental-large"", ""n_cv_splits"": 5, ""n_search_iter"": 0, ""seeds"": [42], ""sentence_transformer_model"": ""intfloat/multilingual-e5-small"", ""tfidf_lemmatize"": true, ""tfidf_max_df"": 0.9, ""tfidf_max_features"": 300, ""tfidf_min_df"": 3, ""tfidf_ngram_range"": [1, 2], ""tfidf_normalize_numbers"": true}",2026-09-17T14:03:24
E2_E5BASE,frozen,participant,1,no_augmentation,PHQ9,42,RandomForest,5.161188,False,intfloat/multilingual-e5-base,defaults,"{""augmentation"": ""no_augmentation"", ""beto_model"": ""dccuchile/bert-base-spanish-wwm-cased"", ""chunk_stride"": 256, ""max_tokens"": 512, ""mental_es_model"": ""ELiRF/RoBERTa-es-mental-large"", ""n_cv_splits"": 5, ""n_search_iter"": 0, ""seeds"": [42], ""sentence_transformer_model"": ""intfloat/multilingual-e5-small"", ""tfidf_lemmatize"": true, ""tfidf_max_df"": 0.9, ""tfidf_max_features"": 300, ""tfidf_min_df"": 3, ""tfidf_ngram_range"": [1, 2], ""tfidf_normalize_numbers"": true}",2026-09-17T14:03:24
E2_E5BASE,frozen,participant,1,no_augmentation,PHQ9,42,ExtraTrees,5.234627,False,intfloat/multilingual-e5-base,defaults,"{""augmentation"": ""no_augmentation"", ""beto_model"": ""dccuchile/bert-base-spanish-wwm-cased"", ""chunk_stride"": 256, ""max_tokens"": 512, ""mental_es_model"": ""ELiRF/RoBERTa-es-mental-large"", ""n_cv_splits"": 5, ""n_search_iter"": 0, ""seeds"": [42], ""sentence_transformer_model"": ""intfloat/multilingual-e5-small"", ""tfidf_lemmatize"": true, ""tfidf_max_df"": 0.9, ""tfidf_max_features"": 300, ""tfidf_min_df"": 3, ""tfidf_ngram_range"": [1, 2], ""tfidf_normalize_numbers"": true}",2026-09-17T14:03:24
E2_E5BASE,frozen,participant,1,no_augmentation,PHQ9,42,GradientBoosting,5.311426,False,intfloat/multilingual-e5-base,defaults,"{""augmentation"": ""no_augmentation"", ""beto_model"": ""dccuchile/bert-base-spanish-wwm-cased"", ""chunk_stride"": 256, ""max_tokens"": 512, ""mental_es_model"": ""ELiRF/RoBERTa-es-mental-large"", ""n_cv_splits"": 5, ""n_search_iter"": 0, ""seeds"": [42], ""sentence_transformer_model"": ""intfloat/multilingual-e5-small"", ""tfidf_lemmatize"": true, ""tfidf_max_df"": 0.9, ""tfidf_max_features"": 300, ""tfidf_min_df"": 3, ""tfidf_ngram_range"": [1, 2], ""tfidf_normalize_numbers"": true}",2026-09-17T14:03:24
E2_E5BASE,frozen,participant,1,no_augmentation,PHQ9,42,LightGBM,5.21505,False,intfloat/multilingual-e5-base,defaults,"{""augmentation"": ""no_augmentation"", ""beto_model"": ""dccuchile/bert-base-spanish-wwm-cased"", ""chunk_stride"": 256, ""max_tokens"": 512, ""mental_es_model"": ""ELiRF/RoBERTa-es-mental-large"", ""n_cv_splits"": 5, ""n_search_iter"": 0, ""seeds"": [42], ""sentence_transformer_model"": ""intfloat/multilingual-e5-small"", ""tfidf_lemmatize"": true, ""tfidf_max_df"": 0.9, ""tfidf_max_features"": 300, ""tfidf_min_df"": 3, ""tfidf_ngram_range"": [1, 2], ""tfidf_normalize_numbers"": true}",2026-09-17T14:03:24
E2_E5BASE,frozen,participant,1,no_augmentation,PHQ9,42,KNN,5.73176,False,intfloat/multilingual-e5-base,defaults,"{""augmentation"": ""no_augmentation"", ""beto_model"": ""dccuchile/bert-base-spanish-wwm-cased"", ""chunk_stride"": 256, ""max_tokens"": 512, ""mental_es_model"": ""ELiRF/RoBERTa-es-mental-large"", ""n_cv_splits"": 5, ""n_search_iter"": 0, ""seeds"": [42], ""sentence_transformer_model"": ""intfloat/multilingual-e5-small"", ""tfidf_lemmatize"": true, ""tfidf_max_df"": 0.9, ""tfidf_max_features"": 300, ""tfidf_min_df"": 3, ""tfidf_ngram_range"": [1, 2], ""tfidf_normalize_numbers"": true}",2026-09-17T14:03:24
E2_E5BASE,frozen,participant,1,no_augmentation,PHQ9,42,DecisionTree,7.63936,False,intfloat/multilingual-e5-base,defaults,"{""augmentation"": ""no_augmentation"", ""beto_model"": ""dccuchile/bert-base-spanish-wwm-cased"", ""chunk_stride"": 256, ""max_tokens"": 512, ""mental_es_model"": ""ELiRF/RoBERTa-es-mental-large"", ""n_cv_splits"": 5, ""n_search_iter"": 0, ""seeds"": [42], ""sentence_transformer_model"": ""intfloat/multilingual-e5-small"", ""tfidf_lemmatize"": true, ""tfidf_max_df"": 0.9, ""tfidf_max_features"": 300, ""tfidf_min_df"": 3, ""tfidf_ngram_range"": [1, 2], ""tfidf_normalize_numbers"": true}",2026-09-17T14:03:24
E2_E5BASE,frozen,participant,1,no_augmentation,PHQ9,42,AdaBoost,5.153795,True,intfloat/multilingual-e5-base,defaults,"{""augmentation"": ""no_augmentation"", ""beto_model"": ""dccuchile/bert-base-spanish-wwm-cased"", ""chunk_stride"": 256, ""max_tokens"": 512, ""mental_es_model"": ""ELiRF/RoBERTa-es-mental-large"", ""n_cv_splits"": 5, ""n_search_iter"": 0, ""seeds"": [42], ""sentence_transformer_model"": ""intfloat/multilingual-e5-small"", ""tfidf_lemmatize"": true, ""tfidf_max_df"": 0.9, ""tfidf_max_features"": 300, ""tfidf_min_df"": 3, ""tfidf_ngram_range"": [1, 2], ""tfidf_normalize_numbers"": true}",2026-09-17T14:03:24
E2_E5BASE,frozen,participant,1,no_augmentation,GAD7,42,Ridge,5.059153,False,intfloat/multilingual-e5-base,defaults,"{""augmentation"": ""no_augmentation"", ""beto_model"": ""dccuchile/bert-base-spanish-wwm-cased"", ""chunk_stride"": 256, ""max_tokens"": 512, ""mental_es_model"": ""ELiRF/RoBERTa-es-mental-large"", ""n_cv_splits"": 5, ""n_search_iter"": 0, ""seeds"": [42], ""sentence_transformer_model"": ""intfloat/multilingual-e5-small"", ""tfidf_lemmatize"": true, ""tfidf_max_df"": 0.9, ""tfidf_max_features"": 300, ""tfidf_min_df"": 3, ""tfidf_ngram_range"": [1, 2], ""tfidf_normalize_numbers"": true}",2026-09-17T14:04:33
E2_E5BASE,frozen,participant,1,no_augmentation,GAD7,42,SVR,4.372536,True,intfloat/multilingual-e5-base,defaults,"{""augmentation"": ""no_augmentation"", ""beto_model"": ""dccuchile/bert-base-spanish-wwm-cased"", ""chunk_stride"": 256, ""max_tokens"": 512, ""mental_es_model"": ""ELiRF/RoBERTa-es-mental-large"", ""n_cv_splits"": 5, ""n_search_iter"": 0, ""seeds"": [42], ""sentence_transformer_model"": ""intfloat/multilingual-e5-small"", ""tfidf_lemmatize"": true, ""tfidf_max_df"": 0.9, ""tfidf_max_features"": 300, ""tfidf_min_df"": 3, ""tfidf_ngram_range"": [1, 2], ""tfidf_normalize_numbers"": true}",2026-09-17T14:04:33
E2_E5BASE,frozen,participant,1,no_augmentation,GAD7,42,RandomForest,4.492278,False,intfloat/multilingual-e5-base,defaults,"{""augmentation"": ""no_augmentation"", ""beto_model"": ""dccuchile/bert-base-spanish-wwm-cased"", ""chunk_stride"": 256, ""max_tokens"": 512, ""mental_es_model"": ""ELiRF/RoBERTa-es-mental-large"", ""n_cv_splits"": 5, ""n_search_iter"": 0, ""seeds"": [42], ""sentence_transformer_model"": ""intfloat/multilingual-e5-small"", ""tfidf_lemmatize"": true, ""tfidf_max_df"": 0.9, ""tfidf_max_features"": 300, ""tfidf_min_df"": 3, ""tfidf_ngram_range"": [1, 2], ""tfidf_normalize_numbers"": true}",2026-09-17T14:04:33
E2_E5BASE,frozen,participant,1,no_augmentation,GAD7,42,ExtraTrees,4.454728,False,intfloat/multilingual-e5-base,defaults,"{""augmentation"": ""no_augmentation"", ""beto_model"": ""dccuchile/bert-base-spanish-wwm-cased"", ""chunk_stride"": 256, ""max_tokens"": 512, ""mental_es_model"": ""ELiRF/RoBERTa-es-mental-large"", ""n_cv_splits"": 5, ""n_search_iter"": 0, ""seeds"": [42], ""sentence_transformer_model"": ""intfloat/multilingual-e5-small"", ""tfidf_lemmatize"": true, ""tfidf_max_df"": 0.9, ""tfidf_max_features"": 300, ""tfidf_min_df"": 3, ""tfidf_ngram_range"": [1, 2], ""tfidf_normalize_numbers"": true}",2026-09-17T14:04:33
E2_E5BASE,frozen,participant,1,no_augmentation,GAD7,42,GradientBoosting,4.561536,False,intfloat/multilingual-e5-base,defaults,"{""augmentation"": ""no_augmentation"", ""beto_model"": ""dccuchile/bert-base-spanish-wwm-cased"", ""chunk_stride"": 256, ""max_tokens"": 512, ""mental_es_model"": ""ELiRF/RoBERTa-es-mental-large"", ""n_cv_splits"": 5, ""n_search_iter"": 0, ""seeds"": [42], ""sentence_transformer_model"": ""intfloat/multilingual-e5-small"", ""tfidf_lemmatize"": true, ""tfidf_max_df"": 0.9, ""tfidf_max_features"": 300, ""tfidf_min_df"": 3, ""tfidf_ngram_range"": [1, 2], ""tfidf_normalize_numbers"": true}",2026-09-17T14:04:33
E2_E5BASE,frozen,participant,1,no_augmentation,GAD7,42,LightGBM,4.656415,False,intfloat/multilingual-e5-base,defaults,"{""augmentation"": ""no_augmentation"", ""beto_model"": ""dccuchile/bert-base-spanish-wwm-cased"", ""chunk_stride"": 256, ""max_tokens"": 512, ""mental_es_model"": ""ELiRF/RoBERTa-es-mental-large"", ""n_cv_splits"": 5, ""n_search_iter"": 0, ""seeds"": [42], ""sentence_transformer_model"": ""intfloat/multilingual-e5-small"", ""tfidf_lemmatize"": true, ""tfidf_max_df"": 0.9, ""tfidf_max_features"": 300, ""tfidf_min_df"": 3, ""tfidf_ngram_range"": [1, 2], ""tfidf_normalize_numbers"": true}",2026-09-17T14:04:33
E2_E5BASE,frozen,participant,1,no_augmentation,GAD7,42,KNN,4.808392,False,intfloat/multilingual-e5-base,defaults,"{""augmentation"": ""no_augmentation"", ""beto_model"": ""dccuchile/bert-base-spanish-wwm-cased"", ""chunk_stride"": 256, ""max_tokens"": 512, ""mental_es_model"": ""ELiRF/RoBERTa-es-mental-large"", ""n_cv_splits"": 5, ""n_search_iter"": 0, ""seeds"": [42], ""sentence_transformer_model"": ""intfloat/multilingual-e5-small"", ""tfidf_lemmatize"": true, ""tfidf_max_df"": 0.9, ""tfidf_max_features"": 300, ""tfidf_min_df"": 3, ""tfidf_ngram_range"": [1, 2], ""tfidf_normalize_numbers"": true}",2026-09-17T14:04:33
E2_E5BASE,frozen,participant,1,no_augmentation,GAD7,42,DecisionTree,6.145487,False,intfloat/multilingual-e5-base,defaults,"{""augmentation"": ""no_augmentation"", ""beto_model"": ""dccuchile/bert-base-spanish-wwm-cased"", ""chunk_stride"": 256, ""max_tokens"": 512, ""mental_es_model"": ""ELiRF/RoBERTa-es-mental-large"", ""n_cv_splits"": 5, ""n_search_iter"": 0, ""seeds"": [42], ""sentence_transformer_model"": ""intfloat/multilingual-e5-small"", ""tfidf_lemmatize"": true, ""tfidf_max_df"": 0.9, ""tfidf_max_features"": 300, ""tfidf_min_df"": 3, ""tfidf_ngram_range"": [1, 2], ""tfidf_normalize_numbers"": true}",2026-09-17T14:04:33
E2_E5BASE,frozen,participant,1,no_augmentation,GAD7,42,AdaBoost,4.535725,False,intfloat/multilingual-e5-base,defaults,"{""augmentation"": ""no_augmentation"", ""beto_model"": ""dccuchile/bert-base-spanish-wwm-cased"", ""chunk_stride"": 256, ""max_tokens"": 512, ""mental_es_model"": ""ELiRF/RoBERTa-es-mental-large"", ""n_cv_splits"": 5, ""n_search_iter"": 0, ""seeds"": [42], ""sentence_transformer_model"": ""intfloat/multilingual-e5-small"", ""tfidf_lemmatize"": true, ""tfidf_max_df"": 0.9, ""tfidf_max_features"": 300, ""tfidf_min_df"": 3, ""tfidf_ngram_range"": [1, 2], ""tfidf_normalize_numbers"": true}",2026-09-17T14:04:33
E2_E5LARGE,frozen,participant,1,no_augmentation,PHQ9,42,Ridge,6.190602,False,intfloat/multilingual-e5-large,defaults,"{""augmentation"": ""no_augmentation"", ""beto_model"": ""dccuchile/bert-base-spanish-wwm-cased"", ""chunk_stride"": 256, ""max_tokens"": 512, ""mental_es_model"": ""ELiRF/RoBERTa-es-mental-large"", ""n_cv_splits"": 5, ""n_search_iter"": 0, ""seeds"": [42], ""sentence_transformer_model"": ""intfloat/multilingual-e5-small"", ""tfidf_lemmatize"": true, ""tfidf_max_df"": 0.9, ""tfidf_max_features"": 300, ""tfidf_min_df"": 3, ""tfidf_ngram_range"": [1, 2], ""tfidf_normalize_numbers"": true}",2026-09-17T14:06:01
E2_E5LARGE,frozen,participant,1,no_augmentation,PHQ9,42,SVR,4.991432,True,intfloat/multilingual-e5-large,defaults,"{""augmentation"": ""no_augmentation"", ""beto_model"": ""dccuchile/bert-base-spanish-wwm-cased"", ""chunk_stride"": 256, ""max_tokens"": 512, ""mental_es_model"": ""ELiRF/RoBERTa-es-mental-large"", ""n_cv_splits"": 5, ""n_search_iter"": 0, ""seeds"": [42], ""sentence_transformer_model"": ""intfloat/multilingual-e5-small"", ""tfidf_lemmatize"": true, ""tfidf_max_df"": 0.9, ""tfidf_max_features"": 300, ""tfidf_min_df"": 3, ""tfidf_ngram_range"": [1, 2], ""tfidf_normalize_numbers"": true}",2026-09-17T14:06:01
E2_E5LARGE,frozen,participant,1,no_augmentation,PHQ9,42,RandomForest,5.145748,False,intfloat/multilingual-e5-large,defaults,"{""augmentation"": ""no_augmentation"", ""beto_model"": ""dccuchile/bert-base-spanish-wwm-cased"", ""chunk_stride"": 256, ""max_tokens"": 512, ""mental_es_model"": ""ELiRF/RoBERTa-es-mental-large"", ""n_cv_splits"": 5, ""n_search_iter"": 0, ""seeds"": [42], ""sentence_transformer_model"": ""intfloat/multilingual-e5-small"", ""tfidf_lemmatize"": true, ""tfidf_max_df"": 0.9, ""tfidf_max_features"": 300, ""tfidf_min_df"": 3, ""tfidf_ngram_range"": [1, 2], ""tfidf_normalize_numbers"": true}",2026-09-17T14:06:01
E2_E5LARGE,frozen,participant,1,no_augmentation,PHQ9,42,ExtraTrees,5.159636,False,intfloat/multilingual-e5-large,defaults,"{""augmentation"": ""no_augmentation"", ""beto_model"": ""dccuchile/bert-base-spanish-wwm-cased"", ""chunk_stride"": 256, ""max_tokens"": 512, ""mental_es_model"": ""ELiRF/RoBERTa-es-mental-large"", ""n_cv_splits"": 5, ""n_search_iter"": 0, ""seeds"": [42], ""sentence_transformer_model"": ""intfloat/multilingual-e5-small"", ""tfidf_lemmatize"": true, ""tfidf_max_df"": 0.9, ""tfidf_max_features"": 300, ""tfidf_min_df"": 3, ""tfidf_ngram_range"": [1, 2], ""tfidf_normalize_numbers"": true}",2026-09-17T14:06:01
E2_E5LARGE,frozen,participant,1,no_augmentation,PHQ9,42,GradientBoosting,5.364609,False,intfloat/multilingual-e5-large,defaults,"{""augmentation"": ""no_augmentation"", ""beto_model"": ""dccuchile/bert-base-spanish-wwm-cased"", ""chunk_stride"": 256, ""max_tokens"": 512, ""mental_es_model"": ""ELiRF/RoBERTa-es-mental-large"", ""n_cv_splits"": 5, ""n_search_iter"": 0, ""seeds"": [42], ""sentence_transformer_model"": ""intfloat/multilingual-e5-small"", ""tfidf_lemmatize"": true, ""tfidf_max_df"": 0.9, ""tfidf_max_features"": 300, ""tfidf_min_df"": 3, ""tfidf_ngram_range"": [1, 2], ""tfidf_normalize_numbers"": true}",2026-09-17T14:06:01
E2_E5LARGE,frozen,participant,1,no_augmentation,PHQ9,42,LightGBM,5.601032,False,intfloat/multilingual-e5-large,defaults,"{""augmentation"": ""no_augmentation"", ""beto_model"": ""dccuchile/bert-base-spanish-wwm-cased"", ""chunk_stride"": 256, ""max_tokens"": 512, ""mental_es_model"": ""ELiRF/RoBERTa-es-mental-large"", ""n_cv_splits"": 5, ""n_search_iter"": 0, ""seeds"": [42], ""sentence_transformer_model"": ""intfloat/multilingual-e5-small"", ""tfidf_lemmatize"": true, ""tfidf_max_df"": 0.9, ""tfidf_max_features"": 300, ""tfidf_min_df"": 3, ""tfidf_ngram_range"": [1, 2], ""tfidf_normalize_numbers"": true}",2026-09-17T14:06:01
E2_E5LARGE,frozen,participant,1,no_augmentation,PHQ9,42,KNN,5.457582,False,intfloat/multilingual-e5-large,defaults,"{""augmentation"": ""no_augmentation"", ""beto_model"": ""dccuchile/bert-base-spanish-wwm-cased"", ""chunk_stride"": 256, ""max_tokens"": 512, ""mental_es_model"": ""ELiRF/RoBERTa-es-mental-large"", ""n_cv_splits"": 5, ""n_search_iter"": 0, ""seeds"": [42], ""sentence_transformer_model"": ""intfloat/multilingual-e5-small"", ""tfidf_lemmatize"": true, ""tfidf_max_df"": 0.9, ""tfidf_max_features"": 300, ""tfidf_min_df"": 3, ""tfidf_ngram_range"": [1, 2], ""tfidf_normalize_numbers"": true}",2026-09-17T14:06:01
E2_E5LARGE,frozen,participant,1,no_augmentation,PHQ9,42,DecisionTree,7.155038,False,intfloat/multilingual-e5-large,defaults,"{""augmentation"": ""no_augmentation"", ""beto_model"": ""dccuchile/bert-base-spanish-wwm-cased"", ""chunk_stride"": 256, ""max_tokens"": 512, ""mental_es_model"": ""ELiRF/RoBERTa-es-mental-large"", ""n_cv_splits"": 5, ""n_search_iter"": 0, ""seeds"": [42], ""sentence_transformer_model"": ""intfloat/multilingual-e5-small"", ""tfidf_lemmatize"": true, ""tfidf_max_df"": 0.9, ""tfidf_max_features"": 300, ""tfidf_min_df"": 3, ""tfidf_ngram_range"": [1, 2], ""tfidf_normalize_numbers"": true}",2026-09-17T14:06:01
E2_E5LARGE,frozen,participant,1,no_augmentation,PHQ9,42,AdaBoost,5.186731,False,intfloat/multilingual-e5-large,defaults,"{""augmentation"": ""no_augmentation"", ""beto_model"": ""dccuchile/bert-base-spanish-wwm-cased"", ""chunk_stride"": 256, ""max_tokens"": 512, ""mental_es_model"": ""ELiRF/RoBERTa-es-mental-large"", ""n_cv_splits"": 5, ""n_search_iter"": 0, ""seeds"": [42], ""sentence_transformer_model"": ""intfloat/multilingual-e5-small"", ""tfidf_lemmatize"": true, ""tfidf_max_df"": 0.9, ""tfidf_max_features"": 300, ""tfidf_min_df"": 3, ""tfidf_ngram_range"": [1, 2], ""tfidf_normalize_numbers"": true}",2026-09-17T14:06:01
E2_E5LARGE,frozen,participant,1,no_augmentation,GAD7,42,Ridge,5.031379,False,intfloat/multilingual-e5-large,defaults,"{""augmentation"": ""no_augmentation"", ""beto_model"": ""dccuchile/bert-base-spanish-wwm-cased"", ""chunk_stride"": 256, ""max_tokens"": 512, ""mental_es_model"": ""ELiRF/RoBERTa-es-mental-large"", ""n_cv_splits"": 5, ""n_search_iter"": 0, ""seeds"": [42], ""sentence_transformer_model"": ""intfloat/multilingual-e5-small"", ""tfidf_lemmatize"": true, ""tfidf_max_df"": 0.9, ""tfidf_max_features"": 300, ""tfidf_min_df"": 3, ""tfidf_ngram_range"": [1, 2], ""tfidf_normalize_numbers"": true}",2026-09-17T14:07:25
E2_E5LARGE,frozen,participant,1,no_augmentation,GAD7,42,SVR,4.247929,True,intfloat/multilingual-e5-large,defaults,"{""augmentation"": ""no_augmentation"", ""beto_model"": ""dccuchile/bert-base-spanish-wwm-cased"", ""chunk_stride"": 256, ""max_tokens"": 512, ""mental_es_model"": ""ELiRF/RoBERTa-es-mental-large"", ""n_cv_splits"": 5, ""n_search_iter"": 0, ""seeds"": [42], ""sentence_transformer_model"": ""intfloat/multilingual-e5-small"", ""tfidf_lemmatize"": true, ""tfidf_max_df"": 0.9, ""tfidf_max_features"": 300, ""tfidf_min_df"": 3, ""tfidf_ngram_range"": [1, 2], ""tfidf_normalize_numbers"": true}",2026-09-17T14:07:25
E2_E5LARGE,frozen,participant,1,no_augmentation,GAD7,42,RandomForest,4.329954,False,intfloat/multilingual-e5-large,defaults,"{""augmentation"": ""no_augmentation"", ""beto_model"": ""dccuchile/bert-base-spanish-wwm-cased"", ""chunk_stride"": 256, ""max_tokens"": 512, ""mental_es_model"": ""ELiRF/RoBERTa-es-mental-large"", ""n_cv_splits"": 5, ""n_search_iter"": 0, ""seeds"": [42], ""sentence_transformer_model"": ""intfloat/multilingual-e5-small"", ""tfidf_lemmatize"": true, ""tfidf_max_df"": 0.9, ""tfidf_max_features"": 300, ""tfidf_min_df"": 3, ""tfidf_ngram_range"": [1, 2], ""tfidf_normalize_numbers"": true}",2026-09-17T14:07:25
E2_E5LARGE,frozen,participant,1,no_augmentation,GAD7,42,ExtraTrees,4.326449,False,intfloat/multilingual-e5-large,defaults,"{""augmentation"": ""no_augmentation"", ""beto_model"": ""dccuchile/bert-base-spanish-wwm-cased"", ""chunk_stride"": 256, ""max_tokens"": 512, ""mental_es_model"": ""ELiRF/RoBERTa-es-mental-large"", ""n_cv_splits"": 5, ""n_search_iter"": 0, ""seeds"": [42], ""sentence_transformer_model"": ""intfloat/multilingual-e5-small"", ""tfidf_lemmatize"": true, ""tfidf_max_df"": 0.9, ""tfidf_max_features"": 300, ""tfidf_min_df"": 3, ""tfidf_ngram_range"": [1, 2], ""tfidf_normalize_numbers"": true}",2026-09-17T14:07:25
E2_E5LARGE,frozen,participant,1,no_augmentation,GAD7,42,GradientBoosting,4.579416,False,intfloat/multilingual-e5-large,defaults,"{""augmentation"": ""no_augmentation"", ""beto_model"": ""dccuchile/bert-base-spanish-wwm-cased"", ""chunk_stride"": 256, ""max_tokens"": 512, ""mental_es_model"": ""ELiRF/RoBERTa-es-mental-large"", ""n_cv_splits"": 5, ""n_search_iter"": 0, ""seeds"": [42], ""sentence_transformer_model"": ""intfloat/multilingual-e5-small"", ""tfidf_lemmatize"": true, ""tfidf_max_df"": 0.9, ""tfidf_max_features"": 300, ""tfidf_min_df"": 3, ""tfidf_ngram_range"": [1, 2], ""tfidf_normalize_numbers"": true}",2026-09-17T14:07:25
E2_E5LARGE,frozen,participant,1,no_augmentation,GAD7,42,LightGBM,4.537524,False,intfloat/multilingual-e5-large,defaults,"{""augmentation"": ""no_augmentation"", ""beto_model"": ""dccuchile/bert-base-spanish-wwm-cased"", ""chunk_stride"": 256, ""max_tokens"": 512, ""mental_es_model"": ""ELiRF/RoBERTa-es-mental-large"", ""n_cv_splits"": 5, ""n_search_iter"": 0, ""seeds"": [42], ""sentence_transformer_model"": ""intfloat/multilingual-e5-small"", ""tfidf_lemmatize"": true, ""tfidf_max_df"": 0.9, ""tfidf_max_features"": 300, ""tfidf_min_df"": 3, ""tfidf_ngram_range"": [1, 2], ""tfidf_normalize_numbers"": true}",2026-09-17T14:07:25
E2_E5LARGE,frozen,participant,1,no_augmentation,GAD7,42,KNN,4.640617,False,intfloat/multilingual-e5-large,defaults,"{""augmentation"": ""no_augmentation"", ""beto_model"": ""dccuchile/bert-base-spanish-wwm-cased"", ""chunk_stride"": 256, ""max_tokens"": 512, ""mental_es_model"": ""ELiRF/RoBERTa-es-mental-large"", ""n_cv_splits"": 5, ""n_search_iter"": 0, ""seeds"": [42], ""sentence_transformer_model"": ""intfloat/multilingual-e5-small"", ""tfidf_lemmatize"": true, ""tfidf_max_df"": 0.9, ""tfidf_max_features"": 300, ""tfidf_min_df"": 3, ""tfidf_ngram_range"": [1, 2], ""tfidf_normalize_numbers"": true}",2026-09-17T14:07:25
E2_E5LARGE,frozen,participant,1,no_augmentation,GAD7,42,DecisionTree,6.163757,False,intfloat/multilingual-e5-large,defaults,"{""augmentation"": ""no_augmentation"", ""beto_model"": ""dccuchile/bert-base-spanish-wwm-cased"", ""chunk_stride"": 256, ""max_tokens"": 512, ""mental_es_model"": ""ELiRF/RoBERTa-es-mental-large"", ""n_cv_splits"": 5, ""n_search_iter"": 0, ""seeds"": [42], ""sentence_transformer_model"": ""intfloat/multilingual-e5-small"", ""tfidf_lemmatize"": true, ""tfidf_max_df"": 0.9, ""tfidf_max_features"": 300, ""tfidf_min_df"": 3, ""tfidf_ngram_range"": [1, 2], ""tfidf_normalize_numbers"": true}",2026-09-17T14:07:25
E2_E5LARGE,frozen,participant,1,no_augmentation,GAD7,42,AdaBoost,4.392679,False,intfloat/multilingual-e5-large,defaults,"{""augmentation"": ""no_augmentation"", ""beto_model"": ""dccuchile/bert-base-spanish-wwm-cased"", ""chunk_stride"": 256, ""max_tokens"": 512, ""mental_es_model"": ""ELiRF/RoBERTa-es-mental-large"", ""n_cv_splits"": 5, ""n_search_iter"": 0, ""seeds"": [42], ""sentence_transformer_model"": ""intfloat/multilingual-e5-small"", ""tfidf_lemmatize"": true, ""tfidf_max_df"": 0.9, ""tfidf_max_features"": 300, ""tfidf_min_df"": 3, ""tfidf_ngram_range"": [1, 2], ""tfidf_normalize_numbers"": true}",2026-09-17T14:07:25
E7_ROBERTA_MENTAL,frozen,participant,1,no_augmentation,PHQ9,42,Ridge,5.828027,False,ELiRF/RoBERTa-es-mental-large,defaults,"{""augmentation"": ""no_augmentation"", ""beto_model"": ""dccuchile/bert-base-spanish-wwm-cased"", ""chunk_stride"": 256, ""max_tokens"": 512, ""mental_es_model"": ""ELiRF/RoBERTa-es-mental-large"", ""n_cv_splits"": 5, ""n_search_iter"": 0, ""seeds"": [42], ""sentence_transformer_model"": ""intfloat/multilingual-e5-small"", ""tfidf_lemmatize"": true, ""tfidf_max_df"": 0.9, ""tfidf_max_features"": 300, ""tfidf_min_df"": 3, ""tfidf_ngram_range"": [1, 2], ""tfidf_normalize_numbers"": true}",2026-09-17T14:08:22
E7_ROBERTA_MENTAL,frozen,participant,1,no_augmentation,PHQ9,42,SVR,5.21886,True,ELiRF/RoBERTa-es-mental-large,defaults,"{""augmentation"": ""no_augmentation"", ""beto_model"": ""dccuchile/bert-base-spanish-wwm-cased"", ""chunk_stride"": 256, ""max_tokens"": 512, ""mental_es_model"": ""ELiRF/RoBERTa-es-mental-large"", ""n_cv_splits"": 5, ""n_search_iter"": 0, ""seeds"": [42], ""sentence_transformer_model"": ""intfloat/multilingual-e5-small"", ""tfidf_lemmatize"": true, ""tfidf_max_df"": 0.9, ""tfidf_max_features"": 300, ""tfidf_min_df"": 3, ""tfidf_ngram_range"": [1, 2], ""tfidf_normalize_numbers"": true}",2026-09-17T14:08:22
E7_ROBERTA_MENTAL,frozen,participant,1,no_augmentation,PHQ9,42,RandomForest,5.339742,False,ELiRF/RoBERTa-es-mental-large,defaults,"{""augmentation"": ""no_augmentation"", ""beto_model"": ""dccuchile/bert-base-spanish-wwm-cased"", ""chunk_stride"": 256, ""max_tokens"": 512, ""mental_es_model"": ""ELiRF/RoBERTa-es-mental-large"", ""n_cv_splits"": 5, ""n_search_iter"": 0, ""seeds"": [42], ""sentence_transformer_model"": ""intfloat/multilingual-e5-small"", ""tfidf_lemmatize"": true, ""tfidf_max_df"": 0.9, ""tfidf_max_features"": 300, ""tfidf_min_df"": 3, ""tfidf_ngram_range"": [1, 2], ""tfidf_normalize_numbers"": true}",2026-09-17T14:08:22
E7_ROBERTA_MENTAL,frozen,participant,1,no_augmentation,PHQ9,42,ExtraTrees,5.394639,False,ELiRF/RoBERTa-es-mental-large,defaults,"{""augmentation"": ""no_augmentation"", ""beto_model"": ""dccuchile/bert-base-spanish-wwm-cased"", ""chunk_stride"": 256, ""max_tokens"": 512, ""mental_es_model"": ""ELiRF/RoBERTa-es-mental-large"", ""n_cv_splits"": 5, ""n_search_iter"": 0, ""seeds"": [42], ""sentence_transformer_model"": ""intfloat/multilingual-e5-small"", ""tfidf_lemmatize"": true, ""tfidf_max_df"": 0.9, ""tfidf_max_features"": 300, ""tfidf_min_df"": 3, ""tfidf_ngram_range"": [1, 2], ""tfidf_normalize_numbers"": true}",2026-09-17T14:08:22
E7_ROBERTA_MENTAL,frozen,participant,1,no_augmentation,PHQ9,42,GradientBoosting,5.29115,False,ELiRF/RoBERTa-es-mental-large,defaults,"{""augmentation"": ""no_augmentation"", ""beto_model"": ""dccuchile/bert-base-spanish-wwm-cased"", ""chunk_stride"": 256, ""max_tokens"": 512, ""mental_es_model"": ""ELiRF/RoBERTa-es-mental-large"", ""n_cv_splits"": 5, ""n_search_iter"": 0, ""seeds"": [42], ""sentence_transformer_model"": ""intfloat/multilingual-e5-small"", ""tfidf_lemmatize"": true, ""tfidf_max_df"": 0.9, ""tfidf_max_features"": 300, ""tfidf_min_df"": 3, ""tfidf_ngram_range"": [1, 2], ""tfidf_normalize_numbers"": true}",2026-09-17T14:08:22
E7_ROBERTA_MENTAL,frozen,participant,1,no_augmentation,PHQ9,42,LightGBM,5.453019,False,ELiRF/RoBERTa-es-mental-large,defaults,"{""augmentation"": ""no_augmentation"", ""beto_model"": ""dccuchile/bert-base-spanish-wwm-cased"", ""chunk_stride"": 256, ""max_tokens"": 512, ""mental_es_model"": ""ELiRF/RoBERTa-es-mental-large"", ""n_cv_splits"": 5, ""n_search_iter"": 0, ""seeds"": [42], ""sentence_transformer_model"": ""intfloat/multilingual-e5-small"", ""tfidf_lemmatize"": true, ""tfidf_max_df"": 0.9, ""tfidf_max_features"": 300, ""tfidf_min_df"": 3, ""tfidf_ngram_range"": [1, 2], ""tfidf_normalize_numbers"": true}",2026-09-17T14:08:22
E7_ROBERTA_MENTAL,frozen,participant,1,no_augmentation,PHQ9,42,KNN,5.627164,False,ELiRF/RoBERTa-es-mental-large,defaults,"{""augmentation"": ""no_augmentation"", ""beto_model"": ""dccuchile/bert-base-spanish-wwm-cased"", ""chunk_stride"": 256, ""max_tokens"": 512, ""mental_es_model"": ""ELiRF/RoBERTa-es-mental-large"", ""n_cv_splits"": 5, ""n_search_iter"": 0, ""seeds"": [42], ""sentence_transformer_model"": ""intfloat/multilingual-e5-small"", ""tfidf_lemmatize"": true, ""tfidf_max_df"": 0.9, ""tfidf_max_features"": 300, ""tfidf_min_df"": 3, ""tfidf_ngram_range"": [1, 2], ""tfidf_normalize_numbers"": true}",2026-09-17T14:08:22
E7_ROBERTA_MENTAL,frozen,participant,1,no_augmentation,PHQ9,42,DecisionTree,7.040936,False,ELiRF/RoBERTa-es-mental-large,defaults,"{""augmentation"": ""no_augmentation"", ""beto_model"": ""dccuchile/bert-base-spanish-wwm-cased"", ""chunk_stride"": 256, ""max_tokens"": 512, ""mental_es_model"": ""ELiRF/RoBERTa-es-mental-large"", ""n_cv_splits"": 5, ""n_search_iter"": 0, ""seeds"": [42], ""sentence_transformer_model"": ""intfloat/multilingual-e5-small"", ""tfidf_lemmatize"": true, ""tfidf_max_df"": 0.9, ""tfidf_max_features"": 300, ""tfidf_min_df"": 3, ""tfidf_ngram_range"": [1, 2], ""tfidf_normalize_numbers"": true}",2026-09-17T14:08:22
E7_ROBERTA_MENTAL,frozen,participant,1,no_augmentation,PHQ9,42,AdaBoost,5.386219,False,ELiRF/RoBERTa-es-mental-large,defaults,"{""augmentation"": ""no_augmentation"", ""beto_model"": ""dccuchile/bert-base-spanish-wwm-cased"", ""chunk_stride"": 256, ""max_tokens"": 512, ""mental_es_model"": ""ELiRF/RoBERTa-es-mental-large"", ""n_cv_splits"": 5, ""n_search_iter"": 0, ""seeds"": [42], ""sentence_transformer_model"": ""intfloat/multilingual-e5-small"", ""tfidf_lemmatize"": true, ""tfidf_max_df"": 0.9, ""tfidf_max_features"": 300, ""tfidf_min_df"": 3, ""tfidf_ngram_range"": [1, 2], ""tfidf_normalize_numbers"": true}",2026-09-17T14:08:22
E7_ROBERTA_MENTAL,frozen,participant,1,no_augmentation,GAD7,42,Ridge,4.945814,False,ELiRF/RoBERTa-es-mental-large,defaults,"{""augmentation"": ""no_augmentation"", ""beto_model"": ""dccuchile/bert-base-spanish-wwm-cased"", ""chunk_stride"": 256, ""max_tokens"": 512, ""mental_es_model"": ""ELiRF/RoBERTa-es-mental-large"", ""n_cv_splits"": 5, ""n_search_iter"": 0, ""seeds"": [42], ""sentence_transformer_model"": ""intfloat/multilingual-e5-small"", ""tfidf_lemmatize"": true, ""tfidf_max_df"": 0.9, ""tfidf_max_features"": 300, ""tfidf_min_df"": 3, ""tfidf_ngram_range"": [1, 2], ""tfidf_normalize_numbers"": true}",2026-09-17T14:09:11
E7_ROBERTA_MENTAL,frozen,participant,1,no_augmentation,GAD7,42,SVR,4.307356,True,ELiRF/RoBERTa-es-mental-large,defaults,"{""augmentation"": ""no_augmentation"", ""beto_model"": ""dccuchile/bert-base-spanish-wwm-cased"", ""chunk_stride"": 256, ""max_tokens"": 512, ""mental_es_model"": ""ELiRF/RoBERTa-es-mental-large"", ""n_cv_splits"": 5, ""n_search_iter"": 0, ""seeds"": [42], ""sentence_transformer_model"": ""intfloat/multilingual-e5-small"", ""tfidf_lemmatize"": true, ""tfidf_max_df"": 0.9, ""tfidf_max_features"": 300, ""tfidf_min_df"": 3, ""tfidf_ngram_range"": [1, 2], ""tfidf_normalize_numbers"": true}",2026-09-17T14:09:11
E7_ROBERTA_MENTAL,frozen,participant,1,no_augmentation,GAD7,42,RandomForest,4.382068,False,ELiRF/RoBERTa-es-mental-large,defaults,"{""augmentation"": ""no_augmentation"", ""beto_model"": ""dccuchile/bert-base-spanish-wwm-cased"", ""chunk_stride"": 256, ""max_tokens"": 512, ""mental_es_model"": ""ELiRF/RoBERTa-es-mental-large"", ""n_cv_splits"": 5, ""n_search_iter"": 0, ""seeds"": [42], ""sentence_transformer_model"": ""intfloat/multilingual-e5-small"", ""tfidf_lemmatize"": true, ""tfidf_max_df"": 0.9, ""tfidf_max_features"": 300, ""tfidf_min_df"": 3, ""tfidf_ngram_range"": [1, 2], ""tfidf_normalize_numbers"": true}",2026-09-17T14:09:11
E7_ROBERTA_MENTAL,frozen,participant,1,no_augmentation,GAD7,42,ExtraTrees,4.450795,False,ELiRF/RoBERTa-es-mental-large,defaults,"{""augmentation"": ""no_augmentation"", ""beto_model"": ""dccuchile/bert-base-spanish-wwm-cased"", ""chunk_stride"": 256, ""max_tokens"": 512, ""mental_es_model"": ""ELiRF/RoBERTa-es-mental-large"", ""n_cv_splits"": 5, ""n_search_iter"": 0, ""seeds"": [42], ""sentence_transformer_model"": ""intfloat/multilingual-e5-small"", ""tfidf_lemmatize"": true, ""tfidf_max_df"": 0.9, ""tfidf_max_features"": 300, ""tfidf_min_df"": 3, ""tfidf_ngram_range"": [1, 2], ""tfidf_normalize_numbers"": true}",2026-09-17T14:09:11
E7_ROBERTA_MENTAL,frozen,participant,1,no_augmentation,GAD7,42,GradientBoosting,4.437674,False,ELiRF/RoBERTa-es-mental-large,defaults,"{""augmentation"": ""no_augmentation"", ""beto_model"": ""dccuchile/bert-base-spanish-wwm-cased"", ""chunk_stride"": 256, ""max_tokens"": 512, ""mental_es_model"": ""ELiRF/RoBERTa-es-mental-large"", ""n_cv_splits"": 5, ""n_search_iter"": 0, ""seeds"": [42], ""sentence_transformer_model"": ""intfloat/multilingual-e5-small"", ""tfidf_lemmatize"": true, ""tfidf_max_df"": 0.9, ""tfidf_max_features"": 300, ""tfidf_min_df"": 3, ""tfidf_ngram_range"": [1, 2], ""tfidf_normalize_numbers"": true}",2026-09-17T14:09:11
E7_ROBERTA_MENTAL,frozen,participant,1,no_augmentation,GAD7,42,LightGBM,4.641349,False,ELiRF/RoBERTa-es-mental-large,defaults,"{""augmentation"": ""no_augmentation"", ""beto_model"": ""dccuchile/bert-base-spanish-wwm-cased"", ""chunk_stride"": 256, ""max_tokens"": 512, ""mental_es_model"": ""ELiRF/RoBERTa-es-mental-large"", ""n_cv_splits"": 5, ""n_search_iter"": 0, ""seeds"": [42], ""sentence_transformer_model"": ""intfloat/multilingual-e5-small"", ""tfidf_lemmatize"": true, ""tfidf_max_df"": 0.9, ""tfidf_max_features"": 300, ""tfidf_min_df"": 3, ""tfidf_ngram_range"": [1, 2], ""tfidf_normalize_numbers"": true}",2026-09-17T14:09:11
E7_ROBERTA_MENTAL,frozen,participant,1,no_augmentation,GAD7,42,KNN,4.436705,False,ELiRF/RoBERTa-es-mental-large,defaults,"{""augmentation"": ""no_augmentation"", ""beto_model"": ""dccuchile/bert-base-spanish-wwm-cased"", ""chunk_stride"": 256, ""max_tokens"": 512, ""mental_es_model"": ""ELiRF/RoBERTa-es-mental-large"", ""n_cv_splits"": 5, ""n_search_iter"": 0, ""seeds"": [42], ""sentence_transformer_model"": ""intfloat/multilingual-e5-small"", ""tfidf_lemmatize"": true, ""tfidf_max_df"": 0.9, ""tfidf_max_features"": 300, ""tfidf_min_df"": 3, ""tfidf_ngram_range"": [1, 2], ""tfidf_normalize_numbers"": true}",2026-09-17T14:09:11
E7_ROBERTA_MENTAL,frozen,participant,1,no_augmentation,GAD7,42,DecisionTree,5.877026,False,ELiRF/RoBERTa-es-mental-large,defaults,"{""augmentation"": ""no_augmentation"", ""beto_model"": ""dccuchile/bert-base-spanish-wwm-cased"", ""chunk_stride"": 256, ""max_tokens"": 512, ""mental_es_model"": ""ELiRF/RoBERTa-es-mental-large"", ""n_cv_splits"": 5, ""n_search_iter"": 0, ""seeds"": [42], ""sentence_transformer_model"": ""intfloat/multilingual-e5-small"", ""tfidf_lemmatize"": true, ""tfidf_max_df"": 0.9, ""tfidf_max_features"": 300, ""tfidf_min_df"": 3, ""tfidf_ngram_range"": [1, 2], ""tfidf_normalize_numbers"": true}",2026-09-17T14:09:11
E7_ROBERTA_MENTAL,frozen,participant,1,no_augmentation,GAD7,42,AdaBoost,4.326131,False,ELiRF/RoBERTa-es-mental-large,defaults,"{""augmentation"": ""no_augmentation"", ""beto_model"": ""dccuchile/bert-base-spanish-wwm-cased"", ""chunk_stride"": 256, ""max_tokens"": 512, ""mental_es_model"": ""ELiRF/RoBERTa-es-mental-large"", ""n_cv_splits"": 5, ""n_search_iter"": 0, ""seeds"": [42], ""sentence_transformer_model"": ""intfloat/multilingual-e5-small"", ""tfidf_lemmatize"": true, ""tfidf_max_df"": 0.9, ""tfidf_max_features"": 300, ""tfidf_min_df"": 3, ""tfidf_ngram_range"": [1, 2], ""tfidf_normalize_numbers"": true}",2026-09-17T14:09:11
E7_ROBERTA_MENTAL_MLM_EP025,frozen,participant,3,no_augmentation,PHQ9,42,Ridge,5.412964,False,models/mlm_robertaes_mental/ep025,defaults,"{""augmentation"": ""no_augmentation"", ""beto_model"": ""dccuchile/bert-base-spanish-wwm-cased"", ""chunk_stride"": 256, ""max_tokens"": 512, ""mental_es_model"": ""ELiRF/RoBERTa-es-mental-large"", ""n_cv_splits"": 5, ""n_search_iter"": 0, ""seeds"": [42], ""sentence_transformer_model"": ""intfloat/multilingual-e5-small"", ""tfidf_lemmatize"": true, ""tfidf_max_df"": 0.9, ""tfidf_max_features"": 300, ""tfidf_min_df"": 3, ""tfidf_ngram_range"": [1, 2], ""tfidf_normalize_numbers"": true}",2026-09-18T03:07:18
E7_ROBERTA_MENTAL_MLM_EP025,frozen,participant,3,no_augmentation,PHQ9,42,SVR,5.100968,False,models/mlm_robertaes_mental/ep025,defaults,"{""augmentation"": ""no_augmentation"", ""beto_model"": ""dccuchile/bert-base-spanish-wwm-cased"", ""chunk_stride"": 256, ""max_tokens"": 512, ""mental_es_model"": ""ELiRF/RoBERTa-es-mental-large"", ""n_cv_splits"": 5, ""n_search_iter"": 0, ""seeds"": [42], ""sentence_transformer_model"": ""intfloat/multilingual-e5-small"", ""tfidf_lemmatize"": true, ""tfidf_max_df"": 0.9, ""tfidf_max_features"": 300, ""tfidf_min_df"": 3, ""tfidf_ngram_range"": [1, 2], ""tfidf_normalize_numbers"": true}",2026-09-18T03:07:18
E7_ROBERTA_MENTAL_MLM_EP025,frozen,participant,3,no_augmentation,PHQ9,42,RandomForest,5.170796,False,models/mlm_robertaes_mental/ep025,defaults,"{""augmentation"": ""no_augmentation"", ""beto_model"": ""dccuchile/bert-base-spanish-wwm-cased"", ""chunk_stride"": 256, ""max_tokens"": 512, ""mental_es_model"": ""ELiRF/RoBERTa-es-mental-large"", ""n_cv_splits"": 5, ""n_search_iter"": 0, ""seeds"": [42], ""sentence_transformer_model"": ""intfloat/multilingual-e5-small"", ""tfidf_lemmatize"": true, ""tfidf_max_df"": 0.9, ""tfidf_max_features"": 300, ""tfidf_min_df"": 3, ""tfidf_ngram_range"": [1, 2], ""tfidf_normalize_numbers"": true}",2026-09-18T03:07:18
E7_ROBERTA_MENTAL_MLM_EP025,frozen,participant,3,no_augmentation,PHQ9,42,ExtraTrees,5.149616,False,models/mlm_robertaes_mental/ep025,defaults,"{""augmentation"": ""no_augmentation"", ""beto_model"": ""dccuchile/bert-base-spanish-wwm-cased"", ""chunk_stride"": 256, ""max_tokens"": 512, ""mental_es_model"": ""ELiRF/RoBERTa-es-mental-large"", ""n_cv_splits"": 5, ""n_search_iter"": 0, ""seeds"": [42], ""sentence_transformer_model"": ""intfloat/multilingual-e5-small"", ""tfidf_lemmatize"": true, ""tfidf_max_df"": 0.9, ""tfidf_max_features"": 300, ""tfidf_min_df"": 3, ""tfidf_ngram_range"": [1, 2], ""tfidf_normalize_numbers"": true}",2026-09-18T03:07:18
E7_ROBERTA_MENTAL_MLM_EP025,frozen,participant,3,no_augmentation,PHQ9,42,GradientBoosting,5.254068,False,models/mlm_robertaes_mental/ep025,defaults,"{""augmentation"": ""no_augmentation"", ""beto_model"": ""dccuchile/bert-base-spanish-wwm-cased"", ""chunk_stride"": 256, ""max_tokens"": 512, ""mental_es_model"": ""ELiRF/RoBERTa-es-mental-large"", ""n_cv_splits"": 5, ""n_search_iter"": 0, ""seeds"": [42], ""sentence_transformer_model"": ""intfloat/multilingual-e5-small"", ""tfidf_lemmatize"": true, ""tfidf_max_df"": 0.9, ""tfidf_max_features"": 300, ""tfidf_min_df"": 3, ""tfidf_ngram_range"": [1, 2], ""tfidf_normalize_numbers"": true}",2026-09-18T03:07:18
E7_ROBERTA_MENTAL_MLM_EP025,frozen,participant,3,no_augmentation,PHQ9,42,LightGBM,5.176535,False,models/mlm_robertaes_mental/ep025,defaults,"{""augmentation"": ""no_augmentation"", ""beto_model"": ""dccuchile/bert-base-spanish-wwm-cased"", ""chunk_stride"": 256, ""max_tokens"": 512, ""mental_es_model"": ""ELiRF/RoBERTa-es-mental-large"", ""n_cv_splits"": 5, ""n_search_iter"": 0, ""seeds"": [42], ""sentence_transformer_model"": ""intfloat/multilingual-e5-small"", ""tfidf_lemmatize"": true, ""tfidf_max_df"": 0.9, ""tfidf_max_features"": 300, ""tfidf_min_df"": 3, ""tfidf_ngram_range"": [1, 2], ""tfidf_normalize_numbers"": true}",2026-09-18T03:07:18
E7_ROBERTA_MENTAL_MLM_EP025,frozen,participant,3,no_augmentation,PHQ9,42,KNN,5.562118,False,models/mlm_robertaes_mental/ep025,defaults,"{""augmentation"": ""no_augmentation"", ""beto_model"": ""dccuchile/bert-base-spanish-wwm-cased"", ""chunk_stride"": 256, ""max_tokens"": 512, ""mental_es_model"": ""ELiRF/RoBERTa-es-mental-large"", ""n_cv_splits"": 5, ""n_search_iter"": 0, ""seeds"": [42], ""sentence_transformer_model"": ""intfloat/multilingual-e5-small"", ""tfidf_lemmatize"": true, ""tfidf_max_df"": 0.9, ""tfidf_max_features"": 300, ""tfidf_min_df"": 3, ""tfidf_ngram_range"": [1, 2], ""tfidf_normalize_numbers"": true}",2026-09-18T03:07:18
E7_ROBERTA_MENTAL_MLM_EP025,frozen,participant,3,no_augmentation,PHQ9,42,DecisionTree,7.182581,False,models/mlm_robertaes_mental/ep025,defaults,"{""augmentation"": ""no_augmentation"", ""beto_model"": ""dccuchile/bert-base-spanish-wwm-cased"", ""chunk_stride"": 256, ""max_tokens"": 512, ""mental_es_model"": ""ELiRF/RoBERTa-es-mental-large"", ""n_cv_splits"": 5, ""n_search_iter"": 0, ""seeds"": [42], ""sentence_transformer_model"": ""intfloat/multilingual-e5-small"", ""tfidf_lemmatize"": true, ""tfidf_max_df"": 0.9, ""tfidf_max_features"": 300, ""tfidf_min_df"": 3, ""tfidf_ngram_range"": [1, 2], ""tfidf_normalize_numbers"": true}",2026-09-18T03:07:18
E7_ROBERTA_MENTAL_MLM_EP025,frozen,participant,3,no_augmentation,PHQ9,42,AdaBoost,5.010873,True,models/mlm_robertaes_mental/ep025,defaults,"{""augmentation"": ""no_augmentation"", ""beto_model"": ""dccuchile/bert-base-spanish-wwm-cased"", ""chunk_stride"": 256, ""max_tokens"": 512, ""mental_es_model"": ""ELiRF/RoBERTa-es-mental-large"", ""n_cv_splits"": 5, ""n_search_iter"": 0, ""seeds"": [42], ""sentence_transformer_model"": ""intfloat/multilingual-e5-small"", ""tfidf_lemmatize"": true, ""tfidf_max_df"": 0.9, ""tfidf_max_features"": 300, ""tfidf_min_df"": 3, ""tfidf_ngram_range"": [1, 2], ""tfidf_normalize_numbers"": true}",2026-09-18T03:07:18
E7_ROBERTA_MENTAL_MLM_EP025,frozen,participant,3,no_augmentation,GAD7,42,Ridge,5.160571,False,models/mlm_robertaes_mental/ep025,defaults,"{""augmentation"": ""no_augmentation"", ""beto_model"": ""dccuchile/bert-base-spanish-wwm-cased"", ""chunk_stride"": 256, ""max_tokens"": 512, ""mental_es_model"": ""ELiRF/RoBERTa-es-mental-large"", ""n_cv_splits"": 5, ""n_search_iter"": 0, ""seeds"": [42], ""sentence_transformer_model"": ""intfloat/multilingual-e5-small"", ""tfidf_lemmatize"": true, ""tfidf_max_df"": 0.9, ""tfidf_max_features"": 300, ""tfidf_min_df"": 3, ""tfidf_ngram_range"": [1, 2], ""tfidf_normalize_numbers"": true}",2026-09-18T03:08:40
E7_ROBERTA_MENTAL_MLM_EP025,frozen,participant,3,no_augmentation,GAD7,42,SVR,4.339965,False,models/mlm_robertaes_mental/ep025,defaults,"{""augmentation"": ""no_augmentation"", ""beto_model"": ""dccuchile/bert-base-spanish-wwm-cased"", ""chunk_stride"": 256, ""max_tokens"": 512, ""mental_es_model"": ""ELiRF/RoBERTa-es-mental-large"", ""n_cv_splits"": 5, ""n_search_iter"": 0, ""seeds"": [42], ""sentence_transformer_model"": ""intfloat/multilingual-e5-small"", ""tfidf_lemmatize"": true, ""tfidf_max_df"": 0.9, ""tfidf_max_features"": 300, ""tfidf_min_df"": 3, ""tfidf_ngram_range"": [1, 2], ""tfidf_normalize_numbers"": true}",2026-09-18T03:08:40
E7_ROBERTA_MENTAL_MLM_EP025,frozen,participant,3,no_augmentation,GAD7,42,RandomForest,4.32999,True,models/mlm_robertaes_mental/ep025,defaults,"{""augmentation"": ""no_augmentation"", ""beto_model"": ""dccuchile/bert-base-spanish-wwm-cased"", ""chunk_stride"": 256, ""max_tokens"": 512, ""mental_es_model"": ""ELiRF/RoBERTa-es-mental-large"", ""n_cv_splits"": 5, ""n_search_iter"": 0, ""seeds"": [42], ""sentence_transformer_model"": ""intfloat/multilingual-e5-small"", ""tfidf_lemmatize"": true, ""tfidf_max_df"": 0.9, ""tfidf_max_features"": 300, ""tfidf_min_df"": 3, ""tfidf_ngram_range"": [1, 2], ""tfidf_normalize_numbers"": true}",2026-09-18T03:08:40
E7_ROBERTA_MENTAL_MLM_EP025,frozen,participant,3,no_augmentation,GAD7,42,ExtraTrees,4.350277,False,models/mlm_robertaes_mental/ep025,defaults,"{""augmentation"": ""no_augmentation"", ""beto_model"": ""dccuchile/bert-base-spanish-wwm-cased"", ""chunk_stride"": 256, ""max_tokens"": 512, ""mental_es_model"": ""ELiRF/RoBERTa-es-mental-large"", ""n_cv_splits"": 5, ""n_search_iter"": 0, ""seeds"": [42], ""sentence_transformer_model"": ""intfloat/multilingual-e5-small"", ""tfidf_lemmatize"": true, ""tfidf_max_df"": 0.9, ""tfidf_max_features"": 300, ""tfidf_min_df"": 3, ""tfidf_ngram_range"": [1, 2], ""tfidf_normalize_numbers"": true}",2026-09-18T03:08:40
E7_ROBERTA_MENTAL_MLM_EP025,frozen,participant,3,no_augmentation,GAD7,42,GradientBoosting,4.6122,False,models/mlm_robertaes_mental/ep025,defaults,"{""augmentation"": ""no_augmentation"", ""beto_model"": ""dccuchile/bert-base-spanish-wwm-cased"", ""chunk_stride"": 256, ""max_tokens"": 512, ""mental_es_model"": ""ELiRF/RoBERTa-es-mental-large"", ""n_cv_splits"": 5, ""n_search_iter"": 0, ""seeds"": [42], ""sentence_transformer_model"": ""intfloat/multilingual-e5-small"", ""tfidf_lemmatize"": true, ""tfidf_max_df"": 0.9, ""tfidf_max_features"": 300, ""tfidf_min_df"": 3, ""tfidf_ngram_range"": [1, 2], ""tfidf_normalize_numbers"": true}",2026-09-18T03:08:40
E7_ROBERTA_MENTAL_MLM_EP025,frozen,participant,3,no_augmentation,GAD7,42,LightGBM,4.602612,False,models/mlm_robertaes_mental/ep025,defaults,"{""augmentation"": ""no_augmentation"", ""beto_model"": ""dccuchile/bert-base-spanish-wwm-cased"", ""chunk_stride"": 256, ""max_tokens"": 512, ""mental_es_model"": ""ELiRF/RoBERTa-es-mental-large"", ""n_cv_splits"": 5, ""n_search_iter"": 0, ""seeds"": [42], ""sentence_transformer_model"": ""intfloat/multilingual-e5-small"", ""tfidf_lemmatize"": true, ""tfidf_max_df"": 0.9, ""tfidf_max_features"": 300, ""tfidf_min_df"": 3, ""tfidf_ngram_range"": [1, 2], ""tfidf_normalize_numbers"": true}",2026-09-18T03:08:40
E7_ROBERTA_MENTAL_MLM_EP025,frozen,participant,3,no_augmentation,GAD7,42,KNN,4.690425,False,models/mlm_robertaes_mental/ep025,defaults,"{""augmentation"": ""no_augmentation"", ""beto_model"": ""dccuchile/bert-base-spanish-wwm-cased"", ""chunk_stride"": 256, ""max_tokens"": 512, ""mental_es_model"": ""ELiRF/RoBERTa-es-mental-large"", ""n_cv_splits"": 5, ""n_search_iter"": 0, ""seeds"": [42], ""sentence_transformer_model"": ""intfloat/multilingual-e5-small"", ""tfidf_lemmatize"": true, ""tfidf_max_df"": 0.9, ""tfidf_max_features"": 300, ""tfidf_min_df"": 3, ""tfidf_ngram_range"": [1, 2], ""tfidf_normalize_numbers"": true}",2026-09-18T03:08:40
E7_ROBERTA_MENTAL_MLM_EP025,frozen,participant,3,no_augmentation,GAD7,42,DecisionTree,5.629284,False,models/mlm_robertaes_mental/ep025,defaults,"{""augmentation"": ""no_augmentation"", ""beto_model"": ""dccuchile/bert-base-spanish-wwm-cased"", ""chunk_stride"": 256, ""max_tokens"": 512, ""mental_es_model"": ""ELiRF/RoBERTa-es-mental-large"", ""n_cv_splits"": 5, ""n_search_iter"": 0, ""seeds"": [42], ""sentence_transformer_model"": ""intfloat/multilingual-e5-small"", ""tfidf_lemmatize"": true, ""tfidf_max_df"": 0.9, ""tfidf_max_features"": 300, ""tfidf_min_df"": 3, ""tfidf_ngram_range"": [1, 2], ""tfidf_normalize_numbers"": true}",2026-09-18T03:08:40
E7_ROBERTA_MENTAL_MLM_EP025,frozen,participant,3,no_augmentation,GAD7,42,AdaBoost,4.450271,False,models/mlm_robertaes_mental/ep025,defaults,"{""augmentation"": ""no_augmentation"", ""beto_model"": ""dccuchile/bert-base-spanish-wwm-cased"", ""chunk_stride"": 256, ""max_tokens"": 512, ""mental_es_model"": ""ELiRF/RoBERTa-es-mental-large"", ""n_cv_splits"": 5, ""n_search_iter"": 0, ""seeds"": [42], ""sentence_transformer_model"": ""intfloat/multilingual-e5-small"", ""tfidf_lemmatize"": true, ""tfidf_max_df"": 0.9, ""tfidf_max_features"": 300, ""tfidf_min_df"": 3, ""tfidf_ngram_range"": [1, 2], ""tfidf_normalize_numbers"": true}",2026-09-18T03:08:40
E1_BETO_MLM_EP025,frozen,participant,3,no_augmentation,PHQ9,42,Ridge,6.513624,False,models/mlm_beto/ep025,defaults,"{""augmentation"": ""no_augmentation"", ""beto_model"": ""dccuchile/bert-base-spanish-wwm-cased"", ""chunk_stride"": 256, ""max_tokens"": 512, ""mental_es_model"": ""ELiRF/RoBERTa-es-mental-large"", ""n_cv_splits"": 5, ""n_search_iter"": 0, ""seeds"": [42], ""sentence_transformer_model"": ""intfloat/multilingual-e5-small"", ""tfidf_lemmatize"": true, ""tfidf_max_df"": 0.9, ""tfidf_max_features"": 300, ""tfidf_min_df"": 3, ""tfidf_ngram_range"": [1, 2], ""tfidf_normalize_numbers"": true}",2026-09-18T03:11:58
E1_BETO_MLM_EP025,frozen,participant,3,no_augmentation,PHQ9,42,SVR,5.161365,True,models/mlm_beto/ep025,defaults,"{""augmentation"": ""no_augmentation"", ""beto_model"": ""dccuchile/bert-base-spanish-wwm-cased"", ""chunk_stride"": 256, ""max_tokens"": 512, ""mental_es_model"": ""ELiRF/RoBERTa-es-mental-large"", ""n_cv_splits"": 5, ""n_search_iter"": 0, ""seeds"": [42], ""sentence_transformer_model"": ""intfloat/multilingual-e5-small"", ""tfidf_lemmatize"": true, ""tfidf_max_df"": 0.9, ""tfidf_max_features"": 300, ""tfidf_min_df"": 3, ""tfidf_ngram_range"": [1, 2], ""tfidf_normalize_numbers"": true}",2026-09-18T03:11:58
E1_BETO_MLM_EP025,frozen,participant,3,no_augmentation,PHQ9,42,RandomForest,5.345293,False,models/mlm_beto/ep025,defaults,"{""augmentation"": ""no_augmentation"", ""beto_model"": ""dccuchile/bert-base-spanish-wwm-cased"", ""chunk_stride"": 256, ""max_tokens"": 512, ""mental_es_model"": ""ELiRF/RoBERTa-es-mental-large"", ""n_cv_splits"": 5, ""n_search_iter"": 0, ""seeds"": [42], ""sentence_transformer_model"": ""intfloat/multilingual-e5-small"", ""tfidf_lemmatize"": true, ""tfidf_max_df"": 0.9, ""tfidf_max_features"": 300, ""tfidf_min_df"": 3, ""tfidf_ngram_range"": [1, 2], ""tfidf_normalize_numbers"": true}",2026-09-18T03:11:58
E1_BETO_MLM_EP025,frozen,participant,3,no_augmentation,PHQ9,42,ExtraTrees,5.358964,False,models/mlm_beto/ep025,defaults,"{""augmentation"": ""no_augmentation"", ""beto_model"": ""dccuchile/bert-base-spanish-wwm-cased"", ""chunk_stride"": 256, ""max_tokens"": 512, ""mental_es_model"": ""ELiRF/RoBERTa-es-mental-large"", ""n_cv_splits"": 5, ""n_search_iter"": 0, ""seeds"": [42], ""sentence_transformer_model"": ""intfloat/multilingual-e5-small"", ""tfidf_lemmatize"": true, ""tfidf_max_df"": 0.9, ""tfidf_max_features"": 300, ""tfidf_min_df"": 3, ""tfidf_ngram_range"": [1, 2], ""tfidf_normalize_numbers"": true}",2026-09-18T03:11:58
E1_BETO_MLM_EP025,frozen,participant,3,no_augmentation,PHQ9,42,GradientBoosting,5.399823,False,models/mlm_beto/ep025,defaults,"{""augmentation"": ""no_augmentation"", ""beto_model"": ""dccuchile/bert-base-spanish-wwm-cased"", ""chunk_stride"": 256, ""max_tokens"": 512, ""mental_es_model"": ""ELiRF/RoBERTa-es-mental-large"", ""n_cv_splits"": 5, ""n_search_iter"": 0, ""seeds"": [42], ""sentence_transformer_model"": ""intfloat/multilingual-e5-small"", ""tfidf_lemmatize"": true, ""tfidf_max_df"": 0.9, ""tfidf_max_features"": 300, ""tfidf_min_df"": 3, ""tfidf_ngram_range"": [1, 2], ""tfidf_normalize_numbers"": true}",2026-09-18T03:11:58
E1_BETO_MLM_EP025,frozen,participant,3,no_augmentation,PHQ9,42,LightGBM,5.440871,False,models/mlm_beto/ep025,defaults,"{""augmentation"": ""no_augmentation"", ""beto_model"": ""dccuchile/bert-base-spanish-wwm-cased"", ""chunk_stride"": 256, ""max_tokens"": 512, ""mental_es_model"": ""ELiRF/RoBERTa-es-mental-large"", ""n_cv_splits"": 5, ""n_search_iter"": 0, ""seeds"": [42], ""sentence_transformer_model"": ""intfloat/multilingual-e5-small"", ""tfidf_lemmatize"": true, ""tfidf_max_df"": 0.9, ""tfidf_max_features"": 300, ""tfidf_min_df"": 3, ""tfidf_ngram_range"": [1, 2], ""tfidf_normalize_numbers"": true}",2026-09-18T03:11:58
E1_BETO_MLM_EP025,frozen,participant,3,no_augmentation,PHQ9,42,KNN,5.595384,False,models/mlm_beto/ep025,defaults,"{""augmentation"": ""no_augmentation"", ""beto_model"": ""dccuchile/bert-base-spanish-wwm-cased"", ""chunk_stride"": 256, ""max_tokens"": 512, ""mental_es_model"": ""ELiRF/RoBERTa-es-mental-large"", ""n_cv_splits"": 5, ""n_search_iter"": 0, ""seeds"": [42], ""sentence_transformer_model"": ""intfloat/multilingual-e5-small"", ""tfidf_lemmatize"": true, ""tfidf_max_df"": 0.9, ""tfidf_max_features"": 300, ""tfidf_min_df"": 3, ""tfidf_ngram_range"": [1, 2], ""tfidf_normalize_numbers"": true}",2026-09-18T03:11:58
E1_BETO_MLM_EP025,frozen,participant,3,no_augmentation,PHQ9,42,DecisionTree,7.342709,False,models/mlm_beto/ep025,defaults,"{""augmentation"": ""no_augmentation"", ""beto_model"": ""dccuchile/bert-base-spanish-wwm-cased"", ""chunk_stride"": 256, ""max_tokens"": 512, ""mental_es_model"": ""ELiRF/RoBERTa-es-mental-large"", ""n_cv_splits"": 5, ""n_search_iter"": 0, ""seeds"": [42], ""sentence_transformer_model"": ""intfloat/multilingual-e5-small"", ""tfidf_lemmatize"": true, ""tfidf_max_df"": 0.9, ""tfidf_max_features"": 300, ""tfidf_min_df"": 3, ""tfidf_ngram_range"": [1, 2], ""tfidf_normalize_numbers"": true}",2026-09-18T03:11:58
E1_BETO_MLM_EP025,frozen,participant,3,no_augmentation,PHQ9,42,AdaBoost,5.313967,False,models/mlm_beto/ep025,defaults,"{""augmentation"": ""no_augmentation"", ""beto_model"": ""dccuchile/bert-base-spanish-wwm-cased"", ""chunk_stride"": 256, ""max_tokens"": 512, ""mental_es_model"": ""ELiRF/RoBERTa-es-mental-large"", ""n_cv_splits"": 5, ""n_search_iter"": 0, ""seeds"": [42], ""sentence_transformer_model"": ""intfloat/multilingual-e5-small"", ""tfidf_lemmatize"": true, ""tfidf_max_df"": 0.9, ""tfidf_max_features"": 300, ""tfidf_min_df"": 3, ""tfidf_ngram_range"": [1, 2], ""tfidf_normalize_numbers"": true}",2026-09-18T03:11:58
E1_BETO_MLM_EP025,frozen,participant,3,no_augmentation,GAD7,42,Ridge,6.02983,False,models/mlm_beto/ep025,defaults,"{""augmentation"": ""no_augmentation"", ""beto_model"": ""dccuchile/bert-base-spanish-wwm-cased"", ""chunk_stride"": 256, ""max_tokens"": 512, ""mental_es_model"": ""ELiRF/RoBERTa-es-mental-large"", ""n_cv_splits"": 5, ""n_search_iter"": 0, ""seeds"": [42], ""sentence_transformer_model"": ""intfloat/multilingual-e5-small"", ""tfidf_lemmatize"": true, ""tfidf_max_df"": 0.9, ""tfidf_max_features"": 300, ""tfidf_min_df"": 3, ""tfidf_ngram_range"": [1, 2], ""tfidf_normalize_numbers"": true}",2026-09-18T03:13:03
E1_BETO_MLM_EP025,frozen,participant,3,no_augmentation,GAD7,42,SVR,4.463891,False,models/mlm_beto/ep025,defaults,"{""augmentation"": ""no_augmentation"", ""beto_model"": ""dccuchile/bert-base-spanish-wwm-cased"", ""chunk_stride"": 256, ""max_tokens"": 512, ""mental_es_model"": ""ELiRF/RoBERTa-es-mental-large"", ""n_cv_splits"": 5, ""n_search_iter"": 0, ""seeds"": [42], ""sentence_transformer_model"": ""intfloat/multilingual-e5-small"", ""tfidf_lemmatize"": true, ""tfidf_max_df"": 0.9, ""tfidf_max_features"": 300, ""tfidf_min_df"": 3, ""tfidf_ngram_range"": [1, 2], ""tfidf_normalize_numbers"": true}",2026-09-18T03:13:03
E1_BETO_MLM_EP025,frozen,participant,3,no_augmentation,GAD7,42,RandomForest,4.424562,False,models/mlm_beto/ep025,defaults,"{""augmentation"": ""no_augmentation"", ""beto_model"": ""dccuchile/bert-base-spanish-wwm-cased"", ""chunk_stride"": 256, ""max_tokens"": 512, ""mental_es_model"": ""ELiRF/RoBERTa-es-mental-large"", ""n_cv_splits"": 5, ""n_search_iter"": 0, ""seeds"": [42], ""sentence_transformer_model"": ""intfloat/multilingual-e5-small"", ""tfidf_lemmatize"": true, ""tfidf_max_df"": 0.9, ""tfidf_max_features"": 300, ""tfidf_min_df"": 3, ""tfidf_ngram_range"": [1, 2], ""tfidf_normalize_numbers"": true}",2026-09-18T03:13:03
E1_BETO_MLM_EP025,frozen,participant,3,no_augmentation,GAD7,42,ExtraTrees,4.41679,True,models/mlm_beto/ep025,defaults,"{""augmentation"": ""no_augmentation"", ""beto_model"": ""dccuchile/bert-base-spanish-wwm-cased"", ""chunk_stride"": 256, ""max_tokens"": 512, ""mental_es_model"": ""ELiRF/RoBERTa-es-mental-large"", ""n_cv_splits"": 5, ""n_search_iter"": 0, ""seeds"": [42], ""sentence_transformer_model"": ""intfloat/multilingual-e5-small"", ""tfidf_lemmatize"": true, ""tfidf_max_df"": 0.9, ""tfidf_max_features"": 300, ""tfidf_min_df"": 3, ""tfidf_ngram_range"": [1, 2], ""tfidf_normalize_numbers"": true}",2026-09-18T03:13:04
E1_BETO_MLM_EP025,frozen,participant,3,no_augmentation,GAD7,42,GradientBoosting,4.637797,False,models/mlm_beto/ep025,defaults,"{""augmentation"": ""no_augmentation"", ""beto_model"": ""dccuchile/bert-base-spanish-wwm-cased"", ""chunk_stride"": 256, ""max_tokens"": 512, ""mental_es_model"": ""ELiRF/RoBERTa-es-mental-large"", ""n_cv_splits"": 5, ""n_search_iter"": 0, ""seeds"": [42], ""sentence_transformer_model"": ""intfloat/multilingual-e5-small"", ""tfidf_lemmatize"": true, ""tfidf_max_df"": 0.9, ""tfidf_max_features"": 300, ""tfidf_min_df"": 3, ""tfidf_ngram_range"": [1, 2], ""tfidf_normalize_numbers"": true}",2026-09-18T03:13:04
E1_BETO_MLM_EP025,frozen,participant,3,no_augmentation,GAD7,42,LightGBM,4.936438,False,models/mlm_beto/ep025,defaults,"{""augmentation"": ""no_augmentation"", ""beto_model"": ""dccuchile/bert-base-spanish-wwm-cased"", ""chunk_stride"": 256, ""max_tokens"": 512, ""mental_es_model"": ""ELiRF/RoBERTa-es-mental-large"", ""n_cv_splits"": 5, ""n_search_iter"": 0, ""seeds"": [42], ""sentence_transformer_model"": ""intfloat/multilingual-e5-small"", ""tfidf_lemmatize"": true, ""tfidf_max_df"": 0.9, ""tfidf_max_features"": 300, ""tfidf_min_df"": 3, ""tfidf_ngram_range"": [1, 2], ""tfidf_normalize_numbers"": true}",2026-09-18T03:13:04
E1_BETO_MLM_EP025,frozen,participant,3,no_augmentation,GAD7,42,KNN,4.715499,False,models/mlm_beto/ep025,defaults,"{""augmentation"": ""no_augmentation"", ""beto_model"": ""dccuchile/bert-base-spanish-wwm-cased"", ""chunk_stride"": 256, ""max_tokens"": 512, ""mental_es_model"": ""ELiRF/RoBERTa-es-mental-large"", ""n_cv_splits"": 5, ""n_search_iter"": 0, ""seeds"": [42], ""sentence_transformer_model"": ""intfloat/multilingual-e5-small"", ""tfidf_lemmatize"": true, ""tfidf_max_df"": 0.9, ""tfidf_max_features"": 300, ""tfidf_min_df"": 3, ""tfidf_ngram_range"": [1, 2], ""tfidf_normalize_numbers"": true}",2026-09-18T03:13:04
E1_BETO_MLM_EP025,frozen,participant,3,no_augmentation,GAD7,42,DecisionTree,6.645407,False,models/mlm_beto/ep025,defaults,"{""augmentation"": ""no_augmentation"", ""beto_model"": ""dccuchile/bert-base-spanish-wwm-cased"", ""chunk_stride"": 256, ""max_tokens"": 512, ""mental_es_model"": ""ELiRF/RoBERTa-es-mental-large"", ""n_cv_splits"": 5, ""n_search_iter"": 0, ""seeds"": [42], ""sentence_transformer_model"": ""intfloat/multilingual-e5-small"", ""tfidf_lemmatize"": true, ""tfidf_max_df"": 0.9, ""tfidf_max_features"": 300, ""tfidf_min_df"": 3, ""tfidf_ngram_range"": [1, 2], ""tfidf_normalize_numbers"": true}",2026-09-18T03:13:04
E1_BETO_MLM_EP025,frozen,participant,3,no_augmentation,GAD7,42,AdaBoost,4.563493,False,models/mlm_beto/ep025,defaults,"{""augmentation"": ""no_augmentation"", ""beto_model"": ""dccuchile/bert-base-spanish-wwm-cased"", ""chunk_stride"": 256, ""max_tokens"": 512, ""mental_es_model"": ""ELiRF/RoBERTa-es-mental-large"", ""n_cv_splits"": 5, ""n_search_iter"": 0, ""seeds"": [42], ""sentence_transformer_model"": ""intfloat/multilingual-e5-small"", ""tfidf_lemmatize"": true, ""tfidf_max_df"": 0.9, ""tfidf_max_features"": 300, ""tfidf_min_df"": 3, ""tfidf_ngram_range"": [1, 2], ""tfidf_normalize_numbers"": true}",2026-09-18T03:13:04
E1_BETO_MLM_EP010,frozen,participant,3,no_augmentation,PHQ9,42,Ridge,6.266699,False,models/mlm_beto/ep010,defaults,"{""augmentation"": ""no_augmentation"", ""beto_model"": ""dccuchile/bert-base-spanish-wwm-cased"", ""chunk_stride"": 256, ""max_tokens"": 512, ""mental_es_model"": ""ELiRF/RoBERTa-es-mental-large"", ""n_cv_splits"": 5, ""n_search_iter"": 0, ""seeds"": [42], ""sentence_transformer_model"": ""intfloat/multilingual-e5-small"", ""tfidf_lemmatize"": true, ""tfidf_max_df"": 0.9, ""tfidf_max_features"": 300, ""tfidf_min_df"": 3, ""tfidf_ngram_range"": [1, 2], ""tfidf_normalize_numbers"": true}",2026-09-18T03:16:41
E1_BETO_MLM_EP010,frozen,participant,3,no_augmentation,PHQ9,42,SVR,5.179834,True,models/mlm_beto/ep010,defaults,"{""augmentation"": ""no_augmentation"", ""beto_model"": ""dccuchile/bert-base-spanish-wwm-cased"", ""chunk_stride"": 256, ""max_tokens"": 512, ""mental_es_model"": ""ELiRF/RoBERTa-es-mental-large"", ""n_cv_splits"": 5, ""n_search_iter"": 0, ""seeds"": [42], ""sentence_transformer_model"": ""intfloat/multilingual-e5-small"", ""tfidf_lemmatize"": true, ""tfidf_max_df"": 0.9, ""tfidf_max_features"": 300, ""tfidf_min_df"": 3, ""tfidf_ngram_range"": [1, 2], ""tfidf_normalize_numbers"": true}",2026-09-18T03:16:41
E1_BETO_MLM_EP010,frozen,participant,3,no_augmentation,PHQ9,42,RandomForest,5.417641,False,models/mlm_beto/ep010,defaults,"{""augmentation"": ""no_augmentation"", ""beto_model"": ""dccuchile/bert-base-spanish-wwm-cased"", ""chunk_stride"": 256, ""max_tokens"": 512, ""mental_es_model"": ""ELiRF/RoBERTa-es-mental-large"", ""n_cv_splits"": 5, ""n_search_iter"": 0, ""seeds"": [42], ""sentence_transformer_model"": ""intfloat/multilingual-e5-small"", ""tfidf_lemmatize"": true, ""tfidf_max_df"": 0.9, ""tfidf_max_features"": 300, ""tfidf_min_df"": 3, ""tfidf_ngram_range"": [1, 2], ""tfidf_normalize_numbers"": true}",2026-09-18T03:16:41
E1_BETO_MLM_EP010,frozen,participant,3,no_augmentation,PHQ9,42,ExtraTrees,5.454006,False,models/mlm_beto/ep010,defaults,"{""augmentation"": ""no_augmentation"", ""beto_model"": ""dccuchile/bert-base-spanish-wwm-cased"", ""chunk_stride"": 256, ""max_tokens"": 512, ""mental_es_model"": ""ELiRF/RoBERTa-es-mental-large"", ""n_cv_splits"": 5, ""n_search_iter"": 0, ""seeds"": [42], ""sentence_transformer_model"": ""intfloat/multilingual-e5-small"", ""tfidf_lemmatize"": true, ""tfidf_max_df"": 0.9, ""tfidf_max_features"": 300, ""tfidf_min_df"": 3, ""tfidf_ngram_range"": [1, 2], ""tfidf_normalize_numbers"": true}",2026-09-18T03:16:41
E1_BETO_MLM_EP010,frozen,participant,3,no_augmentation,PHQ9,42,GradientBoosting,5.586447,False,models/mlm_beto/ep010,defaults,"{""augmentation"": ""no_augmentation"", ""beto_model"": ""dccuchile/bert-base-spanish-wwm-cased"", ""chunk_stride"": 256, ""max_tokens"": 512, ""mental_es_model"": ""ELiRF/RoBERTa-es-mental-large"", ""n_cv_splits"": 5, ""n_search_iter"": 0, ""seeds"": [42], ""sentence_transformer_model"": ""intfloat/multilingual-e5-small"", ""tfidf_lemmatize"": true, ""tfidf_max_df"": 0.9, ""tfidf_max_features"": 300, ""tfidf_min_df"": 3, ""tfidf_ngram_range"": [1, 2], ""tfidf_normalize_numbers"": true}",2026-09-18T03:16:41
E1_BETO_MLM_EP010,frozen,participant,3,no_augmentation,PHQ9,42,LightGBM,5.548207,False,models/mlm_beto/ep010,defaults,"{""augmentation"": ""no_augmentation"", ""beto_model"": ""dccuchile/bert-base-spanish-wwm-cased"", ""chunk_stride"": 256, ""max_tokens"": 512, ""mental_es_model"": ""ELiRF/RoBERTa-es-mental-large"", ""n_cv_splits"": 5, ""n_search_iter"": 0, ""seeds"": [42], ""sentence_transformer_model"": ""intfloat/multilingual-e5-small"", ""tfidf_lemmatize"": true, ""tfidf_max_df"": 0.9, ""tfidf_max_features"": 300, ""tfidf_min_df"": 3, ""tfidf_ngram_range"": [1, 2], ""tfidf_normalize_numbers"": true}",2026-09-18T03:16:41
E1_BETO_MLM_EP010,frozen,participant,3,no_augmentation,PHQ9,42,KNN,5.567355,False,models/mlm_beto/ep010,defaults,"{""augmentation"": ""no_augmentation"", ""beto_model"": ""dccuchile/bert-base-spanish-wwm-cased"", ""chunk_stride"": 256, ""max_tokens"": 512, ""mental_es_model"": ""ELiRF/RoBERTa-es-mental-large"", ""n_cv_splits"": 5, ""n_search_iter"": 0, ""seeds"": [42], ""sentence_transformer_model"": ""intfloat/multilingual-e5-small"", ""tfidf_lemmatize"": true, ""tfidf_max_df"": 0.9, ""tfidf_max_features"": 300, ""tfidf_min_df"": 3, ""tfidf_ngram_range"": [1, 2], ""tfidf_normalize_numbers"": true}",2026-09-18T03:16:41
E1_BETO_MLM_EP010,frozen,participant,3,no_augmentation,PHQ9,42,DecisionTree,7.541659,False,models/mlm_beto/ep010,defaults,"{""augmentation"": ""no_augmentation"", ""beto_model"": ""dccuchile/bert-base-spanish-wwm-cased"", ""chunk_stride"": 256, ""max_tokens"": 512, ""mental_es_model"": ""ELiRF/RoBERTa-es-mental-large"", ""n_cv_splits"": 5, ""n_search_iter"": 0, ""seeds"": [42], ""sentence_transformer_model"": ""intfloat/multilingual-e5-small"", ""tfidf_lemmatize"": true, ""tfidf_max_df"": 0.9, ""tfidf_max_features"": 300, ""tfidf_min_df"": 3, ""tfidf_ngram_range"": [1, 2], ""tfidf_normalize_numbers"": true}",2026-09-18T03:16:41
E1_BETO_MLM_EP010,frozen,participant,3,no_augmentation,PHQ9,42,AdaBoost,5.475614,False,models/mlm_beto/ep010,defaults,"{""augmentation"": ""no_augmentation"", ""beto_model"": ""dccuchile/bert-base-spanish-wwm-cased"", ""chunk_stride"": 256, ""max_tokens"": 512, ""mental_es_model"": ""ELiRF/RoBERTa-es-mental-large"", ""n_cv_splits"": 5, ""n_search_iter"": 0, ""seeds"": [42], ""sentence_transformer_model"": ""intfloat/multilingual-e5-small"", ""tfidf_lemmatize"": true, ""tfidf_max_df"": 0.9, ""tfidf_max_features"": 300, ""tfidf_min_df"": 3, ""tfidf_ngram_range"": [1, 2], ""tfidf_normalize_numbers"": true}",2026-09-18T03:16:41
E1_BETO_MLM_EP010,frozen,participant,3,no_augmentation,GAD7,42,Ridge,5.962357,False,models/mlm_beto/ep010,defaults,"{""augmentation"": ""no_augmentation"", ""beto_model"": ""dccuchile/bert-base-spanish-wwm-cased"", ""chunk_stride"": 256, ""max_tokens"": 512, ""mental_es_model"": ""ELiRF/RoBERTa-es-mental-large"", ""n_cv_splits"": 5, ""n_search_iter"": 0, ""seeds"": [42], ""sentence_transformer_model"": ""intfloat/multilingual-e5-small"", ""tfidf_lemmatize"": true, ""tfidf_max_df"": 0.9, ""tfidf_max_features"": 300, ""tfidf_min_df"": 3, ""tfidf_ngram_range"": [1, 2], ""tfidf_normalize_numbers"": true}",2026-09-18T03:17:51
E1_BETO_MLM_EP010,frozen,participant,3,no_augmentation,GAD7,42,SVR,4.444348,True,models/mlm_beto/ep010,defaults,"{""augmentation"": ""no_augmentation"", ""beto_model"": ""dccuchile/bert-base-spanish-wwm-cased"", ""chunk_stride"": 256, ""max_tokens"": 512, ""mental_es_model"": ""ELiRF/RoBERTa-es-mental-large"", ""n_cv_splits"": 5, ""n_search_iter"": 0, ""seeds"": [42], ""sentence_transformer_model"": ""intfloat/multilingual-e5-small"", ""tfidf_lemmatize"": true, ""tfidf_max_df"": 0.9, ""tfidf_max_features"": 300, ""tfidf_min_df"": 3, ""tfidf_ngram_range"": [1, 2], ""tfidf_normalize_numbers"": true}",2026-09-18T03:17:51
E1_BETO_MLM_EP010,frozen,participant,3,no_augmentation,GAD7,42,RandomForest,4.479412,False,models/mlm_beto/ep010,defaults,"{""augmentation"": ""no_augmentation"", ""beto_model"": ""dccuchile/bert-base-spanish-wwm-cased"", ""chunk_stride"": 256, ""max_tokens"": 512, ""mental_es_model"": ""ELiRF/RoBERTa-es-mental-large"", ""n_cv_splits"": 5, ""n_search_iter"": 0, ""seeds"": [42], ""sentence_transformer_model"": ""intfloat/multilingual-e5-small"", ""tfidf_lemmatize"": true, ""tfidf_max_df"": 0.9, ""tfidf_max_features"": 300, ""tfidf_min_df"": 3, ""tfidf_ngram_range"": [1, 2], ""tfidf_normalize_numbers"": true}",2026-09-18T03:17:51
E1_BETO_MLM_EP010,frozen,participant,3,no_augmentation,GAD7,42,ExtraTrees,4.510969,False,models/mlm_beto/ep010,defaults,"{""augmentation"": ""no_augmentation"", ""beto_model"": ""dccuchile/bert-base-spanish-wwm-cased"", ""chunk_stride"": 256, ""max_tokens"": 512, ""mental_es_model"": ""ELiRF/RoBERTa-es-mental-large"", ""n_cv_splits"": 5, ""n_search_iter"": 0, ""seeds"": [42], ""sentence_transformer_model"": ""intfloat/multilingual-e5-small"", ""tfidf_lemmatize"": true, ""tfidf_max_df"": 0.9, ""tfidf_max_features"": 300, ""tfidf_min_df"": 3, ""tfidf_ngram_range"": [1, 2], ""tfidf_normalize_numbers"": true}",2026-09-18T03:17:51
E1_BETO_MLM_EP010,frozen,participant,3,no_augmentation,GAD7,42,GradientBoosting,4.578373,False,models/mlm_beto/ep010,defaults,"{""augmentation"": ""no_augmentation"", ""beto_model"": ""dccuchile/bert-base-spanish-wwm-cased"", ""chunk_stride"": 256, ""max_tokens"": 512, ""mental_es_model"": ""ELiRF/RoBERTa-es-mental-large"", ""n_cv_splits"": 5, ""n_search_iter"": 0, ""seeds"": [42], ""sentence_transformer_model"": ""intfloat/multilingual-e5-small"", ""tfidf_lemmatize"": true, ""tfidf_max_df"": 0.9, ""tfidf_max_features"": 300, ""tfidf_min_df"": 3, ""tfidf_ngram_range"": [1, 2], ""tfidf_normalize_numbers"": true}",2026-09-18T03:17:51
E1_BETO_MLM_EP010,frozen,participant,3,no_augmentation,GAD7,42,LightGBM,4.763636,False,models/mlm_beto/ep010,defaults,"{""augmentation"": ""no_augmentation"", ""beto_model"": ""dccuchile/bert-base-spanish-wwm-cased"", ""chunk_stride"": 256, ""max_tokens"": 512, ""mental_es_model"": ""ELiRF/RoBERTa-es-mental-large"", ""n_cv_splits"": 5, ""n_search_iter"": 0, ""seeds"": [42], ""sentence_transformer_model"": ""intfloat/multilingual-e5-small"", ""tfidf_lemmatize"": true, ""tfidf_max_df"": 0.9, ""tfidf_max_features"": 300, ""tfidf_min_df"": 3, ""tfidf_ngram_range"": [1, 2], ""tfidf_normalize_numbers"": true}",2026-09-18T03:17:51
E1_BETO_MLM_EP010,frozen,participant,3,no_augmentation,GAD7,42,KNN,4.726301,False,models/mlm_beto/ep010,defaults,"{""augmentation"": ""no_augmentation"", ""beto_model"": ""dccuchile/bert-base-spanish-wwm-cased"", ""chunk_stride"": 256, ""max_tokens"": 512, ""mental_es_model"": ""ELiRF/RoBERTa-es-mental-large"", ""n_cv_splits"": 5, ""n_search_iter"": 0, ""seeds"": [42], ""sentence_transformer_model"": ""intfloat/multilingual-e5-small"", ""tfidf_lemmatize"": true, ""tfidf_max_df"": 0.9, ""tfidf_max_features"": 300, ""tfidf_min_df"": 3, ""tfidf_ngram_range"": [1, 2], ""tfidf_normalize_numbers"": true}",2026-09-18T03:17:51
E1_BETO_MLM_EP010,frozen,participant,3,no_augmentation,GAD7,42,DecisionTree,5.70468,False,models/mlm_beto/ep010,defaults,"{""augmentation"": ""no_augmentation"", ""beto_model"": ""dccuchile/bert-base-spanish-wwm-cased"", ""chunk_stride"": 256, ""max_tokens"": 512, ""mental_es_model"": ""ELiRF/RoBERTa-es-mental-large"", ""n_cv_splits"": 5, ""n_search_iter"": 0, ""seeds"": [42], ""sentence_transformer_model"": ""intfloat/multilingual-e5-small"", ""tfidf_lemmatize"": true, ""tfidf_max_df"": 0.9, ""tfidf_max_features"": 300, ""tfidf_min_df"": 3, ""tfidf_ngram_range"": [1, 2], ""tfidf_normalize_numbers"": true}",2026-09-18T03:17:51
E1_BETO_MLM_EP010,frozen,participant,3,no_augmentation,GAD7,42,AdaBoost,4.474986,False,models/mlm_beto/ep010,defaults,"{""augmentation"": ""no_augmentation"", ""beto_model"": ""dccuchile/bert-base-spanish-wwm-cased"", ""chunk_stride"": 256, ""max_tokens"": 512, ""mental_es_model"": ""ELiRF/RoBERTa-es-mental-large"", ""n_cv_splits"": 5, ""n_search_iter"": 0, ""seeds"": [42], ""sentence_transformer_model"": ""intfloat/multilingual-e5-small"", ""tfidf_lemmatize"": true, ""tfidf_max_df"": 0.9, ""tfidf_max_features"": 300, ""tfidf_min_df"": 3, ""tfidf_ngram_range"": [1, 2], ""tfidf_normalize_numbers"": true}",2026-09-18T03:17:51
E1_BETO_MLM_MR_EP010,frozen,participant,3,no_augmentation,PHQ9,42,Ridge,6.374567,False,models/mlm_beto_mentalriskes/ep010,defaults,"{""augmentation"": ""no_augmentation"", ""beto_model"": ""dccuchile/bert-base-spanish-wwm-cased"", ""chunk_stride"": 256, ""max_tokens"": 512, ""mental_es_model"": ""ELiRF/RoBERTa-es-mental-large"", ""n_cv_splits"": 5, ""n_search_iter"": 0, ""seeds"": [42], ""sentence_transformer_model"": ""intfloat/multilingual-e5-small"", ""tfidf_lemmatize"": true, ""tfidf_max_df"": 0.9, ""tfidf_max_features"": 300, ""tfidf_min_df"": 3, ""tfidf_ngram_range"": [1, 2], ""tfidf_normalize_numbers"": true}",2026-09-18T03:18:59
E1_BETO_MLM_MR_EP010,frozen,participant,3,no_augmentation,PHQ9,42,SVR,5.082998,True,models/mlm_beto_mentalriskes/ep010,defaults,"{""augmentation"": ""no_augmentation"", ""beto_model"": ""dccuchile/bert-base-spanish-wwm-cased"", ""chunk_stride"": 256, ""max_tokens"": 512, ""mental_es_model"": ""ELiRF/RoBERTa-es-mental-large"", ""n_cv_splits"": 5, ""n_search_iter"": 0, ""seeds"": [42], ""sentence_transformer_model"": ""intfloat/multilingual-e5-small"", ""tfidf_lemmatize"": true, ""tfidf_max_df"": 0.9, ""tfidf_max_features"": 300, ""tfidf_min_df"": 3, ""tfidf_ngram_range"": [1, 2], ""tfidf_normalize_numbers"": true}",2026-09-18T03:18:59
E1_BETO_MLM_MR_EP010,frozen,participant,3,no_augmentation,PHQ9,42,RandomForest,5.302392,False,models/mlm_beto_mentalriskes/ep010,defaults,"{""augmentation"": ""no_augmentation"", ""beto_model"": ""dccuchile/bert-base-spanish-wwm-cased"", ""chunk_stride"": 256, ""max_tokens"": 512, ""mental_es_model"": ""ELiRF/RoBERTa-es-mental-large"", ""n_cv_splits"": 5, ""n_search_iter"": 0, ""seeds"": [42], ""sentence_transformer_model"": ""intfloat/multilingual-e5-small"", ""tfidf_lemmatize"": true, ""tfidf_max_df"": 0.9, ""tfidf_max_features"": 300, ""tfidf_min_df"": 3, ""tfidf_ngram_range"": [1, 2], ""tfidf_normalize_numbers"": true}",2026-09-18T03:18:59
E1_BETO_MLM_MR_EP010,frozen,participant,3,no_augmentation,PHQ9,42,ExtraTrees,5.320558,False,models/mlm_beto_mentalriskes/ep010,defaults,"{""augmentation"": ""no_augmentation"", ""beto_model"": ""dccuchile/bert-base-spanish-wwm-cased"", ""chunk_stride"": 256, ""max_tokens"": 512, ""mental_es_model"": ""ELiRF/RoBERTa-es-mental-large"", ""n_cv_splits"": 5, ""n_search_iter"": 0, ""seeds"": [42], ""sentence_transformer_model"": ""intfloat/multilingual-e5-small"", ""tfidf_lemmatize"": true, ""tfidf_max_df"": 0.9, ""tfidf_max_features"": 300, ""tfidf_min_df"": 3, ""tfidf_ngram_range"": [1, 2], ""tfidf_normalize_numbers"": true}",2026-09-18T03:18:59
E1_BETO_MLM_MR_EP010,frozen,participant,3,no_augmentation,PHQ9,42,GradientBoosting,5.276898,False,models/mlm_beto_mentalriskes/ep010,defaults,"{""augmentation"": ""no_augmentation"", ""beto_model"": ""dccuchile/bert-base-spanish-wwm-cased"", ""chunk_stride"": 256, ""max_tokens"": 512, ""mental_es_model"": ""ELiRF/RoBERTa-es-mental-large"", ""n_cv_splits"": 5, ""n_search_iter"": 0, ""seeds"": [42], ""sentence_transformer_model"": ""intfloat/multilingual-e5-small"", ""tfidf_lemmatize"": true, ""tfidf_max_df"": 0.9, ""tfidf_max_features"": 300, ""tfidf_min_df"": 3, ""tfidf_ngram_range"": [1, 2], ""tfidf_normalize_numbers"": true}",2026-09-18T03:18:59
E1_BETO_MLM_MR_EP010,frozen,participant,3,no_augmentation,PHQ9,42,LightGBM,5.445193,False,models/mlm_beto_mentalriskes/ep010,defaults,"{""augmentation"": ""no_augmentation"", ""beto_model"": ""dccuchile/bert-base-spanish-wwm-cased"", ""chunk_stride"": 256, ""max_tokens"": 512, ""mental_es_model"": ""ELiRF/RoBERTa-es-mental-large"", ""n_cv_splits"": 5, ""n_search_iter"": 0, ""seeds"": [42], ""sentence_transformer_model"": ""intfloat/multilingual-e5-small"", ""tfidf_lemmatize"": true, ""tfidf_max_df"": 0.9, ""tfidf_max_features"": 300, ""tfidf_min_df"": 3, ""tfidf_ngram_range"": [1, 2], ""tfidf_normalize_numbers"": true}",2026-09-18T03:18:59
E1_BETO_MLM_MR_EP010,frozen,participant,3,no_augmentation,PHQ9,42,KNN,5.27789,False,models/mlm_beto_mentalriskes/ep010,defaults,"{""augmentation"": ""no_augmentation"", ""beto_model"": ""dccuchile/bert-base-spanish-wwm-cased"", ""chunk_stride"": 256, ""max_tokens"": 512, ""mental_es_model"": ""ELiRF/RoBERTa-es-mental-large"", ""n_cv_splits"": 5, ""n_search_iter"": 0, ""seeds"": [42], ""sentence_transformer_model"": ""intfloat/multilingual-e5-small"", ""tfidf_lemmatize"": true, ""tfidf_max_df"": 0.9, ""tfidf_max_features"": 300, ""tfidf_min_df"": 3, ""tfidf_ngram_range"": [1, 2], ""tfidf_normalize_numbers"": true}",2026-09-18T03:18:59
E1_BETO_MLM_MR_EP010,frozen,participant,3,no_augmentation,PHQ9,42,DecisionTree,7.24361,False,models/mlm_beto_mentalriskes/ep010,defaults,"{""augmentation"": ""no_augmentation"", ""beto_model"": ""dccuchile/bert-base-spanish-wwm-cased"", ""chunk_stride"": 256, ""max_tokens"": 512, ""mental_es_model"": ""ELiRF/RoBERTa-es-mental-large"", ""n_cv_splits"": 5, ""n_search_iter"": 0, ""seeds"": [42], ""sentence_transformer_model"": ""intfloat/multilingual-e5-small"", ""tfidf_lemmatize"": true, ""tfidf_max_df"": 0.9, ""tfidf_max_features"": 300, ""tfidf_min_df"": 3, ""tfidf_ngram_range"": [1, 2], ""tfidf_normalize_numbers"": true}",2026-09-18T03:18:59
E1_BETO_MLM_MR_EP010,frozen,participant,3,no_augmentation,PHQ9,42,AdaBoost,5.318935,False,models/mlm_beto_mentalriskes/ep010,defaults,"{""augmentation"": ""no_augmentation"", ""beto_model"": ""dccuchile/bert-base-spanish-wwm-cased"", ""chunk_stride"": 256, ""max_tokens"": 512, ""mental_es_model"": ""ELiRF/RoBERTa-es-mental-large"", ""n_cv_splits"": 5, ""n_search_iter"": 0, ""seeds"": [42], ""sentence_transformer_model"": ""intfloat/multilingual-e5-small"", ""tfidf_lemmatize"": true, ""tfidf_max_df"": 0.9, ""tfidf_max_features"": 300, ""tfidf_min_df"": 3, ""tfidf_ngram_range"": [1, 2], ""tfidf_normalize_numbers"": true}",2026-09-18T03:18:59
E1_BETO_MLM_MR_EP010,frozen,participant,3,no_augmentation,GAD7,42,Ridge,6.042803,False,models/mlm_beto_mentalriskes/ep010,defaults,"{""augmentation"": ""no_augmentation"", ""beto_model"": ""dccuchile/bert-base-spanish-wwm-cased"", ""chunk_stride"": 256, ""max_tokens"": 512, ""mental_es_model"": ""ELiRF/RoBERTa-es-mental-large"", ""n_cv_splits"": 5, ""n_search_iter"": 0, ""seeds"": [42], ""sentence_transformer_model"": ""intfloat/multilingual-e5-small"", ""tfidf_lemmatize"": true, ""tfidf_max_df"": 0.9, ""tfidf_max_features"": 300, ""tfidf_min_df"": 3, ""tfidf_ngram_range"": [1, 2], ""tfidf_normalize_numbers"": true}",2026-09-18T03:20:05
E1_BETO_MLM_MR_EP010,frozen,participant,3,no_augmentation,GAD7,42,SVR,4.42585,True,models/mlm_beto_mentalriskes/ep010,defaults,"{""augmentation"": ""no_augmentation"", ""beto_model"": ""dccuchile/bert-base-spanish-wwm-cased"", ""chunk_stride"": 256, ""max_tokens"": 512, ""mental_es_model"": ""ELiRF/RoBERTa-es-mental-large"", ""n_cv_splits"": 5, ""n_search_iter"": 0, ""seeds"": [42], ""sentence_transformer_model"": ""intfloat/multilingual-e5-small"", ""tfidf_lemmatize"": true, ""tfidf_max_df"": 0.9, ""tfidf_max_features"": 300, ""tfidf_min_df"": 3, ""tfidf_ngram_range"": [1, 2], ""tfidf_normalize_numbers"": true}",2026-09-18T03:20:05
E1_BETO_MLM_MR_EP010,frozen,participant,3,no_augmentation,GAD7,42,RandomForest,4.469047,False,models/mlm_beto_mentalriskes/ep010,defaults,"{""augmentation"": ""no_augmentation"", ""beto_model"": ""dccuchile/bert-base-spanish-wwm-cased"", ""chunk_stride"": 256, ""max_tokens"": 512, ""mental_es_model"": ""ELiRF/RoBERTa-es-mental-large"", ""n_cv_splits"": 5, ""n_search_iter"": 0, ""seeds"": [42], ""sentence_transformer_model"": ""intfloat/multilingual-e5-small"", ""tfidf_lemmatize"": true, ""tfidf_max_df"": 0.9, ""tfidf_max_features"": 300, ""tfidf_min_df"": 3, ""tfidf_ngram_range"": [1, 2], ""tfidf_normalize_numbers"": true}",2026-09-18T03:20:05
E1_BETO_MLM_MR_EP010,frozen,participant,3,no_augmentation,GAD7,42,ExtraTrees,4.44539,False,models/mlm_beto_mentalriskes/ep010,defaults,"{""augmentation"": ""no_augmentation"", ""beto_model"": ""dccuchile/bert-base-spanish-wwm-cased"", ""chunk_stride"": 256, ""max_tokens"": 512, ""mental_es_model"": ""ELiRF/RoBERTa-es-mental-large"", ""n_cv_splits"": 5, ""n_search_iter"": 0, ""seeds"": [42], ""sentence_transformer_model"": ""intfloat/multilingual-e5-small"", ""tfidf_lemmatize"": true, ""tfidf_max_df"": 0.9, ""tfidf_max_features"": 300, ""tfidf_min_df"": 3, ""tfidf_ngram_range"": [1, 2], ""tfidf_normalize_numbers"": true}",2026-09-18T03:20:05
E1_BETO_MLM_MR_EP010,frozen,participant,3,no_augmentation,GAD7,42,GradientBoosting,4.702363,False,models/mlm_beto_mentalriskes/ep010,defaults,"{""augmentation"": ""no_augmentation"", ""beto_model"": ""dccuchile/bert-base-spanish-wwm-cased"", ""chunk_stride"": 256, ""max_tokens"": 512, ""mental_es_model"": ""ELiRF/RoBERTa-es-mental-large"", ""n_cv_splits"": 5, ""n_search_iter"": 0, ""seeds"": [42], ""sentence_transformer_model"": ""intfloat/multilingual-e5-small"", ""tfidf_lemmatize"": true, ""tfidf_max_df"": 0.9, ""tfidf_max_features"": 300, ""tfidf_min_df"": 3, ""tfidf_ngram_range"": [1, 2], ""tfidf_normalize_numbers"": true}",2026-09-18T03:20:05
E1_BETO_MLM_MR_EP010,frozen,participant,3,no_augmentation,GAD7,42,LightGBM,4.862045,False,models/mlm_beto_mentalriskes/ep010,defaults,"{""augmentation"": ""no_augmentation"", ""beto_model"": ""dccuchile/bert-base-spanish-wwm-cased"", ""chunk_stride"": 256, ""max_tokens"": 512, ""mental_es_model"": ""ELiRF/RoBERTa-es-mental-large"", ""n_cv_splits"": 5, ""n_search_iter"": 0, ""seeds"": [42], ""sentence_transformer_model"": ""intfloat/multilingual-e5-small"", ""tfidf_lemmatize"": true, ""tfidf_max_df"": 0.9, ""tfidf_max_features"": 300, ""tfidf_min_df"": 3, ""tfidf_ngram_range"": [1, 2], ""tfidf_normalize_numbers"": true}",2026-09-18T03:20:05
E1_BETO_MLM_MR_EP010,frozen,participant,3,no_augmentation,GAD7,42,KNN,4.594746,False,models/mlm_beto_mentalriskes/ep010,defaults,"{""augmentation"": ""no_augmentation"", ""beto_model"": ""dccuchile/bert-base-spanish-wwm-cased"", ""chunk_stride"": 256, ""max_tokens"": 512, ""mental_es_model"": ""ELiRF/RoBERTa-es-mental-large"", ""n_cv_splits"": 5, ""n_search_iter"": 0, ""seeds"": [42], ""sentence_transformer_model"": ""intfloat/multilingual-e5-small"", ""tfidf_lemmatize"": true, ""tfidf_max_df"": 0.9, ""tfidf_max_features"": 300, ""tfidf_min_df"": 3, ""tfidf_ngram_range"": [1, 2], ""tfidf_normalize_numbers"": true}",2026-09-18T03:20:05
E1_BETO_MLM_MR_EP010,frozen,participant,3,no_augmentation,GAD7,42,DecisionTree,6.126156,False,models/mlm_beto_mentalriskes/ep010,defaults,"{""augmentation"": ""no_augmentation"", ""beto_model"": ""dccuchile/bert-base-spanish-wwm-cased"", ""chunk_stride"": 256, ""max_tokens"": 512, ""mental_es_model"": ""ELiRF/RoBERTa-es-mental-large"", ""n_cv_splits"": 5, ""n_search_iter"": 0, ""seeds"": [42], ""sentence_transformer_model"": ""intfloat/multilingual-e5-small"", ""tfidf_lemmatize"": true, ""tfidf_max_df"": 0.9, ""tfidf_max_features"": 300, ""tfidf_min_df"": 3, ""tfidf_ngram_range"": [1, 2], ""tfidf_normalize_numbers"": true}",2026-09-18T03:20:05
E1_BETO_MLM_MR_EP010,frozen,participant,3,no_augmentation,GAD7,42,AdaBoost,4.559928,False,models/mlm_beto_mentalriskes/ep010,defaults,"{""augmentation"": ""no_augmentation"", ""beto_model"": ""dccuchile/bert-base-spanish-wwm-cased"", ""chunk_stride"": 256, ""max_tokens"": 512, ""mental_es_model"": ""ELiRF/RoBERTa-es-mental-large"", ""n_cv_splits"": 5, ""n_search_iter"": 0, ""seeds"": [42], ""sentence_transformer_model"": ""intfloat/multilingual-e5-small"", ""tfidf_lemmatize"": true, ""tfidf_max_df"": 0.9, ""tfidf_max_features"": 300, ""tfidf_min_df"": 3, ""tfidf_ngram_range"": [1, 2], ""tfidf_normalize_numbers"": true}",2026-09-18T03:20:05
E7_ROBERTA_MENTAL_MLM_EP025,frozen,participant,3,no_augmentation,PHQ9,42,Ridge,5.412964,False,models/mlm_robertaes_mental/ep025,defaults,"{""augmentation"": ""no_augmentation"", ""beto_model"": ""dccuchile/bert-base-spanish-wwm-cased"", ""chunk_stride"": 256, ""max_tokens"": 512, ""mental_es_model"": ""ELiRF/RoBERTa-es-mental-large"", ""n_cv_splits"": 5, ""n_search_iter"": 0, ""seeds"": [42], ""sentence_transformer_model"": ""intfloat/multilingual-e5-small"", ""tfidf_lemmatize"": true, ""tfidf_max_df"": 0.9, ""tfidf_max_features"": 300, ""tfidf_min_df"": 3, ""tfidf_ngram_range"": [1, 2], ""tfidf_normalize_numbers"": true}",2026-09-18T03:21:35
E7_ROBERTA_MENTAL_MLM_EP025,frozen,participant,3,no_augmentation,PHQ9,42,SVR,5.100968,False,models/mlm_robertaes_mental/ep025,defaults,"{""augmentation"": ""no_augmentation"", ""beto_model"": ""dccuchile/bert-base-spanish-wwm-cased"", ""chunk_stride"": 256, ""max_tokens"": 512, ""mental_es_model"": ""ELiRF/RoBERTa-es-mental-large"", ""n_cv_splits"": 5, ""n_search_iter"": 0, ""seeds"": [42], ""sentence_transformer_model"": ""intfloat/multilingual-e5-small"", ""tfidf_lemmatize"": true, ""tfidf_max_df"": 0.9, ""tfidf_max_features"": 300, ""tfidf_min_df"": 3, ""tfidf_ngram_range"": [1, 2], ""tfidf_normalize_numbers"": true}",2026-09-18T03:21:35
E7_ROBERTA_MENTAL_MLM_EP025,frozen,participant,3,no_augmentation,PHQ9,42,RandomForest,5.170796,False,models/mlm_robertaes_mental/ep025,defaults,"{""augmentation"": ""no_augmentation"", ""beto_model"": ""dccuchile/bert-base-spanish-wwm-cased"", ""chunk_stride"": 256, ""max_tokens"": 512, ""mental_es_model"": ""ELiRF/RoBERTa-es-mental-large"", ""n_cv_splits"": 5, ""n_search_iter"": 0, ""seeds"": [42], ""sentence_transformer_model"": ""intfloat/multilingual-e5-small"", ""tfidf_lemmatize"": true, ""tfidf_max_df"": 0.9, ""tfidf_max_features"": 300, ""tfidf_min_df"": 3, ""tfidf_ngram_range"": [1, 2], ""tfidf_normalize_numbers"": true}",2026-09-18T03:21:35
E7_ROBERTA_MENTAL_MLM_EP025,frozen,participant,3,no_augmentation,PHQ9,42,ExtraTrees,5.149616,False,models/mlm_robertaes_mental/ep025,defaults,"{""augmentation"": ""no_augmentation"", ""beto_model"": ""dccuchile/bert-base-spanish-wwm-cased"", ""chunk_stride"": 256, ""max_tokens"": 512, ""mental_es_model"": ""ELiRF/RoBERTa-es-mental-large"", ""n_cv_splits"": 5, ""n_search_iter"": 0, ""seeds"": [42], ""sentence_transformer_model"": ""intfloat/multilingual-e5-small"", ""tfidf_lemmatize"": true, ""tfidf_max_df"": 0.9, ""tfidf_max_features"": 300, ""tfidf_min_df"": 3, ""tfidf_ngram_range"": [1, 2], ""tfidf_normalize_numbers"": true}",2026-09-18T03:21:35
E7_ROBERTA_MENTAL_MLM_EP025,frozen,participant,3,no_augmentation,PHQ9,42,GradientBoosting,5.254068,False,models/mlm_robertaes_mental/ep025,defaults,"{""augmentation"": ""no_augmentation"", ""beto_model"": ""dccuchile/bert-base-spanish-wwm-cased"", ""chunk_stride"": 256, ""max_tokens"": 512, ""mental_es_model"": ""ELiRF/RoBERTa-es-mental-large"", ""n_cv_splits"": 5, ""n_search_iter"": 0, ""seeds"": [42], ""sentence_transformer_model"": ""intfloat/multilingual-e5-small"", ""tfidf_lemmatize"": true, ""tfidf_max_df"": 0.9, ""tfidf_max_features"": 300, ""tfidf_min_df"": 3, ""tfidf_ngram_range"": [1, 2], ""tfidf_normalize_numbers"": true}",2026-09-18T03:21:35
E7_ROBERTA_MENTAL_MLM_EP025,frozen,participant,3,no_augmentation,PHQ9,42,LightGBM,5.176535,False,models/mlm_robertaes_mental/ep025,defaults,"{""augmentation"": ""no_augmentation"", ""beto_model"": ""dccuchile/bert-base-spanish-wwm-cased"", ""chunk_stride"": 256, ""max_tokens"": 512, ""mental_es_model"": ""ELiRF/RoBERTa-es-mental-large"", ""n_cv_splits"": 5, ""n_search_iter"": 0, ""seeds"": [42], ""sentence_transformer_model"": ""intfloat/multilingual-e5-small"", ""tfidf_lemmatize"": true, ""tfidf_max_df"": 0.9, ""tfidf_max_features"": 300, ""tfidf_min_df"": 3, ""tfidf_ngram_range"": [1, 2], ""tfidf_normalize_numbers"": true}",2026-09-18T03:21:35
E7_ROBERTA_MENTAL_MLM_EP025,frozen,participant,3,no_augmentation,PHQ9,42,KNN,5.562118,False,models/mlm_robertaes_mental/ep025,defaults,"{""augmentation"": ""no_augmentation"", ""beto_model"": ""dccuchile/bert-base-spanish-wwm-cased"", ""chunk_stride"": 256, ""max_tokens"": 512, ""mental_es_model"": ""ELiRF/RoBERTa-es-mental-large"", ""n_cv_splits"": 5, ""n_search_iter"": 0, ""seeds"": [42], ""sentence_transformer_model"": ""intfloat/multilingual-e5-small"", ""tfidf_lemmatize"": true, ""tfidf_max_df"": 0.9, ""tfidf_max_features"": 300, ""tfidf_min_df"": 3, ""tfidf_ngram_range"": [1, 2], ""tfidf_normalize_numbers"": true}",2026-09-18T03:21:35
E7_ROBERTA_MENTAL_MLM_EP025,frozen,participant,3,no_augmentation,PHQ9,42,DecisionTree,7.182581,False,models/mlm_robertaes_mental/ep025,defaults,"{""augmentation"": ""no_augmentation"", ""beto_model"": ""dccuchile/bert-base-spanish-wwm-cased"", ""chunk_stride"": 256, ""max_tokens"": 512, ""mental_es_model"": ""ELiRF/RoBERTa-es-mental-large"", ""n_cv_splits"": 5, ""n_search_iter"": 0, ""seeds"": [42], ""sentence_transformer_model"": ""intfloat/multilingual-e5-small"", ""tfidf_lemmatize"": true, ""tfidf_max_df"": 0.9, ""tfidf_max_features"": 300, ""tfidf_min_df"": 3, ""tfidf_ngram_range"": [1, 2], ""tfidf_normalize_numbers"": true}",2026-09-18T03:21:35
E7_ROBERTA_MENTAL_MLM_EP025,frozen,participant,3,no_augmentation,PHQ9,42,AdaBoost,5.010873,True,models/mlm_robertaes_mental/ep025,defaults,"{""augmentation"": ""no_augmentation"", ""beto_model"": ""dccuchile/bert-base-spanish-wwm-cased"", ""chunk_stride"": 256, ""max_tokens"": 512, ""mental_es_model"": ""ELiRF/RoBERTa-es-mental-large"", ""n_cv_splits"": 5, ""n_search_iter"": 0, ""seeds"": [42], ""sentence_transformer_model"": ""intfloat/multilingual-e5-small"", ""tfidf_lemmatize"": true, ""tfidf_max_df"": 0.9, ""tfidf_max_features"": 300, ""tfidf_min_df"": 3, ""tfidf_ngram_range"": [1, 2], ""tfidf_normalize_numbers"": true}",2026-09-18T03:21:35
E7_ROBERTA_MENTAL_MLM_EP025,frozen,participant,3,no_augmentation,GAD7,42,Ridge,5.160571,False,models/mlm_robertaes_mental/ep025,defaults,"{""augmentation"": ""no_augmentation"", ""beto_model"": ""dccuchile/bert-base-spanish-wwm-cased"", ""chunk_stride"": 256, ""max_tokens"": 512, ""mental_es_model"": ""ELiRF/RoBERTa-es-mental-large"", ""n_cv_splits"": 5, ""n_search_iter"": 0, ""seeds"": [42], ""sentence_transformer_model"": ""intfloat/multilingual-e5-small"", ""tfidf_lemmatize"": true, ""tfidf_max_df"": 0.9, ""tfidf_max_features"": 300, ""tfidf_min_df"": 3, ""tfidf_ngram_range"": [1, 2], ""tfidf_normalize_numbers"": true}",2026-09-18T03:23:00
E7_ROBERTA_MENTAL_MLM_EP025,frozen,participant,3,no_augmentation,GAD7,42,SVR,4.339965,False,models/mlm_robertaes_mental/ep025,defaults,"{""augmentation"": ""no_augmentation"", ""beto_model"": ""dccuchile/bert-base-spanish-wwm-cased"", ""chunk_stride"": 256, ""max_tokens"": 512, ""mental_es_model"": ""ELiRF/RoBERTa-es-mental-large"", ""n_cv_splits"": 5, ""n_search_iter"": 0, ""seeds"": [42], ""sentence_transformer_model"": ""intfloat/multilingual-e5-small"", ""tfidf_lemmatize"": true, ""tfidf_max_df"": 0.9, ""tfidf_max_features"": 300, ""tfidf_min_df"": 3, ""tfidf_ngram_range"": [1, 2], ""tfidf_normalize_numbers"": true}",2026-09-18T03:23:00
E7_ROBERTA_MENTAL_MLM_EP025,frozen,participant,3,no_augmentation,GAD7,42,RandomForest,4.32999,True,models/mlm_robertaes_mental/ep025,defaults,"{""augmentation"": ""no_augmentation"", ""beto_model"": ""dccuchile/bert-base-spanish-wwm-cased"", ""chunk_stride"": 256, ""max_tokens"": 512, ""mental_es_model"": ""ELiRF/RoBERTa-es-mental-large"", ""n_cv_splits"": 5, ""n_search_iter"": 0, ""seeds"": [42], ""sentence_transformer_model"": ""intfloat/multilingual-e5-small"", ""tfidf_lemmatize"": true, ""tfidf_max_df"": 0.9, ""tfidf_max_features"": 300, ""tfidf_min_df"": 3, ""tfidf_ngram_range"": [1, 2], ""tfidf_normalize_numbers"": true}",2026-09-18T03:23:00
E7_ROBERTA_MENTAL_MLM_EP025,frozen,participant,3,no_augmentation,GAD7,42,ExtraTrees,4.350277,False,models/mlm_robertaes_mental/ep025,defaults,"{""augmentation"": ""no_augmentation"", ""beto_model"": ""dccuchile/bert-base-spanish-wwm-cased"", ""chunk_stride"": 256, ""max_tokens"": 512, ""mental_es_model"": ""ELiRF/RoBERTa-es-mental-large"", ""n_cv_splits"": 5, ""n_search_iter"": 0, ""seeds"": [42], ""sentence_transformer_model"": ""intfloat/multilingual-e5-small"", ""tfidf_lemmatize"": true, ""tfidf_max_df"": 0.9, ""tfidf_max_features"": 300, ""tfidf_min_df"": 3, ""tfidf_ngram_range"": [1, 2], ""tfidf_normalize_numbers"": true}",2026-09-18T03:23:00
E7_ROBERTA_MENTAL_MLM_EP025,frozen,participant,3,no_augmentation,GAD7,42,GradientBoosting,4.6122,False,models/mlm_robertaes_mental/ep025,defaults,"{""augmentation"": ""no_augmentation"", ""beto_model"": ""dccuchile/bert-base-spanish-wwm-cased"", ""chunk_stride"": 256, ""max_tokens"": 512, ""mental_es_model"": ""ELiRF/RoBERTa-es-mental-large"", ""n_cv_splits"": 5, ""n_search_iter"": 0, ""seeds"": [42], ""sentence_transformer_model"": ""intfloat/multilingual-e5-small"", ""tfidf_lemmatize"": true, ""tfidf_max_df"": 0.9, ""tfidf_max_features"": 300, ""tfidf_min_df"": 3, ""tfidf_ngram_range"": [1, 2], ""tfidf_normalize_numbers"": true}",2026-09-18T03:23:00
E7_ROBERTA_MENTAL_MLM_EP025,frozen,participant,3,no_augmentation,GAD7,42,LightGBM,4.602612,False,models/mlm_robertaes_mental/ep025,defaults,"{""augmentation"": ""no_augmentation"", ""beto_model"": ""dccuchile/bert-base-spanish-wwm-cased"", ""chunk_stride"": 256, ""max_tokens"": 512, ""mental_es_model"": ""ELiRF/RoBERTa-es-mental-large"", ""n_cv_splits"": 5, ""n_search_iter"": 0, ""seeds"": [42], ""sentence_transformer_model"": ""intfloat/multilingual-e5-small"", ""tfidf_lemmatize"": true, ""tfidf_max_df"": 0.9, ""tfidf_max_features"": 300, ""tfidf_min_df"": 3, ""tfidf_ngram_range"": [1, 2], ""tfidf_normalize_numbers"": true}",2026-09-18T03:23:00
E7_ROBERTA_MENTAL_MLM_EP025,frozen,participant,3,no_augmentation,GAD7,42,KNN,4.690425,False,models/mlm_robertaes_mental/ep025,defaults,"{""augmentation"": ""no_augmentation"", ""beto_model"": ""dccuchile/bert-base-spanish-wwm-cased"", ""chunk_stride"": 256, ""max_tokens"": 512, ""mental_es_model"": ""ELiRF/RoBERTa-es-mental-large"", ""n_cv_splits"": 5, ""n_search_iter"": 0, ""seeds"": [42], ""sentence_transformer_model"": ""intfloat/multilingual-e5-small"", ""tfidf_lemmatize"": true, ""tfidf_max_df"": 0.9, ""tfidf_max_features"": 300, ""tfidf_min_df"": 3, ""tfidf_ngram_range"": [1, 2], ""tfidf_normalize_numbers"": true}",2026-09-18T03:23:00
E7_ROBERTA_MENTAL_MLM_EP025,frozen,participant,3,no_augmentation,GAD7,42,DecisionTree,5.629284,False,models/mlm_robertaes_mental/ep025,defaults,"{""augmentation"": ""no_augmentation"", ""beto_model"": ""dccuchile/bert-base-spanish-wwm-cased"", ""chunk_stride"": 256, ""max_tokens"": 512, ""mental_es_model"": ""ELiRF/RoBERTa-es-mental-large"", ""n_cv_splits"": 5, ""n_search_iter"": 0, ""seeds"": [42], ""sentence_transformer_model"": ""intfloat/multilingual-e5-small"", ""tfidf_lemmatize"": true, ""tfidf_max_df"": 0.9, ""tfidf_max_features"": 300, ""tfidf_min_df"": 3, ""tfidf_ngram_range"": [1, 2], ""tfidf_normalize_numbers"": true}",2026-09-18T03:23:00
E7_ROBERTA_MENTAL_MLM_EP025,frozen,participant,3,no_augmentation,GAD7,42,AdaBoost,4.450271,False,models/mlm_robertaes_mental/ep025,defaults,"{""augmentation"": ""no_augmentation"", ""beto_model"": ""dccuchile/bert-base-spanish-wwm-cased"", ""chunk_stride"": 256, ""max_tokens"": 512, ""mental_es_model"": ""ELiRF/RoBERTa-es-mental-large"", ""n_cv_splits"": 5, ""n_search_iter"": 0, ""seeds"": [42], ""sentence_transformer_model"": ""intfloat/multilingual-e5-small"", ""tfidf_lemmatize"": true, ""tfidf_max_df"": 0.9, ""tfidf_max_features"": 300, ""tfidf_min_df"": 3, ""tfidf_ngram_range"": [1, 2], ""tfidf_normalize_numbers"": true}",2026-09-18T03:23:00
E1_BETO_MLM_EP025,frozen,participant,3,no_augmentation,PHQ9,42,Ridge,6.513624,False,models/mlm_beto/ep025,defaults,"{""augmentation"": ""no_augmentation"", ""beto_model"": ""dccuchile/bert-base-spanish-wwm-cased"", ""chunk_stride"": 256, ""max_tokens"": 512, ""mental_es_model"": ""ELiRF/RoBERTa-es-mental-large"", ""n_cv_splits"": 5, ""n_search_iter"": 0, ""seeds"": [42], ""sentence_transformer_model"": ""intfloat/multilingual-e5-small"", ""tfidf_lemmatize"": true, ""tfidf_max_df"": 0.9, ""tfidf_max_features"": 300, ""tfidf_min_df"": 3, ""tfidf_ngram_range"": [1, 2], ""tfidf_normalize_numbers"": true}",2026-09-18T03:24:06
E1_BETO_MLM_EP025,frozen,participant,3,no_augmentation,PHQ9,42,SVR,5.161365,True,models/mlm_beto/ep025,defaults,"{""augmentation"": ""no_augmentation"", ""beto_model"": ""dccuchile/bert-base-spanish-wwm-cased"", ""chunk_stride"": 256, ""max_tokens"": 512, ""mental_es_model"": ""ELiRF/RoBERTa-es-mental-large"", ""n_cv_splits"": 5, ""n_search_iter"": 0, ""seeds"": [42], ""sentence_transformer_model"": ""intfloat/multilingual-e5-small"", ""tfidf_lemmatize"": true, ""tfidf_max_df"": 0.9, ""tfidf_max_features"": 300, ""tfidf_min_df"": 3, ""tfidf_ngram_range"": [1, 2], ""tfidf_normalize_numbers"": true}",2026-09-18T03:24:06
E1_BETO_MLM_EP025,frozen,participant,3,no_augmentation,PHQ9,42,RandomForest,5.345293,False,models/mlm_beto/ep025,defaults,"{""augmentation"": ""no_augmentation"", ""beto_model"": ""dccuchile/bert-base-spanish-wwm-cased"", ""chunk_stride"": 256, ""max_tokens"": 512, ""mental_es_model"": ""ELiRF/RoBERTa-es-mental-large"", ""n_cv_splits"": 5, ""n_search_iter"": 0, ""seeds"": [42], ""sentence_transformer_model"": ""intfloat/multilingual-e5-small"", ""tfidf_lemmatize"": true, ""tfidf_max_df"": 0.9, ""tfidf_max_features"": 300, ""tfidf_min_df"": 3, ""tfidf_ngram_range"": [1, 2], ""tfidf_normalize_numbers"": true}",2026-09-18T03:24:06
E1_BETO_MLM_EP025,frozen,participant,3,no_augmentation,PHQ9,42,ExtraTrees,5.358964,False,models/mlm_beto/ep025,defaults,"{""augmentation"": ""no_augmentation"", ""beto_model"": ""dccuchile/bert-base-spanish-wwm-cased"", ""chunk_stride"": 256, ""max_tokens"": 512, ""mental_es_model"": ""ELiRF/RoBERTa-es-mental-large"", ""n_cv_splits"": 5, ""n_search_iter"": 0, ""seeds"": [42], ""sentence_transformer_model"": ""intfloat/multilingual-e5-small"", ""tfidf_lemmatize"": true, ""tfidf_max_df"": 0.9, ""tfidf_max_features"": 300, ""tfidf_min_df"": 3, ""tfidf_ngram_range"": [1, 2], ""tfidf_normalize_numbers"": true}",2026-09-18T03:24:06
E1_BETO_MLM_EP025,frozen,participant,3,no_augmentation,PHQ9,42,GradientBoosting,5.399823,False,models/mlm_beto/ep025,defaults,"{""augmentation"": ""no_augmentation"", ""beto_model"": ""dccuchile/bert-base-spanish-wwm-cased"", ""chunk_stride"": 256, ""max_tokens"": 512, ""mental_es_model"": ""ELiRF/RoBERTa-es-mental-large"", ""n_cv_splits"": 5, ""n_search_iter"": 0, ""seeds"": [42], ""sentence_transformer_model"": ""intfloat/multilingual-e5-small"", ""tfidf_lemmatize"": true, ""tfidf_max_df"": 0.9, ""tfidf_max_features"": 300, ""tfidf_min_df"": 3, ""tfidf_ngram_range"": [1, 2], ""tfidf_normalize_numbers"": true}",2026-09-18T03:24:06
E1_BETO_MLM_EP025,frozen,participant,3,no_augmentation,PHQ9,42,LightGBM,5.440871,False,models/mlm_beto/ep025,defaults,"{""augmentation"": ""no_augmentation"", ""beto_model"": ""dccuchile/bert-base-spanish-wwm-cased"", ""chunk_stride"": 256, ""max_tokens"": 512, ""mental_es_model"": ""ELiRF/RoBERTa-es-mental-large"", ""n_cv_splits"": 5, ""n_search_iter"": 0, ""seeds"": [42], ""sentence_transformer_model"": ""intfloat/multilingual-e5-small"", ""tfidf_lemmatize"": true, ""tfidf_max_df"": 0.9, ""tfidf_max_features"": 300, ""tfidf_min_df"": 3, ""tfidf_ngram_range"": [1, 2], ""tfidf_normalize_numbers"": true}",2026-09-18T03:24:06
E1_BETO_MLM_EP025,frozen,participant,3,no_augmentation,PHQ9,42,KNN,5.595384,False,models/mlm_beto/ep025,defaults,"{""augmentation"": ""no_augmentation"", ""beto_model"": ""dccuchile/bert-base-spanish-wwm-cased"", ""chunk_stride"": 256, ""max_tokens"": 512, ""mental_es_model"": ""ELiRF/RoBERTa-es-mental-large"", ""n_cv_splits"": 5, ""n_search_iter"": 0, ""seeds"": [42], ""sentence_transformer_model"": ""intfloat/multilingual-e5-small"", ""tfidf_lemmatize"": true, ""tfidf_max_df"": 0.9, ""tfidf_max_features"": 300, ""tfidf_min_df"": 3, ""tfidf_ngram_range"": [1, 2], ""tfidf_normalize_numbers"": true}",2026-09-18T03:24:07
E1_BETO_MLM_EP025,frozen,participant,3,no_augmentation,PHQ9,42,DecisionTree,7.342709,False,models/mlm_beto/ep025,defaults,"{""augmentation"": ""no_augmentation"", ""beto_model"": ""dccuchile/bert-base-spanish-wwm-cased"", ""chunk_stride"": 256, ""max_tokens"": 512, ""mental_es_model"": ""ELiRF/RoBERTa-es-mental-large"", ""n_cv_splits"": 5, ""n_search_iter"": 0, ""seeds"": [42], ""sentence_transformer_model"": ""intfloat/multilingual-e5-small"", ""tfidf_lemmatize"": true, ""tfidf_max_df"": 0.9, ""tfidf_max_features"": 300, ""tfidf_min_df"": 3, ""tfidf_ngram_range"": [1, 2], ""tfidf_normalize_numbers"": true}",2026-09-18T03:24:07
E1_BETO_MLM_EP025,frozen,participant,3,no_augmentation,PHQ9,42,AdaBoost,5.313967,False,models/mlm_beto/ep025,defaults,"{""augmentation"": ""no_augmentation"", ""beto_model"": ""dccuchile/bert-base-spanish-wwm-cased"", ""chunk_stride"": 256, ""max_tokens"": 512, ""mental_es_model"": ""ELiRF/RoBERTa-es-mental-large"", ""n_cv_splits"": 5, ""n_search_iter"": 0, ""seeds"": [42], ""sentence_transformer_model"": ""intfloat/multilingual-e5-small"", ""tfidf_lemmatize"": true, ""tfidf_max_df"": 0.9, ""tfidf_max_features"": 300, ""tfidf_min_df"": 3, ""tfidf_ngram_range"": [1, 2], ""tfidf_normalize_numbers"": true}",2026-09-18T03:24:07
E1_BETO_MLM_EP025,frozen,participant,3,no_augmentation,GAD7,42,Ridge,6.02983,False,models/mlm_beto/ep025,defaults,"{""augmentation"": ""no_augmentation"", ""beto_model"": ""dccuchile/bert-base-spanish-wwm-cased"", ""chunk_stride"": 256, ""max_tokens"": 512, ""mental_es_model"": ""ELiRF/RoBERTa-es-mental-large"", ""n_cv_splits"": 5, ""n_search_iter"": 0, ""seeds"": [42], ""sentence_transformer_model"": ""intfloat/multilingual-e5-small"", ""tfidf_lemmatize"": true, ""tfidf_max_df"": 0.9, ""tfidf_max_features"": 300, ""tfidf_min_df"": 3, ""tfidf_ngram_range"": [1, 2], ""tfidf_normalize_numbers"": true}",2026-09-18T03:25:15
E1_BETO_MLM_EP025,frozen,participant,3,no_augmentation,GAD7,42,SVR,4.463891,False,models/mlm_beto/ep025,defaults,"{""augmentation"": ""no_augmentation"", ""beto_model"": ""dccuchile/bert-base-spanish-wwm-cased"", ""chunk_stride"": 256, ""max_tokens"": 512, ""mental_es_model"": ""ELiRF/RoBERTa-es-mental-large"", ""n_cv_splits"": 5, ""n_search_iter"": 0, ""seeds"": [42], ""sentence_transformer_model"": ""intfloat/multilingual-e5-small"", ""tfidf_lemmatize"": true, ""tfidf_max_df"": 0.9, ""tfidf_max_features"": 300, ""tfidf_min_df"": 3, ""tfidf_ngram_range"": [1, 2], ""tfidf_normalize_numbers"": true}",2026-09-18T03:25:15
E1_BETO_MLM_EP025,frozen,participant,3,no_augmentation,GAD7,42,RandomForest,4.424562,False,models/mlm_beto/ep025,defaults,"{""augmentation"": ""no_augmentation"", ""beto_model"": ""dccuchile/bert-base-spanish-wwm-cased"", ""chunk_stride"": 256, ""max_tokens"": 512, ""mental_es_model"": ""ELiRF/RoBERTa-es-mental-large"", ""n_cv_splits"": 5, ""n_search_iter"": 0, ""seeds"": [42], ""sentence_transformer_model"": ""intfloat/multilingual-e5-small"", ""tfidf_lemmatize"": true, ""tfidf_max_df"": 0.9, ""tfidf_max_features"": 300, ""tfidf_min_df"": 3, ""tfidf_ngram_range"": [1, 2], ""tfidf_normalize_numbers"": true}",2026-09-18T03:25:15
E1_BETO_MLM_EP025,frozen,participant,3,no_augmentation,GAD7,42,ExtraTrees,4.41679,True,models/mlm_beto/ep025,defaults,"{""augmentation"": ""no_augmentation"", ""beto_model"": ""dccuchile/bert-base-spanish-wwm-cased"", ""chunk_stride"": 256, ""max_tokens"": 512, ""mental_es_model"": ""ELiRF/RoBERTa-es-mental-large"", ""n_cv_splits"": 5, ""n_search_iter"": 0, ""seeds"": [42], ""sentence_transformer_model"": ""intfloat/multilingual-e5-small"", ""tfidf_lemmatize"": true, ""tfidf_max_df"": 0.9, ""tfidf_max_features"": 300, ""tfidf_min_df"": 3, ""tfidf_ngram_range"": [1, 2], ""tfidf_normalize_numbers"": true}",2026-09-18T03:25:15
E1_BETO_MLM_EP025,frozen,participant,3,no_augmentation,GAD7,42,GradientBoosting,4.637797,False,models/mlm_beto/ep025,defaults,"{""augmentation"": ""no_augmentation"", ""beto_model"": ""dccuchile/bert-base-spanish-wwm-cased"", ""chunk_stride"": 256, ""max_tokens"": 512, ""mental_es_model"": ""ELiRF/RoBERTa-es-mental-large"", ""n_cv_splits"": 5, ""n_search_iter"": 0, ""seeds"": [42], ""sentence_transformer_model"": ""intfloat/multilingual-e5-small"", ""tfidf_lemmatize"": true, ""tfidf_max_df"": 0.9, ""tfidf_max_features"": 300, ""tfidf_min_df"": 3, ""tfidf_ngram_range"": [1, 2], ""tfidf_normalize_numbers"": true}",2026-09-18T03:25:15
E1_BETO_MLM_EP025,frozen,participant,3,no_augmentation,GAD7,42,LightGBM,4.936438,False,models/mlm_beto/ep025,defaults,"{""augmentation"": ""no_augmentation"", ""beto_model"": ""dccuchile/bert-base-spanish-wwm-cased"", ""chunk_stride"": 256, ""max_tokens"": 512, ""mental_es_model"": ""ELiRF/RoBERTa-es-mental-large"", ""n_cv_splits"": 5, ""n_search_iter"": 0, ""seeds"": [42], ""sentence_transformer_model"": ""intfloat/multilingual-e5-small"", ""tfidf_lemmatize"": true, ""tfidf_max_df"": 0.9, ""tfidf_max_features"": 300, ""tfidf_min_df"": 3, ""tfidf_ngram_range"": [1, 2], ""tfidf_normalize_numbers"": true}",2026-09-18T03:25:15
E1_BETO_MLM_EP025,frozen,participant,3,no_augmentation,GAD7,42,KNN,4.715499,False,models/mlm_beto/ep025,defaults,"{""augmentation"": ""no_augmentation"", ""beto_model"": ""dccuchile/bert-base-spanish-wwm-cased"", ""chunk_stride"": 256, ""max_tokens"": 512, ""mental_es_model"": ""ELiRF/RoBERTa-es-mental-large"", ""n_cv_splits"": 5, ""n_search_iter"": 0, ""seeds"": [42], ""sentence_transformer_model"": ""intfloat/multilingual-e5-small"", ""tfidf_lemmatize"": true, ""tfidf_max_df"": 0.9, ""tfidf_max_features"": 300, ""tfidf_min_df"": 3, ""tfidf_ngram_range"": [1, 2], ""tfidf_normalize_numbers"": true}",2026-09-18T03:25:15
E1_BETO_MLM_EP025,frozen,participant,3,no_augmentation,GAD7,42,DecisionTree,6.645407,False,models/mlm_beto/ep025,defaults,"{""augmentation"": ""no_augmentation"", ""beto_model"": ""dccuchile/bert-base-spanish-wwm-cased"", ""chunk_stride"": 256, ""max_tokens"": 512, ""mental_es_model"": ""ELiRF/RoBERTa-es-mental-large"", ""n_cv_splits"": 5, ""n_search_iter"": 0, ""seeds"": [42], ""sentence_transformer_model"": ""intfloat/multilingual-e5-small"", ""tfidf_lemmatize"": true, ""tfidf_max_df"": 0.9, ""tfidf_max_features"": 300, ""tfidf_min_df"": 3, ""tfidf_ngram_range"": [1, 2], ""tfidf_normalize_numbers"": true}",2026-09-18T03:25:15
E1_BETO_MLM_EP025,frozen,participant,3,no_augmentation,GAD7,42,AdaBoost,4.563493,False,models/mlm_beto/ep025,defaults,"{""augmentation"": ""no_augmentation"", ""beto_model"": ""dccuchile/bert-base-spanish-wwm-cased"", ""chunk_stride"": 256, ""max_tokens"": 512, ""mental_es_model"": ""ELiRF/RoBERTa-es-mental-large"", ""n_cv_splits"": 5, ""n_search_iter"": 0, ""seeds"": [42], ""sentence_transformer_model"": ""intfloat/multilingual-e5-small"", ""tfidf_lemmatize"": true, ""tfidf_max_df"": 0.9, ""tfidf_max_features"": 300, ""tfidf_min_df"": 3, ""tfidf_ngram_range"": [1, 2], ""tfidf_normalize_numbers"": true}",2026-09-18T03:25:15
E1_BETO_MLM_MR_EP025,frozen,participant,3,no_augmentation,PHQ9,42,Ridge,6.397012,False,models/mlm_beto_mentalriskes/ep025,defaults,"{""augmentation"": ""no_augmentation"", ""beto_model"": ""dccuchile/bert-base-spanish-wwm-cased"", ""chunk_stride"": 256, ""max_tokens"": 512, ""mental_es_model"": ""ELiRF/RoBERTa-es-mental-large"", ""n_cv_splits"": 5, ""n_search_iter"": 0, ""seeds"": [42], ""sentence_transformer_model"": ""intfloat/multilingual-e5-small"", ""tfidf_lemmatize"": true, ""tfidf_max_df"": 0.9, ""tfidf_max_features"": 300, ""tfidf_min_df"": 3, ""tfidf_ngram_range"": [1, 2], ""tfidf_normalize_numbers"": true}",2026-09-18T03:26:24
E1_BETO_MLM_MR_EP025,frozen,participant,3,no_augmentation,PHQ9,42,SVR,5.15157,True,models/mlm_beto_mentalriskes/ep025,defaults,"{""augmentation"": ""no_augmentation"", ""beto_model"": ""dccuchile/bert-base-spanish-wwm-cased"", ""chunk_stride"": 256, ""max_tokens"": 512, ""mental_es_model"": ""ELiRF/RoBERTa-es-mental-large"", ""n_cv_splits"": 5, ""n_search_iter"": 0, ""seeds"": [42], ""sentence_transformer_model"": ""intfloat/multilingual-e5-small"", ""tfidf_lemmatize"": true, ""tfidf_max_df"": 0.9, ""tfidf_max_features"": 300, ""tfidf_min_df"": 3, ""tfidf_ngram_range"": [1, 2], ""tfidf_normalize_numbers"": true}",2026-09-18T03:26:24
E1_BETO_MLM_MR_EP025,frozen,participant,3,no_augmentation,PHQ9,42,RandomForest,5.318412,False,models/mlm_beto_mentalriskes/ep025,defaults,"{""augmentation"": ""no_augmentation"", ""beto_model"": ""dccuchile/bert-base-spanish-wwm-cased"", ""chunk_stride"": 256, ""max_tokens"": 512, ""mental_es_model"": ""ELiRF/RoBERTa-es-mental-large"", ""n_cv_splits"": 5, ""n_search_iter"": 0, ""seeds"": [42], ""sentence_transformer_model"": ""intfloat/multilingual-e5-small"", ""tfidf_lemmatize"": true, ""tfidf_max_df"": 0.9, ""tfidf_max_features"": 300, ""tfidf_min_df"": 3, ""tfidf_ngram_range"": [1, 2], ""tfidf_normalize_numbers"": true}",2026-09-18T03:26:24
E1_BETO_MLM_MR_EP025,frozen,participant,3,no_augmentation,PHQ9,42,ExtraTrees,5.318675,False,models/mlm_beto_mentalriskes/ep025,defaults,"{""augmentation"": ""no_augmentation"", ""beto_model"": ""dccuchile/bert-base-spanish-wwm-cased"", ""chunk_stride"": 256, ""max_tokens"": 512, ""mental_es_model"": ""ELiRF/RoBERTa-es-mental-large"", ""n_cv_splits"": 5, ""n_search_iter"": 0, ""seeds"": [42], ""sentence_transformer_model"": ""intfloat/multilingual-e5-small"", ""tfidf_lemmatize"": true, ""tfidf_max_df"": 0.9, ""tfidf_max_features"": 300, ""tfidf_min_df"": 3, ""tfidf_ngram_range"": [1, 2], ""tfidf_normalize_numbers"": true}",2026-09-18T03:26:24
E1_BETO_MLM_MR_EP025,frozen,participant,3,no_augmentation,PHQ9,42,GradientBoosting,5.551815,False,models/mlm_beto_mentalriskes/ep025,defaults,"{""augmentation"": ""no_augmentation"", ""beto_model"": ""dccuchile/bert-base-spanish-wwm-cased"", ""chunk_stride"": 256, ""max_tokens"": 512, ""mental_es_model"": ""ELiRF/RoBERTa-es-mental-large"", ""n_cv_splits"": 5, ""n_search_iter"": 0, ""seeds"": [42], ""sentence_transformer_model"": ""intfloat/multilingual-e5-small"", ""tfidf_lemmatize"": true, ""tfidf_max_df"": 0.9, ""tfidf_max_features"": 300, ""tfidf_min_df"": 3, ""tfidf_ngram_range"": [1, 2], ""tfidf_normalize_numbers"": true}",2026-09-18T03:26:24
E1_BETO_MLM_MR_EP025,frozen,participant,3,no_augmentation,PHQ9,42,LightGBM,5.961581,False,models/mlm_beto_mentalriskes/ep025,defaults,"{""augmentation"": ""no_augmentation"", ""beto_model"": ""dccuchile/bert-base-spanish-wwm-cased"", ""chunk_stride"": 256, ""max_tokens"": 512, ""mental_es_model"": ""ELiRF/RoBERTa-es-mental-large"", ""n_cv_splits"": 5, ""n_search_iter"": 0, ""seeds"": [42], ""sentence_transformer_model"": ""intfloat/multilingual-e5-small"", ""tfidf_lemmatize"": true, ""tfidf_max_df"": 0.9, ""tfidf_max_features"": 300, ""tfidf_min_df"": 3, ""tfidf_ngram_range"": [1, 2], ""tfidf_normalize_numbers"": true}",2026-09-18T03:26:24
E1_BETO_MLM_MR_EP025,frozen,participant,3,no_augmentation,PHQ9,42,KNN,5.414197,False,models/mlm_beto_mentalriskes/ep025,defaults,"{""augmentation"": ""no_augmentation"", ""beto_model"": ""dccuchile/bert-base-spanish-wwm-cased"", ""chunk_stride"": 256, ""max_tokens"": 512, ""mental_es_model"": ""ELiRF/RoBERTa-es-mental-large"", ""n_cv_splits"": 5, ""n_search_iter"": 0, ""seeds"": [42], ""sentence_transformer_model"": ""intfloat/multilingual-e5-small"", ""tfidf_lemmatize"": true, ""tfidf_max_df"": 0.9, ""tfidf_max_features"": 300, ""tfidf_min_df"": 3, ""tfidf_ngram_range"": [1, 2], ""tfidf_normalize_numbers"": true}",2026-09-18T03:26:24
E1_BETO_MLM_MR_EP025,frozen,participant,3,no_augmentation,PHQ9,42,DecisionTree,7.251756,False,models/mlm_beto_mentalriskes/ep025,defaults,"{""augmentation"": ""no_augmentation"", ""beto_model"": ""dccuchile/bert-base-spanish-wwm-cased"", ""chunk_stride"": 256, ""max_tokens"": 512, ""mental_es_model"": ""ELiRF/RoBERTa-es-mental-large"", ""n_cv_splits"": 5, ""n_search_iter"": 0, ""seeds"": [42], ""sentence_transformer_model"": ""intfloat/multilingual-e5-small"", ""tfidf_lemmatize"": true, ""tfidf_max_df"": 0.9, ""tfidf_max_features"": 300, ""tfidf_min_df"": 3, ""tfidf_ngram_range"": [1, 2], ""tfidf_normalize_numbers"": true}",2026-09-18T03:26:24
E1_BETO_MLM_MR_EP025,frozen,participant,3,no_augmentation,PHQ9,42,AdaBoost,5.445697,False,models/mlm_beto_mentalriskes/ep025,defaults,"{""augmentation"": ""no_augmentation"", ""beto_model"": ""dccuchile/bert-base-spanish-wwm-cased"", ""chunk_stride"": 256, ""max_tokens"": 512, ""mental_es_model"": ""ELiRF/RoBERTa-es-mental-large"", ""n_cv_splits"": 5, ""n_search_iter"": 0, ""seeds"": [42], ""sentence_transformer_model"": ""intfloat/multilingual-e5-small"", ""tfidf_lemmatize"": true, ""tfidf_max_df"": 0.9, ""tfidf_max_features"": 300, ""tfidf_min_df"": 3, ""tfidf_ngram_range"": [1, 2], ""tfidf_normalize_numbers"": true}",2026-09-18T03:26:24
E1_BETO_MLM_MR_EP025,frozen,participant,3,no_augmentation,GAD7,42,Ridge,6.251356,False,models/mlm_beto_mentalriskes/ep025,defaults,"{""augmentation"": ""no_augmentation"", ""beto_model"": ""dccuchile/bert-base-spanish-wwm-cased"", ""chunk_stride"": 256, ""max_tokens"": 512, ""mental_es_model"": ""ELiRF/RoBERTa-es-mental-large"", ""n_cv_splits"": 5, ""n_search_iter"": 0, ""seeds"": [42], ""sentence_transformer_model"": ""intfloat/multilingual-e5-small"", ""tfidf_lemmatize"": true, ""tfidf_max_df"": 0.9, ""tfidf_max_features"": 300, ""tfidf_min_df"": 3, ""tfidf_ngram_range"": [1, 2], ""tfidf_normalize_numbers"": true}",2026-09-18T03:27:34
E1_BETO_MLM_MR_EP025,frozen,participant,3,no_augmentation,GAD7,42,SVR,4.437659,True,models/mlm_beto_mentalriskes/ep025,defaults,"{""augmentation"": ""no_augmentation"", ""beto_model"": ""dccuchile/bert-base-spanish-wwm-cased"", ""chunk_stride"": 256, ""max_tokens"": 512, ""mental_es_model"": ""ELiRF/RoBERTa-es-mental-large"", ""n_cv_splits"": 5, ""n_search_iter"": 0, ""seeds"": [42], ""sentence_transformer_model"": ""intfloat/multilingual-e5-small"", ""tfidf_lemmatize"": true, ""tfidf_max_df"": 0.9, ""tfidf_max_features"": 300, ""tfidf_min_df"": 3, ""tfidf_ngram_range"": [1, 2], ""tfidf_normalize_numbers"": true}",2026-09-18T03:27:34
E1_BETO_MLM_MR_EP025,frozen,participant,3,no_augmentation,GAD7,42,RandomForest,4.449776,False,models/mlm_beto_mentalriskes/ep025,defaults,"{""augmentation"": ""no_augmentation"", ""beto_model"": ""dccuchile/bert-base-spanish-wwm-cased"", ""chunk_stride"": 256, ""max_tokens"": 512, ""mental_es_model"": ""ELiRF/RoBERTa-es-mental-large"", ""n_cv_splits"": 5, ""n_search_iter"": 0, ""seeds"": [42], ""sentence_transformer_model"": ""intfloat/multilingual-e5-small"", ""tfidf_lemmatize"": true, ""tfidf_max_df"": 0.9, ""tfidf_max_features"": 300, ""tfidf_min_df"": 3, ""tfidf_ngram_range"": [1, 2], ""tfidf_normalize_numbers"": true}",2026-09-18T03:27:34
E1_BETO_MLM_MR_EP025,frozen,participant,3,no_augmentation,GAD7,42,ExtraTrees,4.439191,False,models/mlm_beto_mentalriskes/ep025,defaults,"{""augmentation"": ""no_augmentation"", ""beto_model"": ""dccuchile/bert-base-spanish-wwm-cased"", ""chunk_stride"": 256, ""max_tokens"": 512, ""mental_es_model"": ""ELiRF/RoBERTa-es-mental-large"", ""n_cv_splits"": 5, ""n_search_iter"": 0, ""seeds"": [42], ""sentence_transformer_model"": ""intfloat/multilingual-e5-small"", ""tfidf_lemmatize"": true, ""tfidf_max_df"": 0.9, ""tfidf_max_features"": 300, ""tfidf_min_df"": 3, ""tfidf_ngram_range"": [1, 2], ""tfidf_normalize_numbers"": true}",2026-09-18T03:27:34
E1_BETO_MLM_MR_EP025,frozen,participant,3,no_augmentation,GAD7,42,GradientBoosting,4.591762,False,models/mlm_beto_mentalriskes/ep025,defaults,"{""augmentation"": ""no_augmentation"", ""beto_model"": ""dccuchile/bert-base-spanish-wwm-cased"", ""chunk_stride"": 256, ""max_tokens"": 512, ""mental_es_model"": ""ELiRF/RoBERTa-es-mental-large"", ""n_cv_splits"": 5, ""n_search_iter"": 0, ""seeds"": [42], ""sentence_transformer_model"": ""intfloat/multilingual-e5-small"", ""tfidf_lemmatize"": true, ""tfidf_max_df"": 0.9, ""tfidf_max_features"": 300, ""tfidf_min_df"": 3, ""tfidf_ngram_range"": [1, 2], ""tfidf_normalize_numbers"": true}",2026-09-18T03:27:34
E1_BETO_MLM_MR_EP025,frozen,participant,3,no_augmentation,GAD7,42,LightGBM,5.044841,False,models/mlm_beto_mentalriskes/ep025,defaults,"{""augmentation"": ""no_augmentation"", ""beto_model"": ""dccuchile/bert-base-spanish-wwm-cased"", ""chunk_stride"": 256, ""max_tokens"": 512, ""mental_es_model"": ""ELiRF/RoBERTa-es-mental-large"", ""n_cv_splits"": 5, ""n_search_iter"": 0, ""seeds"": [42], ""sentence_transformer_model"": ""intfloat/multilingual-e5-small"", ""tfidf_lemmatize"": true, ""tfidf_max_df"": 0.9, ""tfidf_max_features"": 300, ""tfidf_min_df"": 3, ""tfidf_ngram_range"": [1, 2], ""tfidf_normalize_numbers"": true}",2026-09-18T03:27:34
E1_BETO_MLM_MR_EP025,frozen,participant,3,no_augmentation,GAD7,42,KNN,4.62297,False,models/mlm_beto_mentalriskes/ep025,defaults,"{""augmentation"": ""no_augmentation"", ""beto_model"": ""dccuchile/bert-base-spanish-wwm-cased"", ""chunk_stride"": 256, ""max_tokens"": 512, ""mental_es_model"": ""ELiRF/RoBERTa-es-mental-large"", ""n_cv_splits"": 5, ""n_search_iter"": 0, ""seeds"": [42], ""sentence_transformer_model"": ""intfloat/multilingual-e5-small"", ""tfidf_lemmatize"": true, ""tfidf_max_df"": 0.9, ""tfidf_max_features"": 300, ""tfidf_min_df"": 3, ""tfidf_ngram_range"": [1, 2], ""tfidf_normalize_numbers"": true}",2026-09-18T03:27:34
E1_BETO_MLM_MR_EP025,frozen,participant,3,no_augmentation,GAD7,42,DecisionTree,6.094873,False,models/mlm_beto_mentalriskes/ep025,defaults,"{""augmentation"": ""no_augmentation"", ""beto_model"": ""dccuchile/bert-base-spanish-wwm-cased"", ""chunk_stride"": 256, ""max_tokens"": 512, ""mental_es_model"": ""ELiRF/RoBERTa-es-mental-large"", ""n_cv_splits"": 5, ""n_search_iter"": 0, ""seeds"": [42], ""sentence_transformer_model"": ""intfloat/multilingual-e5-small"", ""tfidf_lemmatize"": true, ""tfidf_max_df"": 0.9, ""tfidf_max_features"": 300, ""tfidf_min_df"": 3, ""tfidf_ngram_range"": [1, 2], ""tfidf_normalize_numbers"": true}",2026-09-18T03:27:34
E1_BETO_MLM_MR_EP025,frozen,participant,3,no_augmentation,GAD7,42,AdaBoost,4.447988,False,models/mlm_beto_mentalriskes/ep025,defaults,"{""augmentation"": ""no_augmentation"", ""beto_model"": ""dccuchile/bert-base-spanish-wwm-cased"", ""chunk_stride"": 256, ""max_tokens"": 512, ""mental_es_model"": ""ELiRF/RoBERTa-es-mental-large"", ""n_cv_splits"": 5, ""n_search_iter"": 0, ""seeds"": [42], ""sentence_transformer_model"": ""intfloat/multilingual-e5-small"", ""tfidf_lemmatize"": true, ""tfidf_max_df"": 0.9, ""tfidf_max_features"": 300, ""tfidf_min_df"": 3, ""tfidf_ngram_range"": [1, 2], ""tfidf_normalize_numbers"": true}",2026-09-18T03:27:34
E1_BETO_MLM_EP050,frozen,participant,3,no_augmentation,PHQ9,42,Ridge,6.841628,False,models/mlm_beto/ep050,defaults,"{""augmentation"": ""no_augmentation"", ""beto_model"": ""dccuchile/bert-base-spanish-wwm-cased"", ""chunk_stride"": 256, ""max_tokens"": 512, ""mental_es_model"": ""ELiRF/RoBERTa-es-mental-large"", ""n_cv_splits"": 5, ""n_search_iter"": 0, ""seeds"": [42], ""sentence_transformer_model"": ""intfloat/multilingual-e5-small"", ""tfidf_lemmatize"": true, ""tfidf_max_df"": 0.9, ""tfidf_max_features"": 300, ""tfidf_min_df"": 3, ""tfidf_ngram_range"": [1, 2], ""tfidf_normalize_numbers"": true}",2026-09-18T03:28:40
E1_BETO_MLM_EP050,frozen,participant,3,no_augmentation,PHQ9,42,SVR,5.180503,True,models/mlm_beto/ep050,defaults,"{""augmentation"": ""no_augmentation"", ""beto_model"": ""dccuchile/bert-base-spanish-wwm-cased"", ""chunk_stride"": 256, ""max_tokens"": 512, ""mental_es_model"": ""ELiRF/RoBERTa-es-mental-large"", ""n_cv_splits"": 5, ""n_search_iter"": 0, ""seeds"": [42], ""sentence_transformer_model"": ""intfloat/multilingual-e5-small"", ""tfidf_lemmatize"": true, ""tfidf_max_df"": 0.9, ""tfidf_max_features"": 300, ""tfidf_min_df"": 3, ""tfidf_ngram_range"": [1, 2], ""tfidf_normalize_numbers"": true}",2026-09-18T03:28:40
E1_BETO_MLM_EP050,frozen,participant,3,no_augmentation,PHQ9,42,RandomForest,5.330026,False,models/mlm_beto/ep050,defaults,"{""augmentation"": ""no_augmentation"", ""beto_model"": ""dccuchile/bert-base-spanish-wwm-cased"", ""chunk_stride"": 256, ""max_tokens"": 512, ""mental_es_model"": ""ELiRF/RoBERTa-es-mental-large"", ""n_cv_splits"": 5, ""n_search_iter"": 0, ""seeds"": [42], ""sentence_transformer_model"": ""intfloat/multilingual-e5-small"", ""tfidf_lemmatize"": true, ""tfidf_max_df"": 0.9, ""tfidf_max_features"": 300, ""tfidf_min_df"": 3, ""tfidf_ngram_range"": [1, 2], ""tfidf_normalize_numbers"": true}",2026-09-18T03:28:40
E1_BETO_MLM_EP050,frozen,participant,3,no_augmentation,PHQ9,42,ExtraTrees,5.336702,False,models/mlm_beto/ep050,defaults,"{""augmentation"": ""no_augmentation"", ""beto_model"": ""dccuchile/bert-base-spanish-wwm-cased"", ""chunk_stride"": 256, ""max_tokens"": 512, ""mental_es_model"": ""ELiRF/RoBERTa-es-mental-large"", ""n_cv_splits"": 5, ""n_search_iter"": 0, ""seeds"": [42], ""sentence_transformer_model"": ""intfloat/multilingual-e5-small"", ""tfidf_lemmatize"": true, ""tfidf_max_df"": 0.9, ""tfidf_max_features"": 300, ""tfidf_min_df"": 3, ""tfidf_ngram_range"": [1, 2], ""tfidf_normalize_numbers"": true}",2026-09-18T03:28:40
E1_BETO_MLM_EP050,frozen,participant,3,no_augmentation,PHQ9,42,GradientBoosting,5.337432,False,models/mlm_beto/ep050,defaults,"{""augmentation"": ""no_augmentation"", ""beto_model"": ""dccuchile/bert-base-spanish-wwm-cased"", ""chunk_stride"": 256, ""max_tokens"": 512, ""mental_es_model"": ""ELiRF/RoBERTa-es-mental-large"", ""n_cv_splits"": 5, ""n_search_iter"": 0, ""seeds"": [42], ""sentence_transformer_model"": ""intfloat/multilingual-e5-small"", ""tfidf_lemmatize"": true, ""tfidf_max_df"": 0.9, ""tfidf_max_features"": 300, ""tfidf_min_df"": 3, ""tfidf_ngram_range"": [1, 2], ""tfidf_normalize_numbers"": true}",2026-09-18T03:28:40
E1_BETO_MLM_EP050,frozen,participant,3,no_augmentation,PHQ9,42,LightGBM,5.719263,False,models/mlm_beto/ep050,defaults,"{""augmentation"": ""no_augmentation"", ""beto_model"": ""dccuchile/bert-base-spanish-wwm-cased"", ""chunk_stride"": 256, ""max_tokens"": 512, ""mental_es_model"": ""ELiRF/RoBERTa-es-mental-large"", ""n_cv_splits"": 5, ""n_search_iter"": 0, ""seeds"": [42], ""sentence_transformer_model"": ""intfloat/multilingual-e5-small"", ""tfidf_lemmatize"": true, ""tfidf_max_df"": 0.9, ""tfidf_max_features"": 300, ""tfidf_min_df"": 3, ""tfidf_ngram_range"": [1, 2], ""tfidf_normalize_numbers"": true}",2026-09-18T03:28:40
E1_BETO_MLM_EP050,frozen,participant,3,no_augmentation,PHQ9,42,KNN,5.471353,False,models/mlm_beto/ep050,defaults,"{""augmentation"": ""no_augmentation"", ""beto_model"": ""dccuchile/bert-base-spanish-wwm-cased"", ""chunk_stride"": 256, ""max_tokens"": 512, ""mental_es_model"": ""ELiRF/RoBERTa-es-mental-large"", ""n_cv_splits"": 5, ""n_search_iter"": 0, ""seeds"": [42], ""sentence_transformer_model"": ""intfloat/multilingual-e5-small"", ""tfidf_lemmatize"": true, ""tfidf_max_df"": 0.9, ""tfidf_max_features"": 300, ""tfidf_min_df"": 3, ""tfidf_ngram_range"": [1, 2], ""tfidf_normalize_numbers"": true}",2026-09-18T03:28:40
E1_BETO_MLM_EP050,frozen,participant,3,no_augmentation,PHQ9,42,DecisionTree,7.170254,False,models/mlm_beto/ep050,defaults,"{""augmentation"": ""no_augmentation"", ""beto_model"": ""dccuchile/bert-base-spanish-wwm-cased"", ""chunk_stride"": 256, ""max_tokens"": 512, ""mental_es_model"": ""ELiRF/RoBERTa-es-mental-large"", ""n_cv_splits"": 5, ""n_search_iter"": 0, ""seeds"": [42], ""sentence_transformer_model"": ""intfloat/multilingual-e5-small"", ""tfidf_lemmatize"": true, ""tfidf_max_df"": 0.9, ""tfidf_max_features"": 300, ""tfidf_min_df"": 3, ""tfidf_ngram_range"": [1, 2], ""tfidf_normalize_numbers"": true}",2026-09-18T03:28:40
E1_BETO_MLM_EP050,frozen,participant,3,no_augmentation,PHQ9,42,AdaBoost,5.381117,False,models/mlm_beto/ep050,defaults,"{""augmentation"": ""no_augmentation"", ""beto_model"": ""dccuchile/bert-base-spanish-wwm-cased"", ""chunk_stride"": 256, ""max_tokens"": 512, ""mental_es_model"": ""ELiRF/RoBERTa-es-mental-large"", ""n_cv_splits"": 5, ""n_search_iter"": 0, ""seeds"": [42], ""sentence_transformer_model"": ""intfloat/multilingual-e5-small"", ""tfidf_lemmatize"": true, ""tfidf_max_df"": 0.9, ""tfidf_max_features"": 300, ""tfidf_min_df"": 3, ""tfidf_ngram_range"": [1, 2], ""tfidf_normalize_numbers"": true}",2026-09-18T03:28:40
E1_BETO_MLM_EP050,frozen,participant,3,no_augmentation,GAD7,42,Ridge,6.179476,False,models/mlm_beto/ep050,defaults,"{""augmentation"": ""no_augmentation"", ""beto_model"": ""dccuchile/bert-base-spanish-wwm-cased"", ""chunk_stride"": 256, ""max_tokens"": 512, ""mental_es_model"": ""ELiRF/RoBERTa-es-mental-large"", ""n_cv_splits"": 5, ""n_search_iter"": 0, ""seeds"": [42], ""sentence_transformer_model"": ""intfloat/multilingual-e5-small"", ""tfidf_lemmatize"": true, ""tfidf_max_df"": 0.9, ""tfidf_max_features"": 300, ""tfidf_min_df"": 3, ""tfidf_ngram_range"": [1, 2], ""tfidf_normalize_numbers"": true}",2026-09-18T03:29:33
E1_BETO_MLM_EP050,frozen,participant,3,no_augmentation,GAD7,42,SVR,4.446621,False,models/mlm_beto/ep050,defaults,"{""augmentation"": ""no_augmentation"", ""beto_model"": ""dccuchile/bert-base-spanish-wwm-cased"", ""chunk_stride"": 256, ""max_tokens"": 512, ""mental_es_model"": ""ELiRF/RoBERTa-es-mental-large"", ""n_cv_splits"": 5, ""n_search_iter"": 0, ""seeds"": [42], ""sentence_transformer_model"": ""intfloat/multilingual-e5-small"", ""tfidf_lemmatize"": true, ""tfidf_max_df"": 0.9, ""tfidf_max_features"": 300, ""tfidf_min_df"": 3, ""tfidf_ngram_range"": [1, 2], ""tfidf_normalize_numbers"": true}",2026-09-18T03:29:33
E1_BETO_MLM_EP050,frozen,participant,3,no_augmentation,GAD7,42,RandomForest,4.433208,False,models/mlm_beto/ep050,defaults,"{""augmentation"": ""no_augmentation"", ""beto_model"": ""dccuchile/bert-base-spanish-wwm-cased"", ""chunk_stride"": 256, ""max_tokens"": 512, ""mental_es_model"": ""ELiRF/RoBERTa-es-mental-large"", ""n_cv_splits"": 5, ""n_search_iter"": 0, ""seeds"": [42], ""sentence_transformer_model"": ""intfloat/multilingual-e5-small"", ""tfidf_lemmatize"": true, ""tfidf_max_df"": 0.9, ""tfidf_max_features"": 300, ""tfidf_min_df"": 3, ""tfidf_ngram_range"": [1, 2], ""tfidf_normalize_numbers"": true}",2026-09-18T03:29:33
E1_BETO_MLM_EP050,frozen,participant,3,no_augmentation,GAD7,42,ExtraTrees,4.433821,False,models/mlm_beto/ep050,defaults,"{""augmentation"": ""no_augmentation"", ""beto_model"": ""dccuchile/bert-base-spanish-wwm-cased"", ""chunk_stride"": 256, ""max_tokens"": 512, ""mental_es_model"": ""ELiRF/RoBERTa-es-mental-large"", ""n_cv_splits"": 5, ""n_search_iter"": 0, ""seeds"": [42], ""sentence_transformer_model"": ""intfloat/multilingual-e5-small"", ""tfidf_lemmatize"": true, ""tfidf_max_df"": 0.9, ""tfidf_max_features"": 300, ""tfidf_min_df"": 3, ""tfidf_ngram_range"": [1, 2], ""tfidf_normalize_numbers"": true}",2026-09-18T03:29:33
E1_BETO_MLM_EP050,frozen,participant,3,no_augmentation,GAD7,42,GradientBoosting,4.541444,False,models/mlm_beto/ep050,defaults,"{""augmentation"": ""no_augmentation"", ""beto_model"": ""dccuchile/bert-base-spanish-wwm-cased"", ""chunk_stride"": 256, ""max_tokens"": 512, ""mental_es_model"": ""ELiRF/RoBERTa-es-mental-large"", ""n_cv_splits"": 5, ""n_search_iter"": 0, ""seeds"": [42], ""sentence_transformer_model"": ""intfloat/multilingual-e5-small"", ""tfidf_lemmatize"": true, ""tfidf_max_df"": 0.9, ""tfidf_max_features"": 300, ""tfidf_min_df"": 3, ""tfidf_ngram_range"": [1, 2], ""tfidf_normalize_numbers"": true}",2026-09-18T03:29:33
E1_BETO_MLM_EP050,frozen,participant,3,no_augmentation,GAD7,42,LightGBM,4.654531,False,models/mlm_beto/ep050,defaults,"{""augmentation"": ""no_augmentation"", ""beto_model"": ""dccuchile/bert-base-spanish-wwm-cased"", ""chunk_stride"": 256, ""max_tokens"": 512, ""mental_es_model"": ""ELiRF/RoBERTa-es-mental-large"", ""n_cv_splits"": 5, ""n_search_iter"": 0, ""seeds"": [42], ""sentence_transformer_model"": ""intfloat/multilingual-e5-small"", ""tfidf_lemmatize"": true, ""tfidf_max_df"": 0.9, ""tfidf_max_features"": 300, ""tfidf_min_df"": 3, ""tfidf_ngram_range"": [1, 2], ""tfidf_normalize_numbers"": true}",2026-09-18T03:29:33
E1_BETO_MLM_EP050,frozen,participant,3,no_augmentation,GAD7,42,KNN,4.609409,False,models/mlm_beto/ep050,defaults,"{""augmentation"": ""no_augmentation"", ""beto_model"": ""dccuchile/bert-base-spanish-wwm-cased"", ""chunk_stride"": 256, ""max_tokens"": 512, ""mental_es_model"": ""ELiRF/RoBERTa-es-mental-large"", ""n_cv_splits"": 5, ""n_search_iter"": 0, ""seeds"": [42], ""sentence_transformer_model"": ""intfloat/multilingual-e5-small"", ""tfidf_lemmatize"": true, ""tfidf_max_df"": 0.9, ""tfidf_max_features"": 300, ""tfidf_min_df"": 3, ""tfidf_ngram_range"": [1, 2], ""tfidf_normalize_numbers"": true}",2026-09-18T03:29:33
E1_BETO_MLM_EP050,frozen,participant,3,no_augmentation,GAD7,42,DecisionTree,6.08049,False,models/mlm_beto/ep050,defaults,"{""augmentation"": ""no_augmentation"", ""beto_model"": ""dccuchile/bert-base-spanish-wwm-cased"", ""chunk_stride"": 256, ""max_tokens"": 512, ""mental_es_model"": ""ELiRF/RoBERTa-es-mental-large"", ""n_cv_splits"": 5, ""n_search_iter"": 0, ""seeds"": [42], ""sentence_transformer_model"": ""intfloat/multilingual-e5-small"", ""tfidf_lemmatize"": true, ""tfidf_max_df"": 0.9, ""tfidf_max_features"": 300, ""tfidf_min_df"": 3, ""tfidf_ngram_range"": [1, 2], ""tfidf_normalize_numbers"": true}",2026-09-18T03:29:33
E1_BETO_MLM_EP050,frozen,participant,3,no_augmentation,GAD7,42,AdaBoost,4.388639,True,models/mlm_beto/ep050,defaults,"{""augmentation"": ""no_augmentation"", ""beto_model"": ""dccuchile/bert-base-spanish-wwm-cased"", ""chunk_stride"": 256, ""max_tokens"": 512, ""mental_es_model"": ""ELiRF/RoBERTa-es-mental-large"", ""n_cv_splits"": 5, ""n_search_iter"": 0, ""seeds"": [42], ""sentence_transformer_model"": ""intfloat/multilingual-e5-small"", ""tfidf_lemmatize"": true, ""tfidf_max_df"": 0.9, ""tfidf_max_features"": 300, ""tfidf_min_df"": 3, ""tfidf_ngram_range"": [1, 2], ""tfidf_normalize_numbers"": true}",2026-09-18T03:29:33
E1_BETO_MLM_MR_EP050,frozen,participant,3,no_augmentation,PHQ9,42,Ridge,5.97533,False,models/mlm_beto_mentalriskes/ep050,defaults,"{""augmentation"": ""no_augmentation"", ""beto_model"": ""dccuchile/bert-base-spanish-wwm-cased"", ""chunk_stride"": 256, ""max_tokens"": 512, ""mental_es_model"": ""ELiRF/RoBERTa-es-mental-large"", ""n_cv_splits"": 5, ""n_search_iter"": 0, ""seeds"": [42], ""sentence_transformer_model"": ""intfloat/multilingual-e5-small"", ""tfidf_lemmatize"": true, ""tfidf_max_df"": 0.9, ""tfidf_max_features"": 300, ""tfidf_min_df"": 3, ""tfidf_ngram_range"": [1, 2], ""tfidf_normalize_numbers"": true}",2026-09-18T03:30:11
E1_BETO_MLM_MR_EP050,frozen,participant,3,no_augmentation,PHQ9,42,SVR,5.143314,True,models/mlm_beto_mentalriskes/ep050,defaults,"{""augmentation"": ""no_augmentation"", ""beto_model"": ""dccuchile/bert-base-spanish-wwm-cased"", ""chunk_stride"": 256, ""max_tokens"": 512, ""mental_es_model"": ""ELiRF/RoBERTa-es-mental-large"", ""n_cv_splits"": 5, ""n_search_iter"": 0, ""seeds"": [42], ""sentence_transformer_model"": ""intfloat/multilingual-e5-small"", ""tfidf_lemmatize"": true, ""tfidf_max_df"": 0.9, ""tfidf_max_features"": 300, ""tfidf_min_df"": 3, ""tfidf_ngram_range"": [1, 2], ""tfidf_normalize_numbers"": true}",2026-09-18T03:30:11
E1_BETO_MLM_MR_EP050,frozen,participant,3,no_augmentation,PHQ9,42,RandomForest,5.322971,False,models/mlm_beto_mentalriskes/ep050,defaults,"{""augmentation"": ""no_augmentation"", ""beto_model"": ""dccuchile/bert-base-spanish-wwm-cased"", ""chunk_stride"": 256, ""max_tokens"": 512, ""mental_es_model"": ""ELiRF/RoBERTa-es-mental-large"", ""n_cv_splits"": 5, ""n_search_iter"": 0, ""seeds"": [42], ""sentence_transformer_model"": ""intfloat/multilingual-e5-small"", ""tfidf_lemmatize"": true, ""tfidf_max_df"": 0.9, ""tfidf_max_features"": 300, ""tfidf_min_df"": 3, ""tfidf_ngram_range"": [1, 2], ""tfidf_normalize_numbers"": true}",2026-09-18T03:30:11
E1_BETO_MLM_MR_EP050,frozen,participant,3,no_augmentation,PHQ9,42,ExtraTrees,5.269648,False,models/mlm_beto_mentalriskes/ep050,defaults,"{""augmentation"": ""no_augmentation"", ""beto_model"": ""dccuchile/bert-base-spanish-wwm-cased"", ""chunk_stride"": 256, ""max_tokens"": 512, ""mental_es_model"": ""ELiRF/RoBERTa-es-mental-large"", ""n_cv_splits"": 5, ""n_search_iter"": 0, ""seeds"": [42], ""sentence_transformer_model"": ""intfloat/multilingual-e5-small"", ""tfidf_lemmatize"": true, ""tfidf_max_df"": 0.9, ""tfidf_max_features"": 300, ""tfidf_min_df"": 3, ""tfidf_ngram_range"": [1, 2], ""tfidf_normalize_numbers"": true}",2026-09-18T03:30:11
E1_BETO_MLM_MR_EP050,frozen,participant,3,no_augmentation,PHQ9,42,GradientBoosting,5.440328,False,models/mlm_beto_mentalriskes/ep050,defaults,"{""augmentation"": ""no_augmentation"", ""beto_model"": ""dccuchile/bert-base-spanish-wwm-cased"", ""chunk_stride"": 256, ""max_tokens"": 512, ""mental_es_model"": ""ELiRF/RoBERTa-es-mental-large"", ""n_cv_splits"": 5, ""n_search_iter"": 0, ""seeds"": [42], ""sentence_transformer_model"": ""intfloat/multilingual-e5-small"", ""tfidf_lemmatize"": true, ""tfidf_max_df"": 0.9, ""tfidf_max_features"": 300, ""tfidf_min_df"": 3, ""tfidf_ngram_range"": [1, 2], ""tfidf_normalize_numbers"": true}",2026-09-18T03:30:11
E1_BETO_MLM_MR_EP050,frozen,participant,3,no_augmentation,PHQ9,42,LightGBM,5.30329,False,models/mlm_beto_mentalriskes/ep050,defaults,"{""augmentation"": ""no_augmentation"", ""beto_model"": ""dccuchile/bert-base-spanish-wwm-cased"", ""chunk_stride"": 256, ""max_tokens"": 512, ""mental_es_model"": ""ELiRF/RoBERTa-es-mental-large"", ""n_cv_splits"": 5, ""n_search_iter"": 0, ""seeds"": [42], ""sentence_transformer_model"": ""intfloat/multilingual-e5-small"", ""tfidf_lemmatize"": true, ""tfidf_max_df"": 0.9, ""tfidf_max_features"": 300, ""tfidf_min_df"": 3, ""tfidf_ngram_range"": [1, 2], ""tfidf_normalize_numbers"": true}",2026-09-18T03:30:11
E1_BETO_MLM_MR_EP050,frozen,participant,3,no_augmentation,PHQ9,42,KNN,5.543121,False,models/mlm_beto_mentalriskes/ep050,defaults,"{""augmentation"": ""no_augmentation"", ""beto_model"": ""dccuchile/bert-base-spanish-wwm-cased"", ""chunk_stride"": 256, ""max_tokens"": 512, ""mental_es_model"": ""ELiRF/RoBERTa-es-mental-large"", ""n_cv_splits"": 5, ""n_search_iter"": 0, ""seeds"": [42], ""sentence_transformer_model"": ""intfloat/multilingual-e5-small"", ""tfidf_lemmatize"": true, ""tfidf_max_df"": 0.9, ""tfidf_max_features"": 300, ""tfidf_min_df"": 3, ""tfidf_ngram_range"": [1, 2], ""tfidf_normalize_numbers"": true}",2026-09-18T03:30:11
E1_BETO_MLM_MR_EP050,frozen,participant,3,no_augmentation,PHQ9,42,DecisionTree,7.307569,False,models/mlm_beto_mentalriskes/ep050,defaults,"{""augmentation"": ""no_augmentation"", ""beto_model"": ""dccuchile/bert-base-spanish-wwm-cased"", ""chunk_stride"": 256, ""max_tokens"": 512, ""mental_es_model"": ""ELiRF/RoBERTa-es-mental-large"", ""n_cv_splits"": 5, ""n_search_iter"": 0, ""seeds"": [42], ""sentence_transformer_model"": ""intfloat/multilingual-e5-small"", ""tfidf_lemmatize"": true, ""tfidf_max_df"": 0.9, ""tfidf_max_features"": 300, ""tfidf_min_df"": 3, ""tfidf_ngram_range"": [1, 2], ""tfidf_normalize_numbers"": true}",2026-09-18T03:30:11
E1_BETO_MLM_MR_EP050,frozen,participant,3,no_augmentation,PHQ9,42,AdaBoost,5.445493,False,models/mlm_beto_mentalriskes/ep050,defaults,"{""augmentation"": ""no_augmentation"", ""beto_model"": ""dccuchile/bert-base-spanish-wwm-cased"", ""chunk_stride"": 256, ""max_tokens"": 512, ""mental_es_model"": ""ELiRF/RoBERTa-es-mental-large"", ""n_cv_splits"": 5, ""n_search_iter"": 0, ""seeds"": [42], ""sentence_transformer_model"": ""intfloat/multilingual-e5-small"", ""tfidf_lemmatize"": true, ""tfidf_max_df"": 0.9, ""tfidf_max_features"": 300, ""tfidf_min_df"": 3, ""tfidf_ngram_range"": [1, 2], ""tfidf_normalize_numbers"": true}",2026-09-18T03:30:11
E1_BETO_MLM_MR_EP050,frozen,participant,3,no_augmentation,GAD7,42,Ridge,5.792123,False,models/mlm_beto_mentalriskes/ep050,defaults,"{""augmentation"": ""no_augmentation"", ""beto_model"": ""dccuchile/bert-base-spanish-wwm-cased"", ""chunk_stride"": 256, ""max_tokens"": 512, ""mental_es_model"": ""ELiRF/RoBERTa-es-mental-large"", ""n_cv_splits"": 5, ""n_search_iter"": 0, ""seeds"": [42], ""sentence_transformer_model"": ""intfloat/multilingual-e5-small"", ""tfidf_lemmatize"": true, ""tfidf_max_df"": 0.9, ""tfidf_max_features"": 300, ""tfidf_min_df"": 3, ""tfidf_ngram_range"": [1, 2], ""tfidf_normalize_numbers"": true}",2026-09-18T03:30:49
E1_BETO_MLM_MR_EP050,frozen,participant,3,no_augmentation,GAD7,42,SVR,4.373781,False,models/mlm_beto_mentalriskes/ep050,defaults,"{""augmentation"": ""no_augmentation"", ""beto_model"": ""dccuchile/bert-base-spanish-wwm-cased"", ""chunk_stride"": 256, ""max_tokens"": 512, ""mental_es_model"": ""ELiRF/RoBERTa-es-mental-large"", ""n_cv_splits"": 5, ""n_search_iter"": 0, ""seeds"": [42], ""sentence_transformer_model"": ""intfloat/multilingual-e5-small"", ""tfidf_lemmatize"": true, ""tfidf_max_df"": 0.9, ""tfidf_max_features"": 300, ""tfidf_min_df"": 3, ""tfidf_ngram_range"": [1, 2], ""tfidf_normalize_numbers"": true}",2026-09-18T03:30:49
E1_BETO_MLM_MR_EP050,frozen,participant,3,no_augmentation,GAD7,42,RandomForest,4.407115,False,models/mlm_beto_mentalriskes/ep050,defaults,"{""augmentation"": ""no_augmentation"", ""beto_model"": ""dccuchile/bert-base-spanish-wwm-cased"", ""chunk_stride"": 256, ""max_tokens"": 512, ""mental_es_model"": ""ELiRF/RoBERTa-es-mental-large"", ""n_cv_splits"": 5, ""n_search_iter"": 0, ""seeds"": [42], ""sentence_transformer_model"": ""intfloat/multilingual-e5-small"", ""tfidf_lemmatize"": true, ""tfidf_max_df"": 0.9, ""tfidf_max_features"": 300, ""tfidf_min_df"": 3, ""tfidf_ngram_range"": [1, 2], ""tfidf_normalize_numbers"": true}",2026-09-18T03:30:49
E1_BETO_MLM_MR_EP050,frozen,participant,3,no_augmentation,GAD7,42,ExtraTrees,4.361335,True,models/mlm_beto_mentalriskes/ep050,defaults,"{""augmentation"": ""no_augmentation"", ""beto_model"": ""dccuchile/bert-base-spanish-wwm-cased"", ""chunk_stride"": 256, ""max_tokens"": 512, ""mental_es_model"": ""ELiRF/RoBERTa-es-mental-large"", ""n_cv_splits"": 5, ""n_search_iter"": 0, ""seeds"": [42], ""sentence_transformer_model"": ""intfloat/multilingual-e5-small"", ""tfidf_lemmatize"": true, ""tfidf_max_df"": 0.9, ""tfidf_max_features"": 300, ""tfidf_min_df"": 3, ""tfidf_ngram_range"": [1, 2], ""tfidf_normalize_numbers"": true}",2026-09-18T03:30:49
E1_BETO_MLM_MR_EP050,frozen,participant,3,no_augmentation,GAD7,42,GradientBoosting,4.415478,False,models/mlm_beto_mentalriskes/ep050,defaults,"{""augmentation"": ""no_augmentation"", ""beto_model"": ""dccuchile/bert-base-spanish-wwm-cased"", ""chunk_stride"": 256, ""max_tokens"": 512, ""mental_es_model"": ""ELiRF/RoBERTa-es-mental-large"", ""n_cv_splits"": 5, ""n_search_iter"": 0, ""seeds"": [42], ""sentence_transformer_model"": ""intfloat/multilingual-e5-small"", ""tfidf_lemmatize"": true, ""tfidf_max_df"": 0.9, ""tfidf_max_features"": 300, ""tfidf_min_df"": 3, ""tfidf_ngram_range"": [1, 2], ""tfidf_normalize_numbers"": true}",2026-09-18T03:30:49
E1_BETO_MLM_MR_EP050,frozen,participant,3,no_augmentation,GAD7,42,LightGBM,4.472236,False,models/mlm_beto_mentalriskes/ep050,defaults,"{""augmentation"": ""no_augmentation"", ""beto_model"": ""dccuchile/bert-base-spanish-wwm-cased"", ""chunk_stride"": 256, ""max_tokens"": 512, ""mental_es_model"": ""ELiRF/RoBERTa-es-mental-large"", ""n_cv_splits"": 5, ""n_search_iter"": 0, ""seeds"": [42], ""sentence_transformer_model"": ""intfloat/multilingual-e5-small"", ""tfidf_lemmatize"": true, ""tfidf_max_df"": 0.9, ""tfidf_max_features"": 300, ""tfidf_min_df"": 3, ""tfidf_ngram_range"": [1, 2], ""tfidf_normalize_numbers"": true}",2026-09-18T03:30:49
E1_BETO_MLM_MR_EP050,frozen,participant,3,no_augmentation,GAD7,42,KNN,4.57289,False,models/mlm_beto_mentalriskes/ep050,defaults,"{""augmentation"": ""no_augmentation"", ""beto_model"": ""dccuchile/bert-base-spanish-wwm-cased"", ""chunk_stride"": 256, ""max_tokens"": 512, ""mental_es_model"": ""ELiRF/RoBERTa-es-mental-large"", ""n_cv_splits"": 5, ""n_search_iter"": 0, ""seeds"": [42], ""sentence_transformer_model"": ""intfloat/multilingual-e5-small"", ""tfidf_lemmatize"": true, ""tfidf_max_df"": 0.9, ""tfidf_max_features"": 300, ""tfidf_min_df"": 3, ""tfidf_ngram_range"": [1, 2], ""tfidf_normalize_numbers"": true}",2026-09-18T03:30:49
E1_BETO_MLM_MR_EP050,frozen,participant,3,no_augmentation,GAD7,42,DecisionTree,5.638709,False,models/mlm_beto_mentalriskes/ep050,defaults,"{""augmentation"": ""no_augmentation"", ""beto_model"": ""dccuchile/bert-base-spanish-wwm-cased"", ""chunk_stride"": 256, ""max_tokens"": 512, ""mental_es_model"": ""ELiRF/RoBERTa-es-mental-large"", ""n_cv_splits"": 5, ""n_search_iter"": 0, ""seeds"": [42], ""sentence_transformer_model"": ""intfloat/multilingual-e5-small"", ""tfidf_lemmatize"": true, ""tfidf_max_df"": 0.9, ""tfidf_max_features"": 300, ""tfidf_min_df"": 3, ""tfidf_ngram_range"": [1, 2], ""tfidf_normalize_numbers"": true}",2026-09-18T03:30:49
E1_BETO_MLM_MR_EP050,frozen,participant,3,no_augmentation,GAD7,42,AdaBoost,4.461933,False,models/mlm_beto_mentalriskes/ep050,defaults,"{""augmentation"": ""no_augmentation"", ""beto_model"": ""dccuchile/bert-base-spanish-wwm-cased"", ""chunk_stride"": 256, ""max_tokens"": 512, ""mental_es_model"": ""ELiRF/RoBERTa-es-mental-large"", ""n_cv_splits"": 5, ""n_search_iter"": 0, ""seeds"": [42], ""sentence_transformer_model"": ""intfloat/multilingual-e5-small"", ""tfidf_lemmatize"": true, ""tfidf_max_df"": 0.9, ""tfidf_max_features"": 300, ""tfidf_min_df"": 3, ""tfidf_ngram_range"": [1, 2], ""tfidf_normalize_numbers"": true}",2026-09-18T03:30:49
E1_BETO_MLM_EP100,frozen,participant,3,no_augmentation,PHQ9,42,Ridge,6.646837,False,models/mlm_beto/ep100,defaults,"{""augmentation"": ""no_augmentation"", ""beto_model"": ""dccuchile/bert-base-spanish-wwm-cased"", ""chunk_stride"": 256, ""max_tokens"": 512, ""mental_es_model"": ""ELiRF/RoBERTa-es-mental-large"", ""n_cv_splits"": 5, ""n_search_iter"": 0, ""seeds"": [42], ""sentence_transformer_model"": ""intfloat/multilingual-e5-small"", ""tfidf_lemmatize"": true, ""tfidf_max_df"": 0.9, ""tfidf_max_features"": 300, ""tfidf_min_df"": 3, ""tfidf_ngram_range"": [1, 2], ""tfidf_normalize_numbers"": true}",2026-09-18T03:31:27
E1_BETO_MLM_EP100,frozen,participant,3,no_augmentation,PHQ9,42,SVR,5.233248,True,models/mlm_beto/ep100,defaults,"{""augmentation"": ""no_augmentation"", ""beto_model"": ""dccuchile/bert-base-spanish-wwm-cased"", ""chunk_stride"": 256, ""max_tokens"": 512, ""mental_es_model"": ""ELiRF/RoBERTa-es-mental-large"", ""n_cv_splits"": 5, ""n_search_iter"": 0, ""seeds"": [42], ""sentence_transformer_model"": ""intfloat/multilingual-e5-small"", ""tfidf_lemmatize"": true, ""tfidf_max_df"": 0.9, ""tfidf_max_features"": 300, ""tfidf_min_df"": 3, ""tfidf_ngram_range"": [1, 2], ""tfidf_normalize_numbers"": true}",2026-09-18T03:31:27
E1_BETO_MLM_EP100,frozen,participant,3,no_augmentation,PHQ9,42,RandomForest,5.34034,False,models/mlm_beto/ep100,defaults,"{""augmentation"": ""no_augmentation"", ""beto_model"": ""dccuchile/bert-base-spanish-wwm-cased"", ""chunk_stride"": 256, ""max_tokens"": 512, ""mental_es_model"": ""ELiRF/RoBERTa-es-mental-large"", ""n_cv_splits"": 5, ""n_search_iter"": 0, ""seeds"": [42], ""sentence_transformer_model"": ""intfloat/multilingual-e5-small"", ""tfidf_lemmatize"": true, ""tfidf_max_df"": 0.9, ""tfidf_max_features"": 300, ""tfidf_min_df"": 3, ""tfidf_ngram_range"": [1, 2], ""tfidf_normalize_numbers"": true}",2026-09-18T03:31:27
E1_BETO_MLM_EP100,frozen,participant,3,no_augmentation,PHQ9,42,ExtraTrees,5.371271,False,models/mlm_beto/ep100,defaults,"{""augmentation"": ""no_augmentation"", ""beto_model"": ""dccuchile/bert-base-spanish-wwm-cased"", ""chunk_stride"": 256, ""max_tokens"": 512, ""mental_es_model"": ""ELiRF/RoBERTa-es-mental-large"", ""n_cv_splits"": 5, ""n_search_iter"": 0, ""seeds"": [42], ""sentence_transformer_model"": ""intfloat/multilingual-e5-small"", ""tfidf_lemmatize"": true, ""tfidf_max_df"": 0.9, ""tfidf_max_features"": 300, ""tfidf_min_df"": 3, ""tfidf_ngram_range"": [1, 2], ""tfidf_normalize_numbers"": true}",2026-09-18T03:31:27
E1_BETO_MLM_EP100,frozen,participant,3,no_augmentation,PHQ9,42,GradientBoosting,5.678602,False,models/mlm_beto/ep100,defaults,"{""augmentation"": ""no_augmentation"", ""beto_model"": ""dccuchile/bert-base-spanish-wwm-cased"", ""chunk_stride"": 256, ""max_tokens"": 512, ""mental_es_model"": ""ELiRF/RoBERTa-es-mental-large"", ""n_cv_splits"": 5, ""n_search_iter"": 0, ""seeds"": [42], ""sentence_transformer_model"": ""intfloat/multilingual-e5-small"", ""tfidf_lemmatize"": true, ""tfidf_max_df"": 0.9, ""tfidf_max_features"": 300, ""tfidf_min_df"": 3, ""tfidf_ngram_range"": [1, 2], ""tfidf_normalize_numbers"": true}",2026-09-18T03:31:27
E1_BETO_MLM_EP100,frozen,participant,3,no_augmentation,PHQ9,42,LightGBM,5.435717,False,models/mlm_beto/ep100,defaults,"{""augmentation"": ""no_augmentation"", ""beto_model"": ""dccuchile/bert-base-spanish-wwm-cased"", ""chunk_stride"": 256, ""max_tokens"": 512, ""mental_es_model"": ""ELiRF/RoBERTa-es-mental-large"", ""n_cv_splits"": 5, ""n_search_iter"": 0, ""seeds"": [42], ""sentence_transformer_model"": ""intfloat/multilingual-e5-small"", ""tfidf_lemmatize"": true, ""tfidf_max_df"": 0.9, ""tfidf_max_features"": 300, ""tfidf_min_df"": 3, ""tfidf_ngram_range"": [1, 2], ""tfidf_normalize_numbers"": true}",2026-09-18T03:31:27
E1_BETO_MLM_EP100,frozen,participant,3,no_augmentation,PHQ9,42,KNN,5.622006,False,models/mlm_beto/ep100,defaults,"{""augmentation"": ""no_augmentation"", ""beto_model"": ""dccuchile/bert-base-spanish-wwm-cased"", ""chunk_stride"": 256, ""max_tokens"": 512, ""mental_es_model"": ""ELiRF/RoBERTa-es-mental-large"", ""n_cv_splits"": 5, ""n_search_iter"": 0, ""seeds"": [42], ""sentence_transformer_model"": ""intfloat/multilingual-e5-small"", ""tfidf_lemmatize"": true, ""tfidf_max_df"": 0.9, ""tfidf_max_features"": 300, ""tfidf_min_df"": 3, ""tfidf_ngram_range"": [1, 2], ""tfidf_normalize_numbers"": true}",2026-09-18T03:31:27
E1_BETO_MLM_EP100,frozen,participant,3,no_augmentation,PHQ9,42,DecisionTree,7.468874,False,models/mlm_beto/ep100,defaults,"{""augmentation"": ""no_augmentation"", ""beto_model"": ""dccuchile/bert-base-spanish-wwm-cased"", ""chunk_stride"": 256, ""max_tokens"": 512, ""mental_es_model"": ""ELiRF/RoBERTa-es-mental-large"", ""n_cv_splits"": 5, ""n_search_iter"": 0, ""seeds"": [42], ""sentence_transformer_model"": ""intfloat/multilingual-e5-small"", ""tfidf_lemmatize"": true, ""tfidf_max_df"": 0.9, ""tfidf_max_features"": 300, ""tfidf_min_df"": 3, ""tfidf_ngram_range"": [1, 2], ""tfidf_normalize_numbers"": true}",2026-09-18T03:31:27
E1_BETO_MLM_EP100,frozen,participant,3,no_augmentation,PHQ9,42,AdaBoost,5.470802,False,models/mlm_beto/ep100,defaults,"{""augmentation"": ""no_augmentation"", ""beto_model"": ""dccuchile/bert-base-spanish-wwm-cased"", ""chunk_stride"": 256, ""max_tokens"": 512, ""mental_es_model"": ""ELiRF/RoBERTa-es-mental-large"", ""n_cv_splits"": 5, ""n_search_iter"": 0, ""seeds"": [42], ""sentence_transformer_model"": ""intfloat/multilingual-e5-small"", ""tfidf_lemmatize"": true, ""tfidf_max_df"": 0.9, ""tfidf_max_features"": 300, ""tfidf_min_df"": 3, ""tfidf_ngram_range"": [1, 2], ""tfidf_normalize_numbers"": true}",2026-09-18T03:31:27
E1_BETO_MLM_EP100,frozen,participant,3,no_augmentation,GAD7,42,Ridge,5.964302,False,models/mlm_beto/ep100,defaults,"{""augmentation"": ""no_augmentation"", ""beto_model"": ""dccuchile/bert-base-spanish-wwm-cased"", ""chunk_stride"": 256, ""max_tokens"": 512, ""mental_es_model"": ""ELiRF/RoBERTa-es-mental-large"", ""n_cv_splits"": 5, ""n_search_iter"": 0, ""seeds"": [42], ""sentence_transformer_model"": ""intfloat/multilingual-e5-small"", ""tfidf_lemmatize"": true, ""tfidf_max_df"": 0.9, ""tfidf_max_features"": 300, ""tfidf_min_df"": 3, ""tfidf_ngram_range"": [1, 2], ""tfidf_normalize_numbers"": true}",2026-09-18T03:32:05
E1_BETO_MLM_EP100,frozen,participant,3,no_augmentation,GAD7,42,SVR,4.495119,False,models/mlm_beto/ep100,defaults,"{""augmentation"": ""no_augmentation"", ""beto_model"": ""dccuchile/bert-base-spanish-wwm-cased"", ""chunk_stride"": 256, ""max_tokens"": 512, ""mental_es_model"": ""ELiRF/RoBERTa-es-mental-large"", ""n_cv_splits"": 5, ""n_search_iter"": 0, ""seeds"": [42], ""sentence_transformer_model"": ""intfloat/multilingual-e5-small"", ""tfidf_lemmatize"": true, ""tfidf_max_df"": 0.9, ""tfidf_max_features"": 300, ""tfidf_min_df"": 3, ""tfidf_ngram_range"": [1, 2], ""tfidf_normalize_numbers"": true}",2026-09-18T03:32:05
E1_BETO_MLM_EP100,frozen,participant,3,no_augmentation,GAD7,42,RandomForest,4.444182,False,models/mlm_beto/ep100,defaults,"{""augmentation"": ""no_augmentation"", ""beto_model"": ""dccuchile/bert-base-spanish-wwm-cased"", ""chunk_stride"": 256, ""max_tokens"": 512, ""mental_es_model"": ""ELiRF/RoBERTa-es-mental-large"", ""n_cv_splits"": 5, ""n_search_iter"": 0, ""seeds"": [42], ""sentence_transformer_model"": ""intfloat/multilingual-e5-small"", ""tfidf_lemmatize"": true, ""tfidf_max_df"": 0.9, ""tfidf_max_features"": 300, ""tfidf_min_df"": 3, ""tfidf_ngram_range"": [1, 2], ""tfidf_normalize_numbers"": true}",2026-09-18T03:32:05
E1_BETO_MLM_EP100,frozen,participant,3,no_augmentation,GAD7,42,ExtraTrees,4.506361,False,models/mlm_beto/ep100,defaults,"{""augmentation"": ""no_augmentation"", ""beto_model"": ""dccuchile/bert-base-spanish-wwm-cased"", ""chunk_stride"": 256, ""max_tokens"": 512, ""mental_es_model"": ""ELiRF/RoBERTa-es-mental-large"", ""n_cv_splits"": 5, ""n_search_iter"": 0, ""seeds"": [42], ""sentence_transformer_model"": ""intfloat/multilingual-e5-small"", ""tfidf_lemmatize"": true, ""tfidf_max_df"": 0.9, ""tfidf_max_features"": 300, ""tfidf_min_df"": 3, ""tfidf_ngram_range"": [1, 2], ""tfidf_normalize_numbers"": true}",2026-09-18T03:32:05
E1_BETO_MLM_EP100,frozen,participant,3,no_augmentation,GAD7,42,GradientBoosting,4.623751,False,models/mlm_beto/ep100,defaults,"{""augmentation"": ""no_augmentation"", ""beto_model"": ""dccuchile/bert-base-spanish-wwm-cased"", ""chunk_stride"": 256, ""max_tokens"": 512, ""mental_es_model"": ""ELiRF/RoBERTa-es-mental-large"", ""n_cv_splits"": 5, ""n_search_iter"": 0, ""seeds"": [42], ""sentence_transformer_model"": ""intfloat/multilingual-e5-small"", ""tfidf_lemmatize"": true, ""tfidf_max_df"": 0.9, ""tfidf_max_features"": 300, ""tfidf_min_df"": 3, ""tfidf_ngram_range"": [1, 2], ""tfidf_normalize_numbers"": true}",2026-09-18T03:32:05
E1_BETO_MLM_EP100,frozen,participant,3,no_augmentation,GAD7,42,LightGBM,4.735407,False,models/mlm_beto/ep100,defaults,"{""augmentation"": ""no_augmentation"", ""beto_model"": ""dccuchile/bert-base-spanish-wwm-cased"", ""chunk_stride"": 256, ""max_tokens"": 512, ""mental_es_model"": ""ELiRF/RoBERTa-es-mental-large"", ""n_cv_splits"": 5, ""n_search_iter"": 0, ""seeds"": [42], ""sentence_transformer_model"": ""intfloat/multilingual-e5-small"", ""tfidf_lemmatize"": true, ""tfidf_max_df"": 0.9, ""tfidf_max_features"": 300, ""tfidf_min_df"": 3, ""tfidf_ngram_range"": [1, 2], ""tfidf_normalize_numbers"": true}",2026-09-18T03:32:05
E1_BETO_MLM_EP100,frozen,participant,3,no_augmentation,GAD7,42,KNN,4.693869,False,models/mlm_beto/ep100,defaults,"{""augmentation"": ""no_augmentation"", ""beto_model"": ""dccuchile/bert-base-spanish-wwm-cased"", ""chunk_stride"": 256, ""max_tokens"": 512, ""mental_es_model"": ""ELiRF/RoBERTa-es-mental-large"", ""n_cv_splits"": 5, ""n_search_iter"": 0, ""seeds"": [42], ""sentence_transformer_model"": ""intfloat/multilingual-e5-small"", ""tfidf_lemmatize"": true, ""tfidf_max_df"": 0.9, ""tfidf_max_features"": 300, ""tfidf_min_df"": 3, ""tfidf_ngram_range"": [1, 2], ""tfidf_normalize_numbers"": true}",2026-09-18T03:32:05
E1_BETO_MLM_EP100,frozen,participant,3,no_augmentation,GAD7,42,DecisionTree,6.42058,False,models/mlm_beto/ep100,defaults,"{""augmentation"": ""no_augmentation"", ""beto_model"": ""dccuchile/bert-base-spanish-wwm-cased"", ""chunk_stride"": 256, ""max_tokens"": 512, ""mental_es_model"": ""ELiRF/RoBERTa-es-mental-large"", ""n_cv_splits"": 5, ""n_search_iter"": 0, ""seeds"": [42], ""sentence_transformer_model"": ""intfloat/multilingual-e5-small"", ""tfidf_lemmatize"": true, ""tfidf_max_df"": 0.9, ""tfidf_max_features"": 300, ""tfidf_min_df"": 3, ""tfidf_ngram_range"": [1, 2], ""tfidf_normalize_numbers"": true}",2026-09-18T03:32:05
E1_BETO_MLM_EP100,frozen,participant,3,no_augmentation,GAD7,42,AdaBoost,4.433696,True,models/mlm_beto/ep100,defaults,"{""augmentation"": ""no_augmentation"", ""beto_model"": ""dccuchile/bert-base-spanish-wwm-cased"", ""chunk_stride"": 256, ""max_tokens"": 512, ""mental_es_model"": ""ELiRF/RoBERTa-es-mental-large"", ""n_cv_splits"": 5, ""n_search_iter"": 0, ""seeds"": [42], ""sentence_transformer_model"": ""intfloat/multilingual-e5-small"", ""tfidf_lemmatize"": true, ""tfidf_max_df"": 0.9, ""tfidf_max_features"": 300, ""tfidf_min_df"": 3, ""tfidf_ngram_range"": [1, 2], ""tfidf_normalize_numbers"": true}",2026-09-18T03:32:05
E1_BETO_MLM_MR_EP100,frozen,participant,3,no_augmentation,PHQ9,42,Ridge,6.143065,False,models/mlm_beto_mentalriskes/ep100,defaults,"{""augmentation"": ""no_augmentation"", ""beto_model"": ""dccuchile/bert-base-spanish-wwm-cased"", ""chunk_stride"": 256, ""max_tokens"": 512, ""mental_es_model"": ""ELiRF/RoBERTa-es-mental-large"", ""n_cv_splits"": 5, ""n_search_iter"": 0, ""seeds"": [42], ""sentence_transformer_model"": ""intfloat/multilingual-e5-small"", ""tfidf_lemmatize"": true, ""tfidf_max_df"": 0.9, ""tfidf_max_features"": 300, ""tfidf_min_df"": 3, ""tfidf_ngram_range"": [1, 2], ""tfidf_normalize_numbers"": true}",2026-09-18T03:32:43
E1_BETO_MLM_MR_EP100,frozen,participant,3,no_augmentation,PHQ9,42,SVR,5.208331,True,models/mlm_beto_mentalriskes/ep100,defaults,"{""augmentation"": ""no_augmentation"", ""beto_model"": ""dccuchile/bert-base-spanish-wwm-cased"", ""chunk_stride"": 256, ""max_tokens"": 512, ""mental_es_model"": ""ELiRF/RoBERTa-es-mental-large"", ""n_cv_splits"": 5, ""n_search_iter"": 0, ""seeds"": [42], ""sentence_transformer_model"": ""intfloat/multilingual-e5-small"", ""tfidf_lemmatize"": true, ""tfidf_max_df"": 0.9, ""tfidf_max_features"": 300, ""tfidf_min_df"": 3, ""tfidf_ngram_range"": [1, 2], ""tfidf_normalize_numbers"": true}",2026-09-18T03:32:43
E1_BETO_MLM_MR_EP100,frozen,participant,3,no_augmentation,PHQ9,42,RandomForest,5.318005,False,models/mlm_beto_mentalriskes/ep100,defaults,"{""augmentation"": ""no_augmentation"", ""beto_model"": ""dccuchile/bert-base-spanish-wwm-cased"", ""chunk_stride"": 256, ""max_tokens"": 512, ""mental_es_model"": ""ELiRF/RoBERTa-es-mental-large"", ""n_cv_splits"": 5, ""n_search_iter"": 0, ""seeds"": [42], ""sentence_transformer_model"": ""intfloat/multilingual-e5-small"", ""tfidf_lemmatize"": true, ""tfidf_max_df"": 0.9, ""tfidf_max_features"": 300, ""tfidf_min_df"": 3, ""tfidf_ngram_range"": [1, 2], ""tfidf_normalize_numbers"": true}",2026-09-18T03:32:43
E1_BETO_MLM_MR_EP100,frozen,participant,3,no_augmentation,PHQ9,42,ExtraTrees,5.346424,False,models/mlm_beto_mentalriskes/ep100,defaults,"{""augmentation"": ""no_augmentation"", ""beto_model"": ""dccuchile/bert-base-spanish-wwm-cased"", ""chunk_stride"": 256, ""max_tokens"": 512, ""mental_es_model"": ""ELiRF/RoBERTa-es-mental-large"", ""n_cv_splits"": 5, ""n_search_iter"": 0, ""seeds"": [42], ""sentence_transformer_model"": ""intfloat/multilingual-e5-small"", ""tfidf_lemmatize"": true, ""tfidf_max_df"": 0.9, ""tfidf_max_features"": 300, ""tfidf_min_df"": 3, ""tfidf_ngram_range"": [1, 2], ""tfidf_normalize_numbers"": true}",2026-09-18T03:32:43
E1_BETO_MLM_MR_EP100,frozen,participant,3,no_augmentation,PHQ9,42,GradientBoosting,5.50978,False,models/mlm_beto_mentalriskes/ep100,defaults,"{""augmentation"": ""no_augmentation"", ""beto_model"": ""dccuchile/bert-base-spanish-wwm-cased"", ""chunk_stride"": 256, ""max_tokens"": 512, ""mental_es_model"": ""ELiRF/RoBERTa-es-mental-large"", ""n_cv_splits"": 5, ""n_search_iter"": 0, ""seeds"": [42], ""sentence_transformer_model"": ""intfloat/multilingual-e5-small"", ""tfidf_lemmatize"": true, ""tfidf_max_df"": 0.9, ""tfidf_max_features"": 300, ""tfidf_min_df"": 3, ""tfidf_ngram_range"": [1, 2], ""tfidf_normalize_numbers"": true}",2026-09-18T03:32:43
E1_BETO_MLM_MR_EP100,frozen,participant,3,no_augmentation,PHQ9,42,LightGBM,5.642592,False,models/mlm_beto_mentalriskes/ep100,defaults,"{""augmentation"": ""no_augmentation"", ""beto_model"": ""dccuchile/bert-base-spanish-wwm-cased"", ""chunk_stride"": 256, ""max_tokens"": 512, ""mental_es_model"": ""ELiRF/RoBERTa-es-mental-large"", ""n_cv_splits"": 5, ""n_search_iter"": 0, ""seeds"": [42], ""sentence_transformer_model"": ""intfloat/multilingual-e5-small"", ""tfidf_lemmatize"": true, ""tfidf_max_df"": 0.9, ""tfidf_max_features"": 300, ""tfidf_min_df"": 3, ""tfidf_ngram_range"": [1, 2], ""tfidf_normalize_numbers"": true}",2026-09-18T03:32:43
E1_BETO_MLM_MR_EP100,frozen,participant,3,no_augmentation,PHQ9,42,KNN,5.684881,False,models/mlm_beto_mentalriskes/ep100,defaults,"{""augmentation"": ""no_augmentation"", ""beto_model"": ""dccuchile/bert-base-spanish-wwm-cased"", ""chunk_stride"": 256, ""max_tokens"": 512, ""mental_es_model"": ""ELiRF/RoBERTa-es-mental-large"", ""n_cv_splits"": 5, ""n_search_iter"": 0, ""seeds"": [42], ""sentence_transformer_model"": ""intfloat/multilingual-e5-small"", ""tfidf_lemmatize"": true, ""tfidf_max_df"": 0.9, ""tfidf_max_features"": 300, ""tfidf_min_df"": 3, ""tfidf_ngram_range"": [1, 2], ""tfidf_normalize_numbers"": true}",2026-09-18T03:32:43
E1_BETO_MLM_MR_EP100,frozen,participant,3,no_augmentation,PHQ9,42,DecisionTree,7.029983,False,models/mlm_beto_mentalriskes/ep100,defaults,"{""augmentation"": ""no_augmentation"", ""beto_model"": ""dccuchile/bert-base-spanish-wwm-cased"", ""chunk_stride"": 256, ""max_tokens"": 512, ""mental_es_model"": ""ELiRF/RoBERTa-es-mental-large"", ""n_cv_splits"": 5, ""n_search_iter"": 0, ""seeds"": [42], ""sentence_transformer_model"": ""intfloat/multilingual-e5-small"", ""tfidf_lemmatize"": true, ""tfidf_max_df"": 0.9, ""tfidf_max_features"": 300, ""tfidf_min_df"": 3, ""tfidf_ngram_range"": [1, 2], ""tfidf_normalize_numbers"": true}",2026-09-18T03:32:43
E1_BETO_MLM_MR_EP100,frozen,participant,3,no_augmentation,PHQ9,42,AdaBoost,5.470174,False,models/mlm_beto_mentalriskes/ep100,defaults,"{""augmentation"": ""no_augmentation"", ""beto_model"": ""dccuchile/bert-base-spanish-wwm-cased"", ""chunk_stride"": 256, ""max_tokens"": 512, ""mental_es_model"": ""ELiRF/RoBERTa-es-mental-large"", ""n_cv_splits"": 5, ""n_search_iter"": 0, ""seeds"": [42], ""sentence_transformer_model"": ""intfloat/multilingual-e5-small"", ""tfidf_lemmatize"": true, ""tfidf_max_df"": 0.9, ""tfidf_max_features"": 300, ""tfidf_min_df"": 3, ""tfidf_ngram_range"": [1, 2], ""tfidf_normalize_numbers"": true}",2026-09-18T03:32:43
E1_BETO_MLM_MR_EP100,frozen,participant,3,no_augmentation,GAD7,42,Ridge,5.808888,False,models/mlm_beto_mentalriskes/ep100,defaults,"{""augmentation"": ""no_augmentation"", ""beto_model"": ""dccuchile/bert-base-spanish-wwm-cased"", ""chunk_stride"": 256, ""max_tokens"": 512, ""mental_es_model"": ""ELiRF/RoBERTa-es-mental-large"", ""n_cv_splits"": 5, ""n_search_iter"": 0, ""seeds"": [42], ""sentence_transformer_model"": ""intfloat/multilingual-e5-small"", ""tfidf_lemmatize"": true, ""tfidf_max_df"": 0.9, ""tfidf_max_features"": 300, ""tfidf_min_df"": 3, ""tfidf_ngram_range"": [1, 2], ""tfidf_normalize_numbers"": true}",2026-09-18T03:33:20
E1_BETO_MLM_MR_EP100,frozen,participant,3,no_augmentation,GAD7,42,SVR,4.434209,False,models/mlm_beto_mentalriskes/ep100,defaults,"{""augmentation"": ""no_augmentation"", ""beto_model"": ""dccuchile/bert-base-spanish-wwm-cased"", ""chunk_stride"": 256, ""max_tokens"": 512, ""mental_es_model"": ""ELiRF/RoBERTa-es-mental-large"", ""n_cv_splits"": 5, ""n_search_iter"": 0, ""seeds"": [42], ""sentence_transformer_model"": ""intfloat/multilingual-e5-small"", ""tfidf_lemmatize"": true, ""tfidf_max_df"": 0.9, ""tfidf_max_features"": 300, ""tfidf_min_df"": 3, ""tfidf_ngram_range"": [1, 2], ""tfidf_normalize_numbers"": true}",2026-09-18T03:33:20
E1_BETO_MLM_MR_EP100,frozen,participant,3,no_augmentation,GAD7,42,RandomForest,4.372346,False,models/mlm_beto_mentalriskes/ep100,defaults,"{""augmentation"": ""no_augmentation"", ""beto_model"": ""dccuchile/bert-base-spanish-wwm-cased"", ""chunk_stride"": 256, ""max_tokens"": 512, ""mental_es_model"": ""ELiRF/RoBERTa-es-mental-large"", ""n_cv_splits"": 5, ""n_search_iter"": 0, ""seeds"": [42], ""sentence_transformer_model"": ""intfloat/multilingual-e5-small"", ""tfidf_lemmatize"": true, ""tfidf_max_df"": 0.9, ""tfidf_max_features"": 300, ""tfidf_min_df"": 3, ""tfidf_ngram_range"": [1, 2], ""tfidf_normalize_numbers"": true}",2026-09-18T03:33:20
E1_BETO_MLM_MR_EP100,frozen,participant,3,no_augmentation,GAD7,42,ExtraTrees,4.436168,False,models/mlm_beto_mentalriskes/ep100,defaults,"{""augmentation"": ""no_augmentation"", ""beto_model"": ""dccuchile/bert-base-spanish-wwm-cased"", ""chunk_stride"": 256, ""max_tokens"": 512, ""mental_es_model"": ""ELiRF/RoBERTa-es-mental-large"", ""n_cv_splits"": 5, ""n_search_iter"": 0, ""seeds"": [42], ""sentence_transformer_model"": ""intfloat/multilingual-e5-small"", ""tfidf_lemmatize"": true, ""tfidf_max_df"": 0.9, ""tfidf_max_features"": 300, ""tfidf_min_df"": 3, ""tfidf_ngram_range"": [1, 2], ""tfidf_normalize_numbers"": true}",2026-09-18T03:33:20
E1_BETO_MLM_MR_EP100,frozen,participant,3,no_augmentation,GAD7,42,GradientBoosting,4.439622,False,models/mlm_beto_mentalriskes/ep100,defaults,"{""augmentation"": ""no_augmentation"", ""beto_model"": ""dccuchile/bert-base-spanish-wwm-cased"", ""chunk_stride"": 256, ""max_tokens"": 512, ""mental_es_model"": ""ELiRF/RoBERTa-es-mental-large"", ""n_cv_splits"": 5, ""n_search_iter"": 0, ""seeds"": [42], ""sentence_transformer_model"": ""intfloat/multilingual-e5-small"", ""tfidf_lemmatize"": true, ""tfidf_max_df"": 0.9, ""tfidf_max_features"": 300, ""tfidf_min_df"": 3, ""tfidf_ngram_range"": [1, 2], ""tfidf_normalize_numbers"": true}",2026-09-18T03:33:20
E1_BETO_MLM_MR_EP100,frozen,participant,3,no_augmentation,GAD7,42,LightGBM,4.347629,False,models/mlm_beto_mentalriskes/ep100,defaults,"{""augmentation"": ""no_augmentation"", ""beto_model"": ""dccuchile/bert-base-spanish-wwm-cased"", ""chunk_stride"": 256, ""max_tokens"": 512, ""mental_es_model"": ""ELiRF/RoBERTa-es-mental-large"", ""n_cv_splits"": 5, ""n_search_iter"": 0, ""seeds"": [42], ""sentence_transformer_model"": ""intfloat/multilingual-e5-small"", ""tfidf_lemmatize"": true, ""tfidf_max_df"": 0.9, ""tfidf_max_features"": 300, ""tfidf_min_df"": 3, ""tfidf_ngram_range"": [1, 2], ""tfidf_normalize_numbers"": true}",2026-09-18T03:33:20
E1_BETO_MLM_MR_EP100,frozen,participant,3,no_augmentation,GAD7,42,KNN,4.692621,False,models/mlm_beto_mentalriskes/ep100,defaults,"{""augmentation"": ""no_augmentation"", ""beto_model"": ""dccuchile/bert-base-spanish-wwm-cased"", ""chunk_stride"": 256, ""max_tokens"": 512, ""mental_es_model"": ""ELiRF/RoBERTa-es-mental-large"", ""n_cv_splits"": 5, ""n_search_iter"": 0, ""seeds"": [42], ""sentence_transformer_model"": ""intfloat/multilingual-e5-small"", ""tfidf_lemmatize"": true, ""tfidf_max_df"": 0.9, ""tfidf_max_features"": 300, ""tfidf_min_df"": 3, ""tfidf_ngram_range"": [1, 2], ""tfidf_normalize_numbers"": true}",2026-09-18T03:33:20
E1_BETO_MLM_MR_EP100,frozen,participant,3,no_augmentation,GAD7,42,DecisionTree,5.904349,False,models/mlm_beto_mentalriskes/ep100,defaults,"{""augmentation"": ""no_augmentation"", ""beto_model"": ""dccuchile/bert-base-spanish-wwm-cased"", ""chunk_stride"": 256, ""max_tokens"": 512, ""mental_es_model"": ""ELiRF/RoBERTa-es-mental-large"", ""n_cv_splits"": 5, ""n_search_iter"": 0, ""seeds"": [42], ""sentence_transformer_model"": ""intfloat/multilingual-e5-small"", ""tfidf_lemmatize"": true, ""tfidf_max_df"": 0.9, ""tfidf_max_features"": 300, ""tfidf_min_df"": 3, ""tfidf_ngram_range"": [1, 2], ""tfidf_normalize_numbers"": true}",2026-09-18T03:33:20
E1_BETO_MLM_MR_EP100,frozen,participant,3,no_augmentation,GAD7,42,AdaBoost,4.307956,True,models/mlm_beto_mentalriskes/ep100,defaults,"{""augmentation"": ""no_augmentation"", ""beto_model"": ""dccuchile/bert-base-spanish-wwm-cased"", ""chunk_stride"": 256, ""max_tokens"": 512, ""mental_es_model"": ""ELiRF/RoBERTa-es-mental-large"", ""n_cv_splits"": 5, ""n_search_iter"": 0, ""seeds"": [42], ""sentence_transformer_model"": ""intfloat/multilingual-e5-small"", ""tfidf_lemmatize"": true, ""tfidf_max_df"": 0.9, ""tfidf_max_features"": 300, ""tfidf_min_df"": 3, ""tfidf_ngram_range"": [1, 2], ""tfidf_normalize_numbers"": true}",2026-09-18T03:33:20
E7_ROBERTA_MENTAL_MLM_EP010,frozen,participant,3,no_augmentation,PHQ9,42,Ridge,5.496552,False,models/mlm_robertaes_mental/ep010,defaults,"{""augmentation"": ""no_augmentation"", ""beto_model"": ""dccuchile/bert-base-spanish-wwm-cased"", ""chunk_stride"": 256, ""max_tokens"": 512, ""mental_es_model"": ""ELiRF/RoBERTa-es-mental-large"", ""n_cv_splits"": 5, ""n_search_iter"": 0, ""seeds"": [42], ""sentence_transformer_model"": ""intfloat/multilingual-e5-small"", ""tfidf_lemmatize"": true, ""tfidf_max_df"": 0.9, ""tfidf_max_features"": 300, ""tfidf_min_df"": 3, ""tfidf_ngram_range"": [1, 2], ""tfidf_normalize_numbers"": true}",2026-09-18T03:34:10
E7_ROBERTA_MENTAL_MLM_EP010,frozen,participant,3,no_augmentation,PHQ9,42,SVR,5.068548,True,models/mlm_robertaes_mental/ep010,defaults,"{""augmentation"": ""no_augmentation"", ""beto_model"": ""dccuchile/bert-base-spanish-wwm-cased"", ""chunk_stride"": 256, ""max_tokens"": 512, ""mental_es_model"": ""ELiRF/RoBERTa-es-mental-large"", ""n_cv_splits"": 5, ""n_search_iter"": 0, ""seeds"": [42], ""sentence_transformer_model"": ""intfloat/multilingual-e5-small"", ""tfidf_lemmatize"": true, ""tfidf_max_df"": 0.9, ""tfidf_max_features"": 300, ""tfidf_min_df"": 3, ""tfidf_ngram_range"": [1, 2], ""tfidf_normalize_numbers"": true}",2026-09-18T03:34:10
E7_ROBERTA_MENTAL_MLM_EP010,frozen,participant,3,no_augmentation,PHQ9,42,RandomForest,5.149055,False,models/mlm_robertaes_mental/ep010,defaults,"{""augmentation"": ""no_augmentation"", ""beto_model"": ""dccuchile/bert-base-spanish-wwm-cased"", ""chunk_stride"": 256, ""max_tokens"": 512, ""mental_es_model"": ""ELiRF/RoBERTa-es-mental-large"", ""n_cv_splits"": 5, ""n_search_iter"": 0, ""seeds"": [42], ""sentence_transformer_model"": ""intfloat/multilingual-e5-small"", ""tfidf_lemmatize"": true, ""tfidf_max_df"": 0.9, ""tfidf_max_features"": 300, ""tfidf_min_df"": 3, ""tfidf_ngram_range"": [1, 2], ""tfidf_normalize_numbers"": true}",2026-09-18T03:34:10
E7_ROBERTA_MENTAL_MLM_EP010,frozen,participant,3,no_augmentation,PHQ9,42,ExtraTrees,5.244391,False,models/mlm_robertaes_mental/ep010,defaults,"{""augmentation"": ""no_augmentation"", ""beto_model"": ""dccuchile/bert-base-spanish-wwm-cased"", ""chunk_stride"": 256, ""max_tokens"": 512, ""mental_es_model"": ""ELiRF/RoBERTa-es-mental-large"", ""n_cv_splits"": 5, ""n_search_iter"": 0, ""seeds"": [42], ""sentence_transformer_model"": ""intfloat/multilingual-e5-small"", ""tfidf_lemmatize"": true, ""tfidf_max_df"": 0.9, ""tfidf_max_features"": 300, ""tfidf_min_df"": 3, ""tfidf_ngram_range"": [1, 2], ""tfidf_normalize_numbers"": true}",2026-09-18T03:34:10
E7_ROBERTA_MENTAL_MLM_EP010,frozen,participant,3,no_augmentation,PHQ9,42,GradientBoosting,5.290012,False,models/mlm_robertaes_mental/ep010,defaults,"{""augmentation"": ""no_augmentation"", ""beto_model"": ""dccuchile/bert-base-spanish-wwm-cased"", ""chunk_stride"": 256, ""max_tokens"": 512, ""mental_es_model"": ""ELiRF/RoBERTa-es-mental-large"", ""n_cv_splits"": 5, ""n_search_iter"": 0, ""seeds"": [42], ""sentence_transformer_model"": ""intfloat/multilingual-e5-small"", ""tfidf_lemmatize"": true, ""tfidf_max_df"": 0.9, ""tfidf_max_features"": 300, ""tfidf_min_df"": 3, ""tfidf_ngram_range"": [1, 2], ""tfidf_normalize_numbers"": true}",2026-09-18T03:34:10
E7_ROBERTA_MENTAL_MLM_EP010,frozen,participant,3,no_augmentation,PHQ9,42,LightGBM,5.23668,False,models/mlm_robertaes_mental/ep010,defaults,"{""augmentation"": ""no_augmentation"", ""beto_model"": ""dccuchile/bert-base-spanish-wwm-cased"", ""chunk_stride"": 256, ""max_tokens"": 512, ""mental_es_model"": ""ELiRF/RoBERTa-es-mental-large"", ""n_cv_splits"": 5, ""n_search_iter"": 0, ""seeds"": [42], ""sentence_transformer_model"": ""intfloat/multilingual-e5-small"", ""tfidf_lemmatize"": true, ""tfidf_max_df"": 0.9, ""tfidf_max_features"": 300, ""tfidf_min_df"": 3, ""tfidf_ngram_range"": [1, 2], ""tfidf_normalize_numbers"": true}",2026-09-18T03:34:10
E7_ROBERTA_MENTAL_MLM_EP010,frozen,participant,3,no_augmentation,PHQ9,42,KNN,5.436411,False,models/mlm_robertaes_mental/ep010,defaults,"{""augmentation"": ""no_augmentation"", ""beto_model"": ""dccuchile/bert-base-spanish-wwm-cased"", ""chunk_stride"": 256, ""max_tokens"": 512, ""mental_es_model"": ""ELiRF/RoBERTa-es-mental-large"", ""n_cv_splits"": 5, ""n_search_iter"": 0, ""seeds"": [42], ""sentence_transformer_model"": ""intfloat/multilingual-e5-small"", ""tfidf_lemmatize"": true, ""tfidf_max_df"": 0.9, ""tfidf_max_features"": 300, ""tfidf_min_df"": 3, ""tfidf_ngram_range"": [1, 2], ""tfidf_normalize_numbers"": true}",2026-09-18T03:34:10
E7_ROBERTA_MENTAL_MLM_EP010,frozen,participant,3,no_augmentation,PHQ9,42,DecisionTree,7.199086,False,models/mlm_robertaes_mental/ep010,defaults,"{""augmentation"": ""no_augmentation"", ""beto_model"": ""dccuchile/bert-base-spanish-wwm-cased"", ""chunk_stride"": 256, ""max_tokens"": 512, ""mental_es_model"": ""ELiRF/RoBERTa-es-mental-large"", ""n_cv_splits"": 5, ""n_search_iter"": 0, ""seeds"": [42], ""sentence_transformer_model"": ""intfloat/multilingual-e5-small"", ""tfidf_lemmatize"": true, ""tfidf_max_df"": 0.9, ""tfidf_max_features"": 300, ""tfidf_min_df"": 3, ""tfidf_ngram_range"": [1, 2], ""tfidf_normalize_numbers"": true}",2026-09-18T03:34:10
E7_ROBERTA_MENTAL_MLM_EP010,frozen,participant,3,no_augmentation,PHQ9,42,AdaBoost,5.101105,False,models/mlm_robertaes_mental/ep010,defaults,"{""augmentation"": ""no_augmentation"", ""beto_model"": ""dccuchile/bert-base-spanish-wwm-cased"", ""chunk_stride"": 256, ""max_tokens"": 512, ""mental_es_model"": ""ELiRF/RoBERTa-es-mental-large"", ""n_cv_splits"": 5, ""n_search_iter"": 0, ""seeds"": [42], ""sentence_transformer_model"": ""intfloat/multilingual-e5-small"", ""tfidf_lemmatize"": true, ""tfidf_max_df"": 0.9, ""tfidf_max_features"": 300, ""tfidf_min_df"": 3, ""tfidf_ngram_range"": [1, 2], ""tfidf_normalize_numbers"": true}",2026-09-18T03:34:10
E7_ROBERTA_MENTAL_MLM_EP010,frozen,participant,3,no_augmentation,GAD7,42,Ridge,4.92505,False,models/mlm_robertaes_mental/ep010,defaults,"{""augmentation"": ""no_augmentation"", ""beto_model"": ""dccuchile/bert-base-spanish-wwm-cased"", ""chunk_stride"": 256, ""max_tokens"": 512, ""mental_es_model"": ""ELiRF/RoBERTa-es-mental-large"", ""n_cv_splits"": 5, ""n_search_iter"": 0, ""seeds"": [42], ""sentence_transformer_model"": ""intfloat/multilingual-e5-small"", ""tfidf_lemmatize"": true, ""tfidf_max_df"": 0.9, ""tfidf_max_features"": 300, ""tfidf_min_df"": 3, ""tfidf_ngram_range"": [1, 2], ""tfidf_normalize_numbers"": true}",2026-09-18T03:34:59
E7_ROBERTA_MENTAL_MLM_EP010,frozen,participant,3,no_augmentation,GAD7,42,SVR,4.3556,False,models/mlm_robertaes_mental/ep010,defaults,"{""augmentation"": ""no_augmentation"", ""beto_model"": ""dccuchile/bert-base-spanish-wwm-cased"", ""chunk_stride"": 256, ""max_tokens"": 512, ""mental_es_model"": ""ELiRF/RoBERTa-es-mental-large"", ""n_cv_splits"": 5, ""n_search_iter"": 0, ""seeds"": [42], ""sentence_transformer_model"": ""intfloat/multilingual-e5-small"", ""tfidf_lemmatize"": true, ""tfidf_max_df"": 0.9, ""tfidf_max_features"": 300, ""tfidf_min_df"": 3, ""tfidf_ngram_range"": [1, 2], ""tfidf_normalize_numbers"": true}",2026-09-18T03:34:59
E7_ROBERTA_MENTAL_MLM_EP010,frozen,participant,3,no_augmentation,GAD7,42,RandomForest,4.300601,False,models/mlm_robertaes_mental/ep010,defaults,"{""augmentation"": ""no_augmentation"", ""beto_model"": ""dccuchile/bert-base-spanish-wwm-cased"", ""chunk_stride"": 256, ""max_tokens"": 512, ""mental_es_model"": ""ELiRF/RoBERTa-es-mental-large"", ""n_cv_splits"": 5, ""n_search_iter"": 0, ""seeds"": [42], ""sentence_transformer_model"": ""intfloat/multilingual-e5-small"", ""tfidf_lemmatize"": true, ""tfidf_max_df"": 0.9, ""tfidf_max_features"": 300, ""tfidf_min_df"": 3, ""tfidf_ngram_range"": [1, 2], ""tfidf_normalize_numbers"": true}",2026-09-18T03:34:59
E7_ROBERTA_MENTAL_MLM_EP010,frozen,participant,3,no_augmentation,GAD7,42,ExtraTrees,4.365409,False,models/mlm_robertaes_mental/ep010,defaults,"{""augmentation"": ""no_augmentation"", ""beto_model"": ""dccuchile/bert-base-spanish-wwm-cased"", ""chunk_stride"": 256, ""max_tokens"": 512, ""mental_es_model"": ""ELiRF/RoBERTa-es-mental-large"", ""n_cv_splits"": 5, ""n_search_iter"": 0, ""seeds"": [42], ""sentence_transformer_model"": ""intfloat/multilingual-e5-small"", ""tfidf_lemmatize"": true, ""tfidf_max_df"": 0.9, ""tfidf_max_features"": 300, ""tfidf_min_df"": 3, ""tfidf_ngram_range"": [1, 2], ""tfidf_normalize_numbers"": true}",2026-09-18T03:34:59
E7_ROBERTA_MENTAL_MLM_EP010,frozen,participant,3,no_augmentation,GAD7,42,GradientBoosting,4.269584,False,models/mlm_robertaes_mental/ep010,defaults,"{""augmentation"": ""no_augmentation"", ""beto_model"": ""dccuchile/bert-base-spanish-wwm-cased"", ""chunk_stride"": 256, ""max_tokens"": 512, ""mental_es_model"": ""ELiRF/RoBERTa-es-mental-large"", ""n_cv_splits"": 5, ""n_search_iter"": 0, ""seeds"": [42], ""sentence_transformer_model"": ""intfloat/multilingual-e5-small"", ""tfidf_lemmatize"": true, ""tfidf_max_df"": 0.9, ""tfidf_max_features"": 300, ""tfidf_min_df"": 3, ""tfidf_ngram_range"": [1, 2], ""tfidf_normalize_numbers"": true}",2026-09-18T03:34:59
E7_ROBERTA_MENTAL_MLM_EP010,frozen,participant,3,no_augmentation,GAD7,42,LightGBM,4.249882,True,models/mlm_robertaes_mental/ep010,defaults,"{""augmentation"": ""no_augmentation"", ""beto_model"": ""dccuchile/bert-base-spanish-wwm-cased"", ""chunk_stride"": 256, ""max_tokens"": 512, ""mental_es_model"": ""ELiRF/RoBERTa-es-mental-large"", ""n_cv_splits"": 5, ""n_search_iter"": 0, ""seeds"": [42], ""sentence_transformer_model"": ""intfloat/multilingual-e5-small"", ""tfidf_lemmatize"": true, ""tfidf_max_df"": 0.9, ""tfidf_max_features"": 300, ""tfidf_min_df"": 3, ""tfidf_ngram_range"": [1, 2], ""tfidf_normalize_numbers"": true}",2026-09-18T03:34:59
E7_ROBERTA_MENTAL_MLM_EP010,frozen,participant,3,no_augmentation,GAD7,42,KNN,4.683974,False,models/mlm_robertaes_mental/ep010,defaults,"{""augmentation"": ""no_augmentation"", ""beto_model"": ""dccuchile/bert-base-spanish-wwm-cased"", ""chunk_stride"": 256, ""max_tokens"": 512, ""mental_es_model"": ""ELiRF/RoBERTa-es-mental-large"", ""n_cv_splits"": 5, ""n_search_iter"": 0, ""seeds"": [42], ""sentence_transformer_model"": ""intfloat/multilingual-e5-small"", ""tfidf_lemmatize"": true, ""tfidf_max_df"": 0.9, ""tfidf_max_features"": 300, ""tfidf_min_df"": 3, ""tfidf_ngram_range"": [1, 2], ""tfidf_normalize_numbers"": true}",2026-09-18T03:34:59
E7_ROBERTA_MENTAL_MLM_EP010,frozen,participant,3,no_augmentation,GAD7,42,DecisionTree,5.522845,False,models/mlm_robertaes_mental/ep010,defaults,"{""augmentation"": ""no_augmentation"", ""beto_model"": ""dccuchile/bert-base-spanish-wwm-cased"", ""chunk_stride"": 256, ""max_tokens"": 512, ""mental_es_model"": ""ELiRF/RoBERTa-es-mental-large"", ""n_cv_splits"": 5, ""n_search_iter"": 0, ""seeds"": [42], ""sentence_transformer_model"": ""intfloat/multilingual-e5-small"", ""tfidf_lemmatize"": true, ""tfidf_max_df"": 0.9, ""tfidf_max_features"": 300, ""tfidf_min_df"": 3, ""tfidf_ngram_range"": [1, 2], ""tfidf_normalize_numbers"": true}",2026-09-18T03:34:59
E7_ROBERTA_MENTAL_MLM_EP010,frozen,participant,3,no_augmentation,GAD7,42,AdaBoost,4.281625,False,models/mlm_robertaes_mental/ep010,defaults,"{""augmentation"": ""no_augmentation"", ""beto_model"": ""dccuchile/bert-base-spanish-wwm-cased"", ""chunk_stride"": 256, ""max_tokens"": 512, ""mental_es_model"": ""ELiRF/RoBERTa-es-mental-large"", ""n_cv_splits"": 5, ""n_search_iter"": 0, ""seeds"": [42], ""sentence_transformer_model"": ""intfloat/multilingual-e5-small"", ""tfidf_lemmatize"": true, ""tfidf_max_df"": 0.9, ""tfidf_max_features"": 300, ""tfidf_min_df"": 3, ""tfidf_ngram_range"": [1, 2], ""tfidf_normalize_numbers"": true}",2026-09-18T03:34:59
E7_ROBERTA_MENTAL_MLM_EP050,frozen,participant,3,no_augmentation,PHQ9,42,Ridge,6.137378,False,models/mlm_robertaes_mental/ep050,defaults,"{""augmentation"": ""no_augmentation"", ""beto_model"": ""dccuchile/bert-base-spanish-wwm-cased"", ""chunk_stride"": 256, ""max_tokens"": 512, ""mental_es_model"": ""ELiRF/RoBERTa-es-mental-large"", ""n_cv_splits"": 5, ""n_search_iter"": 0, ""seeds"": [42], ""sentence_transformer_model"": ""intfloat/multilingual-e5-small"", ""tfidf_lemmatize"": true, ""tfidf_max_df"": 0.9, ""tfidf_max_features"": 300, ""tfidf_min_df"": 3, ""tfidf_ngram_range"": [1, 2], ""tfidf_normalize_numbers"": true}",2026-09-18T03:35:48
E7_ROBERTA_MENTAL_MLM_EP050,frozen,participant,3,no_augmentation,PHQ9,42,SVR,5.285491,False,models/mlm_robertaes_mental/ep050,defaults,"{""augmentation"": ""no_augmentation"", ""beto_model"": ""dccuchile/bert-base-spanish-wwm-cased"", ""chunk_stride"": 256, ""max_tokens"": 512, ""mental_es_model"": ""ELiRF/RoBERTa-es-mental-large"", ""n_cv_splits"": 5, ""n_search_iter"": 0, ""seeds"": [42], ""sentence_transformer_model"": ""intfloat/multilingual-e5-small"", ""tfidf_lemmatize"": true, ""tfidf_max_df"": 0.9, ""tfidf_max_features"": 300, ""tfidf_min_df"": 3, ""tfidf_ngram_range"": [1, 2], ""tfidf_normalize_numbers"": true}",2026-09-18T03:35:48
E7_ROBERTA_MENTAL_MLM_EP050,frozen,participant,3,no_augmentation,PHQ9,42,RandomForest,5.318423,False,models/mlm_robertaes_mental/ep050,defaults,"{""augmentation"": ""no_augmentation"", ""beto_model"": ""dccuchile/bert-base-spanish-wwm-cased"", ""chunk_stride"": 256, ""max_tokens"": 512, ""mental_es_model"": ""ELiRF/RoBERTa-es-mental-large"", ""n_cv_splits"": 5, ""n_search_iter"": 0, ""seeds"": [42], ""sentence_transformer_model"": ""intfloat/multilingual-e5-small"", ""tfidf_lemmatize"": true, ""tfidf_max_df"": 0.9, ""tfidf_max_features"": 300, ""tfidf_min_df"": 3, ""tfidf_ngram_range"": [1, 2], ""tfidf_normalize_numbers"": true}",2026-09-18T03:35:48
E7_ROBERTA_MENTAL_MLM_EP050,frozen,participant,3,no_augmentation,PHQ9,42,ExtraTrees,5.26773,True,models/mlm_robertaes_mental/ep050,defaults,"{""augmentation"": ""no_augmentation"", ""beto_model"": ""dccuchile/bert-base-spanish-wwm-cased"", ""chunk_stride"": 256, ""max_tokens"": 512, ""mental_es_model"": ""ELiRF/RoBERTa-es-mental-large"", ""n_cv_splits"": 5, ""n_search_iter"": 0, ""seeds"": [42], ""sentence_transformer_model"": ""intfloat/multilingual-e5-small"", ""tfidf_lemmatize"": true, ""tfidf_max_df"": 0.9, ""tfidf_max_features"": 300, ""tfidf_min_df"": 3, ""tfidf_ngram_range"": [1, 2], ""tfidf_normalize_numbers"": true}",2026-09-18T03:35:48
E7_ROBERTA_MENTAL_MLM_EP050,frozen,participant,3,no_augmentation,PHQ9,42,GradientBoosting,5.50872,False,models/mlm_robertaes_mental/ep050,defaults,"{""augmentation"": ""no_augmentation"", ""beto_model"": ""dccuchile/bert-base-spanish-wwm-cased"", ""chunk_stride"": 256, ""max_tokens"": 512, ""mental_es_model"": ""ELiRF/RoBERTa-es-mental-large"", ""n_cv_splits"": 5, ""n_search_iter"": 0, ""seeds"": [42], ""sentence_transformer_model"": ""intfloat/multilingual-e5-small"", ""tfidf_lemmatize"": true, ""tfidf_max_df"": 0.9, ""tfidf_max_features"": 300, ""tfidf_min_df"": 3, ""tfidf_ngram_range"": [1, 2], ""tfidf_normalize_numbers"": true}",2026-09-18T03:35:48
E7_ROBERTA_MENTAL_MLM_EP050,frozen,participant,3,no_augmentation,PHQ9,42,LightGBM,5.76243,False,models/mlm_robertaes_mental/ep050,defaults,"{""augmentation"": ""no_augmentation"", ""beto_model"": ""dccuchile/bert-base-spanish-wwm-cased"", ""chunk_stride"": 256, ""max_tokens"": 512, ""mental_es_model"": ""ELiRF/RoBERTa-es-mental-large"", ""n_cv_splits"": 5, ""n_search_iter"": 0, ""seeds"": [42], ""sentence_transformer_model"": ""intfloat/multilingual-e5-small"", ""tfidf_lemmatize"": true, ""tfidf_max_df"": 0.9, ""tfidf_max_features"": 300, ""tfidf_min_df"": 3, ""tfidf_ngram_range"": [1, 2], ""tfidf_normalize_numbers"": true}",2026-09-18T03:35:48
E7_ROBERTA_MENTAL_MLM_EP050,frozen,participant,3,no_augmentation,PHQ9,42,KNN,5.54619,False,models/mlm_robertaes_mental/ep050,defaults,"{""augmentation"": ""no_augmentation"", ""beto_model"": ""dccuchile/bert-base-spanish-wwm-cased"", ""chunk_stride"": 256, ""max_tokens"": 512, ""mental_es_model"": ""ELiRF/RoBERTa-es-mental-large"", ""n_cv_splits"": 5, ""n_search_iter"": 0, ""seeds"": [42], ""sentence_transformer_model"": ""intfloat/multilingual-e5-small"", ""tfidf_lemmatize"": true, ""tfidf_max_df"": 0.9, ""tfidf_max_features"": 300, ""tfidf_min_df"": 3, ""tfidf_ngram_range"": [1, 2], ""tfidf_normalize_numbers"": true}",2026-09-18T03:35:48
E7_ROBERTA_MENTAL_MLM_EP050,frozen,participant,3,no_augmentation,PHQ9,42,DecisionTree,7.122339,False,models/mlm_robertaes_mental/ep050,defaults,"{""augmentation"": ""no_augmentation"", ""beto_model"": ""dccuchile/bert-base-spanish-wwm-cased"", ""chunk_stride"": 256, ""max_tokens"": 512, ""mental_es_model"": ""ELiRF/RoBERTa-es-mental-large"", ""n_cv_splits"": 5, ""n_search_iter"": 0, ""seeds"": [42], ""sentence_transformer_model"": ""intfloat/multilingual-e5-small"", ""tfidf_lemmatize"": true, ""tfidf_max_df"": 0.9, ""tfidf_max_features"": 300, ""tfidf_min_df"": 3, ""tfidf_ngram_range"": [1, 2], ""tfidf_normalize_numbers"": true}",2026-09-18T03:35:48
E7_ROBERTA_MENTAL_MLM_EP050,frozen,participant,3,no_augmentation,PHQ9,42,AdaBoost,5.428092,False,models/mlm_robertaes_mental/ep050,defaults,"{""augmentation"": ""no_augmentation"", ""beto_model"": ""dccuchile/bert-base-spanish-wwm-cased"", ""chunk_stride"": 256, ""max_tokens"": 512, ""mental_es_model"": ""ELiRF/RoBERTa-es-mental-large"", ""n_cv_splits"": 5, ""n_search_iter"": 0, ""seeds"": [42], ""sentence_transformer_model"": ""intfloat/multilingual-e5-small"", ""tfidf_lemmatize"": true, ""tfidf_max_df"": 0.9, ""tfidf_max_features"": 300, ""tfidf_min_df"": 3, ""tfidf_ngram_range"": [1, 2], ""tfidf_normalize_numbers"": true}",2026-09-18T03:35:48
E7_ROBERTA_MENTAL_MLM_EP050,frozen,participant,3,no_augmentation,GAD7,42,Ridge,5.140221,False,models/mlm_robertaes_mental/ep050,defaults,"{""augmentation"": ""no_augmentation"", ""beto_model"": ""dccuchile/bert-base-spanish-wwm-cased"", ""chunk_stride"": 256, ""max_tokens"": 512, ""mental_es_model"": ""ELiRF/RoBERTa-es-mental-large"", ""n_cv_splits"": 5, ""n_search_iter"": 0, ""seeds"": [42], ""sentence_transformer_model"": ""intfloat/multilingual-e5-small"", ""tfidf_lemmatize"": true, ""tfidf_max_df"": 0.9, ""tfidf_max_features"": 300, ""tfidf_min_df"": 3, ""tfidf_ngram_range"": [1, 2], ""tfidf_normalize_numbers"": true}",2026-09-18T03:36:38
E7_ROBERTA_MENTAL_MLM_EP050,frozen,participant,3,no_augmentation,GAD7,42,SVR,4.378308,False,models/mlm_robertaes_mental/ep050,defaults,"{""augmentation"": ""no_augmentation"", ""beto_model"": ""dccuchile/bert-base-spanish-wwm-cased"", ""chunk_stride"": 256, ""max_tokens"": 512, ""mental_es_model"": ""ELiRF/RoBERTa-es-mental-large"", ""n_cv_splits"": 5, ""n_search_iter"": 0, ""seeds"": [42], ""sentence_transformer_model"": ""intfloat/multilingual-e5-small"", ""tfidf_lemmatize"": true, ""tfidf_max_df"": 0.9, ""tfidf_max_features"": 300, ""tfidf_min_df"": 3, ""tfidf_ngram_range"": [1, 2], ""tfidf_normalize_numbers"": true}",2026-09-18T03:36:38
E7_ROBERTA_MENTAL_MLM_EP050,frozen,participant,3,no_augmentation,GAD7,42,RandomForest,4.414621,False,models/mlm_robertaes_mental/ep050,defaults,"{""augmentation"": ""no_augmentation"", ""beto_model"": ""dccuchile/bert-base-spanish-wwm-cased"", ""chunk_stride"": 256, ""max_tokens"": 512, ""mental_es_model"": ""ELiRF/RoBERTa-es-mental-large"", ""n_cv_splits"": 5, ""n_search_iter"": 0, ""seeds"": [42], ""sentence_transformer_model"": ""intfloat/multilingual-e5-small"", ""tfidf_lemmatize"": true, ""tfidf_max_df"": 0.9, ""tfidf_max_features"": 300, ""tfidf_min_df"": 3, ""tfidf_ngram_range"": [1, 2], ""tfidf_normalize_numbers"": true}",2026-09-18T03:36:38
E7_ROBERTA_MENTAL_MLM_EP050,frozen,participant,3,no_augmentation,GAD7,42,ExtraTrees,4.399834,False,models/mlm_robertaes_mental/ep050,defaults,"{""augmentation"": ""no_augmentation"", ""beto_model"": ""dccuchile/bert-base-spanish-wwm-cased"", ""chunk_stride"": 256, ""max_tokens"": 512, ""mental_es_model"": ""ELiRF/RoBERTa-es-mental-large"", ""n_cv_splits"": 5, ""n_search_iter"": 0, ""seeds"": [42], ""sentence_transformer_model"": ""intfloat/multilingual-e5-small"", ""tfidf_lemmatize"": true, ""tfidf_max_df"": 0.9, ""tfidf_max_features"": 300, ""tfidf_min_df"": 3, ""tfidf_ngram_range"": [1, 2], ""tfidf_normalize_numbers"": true}",2026-09-18T03:36:38
E7_ROBERTA_MENTAL_MLM_EP050,frozen,participant,3,no_augmentation,GAD7,42,GradientBoosting,4.2782,True,models/mlm_robertaes_mental/ep050,defaults,"{""augmentation"": ""no_augmentation"", ""beto_model"": ""dccuchile/bert-base-spanish-wwm-cased"", ""chunk_stride"": 256, ""max_tokens"": 512, ""mental_es_model"": ""ELiRF/RoBERTa-es-mental-large"", ""n_cv_splits"": 5, ""n_search_iter"": 0, ""seeds"": [42], ""sentence_transformer_model"": ""intfloat/multilingual-e5-small"", ""tfidf_lemmatize"": true, ""tfidf_max_df"": 0.9, ""tfidf_max_features"": 300, ""tfidf_min_df"": 3, ""tfidf_ngram_range"": [1, 2], ""tfidf_normalize_numbers"": true}",2026-09-18T03:36:38
E7_ROBERTA_MENTAL_MLM_EP050,frozen,participant,3,no_augmentation,GAD7,42,LightGBM,4.428902,False,models/mlm_robertaes_mental/ep050,defaults,"{""augmentation"": ""no_augmentation"", ""beto_model"": ""dccuchile/bert-base-spanish-wwm-cased"", ""chunk_stride"": 256, ""max_tokens"": 512, ""mental_es_model"": ""ELiRF/RoBERTa-es-mental-large"", ""n_cv_splits"": 5, ""n_search_iter"": 0, ""seeds"": [42], ""sentence_transformer_model"": ""intfloat/multilingual-e5-small"", ""tfidf_lemmatize"": true, ""tfidf_max_df"": 0.9, ""tfidf_max_features"": 300, ""tfidf_min_df"": 3, ""tfidf_ngram_range"": [1, 2], ""tfidf_normalize_numbers"": true}",2026-09-18T03:36:38
E7_ROBERTA_MENTAL_MLM_EP050,frozen,participant,3,no_augmentation,GAD7,42,KNN,4.654157,False,models/mlm_robertaes_mental/ep050,defaults,"{""augmentation"": ""no_augmentation"", ""beto_model"": ""dccuchile/bert-base-spanish-wwm-cased"", ""chunk_stride"": 256, ""max_tokens"": 512, ""mental_es_model"": ""ELiRF/RoBERTa-es-mental-large"", ""n_cv_splits"": 5, ""n_search_iter"": 0, ""seeds"": [42], ""sentence_transformer_model"": ""intfloat/multilingual-e5-small"", ""tfidf_lemmatize"": true, ""tfidf_max_df"": 0.9, ""tfidf_max_features"": 300, ""tfidf_min_df"": 3, ""tfidf_ngram_range"": [1, 2], ""tfidf_normalize_numbers"": true}",2026-09-18T03:36:38
E7_ROBERTA_MENTAL_MLM_EP050,frozen,participant,3,no_augmentation,GAD7,42,DecisionTree,5.359744,False,models/mlm_robertaes_mental/ep050,defaults,"{""augmentation"": ""no_augmentation"", ""beto_model"": ""dccuchile/bert-base-spanish-wwm-cased"", ""chunk_stride"": 256, ""max_tokens"": 512, ""mental_es_model"": ""ELiRF/RoBERTa-es-mental-large"", ""n_cv_splits"": 5, ""n_search_iter"": 0, ""seeds"": [42], ""sentence_transformer_model"": ""intfloat/multilingual-e5-small"", ""tfidf_lemmatize"": true, ""tfidf_max_df"": 0.9, ""tfidf_max_features"": 300, ""tfidf_min_df"": 3, ""tfidf_ngram_range"": [1, 2], ""tfidf_normalize_numbers"": true}",2026-09-18T03:36:38
E7_ROBERTA_MENTAL_MLM_EP050,frozen,participant,3,no_augmentation,GAD7,42,AdaBoost,4.364208,False,models/mlm_robertaes_mental/ep050,defaults,"{""augmentation"": ""no_augmentation"", ""beto_model"": ""dccuchile/bert-base-spanish-wwm-cased"", ""chunk_stride"": 256, ""max_tokens"": 512, ""mental_es_model"": ""ELiRF/RoBERTa-es-mental-large"", ""n_cv_splits"": 5, ""n_search_iter"": 0, ""seeds"": [42], ""sentence_transformer_model"": ""intfloat/multilingual-e5-small"", ""tfidf_lemmatize"": true, ""tfidf_max_df"": 0.9, ""tfidf_max_features"": 300, ""tfidf_min_df"": 3, ""tfidf_ngram_range"": [1, 2], ""tfidf_normalize_numbers"": true}",2026-09-18T03:36:38
E7_ROBERTA_MENTAL_MLM_EP100,frozen,participant,3,no_augmentation,PHQ9,42,Ridge,5.84336,False,models/mlm_robertaes_mental/ep100,defaults,"{""augmentation"": ""no_augmentation"", ""beto_model"": ""dccuchile/bert-base-spanish-wwm-cased"", ""chunk_stride"": 256, ""max_tokens"": 512, ""mental_es_model"": ""ELiRF/RoBERTa-es-mental-large"", ""n_cv_splits"": 5, ""n_search_iter"": 0, ""seeds"": [42], ""sentence_transformer_model"": ""intfloat/multilingual-e5-small"", ""tfidf_lemmatize"": true, ""tfidf_max_df"": 0.9, ""tfidf_max_features"": 300, ""tfidf_min_df"": 3, ""tfidf_ngram_range"": [1, 2], ""tfidf_normalize_numbers"": true}",2026-09-18T03:37:29
E7_ROBERTA_MENTAL_MLM_EP100,frozen,participant,3,no_augmentation,PHQ9,42,SVR,5.267484,False,models/mlm_robertaes_mental/ep100,defaults,"{""augmentation"": ""no_augmentation"", ""beto_model"": ""dccuchile/bert-base-spanish-wwm-cased"", ""chunk_stride"": 256, ""max_tokens"": 512, ""mental_es_model"": ""ELiRF/RoBERTa-es-mental-large"", ""n_cv_splits"": 5, ""n_search_iter"": 0, ""seeds"": [42], ""sentence_transformer_model"": ""intfloat/multilingual-e5-small"", ""tfidf_lemmatize"": true, ""tfidf_max_df"": 0.9, ""tfidf_max_features"": 300, ""tfidf_min_df"": 3, ""tfidf_ngram_range"": [1, 2], ""tfidf_normalize_numbers"": true}",2026-09-18T03:37:29
E7_ROBERTA_MENTAL_MLM_EP100,frozen,participant,3,no_augmentation,PHQ9,42,RandomForest,5.307344,False,models/mlm_robertaes_mental/ep100,defaults,"{""augmentation"": ""no_augmentation"", ""beto_model"": ""dccuchile/bert-base-spanish-wwm-cased"", ""chunk_stride"": 256, ""max_tokens"": 512, ""mental_es_model"": ""ELiRF/RoBERTa-es-mental-large"", ""n_cv_splits"": 5, ""n_search_iter"": 0, ""seeds"": [42], ""sentence_transformer_model"": ""intfloat/multilingual-e5-small"", ""tfidf_lemmatize"": true, ""tfidf_max_df"": 0.9, ""tfidf_max_features"": 300, ""tfidf_min_df"": 3, ""tfidf_ngram_range"": [1, 2], ""tfidf_normalize_numbers"": true}",2026-09-18T03:37:29
E7_ROBERTA_MENTAL_MLM_EP100,frozen,participant,3,no_augmentation,PHQ9,42,ExtraTrees,5.267461,True,models/mlm_robertaes_mental/ep100,defaults,"{""augmentation"": ""no_augmentation"", ""beto_model"": ""dccuchile/bert-base-spanish-wwm-cased"", ""chunk_stride"": 256, ""max_tokens"": 512, ""mental_es_model"": ""ELiRF/RoBERTa-es-mental-large"", ""n_cv_splits"": 5, ""n_search_iter"": 0, ""seeds"": [42], ""sentence_transformer_model"": ""intfloat/multilingual-e5-small"", ""tfidf_lemmatize"": true, ""tfidf_max_df"": 0.9, ""tfidf_max_features"": 300, ""tfidf_min_df"": 3, ""tfidf_ngram_range"": [1, 2], ""tfidf_normalize_numbers"": true}",2026-09-18T03:37:29
E7_ROBERTA_MENTAL_MLM_EP100,frozen,participant,3,no_augmentation,PHQ9,42,GradientBoosting,5.463656,False,models/mlm_robertaes_mental/ep100,defaults,"{""augmentation"": ""no_augmentation"", ""beto_model"": ""dccuchile/bert-base-spanish-wwm-cased"", ""chunk_stride"": 256, ""max_tokens"": 512, ""mental_es_model"": ""ELiRF/RoBERTa-es-mental-large"", ""n_cv_splits"": 5, ""n_search_iter"": 0, ""seeds"": [42], ""sentence_transformer_model"": ""intfloat/multilingual-e5-small"", ""tfidf_lemmatize"": true, ""tfidf_max_df"": 0.9, ""tfidf_max_features"": 300, ""tfidf_min_df"": 3, ""tfidf_ngram_range"": [1, 2], ""tfidf_normalize_numbers"": true}",2026-09-18T03:37:29
E7_ROBERTA_MENTAL_MLM_EP100,frozen,participant,3,no_augmentation,PHQ9,42,LightGBM,5.289638,False,models/mlm_robertaes_mental/ep100,defaults,"{""augmentation"": ""no_augmentation"", ""beto_model"": ""dccuchile/bert-base-spanish-wwm-cased"", ""chunk_stride"": 256, ""max_tokens"": 512, ""mental_es_model"": ""ELiRF/RoBERTa-es-mental-large"", ""n_cv_splits"": 5, ""n_search_iter"": 0, ""seeds"": [42], ""sentence_transformer_model"": ""intfloat/multilingual-e5-small"", ""tfidf_lemmatize"": true, ""tfidf_max_df"": 0.9, ""tfidf_max_features"": 300, ""tfidf_min_df"": 3, ""tfidf_ngram_range"": [1, 2], ""tfidf_normalize_numbers"": true}",2026-09-18T03:37:29
E7_ROBERTA_MENTAL_MLM_EP100,frozen,participant,3,no_augmentation,PHQ9,42,KNN,5.332358,False,models/mlm_robertaes_mental/ep100,defaults,"{""augmentation"": ""no_augmentation"", ""beto_model"": ""dccuchile/bert-base-spanish-wwm-cased"", ""chunk_stride"": 256, ""max_tokens"": 512, ""mental_es_model"": ""ELiRF/RoBERTa-es-mental-large"", ""n_cv_splits"": 5, ""n_search_iter"": 0, ""seeds"": [42], ""sentence_transformer_model"": ""intfloat/multilingual-e5-small"", ""tfidf_lemmatize"": true, ""tfidf_max_df"": 0.9, ""tfidf_max_features"": 300, ""tfidf_min_df"": 3, ""tfidf_ngram_range"": [1, 2], ""tfidf_normalize_numbers"": true}",2026-09-18T03:37:29
E7_ROBERTA_MENTAL_MLM_EP100,frozen,participant,3,no_augmentation,PHQ9,42,DecisionTree,6.58134,False,models/mlm_robertaes_mental/ep100,defaults,"{""augmentation"": ""no_augmentation"", ""beto_model"": ""dccuchile/bert-base-spanish-wwm-cased"", ""chunk_stride"": 256, ""max_tokens"": 512, ""mental_es_model"": ""ELiRF/RoBERTa-es-mental-large"", ""n_cv_splits"": 5, ""n_search_iter"": 0, ""seeds"": [42], ""sentence_transformer_model"": ""intfloat/multilingual-e5-small"", ""tfidf_lemmatize"": true, ""tfidf_max_df"": 0.9, ""tfidf_max_features"": 300, ""tfidf_min_df"": 3, ""tfidf_ngram_range"": [1, 2], ""tfidf_normalize_numbers"": true}",2026-09-18T03:37:29
E7_ROBERTA_MENTAL_MLM_EP100,frozen,participant,3,no_augmentation,PHQ9,42,AdaBoost,5.478642,False,models/mlm_robertaes_mental/ep100,defaults,"{""augmentation"": ""no_augmentation"", ""beto_model"": ""dccuchile/bert-base-spanish-wwm-cased"", ""chunk_stride"": 256, ""max_tokens"": 512, ""mental_es_model"": ""ELiRF/RoBERTa-es-mental-large"", ""n_cv_splits"": 5, ""n_search_iter"": 0, ""seeds"": [42], ""sentence_transformer_model"": ""intfloat/multilingual-e5-small"", ""tfidf_lemmatize"": true, ""tfidf_max_df"": 0.9, ""tfidf_max_features"": 300, ""tfidf_min_df"": 3, ""tfidf_ngram_range"": [1, 2], ""tfidf_normalize_numbers"": true}",2026-09-18T03:37:29
E7_ROBERTA_MENTAL_MLM_EP100,frozen,participant,3,no_augmentation,GAD7,42,Ridge,4.749358,False,models/mlm_robertaes_mental/ep100,defaults,"{""augmentation"": ""no_augmentation"", ""beto_model"": ""dccuchile/bert-base-spanish-wwm-cased"", ""chunk_stride"": 256, ""max_tokens"": 512, ""mental_es_model"": ""ELiRF/RoBERTa-es-mental-large"", ""n_cv_splits"": 5, ""n_search_iter"": 0, ""seeds"": [42], ""sentence_transformer_model"": ""intfloat/multilingual-e5-small"", ""tfidf_lemmatize"": true, ""tfidf_max_df"": 0.9, ""tfidf_max_features"": 300, ""tfidf_min_df"": 3, ""tfidf_ngram_range"": [1, 2], ""tfidf_normalize_numbers"": true}",2026-09-18T03:38:18
E7_ROBERTA_MENTAL_MLM_EP100,frozen,participant,3,no_augmentation,GAD7,42,SVR,4.424144,False,models/mlm_robertaes_mental/ep100,defaults,"{""augmentation"": ""no_augmentation"", ""beto_model"": ""dccuchile/bert-base-spanish-wwm-cased"", ""chunk_stride"": 256, ""max_tokens"": 512, ""mental_es_model"": ""ELiRF/RoBERTa-es-mental-large"", ""n_cv_splits"": 5, ""n_search_iter"": 0, ""seeds"": [42], ""sentence_transformer_model"": ""intfloat/multilingual-e5-small"", ""tfidf_lemmatize"": true, ""tfidf_max_df"": 0.9, ""tfidf_max_features"": 300, ""tfidf_min_df"": 3, ""tfidf_ngram_range"": [1, 2], ""tfidf_normalize_numbers"": true}",2026-09-18T03:38:18
E7_ROBERTA_MENTAL_MLM_EP100,frozen,participant,3,no_augmentation,GAD7,42,RandomForest,4.334671,False,models/mlm_robertaes_mental/ep100,defaults,"{""augmentation"": ""no_augmentation"", ""beto_model"": ""dccuchile/bert-base-spanish-wwm-cased"", ""chunk_stride"": 256, ""max_tokens"": 512, ""mental_es_model"": ""ELiRF/RoBERTa-es-mental-large"", ""n_cv_splits"": 5, ""n_search_iter"": 0, ""seeds"": [42], ""sentence_transformer_model"": ""intfloat/multilingual-e5-small"", ""tfidf_lemmatize"": true, ""tfidf_max_df"": 0.9, ""tfidf_max_features"": 300, ""tfidf_min_df"": 3, ""tfidf_ngram_range"": [1, 2], ""tfidf_normalize_numbers"": true}",2026-09-18T03:38:18
E7_ROBERTA_MENTAL_MLM_EP100,frozen,participant,3,no_augmentation,GAD7,42,ExtraTrees,4.358876,False,models/mlm_robertaes_mental/ep100,defaults,"{""augmentation"": ""no_augmentation"", ""beto_model"": ""dccuchile/bert-base-spanish-wwm-cased"", ""chunk_stride"": 256, ""max_tokens"": 512, ""mental_es_model"": ""ELiRF/RoBERTa-es-mental-large"", ""n_cv_splits"": 5, ""n_search_iter"": 0, ""seeds"": [42], ""sentence_transformer_model"": ""intfloat/multilingual-e5-small"", ""tfidf_lemmatize"": true, ""tfidf_max_df"": 0.9, ""tfidf_max_features"": 300, ""tfidf_min_df"": 3, ""tfidf_ngram_range"": [1, 2], ""tfidf_normalize_numbers"": true}",2026-09-18T03:38:18
E7_ROBERTA_MENTAL_MLM_EP100,frozen,participant,3,no_augmentation,GAD7,42,GradientBoosting,4.434749,False,models/mlm_robertaes_mental/ep100,defaults,"{""augmentation"": ""no_augmentation"", ""beto_model"": ""dccuchile/bert-base-spanish-wwm-cased"", ""chunk_stride"": 256, ""max_tokens"": 512, ""mental_es_model"": ""ELiRF/RoBERTa-es-mental-large"", ""n_cv_splits"": 5, ""n_search_iter"": 0, ""seeds"": [42], ""sentence_transformer_model"": ""intfloat/multilingual-e5-small"", ""tfidf_lemmatize"": true, ""tfidf_max_df"": 0.9, ""tfidf_max_features"": 300, ""tfidf_min_df"": 3, ""tfidf_ngram_range"": [1, 2], ""tfidf_normalize_numbers"": true}",2026-09-18T03:38:18
E7_ROBERTA_MENTAL_MLM_EP100,frozen,participant,3,no_augmentation,GAD7,42,LightGBM,4.177077,True,models/mlm_robertaes_mental/ep100,defaults,"{""augmentation"": ""no_augmentation"", ""beto_model"": ""dccuchile/bert-base-spanish-wwm-cased"", ""chunk_stride"": 256, ""max_tokens"": 512, ""mental_es_model"": ""ELiRF/RoBERTa-es-mental-large"", ""n_cv_splits"": 5, ""n_search_iter"": 0, ""seeds"": [42], ""sentence_transformer_model"": ""intfloat/multilingual-e5-small"", ""tfidf_lemmatize"": true, ""tfidf_max_df"": 0.9, ""tfidf_max_features"": 300, ""tfidf_min_df"": 3, ""tfidf_ngram_range"": [1, 2], ""tfidf_normalize_numbers"": true}",2026-09-18T03:38:18
E7_ROBERTA_MENTAL_MLM_EP100,frozen,participant,3,no_augmentation,GAD7,42,KNN,4.639446,False,models/mlm_robertaes_mental/ep100,defaults,"{""augmentation"": ""no_augmentation"", ""beto_model"": ""dccuchile/bert-base-spanish-wwm-cased"", ""chunk_stride"": 256, ""max_tokens"": 512, ""mental_es_model"": ""ELiRF/RoBERTa-es-mental-large"", ""n_cv_splits"": 5, ""n_search_iter"": 0, ""seeds"": [42], ""sentence_transformer_model"": ""intfloat/multilingual-e5-small"", ""tfidf_lemmatize"": true, ""tfidf_max_df"": 0.9, ""tfidf_max_features"": 300, ""tfidf_min_df"": 3, ""tfidf_ngram_range"": [1, 2], ""tfidf_normalize_numbers"": true}",2026-09-18T03:38:18
E7_ROBERTA_MENTAL_MLM_EP100,frozen,participant,3,no_augmentation,GAD7,42,DecisionTree,6.048388,False,models/mlm_robertaes_mental/ep100,defaults,"{""augmentation"": ""no_augmentation"", ""beto_model"": ""dccuchile/bert-base-spanish-wwm-cased"", ""chunk_stride"": 256, ""max_tokens"": 512, ""mental_es_model"": ""ELiRF/RoBERTa-es-mental-large"", ""n_cv_splits"": 5, ""n_search_iter"": 0, ""seeds"": [42], ""sentence_transformer_model"": ""intfloat/multilingual-e5-small"", ""tfidf_lemmatize"": true, ""tfidf_max_df"": 0.9, ""tfidf_max_features"": 300, ""tfidf_min_df"": 3, ""tfidf_ngram_range"": [1, 2], ""tfidf_normalize_numbers"": true}",2026-09-18T03:38:18
E7_ROBERTA_MENTAL_MLM_EP100,frozen,participant,3,no_augmentation,GAD7,42,AdaBoost,4.434461,False,models/mlm_robertaes_mental/ep100,defaults,"{""augmentation"": ""no_augmentation"", ""beto_model"": ""dccuchile/bert-base-spanish-wwm-cased"", ""chunk_stride"": 256, ""max_tokens"": 512, ""mental_es_model"": ""ELiRF/RoBERTa-es-mental-large"", ""n_cv_splits"": 5, ""n_search_iter"": 0, ""seeds"": [42], ""sentence_transformer_model"": ""intfloat/multilingual-e5-small"", ""tfidf_lemmatize"": true, ""tfidf_max_df"": 0.9, ""tfidf_max_features"": 300, ""tfidf_min_df"": 3, ""tfidf_ngram_range"": [1, 2], ""tfidf_normalize_numbers"": true}",2026-09-18T03:38:18
